ASIN List,Campaign Id,Campaign Name,Brand Name,Campaign Start Date,Campaign End Date,Commission Rate,Campaign Budget,Budget Remaining,Available Slot,Total Slot,Recommended
[B0DKBSHBN3],amzn1.campaign.20BEQAJ9B25DS,"Carmelie Allergy Chews for Dogs — 32% Commission, Natural Support, YouTube, FB",Carmelie,2026-03-09,2027-03-08,32.00%,5000.0,5000.0,51,800,false
"[B0G6D784H6, B0G6DNC9CG, B0G6D4489C, B0G6DCN64Z]",amzn1.campaign.25JQIVBBGOJLW,Eventronic weed eater string for RYOBI+10% Commission + Spring Sale,Eventronic,2026-03-09,2026-09-30,10.00%,6000.0,5898.56,31,800,false
[B0FR45HJ72],amzn1.campaign.3FORFEON8OSHB,"Carmelie Flea Chews for Cats, 34% Commission, Natural Protection, YouTube, FB",Carmelie,2026-03-10,2027-03-09,34.00%,5000.0,5000.0,52,800,false
[B0FR45HJ72],amzn1.campaign.15KEN3DXV1R1D,"Carmelie Flea Chews for Cats, 35% Commission, Natural Protection, YouTube, FB",Carmelie,2026-03-11,2027-03-11,34.00%,5000.0,5000.0,50,800,false
[B0FR45HJ72],amzn1.campaign.1WZN47DHPXX43,"Carmelie Flea Chews for Cats, 36% Commission, Natural Protection, YouTube, FB",Carmelie,2026-03-09,2027-03-08,36.00%,5000.0,4992.12,44,800,false
"[B0D3HL1GLJ, B0F2N1L6FZ, B0F2N2WN25, B0DN65JZ11, B0D3BV66LG, B0D3HKL1YR, B0F3845GH4, B0D3HMLF1W, B0F2N2BZLL, B0D5CK1HYT, B0D1FQH5L4, B0D3BTW7T2, B0D5M5HXZH, B0D5M6QQWC, B0D1DT2MY2, B0D3HLZDF8, B0D1DW1LYZ, B0F37ZDTDN, B0D6RBMVM8, B0F2N16GMK, B0D3BWPQZG, B0D5M5WH8T, B0F38339YL, B0F38196S9, B0D3BXDND5, B0F2N1J5VB, B0D1DVYM9T, B0D3HL59VL, B0D5CJLFS2, B0D1FMS5KL, B0D5M7DX7N, B0D5M6BVK3, B0D1DYL77C, B0F2N51YGH, B0D3HLKTBZ, B0D5M63Z25, B0F2N1QZ19, B0D3BVH6XZ, B0F2N257CS, B0D3HLB461, B0D5CGFQQ1, B0D3HL4B6L, B0D6RCNBZR, B0FMY719XL, B0F2MZDW5S, B0D3HK8G62, B0F2N29DVM, B0D5M5M8ML, B0F2N1NB9C, B0D5M4V8S8, B0D3HLTQMR, B0D5M5JX8Z, B0D5M7DJB4, B0FMY7CHYW, B0D5M5CSGR, B0D3HL3876, B0D1FMQWNQ, B0F2MZZS11, B0D3HLMD53, B0D5M8R1SS, B0D6RCDJ67, B0D6RCWGGV, B0D5CL6HLX]",amzn1.campaign.2VA3RER06LYK2,Drvitor Patriotic Flag Sweater – Perfect for July 4th & All-American Style,Drvitor,2026-03-09,2027-03-08,15.00%,5000.0,4997.6,0,800,false
[B0G4CFDYFX],amzn1.campaign.1YE15JULGP0AG,33. B0G4CFDYFX,Antrango,2026-03-07,2027-03-07,10.00%,5000.0,5000.0,79,800,false
[B0FVMHG6YN],amzn1.campaign.TR3I71D65SIP,"Wagmee Dog Allergy Relief Chews | 25% Commission | Dual-Layer, Dog-Approved",Wagmee,2026-03-14,2027-03-14,25.00%,5000.0,5000.0,79,800,false
[B0GMBXVPFP],amzn1.campaign.3SNVJ2JRVTHCK,Collaborate with Cyruzi : Promote the Great Head Shavers for Bald Men,Cyruzi,2026-03-09,2026-12-31,10.00%,5000.0,4486.8,0,800,false
[B0FVMHG6YN],amzn1.campaign.BSY0JEJCVMB4,"Wagmee Dog Allergy Relief Chews | 26% Commission | Dual-Layer, Dog-Approved",Wagmee,2026-03-12,2027-03-11,26.00%,5000.0,5000.0,79,800,false
[B0FVMHG6YN],amzn1.campaign.3NT1UT6KG0WDA,"Wagmee Dog Allergy Relief Chews | 32% Commission | Dual-Layer, Dog-Approved",Wagmee,2026-03-10,2027-03-08,32.00%,5000.0,5000.0,70,800,false
"[B08M5XDKFG, B0D7VXG2ZL, B08M65V5XR, B08M5YP6BN, B0D7MNJMW6, B0D7PXDMN7]",amzn1.campaign.3MRI4U4FUICPW,Solder wire,HengTianMei,2026-03-09,2026-10-31,10.00%,5000.0,4804.7,34,800,false
[B0GHYSPDMH],amzn1.campaign.27VL4Y9A8Z1HC,MERACH Water Rowing Machines for Home  R23 FW,MERACH,2026-03-09,2026-12-31,10.00%,60000.0,59875.0,0,800,false
"[B0D5YBPG1V, B0B4ZQDQ6Q, B0DR2CFT92, B0CJLP45K8, B0DF1XFG54, B0BGR1RQVC, B0GR9FC3T6, B0DRD4QF6C, B0BV22FSPP, B0GCH96ZJ2, B09XV9JQ9G, B0DG8WCKM4, B0B458BVWB, B0BXG56YJP, B0B8Y6HMYD, B0BV242DWL, B0CLQY7WSM, B0BV6G29Y2, B0DF7F5XMV, B0BMLDP99F, B0B5L2M74W, B09ZY7WKRQ, B0BV5QJXQC, B0BLC2DHQ5, B0CCCQN1PC, B0BHRVJ8M4, B0BJJMJF5W, B0BD4DGMVV, B0G3WNV7QM, B0F62PCBVC, B0CZP52W15, B0CTCQPXW6, B0G4P791GH, B0B1L8F4JG, B0FBRX6ML4, B0DWDQP46M, B0CLN3K8Z9, B0BV5N4P2Y, B0D4M5WMYN, B0CZHJPJYQ, B0B5G4CYTS, B0FZZHRZJN, B0D2XDYCK1, B0BKQ99S3X, B09P5X2825, B0BQHKBXPH, B0GKGFSYK3, B0BV6D6QPQ, B0CXDKXS9Z, B0GQLZTSMX, B09H6HMFT1, B0BV25M73H, B0BTV6JTY9, B0BJJKY26B, B0BQ2ZB3NQ, B0BQ2X8LQ2, B09TSCZXTT, B0G41V7Z7J, B0DRFCVR4C, B0D4Q1HSBW, B0F7GXYMQ8, B0BV5LXHQ5, B0BG6WTXQ5, B0G7HG76BS, B0FN7WWJ11, B09LV8D7WS, B0F62C6H36, B0BK8PBCCD, B0DRHR3DS7, B0D4M82PYJ, B0GBTNYCKH, B0BKG3VZWB, B0CT23ZWC7, B0BV24XBFQ, B0BNN5XKDL, B0BRCHMMLM, B0DMNRQH6N, B0B5Q5JYYB, B0BKQ8TR84, B0FHPC9CSG, B0CM5P1J94, B0CS3D9CCZ, B0BQV6K6N5, B0DP2JZM8R, B0B6H3FLDV, B0DCJTRL7R, B0CR1P36KK, B0C5WYTT8H, B0B8YL3QC5, B0BR58PQRY, B0CFD5V63F, B0DZMXK1RY, B0CR1R5FN2, B0BNK7NJPT, B0FZBCT51T, B0CS3BCN45, B09QLVXWML, B09P9Y2PJN, B0BV6GK2D1, B0BQ6M4MWB, B0F2HGLL6F, B0FV826JGR, B0F1MW55J6, B0BG9WRSBT, B0CF3WG1YV, B0B6TMXPSZ, B0CQ1S6JJJ, B0FX9TK877, B0BQXRYDN6, B09PHJCT7C, B0BR58LVH1, B0BQXQHLPY, B0G13RXQ8T, B0BHRWNFCQ, B0D97QHT8J, B0CTCQCS6N, B09VKS4LF2, B0DFPPFCTP, B0D4Q6XKVN, B09BN3K8J2, B0BJP5WF2P, B0BQHJNPTS, B0DNQRX2XF, B0BKZQH4BX, B0DHFTGVMF, B0DPX7NJBK, B0D14GRQBG, B0CJD79M9F, B09TQDCVGC, B0CG86WMQC, B0DJLTDYK3, B0CS3FZX2N, B0BQMH4RSS, B0FKSCH9W4, B0FP24LTYN, B0CWNWLC4H, B0CHBC42TW, B0BQPSZWL5, B0B87QZFD3, B0F4R8QXN5, B0BGR6SH3R, B0BN2QW2X6, B0DNDK12YF, B0BYTVQK2T, B09M88QXT2, B0FJRW6RX2, B0F2HHXJRY, B0BQHDMF11, B0B457L47Z, B09Q5SPLQK, B09MLGCMVP, B0G37DNMMT, B0BKRLWJC5, B0DZ2F5P4K, B0DHRZTZ5R, B0GJYN6RMK, B0BV5YSSN2, B0G5XZ97FT, B0B96SKF89, B09PHKV6FL, B0GC5M63TG, B0DP8NRFCS, B0DBQPGBCH, B0B96T1YNM, B0BR59RB2V, B09XMRJRC3, B09STJSFH7, B0C5PW792C, B0G2BPN3JC, B0B4CMC1ZH, B0BK8QTWSS, B0GQM3KW6Q, B0B6TN1PNK, B0B4D3B4YB, B0DWSPCPL2, B0CCP6VGVD, B0BNK8QNHH, B0FX2358V1, B0DWSP63YW, B09Y5SWDC6, B0F7XN5GPX, B099W4HD7Z, B0F32VY8NN, B0F7GY2ZL8, B09YQWSF6Q, B0B5G1RL62, B0F7GZ7WLV, B0D9RMG3FY, B0CGLLNB7D, B0DLK3C74R, B0BQXS61N4, B0B6TMPTX6, B0FP2NHT1R, B0CR1NDYP4, B09ST5TT4D, B0DRZ9T9QM, B0B5G1PZX4, B0DNQLP6J9, B0BV6GL2VQ, B0BKZP5TLH, B0F9NK2K79, B0F5VRLKJC, B0D842HQWB, B09TSDWQKW, B0BHL538CZ, B0FXF927SR, B0BV25XTDR, B0BNK8F9B2, B0CXX8TH1X, B0G4MG5S8J, B0DRFGZLTD, B0GK5CDGR1, B0D4Q5G2QY, B0CM5M8YRQ, B0BQTWKMDC, B0BKZLXD4B, B0FLQ9J8SF, B0BQ1RTMCS, B0CW9QVFHC, B0CM8QLDZ3, B0BKZMDPLB, B0DWMCF5BW, B0CDVWXQHR, B0GQ7GZTKK, B0C7QS7L8N, B0GDFZ3163, B0CW9SKVPW, B0F7XWPN37, B0DP2B8SLZ, B0CTCPZBSB, B0BNK8DMNM, B09X2NW2QN, B0D62TXRC1, B0CM8SDD8K, B0BMWML4YT, B0B87DYP6T, B0CS3BG81H, B0CGLN66Q8, B0B45HCF5F, B0F37K7J3Z, B0G5YGFHTQ, B0B188FZJG, B0CQJQXCGP, B0B8Y3LZ4P, B0BQVDWVG6, B0BQH9TH1K, B09PHJC89C, B0DFBSCJ5C, B0CQJVGGPG, B0FX1YSJSH, B0CKRFRJLP, B0BG6SS5BJ, B0BJJJ48PZ, B0BFW3CNP4, B0D629F7FP, B09M9JYTG5, B0DNQM8449, B0GFMY3FP5, B0GCJS5G7F, B0BGGFT35Y, B0BZ8BY35J, B0FH64BX4K, B0BVPQDFWS, B0CJR5Z66G, B0B1M22B8K, B0FMRSM8SP, B0F9P4CMJZ, B0CS3B9STH, B0BNK7S1HK, B0BYTW8Q52, B0B8Y2NM7Z, B0FG7HCP68, B0DQPKG1FH, B0FMRLTM1Q, B0CBR73BPZ, B0G38TNZXP, B0G3WR3PHH, B0BQ8WDSGS, B0BLV8F3LZ, B09XTN17R6, B0CBQ1FLHX, B0DBPSQR7X, B0DTHLNY8X, B0CKQRN7QL, B0BQXSPCBM, B09MDWV54B, B0CT2LF8NF, B0DFPZ3Y52, B0BHN839MH, B09Y5TCVLR, B0CLTRMFYN, B09NXY288M, B0F7GY19HK, B0GCFW1SP5, B09M3P6MGQ, B0BHKZZ8HB, B0DKHBHDHW, B0CHNGT4P2, B0DHC8TL1B, B0DJ6KSB23, B0CKLGHT4P, B0FP6CFX6D, B09NVL3VF3, B0CM5MFTXX, B09PHKV394, B0FYFKRRNC, B0CLCQY9X2, B0BXRMTZ78, B0DHZLZLYF, B0G4TF439T, B0BV5SDYYM, B0BNK8DQ9R, B0G4P9PLTT, B0G22ZQFM3, B0CFDMYX9P, B0BX871VNQ, B0DQ41WJ76, B0BV25YVBY, B0BG5K4LFD, B0B64WHK94, B0D9PVNFB7, B0CLCS966K, B0CYZVT4PQ, B0DWSFB1G9, B0GR43B197, B0DFXW9QTY, B0FXDZ192C, B0BRSFC3M8, B0B212DYPC, B0CZP3HGYF, B0DKN2TFQ3, B0CZP2JFM9, B0DG8Y5QZG, B0BP6QC2DV, B0BFDFJT8D, B09SVY98W8, B0DD6KD7CV, B0B5G1D8R1, B0DQ3B6DP9, B0D258HKW2, B0CR3Z9YP2, B0B6TMKH54, B0G37TZT3X, B0D62TNPCS, B0CS38ZB6Z, B0DZ2CNQ4Z, B0CTCR8VNF, B0CWQLKT83, B0BN4VG7MK, B0CT27G7ZJ, B0CJ8SL2NS, B0CCCTVP3N, B09Q31WNMV, B0CDLS9ZRK, B09Y58KTXN, B0D31D84W7, B0CWNXFLTJ, B0FT1153MW, B0BN4ZBJ3T, B0CBTXG7FR, B0B6TKZRV6, B0D4PRQ7M9, B0DHKXMFLK, B0FG7M46ZQ, B0DRFFT298, B0B3QNKTPS, B0F7XSFYRS, B0G3WLJV86, B09PHJ762R, B0DLZPJL4S, B0BX8714HK, B0BNGZYGPK, B0B6B4ZJDF, B0FMRRJZ12, B098N3YXDL, B0DP8CP8LZ, B0BQ319Y2F, B0CZP48J3B, B0CR1L1966, B0DBH24L1V, B0CTCP9JM3, B0CHR9HMF9, B0BXN6MRL5, B0GBTHT45W, B09STBXN19, B0DRD3H3W2, B09PHHRJB3, B0DJKLVSMH, B0BN57QTK7, B0F37KX2WF, B0CG933GVN, B0D83XH1JQ, B0C6DWTJYG, B0BQXTL3QB, B0BYTX6SGC, B0CBTTYRV4, B0CFQC1HHD, B0BQ6NW96R, B0BKZBHNDN, B09NVJZZ6W, B0BBLY24D5, B0BQV5522Q, B0FG7NG18W, B0D13MZGZB, B0BHLMP8Q1, B0BNP9KPF9, B0DJNDLDHM, B0CKMTP3K6, B0B3DKR9CZ, B0CR1QMFX7, B0BP1TFXK6, B0DJKMMTLQ, B0BN51HVML, B0BB17TLL8, B0F6N5HXCZ, B0CCCWT7YN, B0CR4765CN, B0B3DHHK7F, B0GQ9XLF49, B0CBR7MV1W, B0BKRQH6L6, B0FNRKWGNH, B0F36F15VH, B0DP4V58T2, B0BNK7DF6C, B0B87DGG1X, B0BQHHQ7D2, B0G8GBTVD9, B0CG86YK3Y, B0DRF89THM, B0B64R43KL, B0D4PY2R62, B0BXW4Q5MY, B0DFW1KX1H, B0CBQ1W6TF, B0DJ6KMZZN, B0DZ2BTWF3, B0FWKC6LYH, B0GR59Q2X3, B0CKMT4NYK, B0CKRFHBSR, B0F1RRHS17, B0CLLH3NCP, B0BD4CTXNH, B0CZ8ZQ25F, B0987DRR7R, B09C57HDYB, B0DP4TG86N, B0DF1V9JBZ, B0F37FVGWR, B0BX8Q3LHF, B0BQQ196T1, B0CRRN8SZ3, B09Y57K7XB, B0CNV7YZMX, B0BMPQ9FJL, B0GLPGDCBJ, B0F7GYK3WM, B0CM5J8VSN, B0BTV87H23, B0DLZDBBCJ, B0DL1WFZWT, B0DRD1QJGM, B0DFWSSH1Y, B0CKRG5577, B0B5G1HN19, B0B87DV1WY, B0BV62NDT2, B0GFCD58J8, B0D251XBQN, B0BNT42GNH, B0CLV3SZ4B, B0BMWRJV77, B0DP8PR5Z6, B09T685R6B, B0F37KV4CZ, B0FS6JKQ5C, B0DJKPFRKW, B0DHS1QDPF, B0B5G3SHL8, B0DWSVKX8P, B0BRB3QVFK, B0G5Y3QRXL, B0CN6R1ZT1, B0CHR9BR6M, B0CW58WFFM, B0G3WLGQ16, B0DWMWNYGQ, B0FQBV96NS, B09C56SN11, B0GCFVWDSN, B0CHV3ZW2D, B0BD4CWT89, B0B64QJ7JD, B0DWSTNTDK, B0CCT6FL1X, B0BV5S9KL8, B0BN5B49BQ, B0DLVYG934, B0CN9FSBTD, B0B5173NQJ, B0CXDXLQ9X, B0BX883MMD, B0BTV891VF, B09Q5BS3YD, B09NXX1SV1, B0G4MB93K2, B0B87NK9B2, B0D97QT49Z, B0BVQ6YT2D, B0B8Y4QWQM, B09KGPTTSM, B0GQLZS73Q, B0BJK6BPJB, B0CWQNCMTM, B0BV5LKQ1M, B0BNK7ZHN6, B0FP48B7HZ, B0DCYGX3L3, B0CZ98YYPF, B0CT2DR79K, B0B9ZTX59N, B0CBPYWZH8, B09J8S6Q4C, B0CRTL7GMB, B0CM5MJ7FV, B0DL23LTKN, B0B87CDQCN, B0BKZMVSLR, B0BV64R658, B0FP285JCN, B0DP87PLGL, B0DBQFH7M8, B09VKVVG22, B0DLZMR57J, B0CN62MM6C, B0BJPMQZBJ, B0FSZXLD85, B0DRXLQX8X, B0BD4FDHFJ, B09Q5QZRT1, B0BMPG3WFP, B0CLCQ8NW4, B0BRSG54VB, B0B73Z22RZ, B0CKQPW1YN, B0FDQSX5XH, B0DJ1C9S5W, B0CXHZNTSY, B0CQNRPM3W, B0BQPSM9BB, B0G37HZ8BY, B0BPFBJGFY, B0BLC33TDM, B0F7GXW2Y1, B0G4MKGH2R, B0G62R5JZT, B0DLNXNRZN, B0GFWPBFXH, B0CYZWMVY1, B0BQXQG5HY, B09Y58NC6R, B0CQXDY1Z6, B0BLC443KW, B0B96QX9ZR, B0DWMDLN7Z, B0CG93MDVT, B0DRZLJKJK, B0D4PPSF5D, B0BNKD9LLK, B0B93XCSY9, B0BKRKHTLN, B0BP1VWCBJ, B0CJLBT4PP, B09X2PK9Z4, B0CM8T6R53, B0CWNXQY8B, B0987C24VL, B0FDQQWR16, B0DTHJ85ZN, B0BNK78G3J, B09DXXRTFV, B0BJJBMD3D, B09K34L2BW, B09G68L2Y6, B0F6N94BLX, B0FQC1YTV2, B0FGJ9M39R, B0FZBYPSB7, B0CT245Y9Y, B0BQPYL2GM, B09MDXZNKX, B0DLVPGGK9, B0DTHK5XKF, B0FV7YM8CP, B09K3YYL12, B0BG6W42YB, B0FRL8PCYR, B0CBS9LMD5, B0CP38BF2B, B0DLGRSFC8, B0FH6R2JFB, B0D9RN6VV5, B09ZY8VXFY, B0DWMS4N92, B09QLW4WRP, B0B3DFR9GW, B09W5GVKBQ, B0DHGB8JKJ, B0BTV7QRLL, B0CGQQHFSX, B0CTCQX58H, B0DQ3Y2XRM, B0CN94DWPS, B09YQVY32C, B0FP5C9LFC, B09GTHPWBQ, B0DLVVPKMT, B0CQ4WZXH7, B0DPMZV18T, B0D62THDKN, B0D2T71WYP, B0BX89K5X3, B0CTCSFRLX, B0CLN89RRL, B0CM8BFZVC, B0B96YDZPZ, B09TQFKFP7, B0CN6QPVJC, B099F5943J, B0BV5SSWYR, B0BNK7LC3H, B0F621CH9Q, B0DLVVC3F3, B0BQHCC5QS, B0DJ1CKMR9, B0C1GVH1R5, B0DB8F2SZN]",amzn1.campaign.CY0D5J8M002N,⚡ Last-Minute Party Savior: Stress-Free Celebrations Made Easy! ⚡,cocomigo,2026-03-09,2026-11-05,10.00%,5000.0,5000.0,58,800,false
"[B0D5YBPG1V, B0B4ZQDQ6Q, B0DR2CFT92, B0CJLP45K8, B0DF1XFG54, B0BGR1RQVC, B0GR9FC3T6, B0DRD4QF6C, B0BV22FSPP, B0GCH96ZJ2, B09XV9JQ9G, B0DG8WCKM4, B0B458BVWB, B0BXG56YJP, B0B8Y6HMYD, B0BV242DWL, B0CLQY7WSM, B0BV6G29Y2, B0DF7F5XMV, B0BMLDP99F, B0B5L2M74W, B09ZY7WKRQ, B0BV5QJXQC, B0BLC2DHQ5, B0CCCQN1PC, B0BHRVJ8M4, B0BJJMJF5W, B0BD4DGMVV, B0G3WNV7QM, B0F62PCBVC, B0CZP52W15, B0CTCQPXW6, B0G4P791GH, B0B1L8F4JG, B0FBRX6ML4, B0DWDQP46M, B0CLN3K8Z9, B0BV5N4P2Y, B0D4M5WMYN, B0CZHJPJYQ, B0B5G4CYTS, B0FZZHRZJN, B0D2XDYCK1, B0BKQ99S3X, B09P5X2825, B0BQHKBXPH, B0GKGFSYK3, B0BV6D6QPQ, B0CXDKXS9Z, B0GQLZTSMX, B09H6HMFT1, B0BV25M73H, B0BTV6JTY9, B0BJJKY26B, B0BQ2ZB3NQ, B0BQ2X8LQ2, B09TSCZXTT, B0G41V7Z7J, B0DRFCVR4C, B0D4Q1HSBW, B0F7GXYMQ8, B0BV5LXHQ5, B0BG6WTXQ5, B0G7HG76BS, B0FN7WWJ11, B09LV8D7WS, B0F62C6H36, B0BK8PBCCD, B0DRHR3DS7, B0D4M82PYJ, B0GBTNYCKH, B0BKG3VZWB, B0CT23ZWC7, B0BV24XBFQ, B0BNN5XKDL, B0BRCHMMLM, B0DMNRQH6N, B0B5Q5JYYB, B0BKQ8TR84, B0FHPC9CSG, B0CM5P1J94, B0CS3D9CCZ, B0BQV6K6N5, B0DP2JZM8R, B0B6H3FLDV, B0DCJTRL7R, B0CR1P36KK, B0C5WYTT8H, B0B8YL3QC5, B0BR58PQRY, B0CFD5V63F, B0DZMXK1RY, B0CR1R5FN2, B0BNK7NJPT, B0FZBCT51T, B0CS3BCN45, B09QLVXWML, B09P9Y2PJN, B0BV6GK2D1, B0BQ6M4MWB, B0F2HGLL6F, B0FV826JGR, B0F1MW55J6, B0BG9WRSBT, B0CF3WG1YV, B0B6TMXPSZ, B0CQ1S6JJJ, B0FX9TK877, B0BQXRYDN6, B09PHJCT7C, B0BR58LVH1, B0BQXQHLPY, B0G13RXQ8T, B0BHRWNFCQ, B0D97QHT8J, B0CTCQCS6N, B09VKS4LF2, B0DFPPFCTP, B0D4Q6XKVN, B09BN3K8J2, B0BJP5WF2P, B0BQHJNPTS, B0DNQRX2XF, B0BKZQH4BX, B0DHFTGVMF, B0DPX7NJBK, B0D14GRQBG, B0CJD79M9F, B09TQDCVGC, B0CG86WMQC, B0DJLTDYK3, B0CS3FZX2N, B0BQMH4RSS, B0FKSCH9W4, B0FP24LTYN, B0CWNWLC4H, B0CHBC42TW, B0BQPSZWL5, B0B87QZFD3, B0F4R8QXN5, B0BGR6SH3R, B0BN2QW2X6, B0DNDK12YF, B0BYTVQK2T, B09M88QXT2, B0FJRW6RX2, B0F2HHXJRY, B0BQHDMF11, B0B457L47Z, B09Q5SPLQK, B09MLGCMVP, B0G37DNMMT, B0BKRLWJC5, B0DZ2F5P4K, B0DHRZTZ5R, B0GJYN6RMK, B0BV5YSSN2, B0G5XZ97FT, B0B96SKF89, B09PHKV6FL, B0GC5M63TG, B0DP8NRFCS, B0DBQPGBCH, B0B96T1YNM, B0BR59RB2V, B09XMRJRC3, B09STJSFH7, B0C5PW792C, B0G2BPN3JC, B0B4CMC1ZH, B0BK8QTWSS, B0GQM3KW6Q, B0B6TN1PNK, B0B4D3B4YB, B0DWSPCPL2, B0CCP6VGVD, B0BNK8QNHH, B0FX2358V1, B0DWSP63YW, B09Y5SWDC6, B0F7XN5GPX, B099W4HD7Z, B0F32VY8NN, B0F7GY2ZL8, B09YQWSF6Q, B0B5G1RL62, B0F7GZ7WLV, B0D9RMG3FY, B0CGLLNB7D, B0DLK3C74R, B0BQXS61N4, B0B6TMPTX6, B0FP2NHT1R, B0CR1NDYP4, B09ST5TT4D, B0DRZ9T9QM, B0B5G1PZX4, B0DNQLP6J9, B0BV6GL2VQ, B0BKZP5TLH, B0F9NK2K79, B0F5VRLKJC, B0D842HQWB, B09TSDWQKW, B0BHL538CZ, B0FXF927SR, B0BV25XTDR, B0BNK8F9B2, B0CXX8TH1X, B0G4MG5S8J, B0DRFGZLTD, B0GK5CDGR1, B0D4Q5G2QY, B0CM5M8YRQ, B0BQTWKMDC, B0BKZLXD4B, B0FLQ9J8SF, B0BQ1RTMCS, B0CW9QVFHC, B0CM8QLDZ3, B0BKZMDPLB, B0DWMCF5BW, B0CDVWXQHR, B0GQ7GZTKK, B0C7QS7L8N, B0GDFZ3163, B0CW9SKVPW, B0F7XWPN37, B0DP2B8SLZ, B0CTCPZBSB, B0BNK8DMNM, B09X2NW2QN, B0D62TXRC1, B0CM8SDD8K, B0BMWML4YT, B0B87DYP6T, B0CS3BG81H, B0CGLN66Q8, B0B45HCF5F, B0F37K7J3Z, B0G5YGFHTQ, B0B188FZJG, B0CQJQXCGP, B0B8Y3LZ4P, B0BQVDWVG6, B0BQH9TH1K, B09PHJC89C, B0DFBSCJ5C, B0CQJVGGPG, B0FX1YSJSH, B0CKRFRJLP, B0BG6SS5BJ, B0BJJJ48PZ, B0BFW3CNP4, B0D629F7FP, B09M9JYTG5, B0DNQM8449, B0GFMY3FP5, B0GCJS5G7F, B0BGGFT35Y, B0BZ8BY35J, B0FH64BX4K, B0BVPQDFWS, B0CJR5Z66G, B0B1M22B8K, B0FMRSM8SP, B0F9P4CMJZ, B0CS3B9STH, B0BNK7S1HK, B0BYTW8Q52, B0B8Y2NM7Z, B0FG7HCP68, B0DQPKG1FH, B0FMRLTM1Q, B0CBR73BPZ, B0G38TNZXP, B0G3WR3PHH, B0BQ8WDSGS, B0BLV8F3LZ, B09XTN17R6, B0CBQ1FLHX, B0DBPSQR7X, B0DTHLNY8X, B0CKQRN7QL, B0BQXSPCBM, B09MDWV54B, B0CT2LF8NF, B0DFPZ3Y52, B0BHN839MH, B09Y5TCVLR, B0CLTRMFYN, B09NXY288M, B0F7GY19HK, B0GCFW1SP5, B09M3P6MGQ, B0BHKZZ8HB, B0DKHBHDHW, B0CHNGT4P2, B0DHC8TL1B, B0DJ6KSB23, B0CKLGHT4P, B0FP6CFX6D, B09NVL3VF3, B0CM5MFTXX, B09PHKV394, B0FYFKRRNC, B0CLCQY9X2, B0BXRMTZ78, B0DHZLZLYF, B0G4TF439T, B0BV5SDYYM, B0BNK8DQ9R, B0G4P9PLTT, B0G22ZQFM3, B0CFDMYX9P, B0BX871VNQ, B0DQ41WJ76, B0BV25YVBY, B0BG5K4LFD, B0B64WHK94, B0D9PVNFB7, B0CLCS966K, B0CYZVT4PQ, B0DWSFB1G9, B0GR43B197, B0DFXW9QTY, B0FXDZ192C, B0BRSFC3M8, B0B212DYPC, B0CZP3HGYF, B0DKN2TFQ3, B0CZP2JFM9, B0DG8Y5QZG, B0BP6QC2DV, B0BFDFJT8D, B09SVY98W8, B0DD6KD7CV, B0B5G1D8R1, B0DQ3B6DP9, B0D258HKW2, B0CR3Z9YP2, B0B6TMKH54, B0G37TZT3X, B0D62TNPCS, B0CS38ZB6Z, B0DZ2CNQ4Z, B0CTCR8VNF, B0CWQLKT83, B0BN4VG7MK, B0CT27G7ZJ, B0CJ8SL2NS, B0CCCTVP3N, B09Q31WNMV, B0CDLS9ZRK, B09Y58KTXN, B0D31D84W7, B0CWNXFLTJ, B0FT1153MW, B0BN4ZBJ3T, B0CBTXG7FR, B0B6TKZRV6, B0D4PRQ7M9, B0DHKXMFLK, B0FG7M46ZQ, B0DRFFT298, B0B3QNKTPS, B0F7XSFYRS, B0G3WLJV86, B09PHJ762R, B0DLZPJL4S, B0BX8714HK, B0BNGZYGPK, B0B6B4ZJDF, B0FMRRJZ12, B098N3YXDL, B0DP8CP8LZ, B0BQ319Y2F, B0CZP48J3B, B0CR1L1966, B0DBH24L1V, B0CTCP9JM3, B0CHR9HMF9, B0BXN6MRL5, B0GBTHT45W, B09STBXN19, B0DRD3H3W2, B09PHHRJB3, B0DJKLVSMH, B0BN57QTK7, B0F37KX2WF, B0CG933GVN, B0D83XH1JQ, B0C6DWTJYG, B0BQXTL3QB, B0BYTX6SGC, B0CBTTYRV4, B0CFQC1HHD, B0BQ6NW96R, B0BKZBHNDN, B09NVJZZ6W, B0BBLY24D5, B0BQV5522Q, B0FG7NG18W, B0D13MZGZB, B0BHLMP8Q1, B0BNP9KPF9, B0DJNDLDHM, B0CKMTP3K6, B0B3DKR9CZ, B0CR1QMFX7, B0BP1TFXK6, B0DJKMMTLQ, B0BN51HVML, B0BB17TLL8, B0F6N5HXCZ, B0CCCWT7YN, B0CR4765CN, B0B3DHHK7F, B0GQ9XLF49, B0CBR7MV1W, B0BKRQH6L6, B0FNRKWGNH, B0F36F15VH, B0DP4V58T2, B0BNK7DF6C, B0B87DGG1X, B0BQHHQ7D2, B0G8GBTVD9, B0CG86YK3Y, B0DRF89THM, B0B64R43KL, B0D4PY2R62, B0BXW4Q5MY, B0DFW1KX1H, B0CBQ1W6TF, B0DJ6KMZZN, B0DZ2BTWF3, B0FWKC6LYH, B0GR59Q2X3, B0CKMT4NYK, B0CKRFHBSR, B0F1RRHS17, B0CLLH3NCP, B0BD4CTXNH, B0CZ8ZQ25F, B0987DRR7R, B09C57HDYB, B0DP4TG86N, B0DF1V9JBZ, B0F37FVGWR, B0BX8Q3LHF, B0BQQ196T1, B0CRRN8SZ3, B09Y57K7XB, B0CNV7YZMX, B0BMPQ9FJL, B0GLPGDCBJ, B0F7GYK3WM, B0CM5J8VSN, B0BTV87H23, B0DLZDBBCJ, B0DL1WFZWT, B0DRD1QJGM, B0DFWSSH1Y, B0CKRG5577, B0B5G1HN19, B0B87DV1WY, B0BV62NDT2, B0GFCD58J8, B0D251XBQN, B0BNT42GNH, B0CLV3SZ4B, B0BMWRJV77, B0DP8PR5Z6, B09T685R6B, B0F37KV4CZ, B0FS6JKQ5C, B0DJKPFRKW, B0DHS1QDPF, B0B5G3SHL8, B0DWSVKX8P, B0BRB3QVFK, B0G5Y3QRXL, B0CN6R1ZT1, B0CHR9BR6M, B0CW58WFFM, B0G3WLGQ16, B0DWMWNYGQ, B0FQBV96NS, B09C56SN11, B0GCFVWDSN, B0CHV3ZW2D, B0BD4CWT89, B0B64QJ7JD, B0DWSTNTDK, B0CCT6FL1X, B0BV5S9KL8, B0BN5B49BQ, B0DLVYG934, B0CN9FSBTD, B0B5173NQJ, B0CXDXLQ9X, B0BX883MMD, B0BTV891VF, B09Q5BS3YD, B09NXX1SV1, B0G4MB93K2, B0B87NK9B2, B0D97QT49Z, B0BVQ6YT2D, B0B8Y4QWQM, B09KGPTTSM, B0GQLZS73Q, B0BJK6BPJB, B0CWQNCMTM, B0BV5LKQ1M, B0BNK7ZHN6, B0FP48B7HZ, B0DCYGX3L3, B0CZ98YYPF, B0CT2DR79K, B0B9ZTX59N, B0CBPYWZH8, B09J8S6Q4C, B0CRTL7GMB, B0CM5MJ7FV, B0DL23LTKN, B0B87CDQCN, B0BKZMVSLR, B0BV64R658, B0FP285JCN, B0DP87PLGL, B0DBQFH7M8, B09VKVVG22, B0DLZMR57J, B0CN62MM6C, B0BJPMQZBJ, B0FSZXLD85, B0DRXLQX8X, B0BD4FDHFJ, B09Q5QZRT1, B0BMPG3WFP, B0CLCQ8NW4, B0BRSG54VB, B0B73Z22RZ, B0CKQPW1YN, B0FDQSX5XH, B0DJ1C9S5W, B0CXHZNTSY, B0CQNRPM3W, B0BQPSM9BB, B0G37HZ8BY, B0BPFBJGFY, B0BLC33TDM, B0F7GXW2Y1, B0G4MKGH2R, B0G62R5JZT, B0DLNXNRZN, B0GFWPBFXH, B0CYZWMVY1, B0BQXQG5HY, B09Y58NC6R, B0CQXDY1Z6, B0BLC443KW, B0B96QX9ZR, B0DWMDLN7Z, B0CG93MDVT, B0DRZLJKJK, B0D4PPSF5D, B0BNKD9LLK, B0B93XCSY9, B0BKRKHTLN, B0BP1VWCBJ, B0CJLBT4PP, B09X2PK9Z4, B0CM8T6R53, B0CWNXQY8B, B0987C24VL, B0FDQQWR16, B0DTHJ85ZN, B0BNK78G3J, B09DXXRTFV, B0BJJBMD3D, B09K34L2BW, B09G68L2Y6, B0F6N94BLX, B0FQC1YTV2, B0FGJ9M39R, B0FZBYPSB7, B0CT245Y9Y, B0BQPYL2GM, B09MDXZNKX, B0DLVPGGK9, B0DTHK5XKF, B0FV7YM8CP, B09K3YYL12, B0BG6W42YB, B0FRL8PCYR, B0CBS9LMD5, B0CP38BF2B, B0DLGRSFC8, B0FH6R2JFB, B0D9RN6VV5, B09ZY8VXFY, B0DWMS4N92, B09QLW4WRP, B0B3DFR9GW, B09W5GVKBQ, B0DHGB8JKJ, B0BTV7QRLL, B0CGQQHFSX, B0CTCQX58H, B0DQ3Y2XRM, B0CN94DWPS, B09YQVY32C, B0FP5C9LFC, B09GTHPWBQ, B0DLVVPKMT, B0CQ4WZXH7, B0DPMZV18T, B0D62THDKN, B0D2T71WYP, B0BX89K5X3, B0CTCSFRLX, B0CLN89RRL, B0CM8BFZVC, B0B96YDZPZ, B09TQFKFP7, B0CN6QPVJC, B099F5943J, B0BV5SSWYR, B0BNK7LC3H, B0F621CH9Q, B0DLVVC3F3, B0BQHCC5QS, B0DJ1CKMR9, B0C1GVH1R5, B0DB8F2SZN]",amzn1.campaign.28I7SXJXU9HQD,👨‍👩‍👧‍👦 Family-Friendly Fun: Celebrate with Ease! 👨‍👩‍👧‍👦,cocomigo,2026-03-09,2026-10-05,10.00%,5000.0,5000.0,55,800,false
"[B0G4DQNB35, B0BZZ4RPR1, B0C64V4HMT, B0C64CTBH2, B0C65NS44S]",amzn1.campaign.GYJHT8HNY34Z,3 Things Nobody Tells You About Hummingbird Decor 🐦🤫,Voumsil,2026-03-13,2027-03-12,10.00%,5000.0,5000.0,101,800,false
"[B0GH7ZQ4SJ, B0DZ2JFR57, B0FY2TD8GC, B0FCD8639J, B0DNN6DV85, B0FY2R3QJ7, B0FY29F7TN, B0DNN6NGYV, B0GH7WRFBH, B0FMJT2QPJ, B0FY26G4ZJ, B0FY22Q624, B0FY5FLX31, B0FY21Y278, B0GH83QWXS, B0DNN43XVD, B0FCD7LPZM, B0GH816NMW, B0FY57W2JD, B0DNN7GGQR, B0DZ2J1698, B0FHH2QZZQ, B0FMJT23F7, B0FCD7LWPV, B0GH7SLYLX, B0GH7ZX9C2, B0D5CQNHY3, B0FMJVVH62, B0D5CQKFRB, B0GH7QGHPC, B0D5CQ9C4S, B0D5CQ9C4R, B0GH7JYXQH, B0GH7XMSHK, B0D5CQM7W2, B0GH89FK54, B0FY248ZK4, B0DNN65SM1, B0FCD8BZ8T, B0GH7YLVNG, B0FY5H7FQ8, B0FY5MBD9B, B0DNN4FB89, B0FMJTTXL1, B0FY5PWWG8, B0GH817Y6D, B0D5CQM8K4, B0GH7ZBWFJ, B0FY2SB78N, B0GJZN8DT1, B0GH7YQ83G, B0FMJVBZLX, B0GH8539MZ, B0GH7Q8LSJ, B0FCD6ZHFY, B0GH7T44M1, B0FY5M1QJK, B0FMJW23GD, B0GH7VLJMN, B0FY2QG9VM, B0FHGY2B5B, B0GH85HWX5, B0FY23T82Q, B0FY5KBG3S, B0D5CSW2SK, B0FMJT1JQ6, B0DNN4KJ65, B0FY5MWGPM, B0GH7T79SD, B0GJZS5KB8, B0D5CS46Y1, B0D5CSGQ47, B0FCD5PYSX, B0GH82JM5Z, B0DNN3JYG9, B0FY5LGNS2, B0FY2RGLT4, B0D5CQ13GX]",amzn1.campaign.2W122WC6TR8BA,0528bxx,XBLDU,2026-03-09,2027-03-01,15.00%,50000.0,48936.09,5,800,false
"[B0G4DQNB35, B0BZZ4RPR1, B0C64V4HMT, B0C64CTBH2, B0C65NS44S]",amzn1.campaign.29MUU5UV81YSB,Why I Regret Not Buying This Hummingbird Decor Sooner 😅💔,Voumsil,2026-03-12,2027-03-11,10.00%,5000.0,5000.0,97,800,false
"[B0DLG3V5WT, B0FL1VNQ8T, B0DLFYV55T, B0DLGD6G4F, B0D8HPCWJ7]",amzn1.campaign.IYLM2C0QYPEF,RAPIQUE R09 Wireless Mouse Promotion – Earn a 10% Commission!,RAPIQUE,2026-03-09,2026-09-16,10.00%,5000.0,4746.92,16,800,false
"[B0G4DQNB35, B0BZZ4RPR1, B0C64V4HMT, B0C64CTBH2, B0C65NS44S]",amzn1.campaign.1YCHWIF2CUQW6,How I Transformed My Boring Wall Into a Garden Paradise 🌸🐦,Voumsil,2026-03-11,2027-03-10,10.00%,5000.0,5000.0,92,800,false
"[B0D5YBPG1V, B0B4ZQDQ6Q, B0DR2CFT92, B0CJLP45K8, B0DF1XFG54, B0BGR1RQVC, B0GR9FC3T6, B0DRD4QF6C, B0BV22FSPP, B0GCH96ZJ2, B09XV9JQ9G, B0DG8WCKM4, B0B458BVWB, B0BXG56YJP, B0B8Y6HMYD, B0BV242DWL, B0CLQY7WSM, B0BV6G29Y2, B0DF7F5XMV, B0BMLDP99F, B0B5L2M74W, B09ZY7WKRQ, B0BV5QJXQC, B0BLC2DHQ5, B0CCCQN1PC, B0BHRVJ8M4, B0BJJMJF5W, B0BD4DGMVV, B0G3WNV7QM, B0F62PCBVC, B0CZP52W15, B0CTCQPXW6, B0G4P791GH, B0B1L8F4JG, B0FBRX6ML4, B0DWDQP46M, B0CLN3K8Z9, B0BV5N4P2Y, B0D4M5WMYN, B0CZHJPJYQ, B0B5G4CYTS, B0FZZHRZJN, B0D2XDYCK1, B0BKQ99S3X, B09P5X2825, B0BQHKBXPH, B0GKGFSYK3, B0BV6D6QPQ, B0CXDKXS9Z, B0GQLZTSMX, B09H6HMFT1, B0BV25M73H, B0BTV6JTY9, B0BJJKY26B, B0BQ2ZB3NQ, B0BQ2X8LQ2, B09TSCZXTT, B0G41V7Z7J, B0DRFCVR4C, B0D4Q1HSBW, B0F7GXYMQ8, B0BV5LXHQ5, B0BG6WTXQ5, B0G7HG76BS, B0FN7WWJ11, B09LV8D7WS, B0F62C6H36, B0BK8PBCCD, B0DRHR3DS7, B0D4M82PYJ, B0GBTNYCKH, B0BKG3VZWB, B0CT23ZWC7, B0BV24XBFQ, B0BNN5XKDL, B0BRCHMMLM, B0DMNRQH6N, B0B5Q5JYYB, B0BKQ8TR84, B0FHPC9CSG, B0CM5P1J94, B0CS3D9CCZ, B0BQV6K6N5, B0DP2JZM8R, B0B6H3FLDV, B0DCJTRL7R, B0CR1P36KK, B0C5WYTT8H, B0B8YL3QC5, B0BR58PQRY, B0CFD5V63F, B0DZMXK1RY, B0CR1R5FN2, B0BNK7NJPT, B0FZBCT51T, B0CS3BCN45, B09QLVXWML, B09P9Y2PJN, B0BV6GK2D1, B0BQ6M4MWB, B0F2HGLL6F, B0FV826JGR, B0F1MW55J6, B0BG9WRSBT, B0CF3WG1YV, B0B6TMXPSZ, B0CQ1S6JJJ, B0FX9TK877, B0BQXRYDN6, B09PHJCT7C, B0BR58LVH1, B0BQXQHLPY, B0G13RXQ8T, B0BHRWNFCQ, B0D97QHT8J, B0CTCQCS6N, B09VKS4LF2, B0DFPPFCTP, B0D4Q6XKVN, B09BN3K8J2, B0BJP5WF2P, B0BQHJNPTS, B0DNQRX2XF, B0BKZQH4BX, B0DHFTGVMF, B0DPX7NJBK, B0D14GRQBG, B0CJD79M9F, B09TQDCVGC, B0CG86WMQC, B0DJLTDYK3, B0CS3FZX2N, B0BQMH4RSS, B0FKSCH9W4, B0FP24LTYN, B0CWNWLC4H, B0CHBC42TW, B0BQPSZWL5, B0B87QZFD3, B0F4R8QXN5, B0BGR6SH3R, B0BN2QW2X6, B0DNDK12YF, B0BYTVQK2T, B09M88QXT2, B0FJRW6RX2, B0F2HHXJRY, B0BQHDMF11, B0B457L47Z, B09Q5SPLQK, B09MLGCMVP, B0G37DNMMT, B0BKRLWJC5, B0DZ2F5P4K, B0DHRZTZ5R, B0GJYN6RMK, B0BV5YSSN2, B0G5XZ97FT, B0B96SKF89, B09PHKV6FL, B0GC5M63TG, B0DP8NRFCS, B0DBQPGBCH, B0B96T1YNM, B0BR59RB2V, B09XMRJRC3, B09STJSFH7, B0C5PW792C, B0G2BPN3JC, B0B4CMC1ZH, B0BK8QTWSS, B0GQM3KW6Q, B0B6TN1PNK, B0B4D3B4YB, B0DWSPCPL2, B0CCP6VGVD, B0BNK8QNHH, B0FX2358V1, B0DWSP63YW, B09Y5SWDC6, B0F7XN5GPX, B099W4HD7Z, B0F32VY8NN, B0F7GY2ZL8, B09YQWSF6Q, B0B5G1RL62, B0F7GZ7WLV, B0D9RMG3FY, B0CGLLNB7D, B0DLK3C74R, B0BQXS61N4, B0B6TMPTX6, B0FP2NHT1R, B0CR1NDYP4, B09ST5TT4D, B0DRZ9T9QM, B0B5G1PZX4, B0DNQLP6J9, B0BV6GL2VQ, B0BKZP5TLH, B0F9NK2K79, B0F5VRLKJC, B0D842HQWB, B09TSDWQKW, B0BHL538CZ, B0FXF927SR, B0BV25XTDR, B0BNK8F9B2, B0CXX8TH1X, B0G4MG5S8J, B0DRFGZLTD, B0GK5CDGR1, B0D4Q5G2QY, B0CM5M8YRQ, B0BQTWKMDC, B0BKZLXD4B, B0FLQ9J8SF, B0BQ1RTMCS, B0CW9QVFHC, B0CM8QLDZ3, B0BKZMDPLB, B0DWMCF5BW, B0CDVWXQHR, B0GQ7GZTKK, B0C7QS7L8N, B0GDFZ3163, B0CW9SKVPW, B0F7XWPN37, B0DP2B8SLZ, B0CTCPZBSB, B0BNK8DMNM, B09X2NW2QN, B0D62TXRC1, B0CM8SDD8K, B0BMWML4YT, B0B87DYP6T, B0CS3BG81H, B0CGLN66Q8, B0B45HCF5F, B0F37K7J3Z, B0G5YGFHTQ, B0B188FZJG, B0CQJQXCGP, B0B8Y3LZ4P, B0BQVDWVG6, B0BQH9TH1K, B09PHJC89C, B0DFBSCJ5C, B0CQJVGGPG, B0FX1YSJSH, B0CKRFRJLP, B0BG6SS5BJ, B0BJJJ48PZ, B0BFW3CNP4, B0D629F7FP, B09M9JYTG5, B0DNQM8449, B0GFMY3FP5, B0GCJS5G7F, B0BGGFT35Y, B0BZ8BY35J, B0FH64BX4K, B0BVPQDFWS, B0CJR5Z66G, B0B1M22B8K, B0FMRSM8SP, B0F9P4CMJZ, B0CS3B9STH, B0BNK7S1HK, B0BYTW8Q52, B0B8Y2NM7Z, B0FG7HCP68, B0DQPKG1FH, B0FMRLTM1Q, B0CBR73BPZ, B0G38TNZXP, B0G3WR3PHH, B0BQ8WDSGS, B0BLV8F3LZ, B09XTN17R6, B0CBQ1FLHX, B0DBPSQR7X, B0DTHLNY8X, B0CKQRN7QL, B0BQXSPCBM, B09MDWV54B, B0CT2LF8NF, B0DFPZ3Y52, B0BHN839MH, B09Y5TCVLR, B0CLTRMFYN, B09NXY288M, B0F7GY19HK, B0GCFW1SP5, B09M3P6MGQ, B0BHKZZ8HB, B0DKHBHDHW, B0CHNGT4P2, B0DHC8TL1B, B0DJ6KSB23, B0CKLGHT4P, B0FP6CFX6D, B09NVL3VF3, B0CM5MFTXX, B09PHKV394, B0FYFKRRNC, B0CLCQY9X2, B0BXRMTZ78, B0DHZLZLYF, B0G4TF439T, B0BV5SDYYM, B0BNK8DQ9R, B0G4P9PLTT, B0G22ZQFM3, B0CFDMYX9P, B0BX871VNQ, B0DQ41WJ76, B0BV25YVBY, B0BG5K4LFD, B0B64WHK94, B0D9PVNFB7, B0CLCS966K, B0CYZVT4PQ, B0DWSFB1G9, B0GR43B197, B0DFXW9QTY, B0FXDZ192C, B0BRSFC3M8, B0B212DYPC, B0CZP3HGYF, B0DKN2TFQ3, B0CZP2JFM9, B0DG8Y5QZG, B0BP6QC2DV, B0BFDFJT8D, B09SVY98W8, B0DD6KD7CV, B0B5G1D8R1, B0DQ3B6DP9, B0D258HKW2, B0CR3Z9YP2, B0B6TMKH54, B0G37TZT3X, B0D62TNPCS, B0CS38ZB6Z, B0DZ2CNQ4Z, B0CTCR8VNF, B0CWQLKT83, B0BN4VG7MK, B0CT27G7ZJ, B0CJ8SL2NS, B0CCCTVP3N, B09Q31WNMV, B0CDLS9ZRK, B09Y58KTXN, B0D31D84W7, B0CWNXFLTJ, B0FT1153MW, B0BN4ZBJ3T, B0CBTXG7FR, B0B6TKZRV6, B0D4PRQ7M9, B0DHKXMFLK, B0FG7M46ZQ, B0DRFFT298, B0B3QNKTPS, B0F7XSFYRS, B0G3WLJV86, B09PHJ762R, B0DLZPJL4S, B0BX8714HK, B0BNGZYGPK, B0B6B4ZJDF, B0FMRRJZ12, B098N3YXDL, B0DP8CP8LZ, B0BQ319Y2F, B0CZP48J3B, B0CR1L1966, B0DBH24L1V, B0CTCP9JM3, B0CHR9HMF9, B0BXN6MRL5, B0GBTHT45W, B09STBXN19, B0DRD3H3W2, B09PHHRJB3, B0DJKLVSMH, B0BN57QTK7, B0F37KX2WF, B0CG933GVN, B0D83XH1JQ, B0C6DWTJYG, B0BQXTL3QB, B0BYTX6SGC, B0CBTTYRV4, B0CFQC1HHD, B0BQ6NW96R, B0BKZBHNDN, B09NVJZZ6W, B0BBLY24D5, B0BQV5522Q, B0FG7NG18W, B0D13MZGZB, B0BHLMP8Q1, B0BNP9KPF9, B0DJNDLDHM, B0CKMTP3K6, B0B3DKR9CZ, B0CR1QMFX7, B0BP1TFXK6, B0DJKMMTLQ, B0BN51HVML, B0BB17TLL8, B0F6N5HXCZ, B0CCCWT7YN, B0CR4765CN, B0B3DHHK7F, B0GQ9XLF49, B0CBR7MV1W, B0BKRQH6L6, B0FNRKWGNH, B0F36F15VH, B0DP4V58T2, B0BNK7DF6C, B0B87DGG1X, B0BQHHQ7D2, B0G8GBTVD9, B0CG86YK3Y, B0DRF89THM, B0B64R43KL, B0D4PY2R62, B0BXW4Q5MY, B0DFW1KX1H, B0CBQ1W6TF, B0DJ6KMZZN, B0DZ2BTWF3, B0FWKC6LYH, B0GR59Q2X3, B0CKMT4NYK, B0CKRFHBSR, B0F1RRHS17, B0CLLH3NCP, B0BD4CTXNH, B0CZ8ZQ25F, B0987DRR7R, B09C57HDYB, B0DP4TG86N, B0DF1V9JBZ, B0F37FVGWR, B0BX8Q3LHF, B0BQQ196T1, B0CRRN8SZ3, B09Y57K7XB, B0CNV7YZMX, B0BMPQ9FJL, B0GLPGDCBJ, B0F7GYK3WM, B0CM5J8VSN, B0BTV87H23, B0DLZDBBCJ, B0DL1WFZWT, B0DRD1QJGM, B0DFWSSH1Y, B0CKRG5577, B0B5G1HN19, B0B87DV1WY, B0BV62NDT2, B0GFCD58J8, B0D251XBQN, B0BNT42GNH, B0CLV3SZ4B, B0BMWRJV77, B0DP8PR5Z6, B09T685R6B, B0F37KV4CZ, B0FS6JKQ5C, B0DJKPFRKW, B0DHS1QDPF, B0B5G3SHL8, B0DWSVKX8P, B0BRB3QVFK, B0G5Y3QRXL, B0CN6R1ZT1, B0CHR9BR6M, B0CW58WFFM, B0G3WLGQ16, B0DWMWNYGQ, B0FQBV96NS, B09C56SN11, B0GCFVWDSN, B0CHV3ZW2D, B0BD4CWT89, B0B64QJ7JD, B0DWSTNTDK, B0CCT6FL1X, B0BV5S9KL8, B0BN5B49BQ, B0DLVYG934, B0CN9FSBTD, B0B5173NQJ, B0CXDXLQ9X, B0BX883MMD, B0BTV891VF, B09Q5BS3YD, B09NXX1SV1, B0G4MB93K2, B0B87NK9B2, B0D97QT49Z, B0BVQ6YT2D, B0B8Y4QWQM, B09KGPTTSM, B0GQLZS73Q, B0BJK6BPJB, B0CWQNCMTM, B0BV5LKQ1M, B0BNK7ZHN6, B0FP48B7HZ, B0DCYGX3L3, B0CZ98YYPF, B0CT2DR79K, B0B9ZTX59N, B0CBPYWZH8, B09J8S6Q4C, B0CRTL7GMB, B0CM5MJ7FV, B0DL23LTKN, B0B87CDQCN, B0BKZMVSLR, B0BV64R658, B0FP285JCN, B0DP87PLGL, B0DBQFH7M8, B09VKVVG22, B0DLZMR57J, B0CN62MM6C, B0BJPMQZBJ, B0FSZXLD85, B0DRXLQX8X, B0BD4FDHFJ, B09Q5QZRT1, B0BMPG3WFP, B0CLCQ8NW4, B0BRSG54VB, B0B73Z22RZ, B0CKQPW1YN, B0FDQSX5XH, B0DJ1C9S5W, B0CXHZNTSY, B0CQNRPM3W, B0BQPSM9BB, B0G37HZ8BY, B0BPFBJGFY, B0BLC33TDM, B0F7GXW2Y1, B0G4MKGH2R, B0G62R5JZT, B0DLNXNRZN, B0GFWPBFXH, B0CYZWMVY1, B0BQXQG5HY, B09Y58NC6R, B0CQXDY1Z6, B0BLC443KW, B0B96QX9ZR, B0DWMDLN7Z, B0CG93MDVT, B0DRZLJKJK, B0D4PPSF5D, B0BNKD9LLK, B0B93XCSY9, B0BKRKHTLN, B0BP1VWCBJ, B0CJLBT4PP, B09X2PK9Z4, B0CM8T6R53, B0CWNXQY8B, B0987C24VL, B0FDQQWR16, B0DTHJ85ZN, B0BNK78G3J, B09DXXRTFV, B0BJJBMD3D, B09K34L2BW, B09G68L2Y6, B0F6N94BLX, B0FQC1YTV2, B0FGJ9M39R, B0FZBYPSB7, B0CT245Y9Y, B0BQPYL2GM, B09MDXZNKX, B0DLVPGGK9, B0DTHK5XKF, B0FV7YM8CP, B09K3YYL12, B0BG6W42YB, B0FRL8PCYR, B0CBS9LMD5, B0CP38BF2B, B0DLGRSFC8, B0FH6R2JFB, B0D9RN6VV5, B09ZY8VXFY, B0DWMS4N92, B09QLW4WRP, B0B3DFR9GW, B09W5GVKBQ, B0DHGB8JKJ, B0BTV7QRLL, B0CGQQHFSX, B0CTCQX58H, B0DQ3Y2XRM, B0CN94DWPS, B09YQVY32C, B0FP5C9LFC, B09GTHPWBQ, B0DLVVPKMT, B0CQ4WZXH7, B0DPMZV18T, B0D62THDKN, B0D2T71WYP, B0BX89K5X3, B0CTCSFRLX, B0CLN89RRL, B0CM8BFZVC, B0B96YDZPZ, B09TQFKFP7, B0CN6QPVJC, B099F5943J, B0BV5SSWYR, B0BNK7LC3H, B0F621CH9Q, B0DLVVC3F3, B0BQHCC5QS, B0DJ1CKMR9, B0C1GVH1R5, B0DB8F2SZN]",amzn1.campaign.6XDTPYTK30RP,✨ Unboxing Magic: Your Instant Celebration Awaits! ✨,cocomigo,2026-03-09,2026-12-05,10.00%,5000.0,4921.24,55,800,false
"[B08J7Y3T1D, B08NTSMBW5]",amzn1.campaign.134N0I8WLLTNF,2PCS  lanhua pie pan,Wisenvoy,2026-03-09,2027-01-31,10.00%,8888.0,8842.9,21,800,false
"[B0814NFD88, B09N6VTC6X, B09MNHTN27, B0CGM53VR2, B09BTSDR52, B09N6Q789C, B09PRF5Y4K, B0B6C3L9WP, B0B6C57ZVJ, B09N6MC9FR, B09WRDLL2B, B0B6C2LX69, B09MNHFRT2, B09MNGYJ6V, B09BTRDGRV, B09BTJNSKJ, B0DJNHCZWG, B09WRCZ7JZ, B09WR3WGG8, B0BCP91L38, B09BTM7F8S, B09BTWKXP5, B0B6C3F4VC, B0814NG67Z, B09MNGTFGV, B09N6Y3G4V, B09N6PXT3H, B09WR8QXH2, B0814JSY22, B0BCPHHVL6, B0814P1J2W, B09ZHW1Z2R, B0814P9D7M, B09PRGCQRF, B09PRGC7WF, B09XD6CXJT, B09PRGN8GJ, B09N6XPFHR, B09WRC4XVB, B0814P8DC7, B09LCXJHWK, B09BTWYR24, B0814PH3ZS, B0814HQ9G8, B0814NFWD2, B0B6C4T6D4, B09BTNB3ZY, B09MNJTRQN, B0B6C4YH41, B09BTP675Z, B0814P56F8, B09WRDSQ5K, B09BTVFJKM, B0814NK1RV, B0BCPF2ZVK, B0B6C494SH, B09BT6XKNW, B09LCZ45MC, B09BTVNG4X, B0B6C5LCZD, B09MNJ23YT, B0B6C1XCGM, B09BT7GN7M, B0BCPGSWCJ, B0B6C3FVTC, B09PRFTV1F, B09WRF8ZV3, B09WRCFH71, B0BCP4S9L9, B0BCP1RTT4, B09LCY159P, B09N6SHMW8, B09WRCYSC8, B0814PF51X, B09WRD6Z3Y, B0814NHHQS, B0814NCKXM, B09N71G34J, B085T8HLM4, B0B6C5LDLC, B0BCP43NMB, B09BTV9XTT, B0814NMJFS, B09MNJFDW3, B0814NLQGP, B09BTN7TVX, B09WR8YMXS, B09WRC95PC, B0814PHB5F, B09BT74SCT, B0814PD3CT, B09WRD3RF9, B09ZHTWWCN, B09N6M57WP, B09PRG4673, B0BCPBZJYN, B0B6C3SK8V, B09PRDSD5Z, B09WRF3H1H, B085SVZ8FX, B09MNGK4R4, B09WR5VY95, B0B6C2YYWR, B0814Q61CR, B0814PCCD7, B0BCP1Z8RG, B09PRF9VWM, B0BCPB5LB1, B09MNHL14B, B09BTDMQBC, B0DJNGV5TY, B0B2DGNKSY, B09PRFY5Q2, B09BTKTSB1, B09BT6LY6X, B09MNHGJLS, B09BTR4Q9Q, B0814PC7KZ, B09BTS4JRB, B0814P588C, B09N6V53PP, B09PG7NZG1, B09BT8RX5F, B09WRCCV82, B0BCPD4GC1, B0814N8VH9, B0814Q2N7B, B0814P7T9X, B09BTPDZ2T, B0BCPMV5K7, B09BT6LY6K, B09BTMHJS6, B09LCXRXCC, B09BTKGFNL, B0BCPH98QD, B0BCPD9233, B09WRF6JVW, B09BTS999S, B0814P2CWG, B09MNHRMSG, B09WRDK4YV, B09PRFPV55, B09BT7DV7G, B09BTVY6GT, B09N6QLGVR, B0B6C45H1Y, B0BCP8NY3H, B09BTWZ3G9, B09LCY8QP9, B09ZHVNKHS, B09WRD3CN9, B09BTXK36Y, B09WRDFK49, B09WRD5GGG, B09N6SPB5V, B0BCP5BQ6N, B0814PDPPH, B0DJNH177Y, B09MNJZ59B, B09PRH9R5H, B0BCPH5P4V, B0814PDXQS, B09BTFW9B6, B09MNJ9XGW, B09ZHVMKMB, B0814NW8YZ, B09MNHBT5W, B09BTFWXWB, B0B6C2PW7V, B0814QY1R3, B09WRDNMPK, B09WRCGNBG, B09BTVVQLK, B0B4D66L5K, B09WRCCWXT, B09WRDM377, B09PRGL3ML, B0BCP5FHHC, B0BCPB917B, B09LCXBCSW, B09BTLV1YY]",amzn1.campaign.3DMEH5SBSQSYU,"⚾🔥 Baseball Season Is On — Cheer for Your Team, Wear Your Lucky Number!!!",GoldChic,2026-03-09,2027-03-08,15.00%,5000.0,4962.6,28,800,false
"[B0G4DQNB35, B0BZZ4RPR1, B0C64V4HMT, B0C64CTBH2, B0C65NS44S]",amzn1.campaign.P3C7NDJTWWNQ,From $17.99 – Why This 3D Hummingbird Art Is Going Viral 🏠✨,Voumsil,2026-03-10,2027-03-09,10.00%,5000.0,5000.0,104,800,false
"[B0G4DQNB35, B0BZZ4RPR1, B0C64V4HMT, B0C64CTBH2, B0C65NS44S]",amzn1.campaign.3N9JN3AGHPRZT,Bring the Magic of Nature Indoors! ✨🌸,Voumsil,2026-03-09,2027-03-08,10.00%,5000.0,5000.0,102,800,false
"[B0F2RLQLPQ, B0F2N258SS, B0F2RSD1JP, B0F2RPNYST, B0F2MZPQRT, B0F2N27THR, B0F2N1LTG8, B0F2MZG4DQ, B0F2MZD18Q, B0F2RSSZHC, B0F2N25DCG, B0F2N1N697, B0F2N1BFFL]",amzn1.campaign.36VFX0G4XO3HW,Earn 15%✝️St. Patrick’s Day Cross Necklace  – Dainty Gift with Cards,Supcare,2026-03-10,2026-12-30,15.00%,5000.0,4995.14,32,800,false
"[B0GFX2N3GY, B0GFWP7Y1C]",amzn1.campaign.1F8DJO9ZB66J5,2PCS  Oval Casserole Dish,Wisenvoy,2026-03-09,2027-01-31,10.00%,8888.0,8870.5,27,800,false
"[B08N6BC1NC, B09R7KC3SR, B0BJ6WCY8L, B0BJ6ZP14H, B0BJ6XHYS2, B08N6CLPZ8, B09BF2J24X, B09BF25RWJ, B09BF6CN34, B07KPSK4QP, B0BJ6XLQPQ, B0F28SXT9X, B0BJ7191BG, B09BF89TM7, B092VWYB19, B09BF6ZX7F, B0BJ71Q3BT, B09BF9GFP4, B09R7LQKRK, B09BF243VH, B09BF8QLMT, B09BF784MT, B09R7JJWWX, B08ZJ8MHKZ, B0BJ6XPX6V, B09BF6R9KM, B0BJ71JGLH, B0BJ6X3XYX, B09BF17QDV, B09BF1N4BZ, B0F28TWLXK, B08N6B98CD, B08N6B2VKL, B08ZJ6NCJS, B09BDZLP2C, B08ZHYQT3L, B09BF6PPGW, B07L9JNN5V, B09BF25T8V, B09R7LBH6R, B07L9JS5JB, B0BJ73H32T, B09BF6X3ZY, B09BF2PRQY, B0BJ6YK16K, B0BJ6ZFJVX, B09R7LGKJ8, B0BJ72SG1K, B07KPS5HR3]",amzn1.campaign.3SF7PA7NR1ETK,💡 No-Drill Suction Install: Interior Emergency Dash Lights[10% Comm + Sample],Xprite,2026-03-09,2026-12-31,10.00%,5000.0,4949.79,37,800,false
[B0GR8NPMX3],amzn1.campaign.2LHRMD3YPMJPY,"Direct Replacement for H2D 3D Printers, commission 10%",Ankalio,2026-03-09,2026-11-30,10.00%,10000.0,10000.0,33,800,false
"[B0GHYP6TRY, B0GKP7XSMT]",amzn1.campaign.RN46VC521AKX,假牙清洗器new,VCNFPRO,2026-03-09,2026-12-31,15.00%,8888.0,8842.31,45,800,false
[B0FQJF6S8W],amzn1.campaign.TZTAKXDSA20E,MERACH Pro-Grade Rowing Machines for Home MR-R21 FW,MERACH,2026-03-09,2026-12-31,10.00%,50000.0,46760.0,0,800,false
"[B0DB1YK478, B0DB1XWJH3, B0DB24WNC8, B0DB1ZR811]",amzn1.campaign.1KPV87HD2ZT8T,Unboxing These Viral Butterfly Stakes & They Did NOT Disappoint 📦🦋✨,Voumsil,2026-03-14,2027-03-13,10.00%,5000.0,5000.0,94,800,false
"[B0DB1YK478, B0DB1XWJH3, B0DB24WNC8, B0DB1ZR811]",amzn1.campaign.242V7MO7WSOVE,3AM Amazon Rabbit Hole? Found Your New Garden Obsession 🌙🦋,Voumsil,2026-03-13,2027-03-12,10.00%,5000.0,5000.0,92,800,false
"[B0DB1YK478, B0DB1XWJH3, B0DB24WNC8, B0DB1ZR811]",amzn1.campaign.1849MDIHTRMN3,"""But They're Just Garden Stakes..."" — My Husband Before He Saw Them 🗣️💀",Voumsil,2026-03-12,2027-03-11,10.00%,5000.0,5000.0,84,800,false
"[B089Q9RC6Y, B01LZPMNA6, B092VRT6R7, B089QCBN28, B0CL916HQJ, B08JP7FV7Y, B09S5Y828C, B0CL91HFFC, B089Q9SLTH, B0CL8ZYMGP, B0CHRPL61Q, B09N8RMZZF, B09N933ZJ1, B099ML66DW, B0CHRPWGQ7, B09N8Z3NVG, B0CL925MK3, B09S5K68K7, B099MNB8DD, B01M01FEX2, B09N8Z4C33, B099MSTRCG, B07KLGPJB4, B09S5TD7FJ, B0CL91CQH1, B092VWFXBT, B09S5Q5SPZ, B09WYLX7WT, B0CHRPVCSP, B09S5F2CQH, B09S5YC4J9, B099MRW635, B089QD9W1F, B0CHRMTCF3, B0CHRQQ2PG, B092VTX15L, B09S5KT77L, B09S5Q4L7T, B092VV5JFQ, B0CHRMS3V9, B089Q9QSR6, B09S5HKNKN, B092VT1VP5, B0CL92BVBH, B0CHRPR655]",amzn1.campaign.2Y76DO69BMK7I,🚨 Ultra-Bright Magnetic Rooftop Strobe Lights [10% Comm + Sample],Xprite,2026-03-09,2026-12-31,10.00%,5000.0,4943.31,23,800,false
"[B0FZCW3W9N, B0FZ5P1H6D, B0GJDQT6ZG, B0FZCPRSRV]",amzn1.campaign.3L0CAWLZMP3VD,绕毛器4色,VCNFPRO,2026-04-02,2026-12-31,15.00%,8888.0,8877.32,38,800,false
"[B0FPCSLPCX, B08V1SJMZD, B0G3WMD7K9, B09NBNM4N4, B0BZKKCR12, B0FRF3JZ6B, B0G3WTWY3D, B0DX1NHPFX, B08V1P8R7X, B09179LRTH, B0F6CR2HRX]",amzn1.campaign.3PHWSV08UX9UA,12% Commission | TAUSOM Propane Torch Gun Campaign,TAUSOM,2026-03-19,2027-02-18,12.00%,30000.0,30000.0,64,800,false
"[B0DB1YK478, B0DB1XWJH3, B0DB24WNC8, B0DB1ZR811]",amzn1.campaign.GFH65TGMXOVP,You Spent $20 and Now Your Garden Looks Like a Fairy Tale 🧚‍♀️✨,Voumsil,2026-03-11,2027-03-10,10.00%,5000.0,5000.0,102,800,false
"[B0FPCSLPCX, B08V1SJMZD, B0G3WMD7K9, B09NBNM4N4, B0BZKKCR12, B0FRF3JZ6B, B0G3WTWY3D, B0DX1NHPFX, B08V1P8R7X, B09179LRTH, B0F6CR2HRX]",amzn1.campaign.1RIB1SQQ6RFJ6,12% Commission | TAUSOM Propane Torch Campaign for Creators,TAUSOM,2026-03-18,2027-02-18,12.00%,30000.0,30000.0,65,800,false
"[B0DB1YK478, B0DB1XWJH3, B0DB24WNC8, B0DB1ZR811]",amzn1.campaign.3OYNE6D1WPFBU,Turn Your Garden Into a Living Painting with These Handcrafted Beauties 🎨🦋,Voumsil,2026-03-10,2027-03-09,10.00%,5000.0,5000.0,100,800,false
[B0GR925DGR],amzn1.campaign.3VFK4OKQE5KQN,"Replacement for P1P and P1S 3D Printers,commission 10%",Ankalio,2026-03-09,2026-09-30,10.00%,10000.0,10000.0,37,800,false
"[B0DB1YK478, B0DB1XWJH3, B0DB24WNC8, B0DB1ZR811]",amzn1.campaign.2CUVSGY2ZQTEU,From Drab to Fab: My Honest Review of These Stained-Glass Butterfly Stakes 🦋🌼,Voumsil,2026-03-09,2027-03-08,10.00%,5000.0,5000.0,94,800,false
"[B0FPCSLPCX, B08V1SJMZD, B0G3WMD7K9, B09NBNM4N4, B0BZKKCR12, B0FRF3JZ6B, B0G3WTWY3D, B0DX1NHPFX, B08V1P8R7X, B09179LRTH, B0F6CR2HRX]",amzn1.campaign.2UE8UWM7VPDUT,12% Commission – TAUSOM Powerful Propane Torch Tools for Cooking & DIY,TAUSOM,2026-03-18,2027-02-01,12.00%,30000.0,30000.0,55,800,false
"[B0FPCSLPCX, B08V1SJMZD, B0G3WMD7K9, B09NBNM4N4, B0BZKKCR12, B0FRF3JZ6B, B0G3WTWY3D, B0DX1NHPFX, B08V1P8R7X, B09179LRTH, B0F6CR2HRX]",amzn1.campaign.DFBIA1FKQIDF,12% Commission – TAUSOM Powerful Propane Torch Tools for Cooking & DIY,TAUSOM,2026-03-17,2027-02-01,12.00%,30000.0,30000.0,68,800,false
"[B0FMRQF5XN, B0FMRQPM72, B0DZCP7D88, B0DZCRZYPP, B0FMRNZFDD, B0FMRNV7NG]",amzn1.campaign.DX3FJVG48TY7,Promote the RAPIQUE R306C USB-C Wireless Mouse – Earn 10% Commission!,RAPIQUE,2026-03-09,2026-09-30,10.00%,5000.0,4881.54,23,800,false
"[B0F2MWKL7G, B0F9YK88N3]",amzn1.campaign.1BFUU5Q5DBDM8,LID LIRDDY Creator Pro: Studio Sound Anywhere,LID LIRDDY,2026-03-09,2026-12-31,10.00%,5000.0,4992.94,12,800,false
"[B0FPCSLPCX, B08V1SJMZD, B0G3WMD7K9, B09NBNM4N4, B0BZKKCR12, B0FRF3JZ6B, B0G3WTWY3D, B0DX1NHPFX, B08V1P8R7X, B09179LRTH, B0F6CR2HRX]",amzn1.campaign.FFLYKB94XAEG,"12% Commission | TAUSOM Propane Torch Tools for DIY, BBQ & Home Projects",TAUSOM,2026-03-16,2027-02-01,12.00%,30000.0,30000.0,69,800,false
[B0FVMHG6YN],amzn1.campaign.3T0VV2X6VJL0H,"Wagmee Dog Allergy Relief Chews | 31% Commission | Dual-Layer, Dog-Approved",Wagmee,2026-03-11,2027-03-08,31.00%,5000.0,5000.0,75,800,false
"[B0FPCSLPCX, B08V1SJMZD, B0G3WMD7K9, B09NBNM4N4, B0BZKKCR12, B0FRF3JZ6B, B0G3WTWY3D, B0DX1NHPFX, B08V1P8R7X, B09179LRTH, B0F6CR2HRX]",amzn1.campaign.361XEZSD546PF,"12% Commission | Powerful Propane Torch Tools for DIY, BBQ & Outdoor Projects",TAUSOM,2026-03-15,2027-02-01,12.00%,30000.0,30000.0,60,800,false
[B0FVMHG6YN],amzn1.campaign.1IX1XO4CUWTQO,"Wagmee Dog Allergy Relief Chews | 29% Commission | Dual-Layer, Dog-Approved",Wagmee,2026-03-09,2027-03-08,29.00%,5000.0,5000.0,74,800,false
"[B0D83LTBS6, B0D83M6XBJ]",amzn1.campaign.23GMH26VQZZ8A,Promote STHIE Ceramic Indoor for Plant and Receive a 10% Commission-B0D83LTBS6,STHIE,2026-03-09,2027-03-08,10.00%,5000.0,5000.0,42,800,false
"[B0F9YM497H, B0F9YJD98H, B0F2MW8S62]",amzn1.campaign.3HS6T48C1886D,LID LIRDDY Wireless Mic: 80H Studio Sound for Creators,LID LIRDDY,2026-03-09,2026-10-31,10.00%,5000.0,5000.0,9,800,false
"[B0F6C5PQ3M, B0F6C9N7QV, B0F6C8FXDR, B0F6CGRWSZ, B0F6C9N7QX, B0F6CKD53V, B0F6C5WK2V, B0F6C6962K, B0F6CB8624, B0F6C54317, B0F6C9MJ9Q, B0F6C5JCGD, B0F6CCC3BN, B0F6C62VGN, B0F6C88TXC, B0F6CJFGB7, B0F6CJGQMV, B0F6CCQZ4V, B0F6CBKLNL, B0F6C9YKJZ]",amzn1.campaign.1DP3UDHPQL3V4,LT556 3月5日,Bnycuml,2026-03-09,2026-09-09,10.00%,5000.0,4999.0,48,800,false
[B0G8HCS6V9],amzn1.campaign.36RVYNJRP4386,Air Fryer Trivets Silicone for Ninja Crispi,DanziX,2026-03-09,2026-09-09,10.00%,5000.0,5000.0,32,800,false
[B0D66KDV2V],amzn1.campaign.1SET814TZI2PN,Sedici Strada 2 visor,PSLER,2026-03-09,2027-03-09,15.00%,200000.0,199981.06,28,800,false
[B0GFHKQZYD],amzn1.campaign.Y5VVRUUUKLQI,15% Commission – Health & Beauty Creators Wanted ✨,KRYO,2026-03-09,2026-09-30,15.00%,5000.0,5000.0,73,800,false
"[B0FPCSLPCX, B08V1SJMZD, B0G3WMD7K9, B09NBNM4N4, B0BZKKCR12, B0FRF3JZ6B, B0G3WTWY3D, B0DX1NHPFX, B08V1P8R7X, B09179LRTH, B0F6CR2HRX]",amzn1.campaign.1NPN6GZ2YKX8G,TAUSOM Propane Torch Gun Campaign – 12% Commission for Creators,TAUSOM,2026-03-14,2027-02-01,12.00%,30000.0,30000.0,73,800,false
"[B0FPFP3BXB, B0FFMVQ58M, B0GG8TJSBP, B0FPFV5PVF, B0GG9F96H8, B0F8NR6RF4, B0G56SC7LR, B0F8NT5ZSQ, B0FH6WSZJN, B0FPCX7TC6, B0G56T74X4, B0FPFWMC6T, B0GG8QSTY9, B0GG933D2D, B0G4D12CXW, B0FPFSCBZP, B0F8NQ274L, B0GG93RCTK, B0GG8GQ5G6]",amzn1.campaign.317XLSJ2L8IQ8,Creation 101,SMD35,2026-03-09,2026-12-31,10.00%,5000.0,4828.92,25,800,false
"[B0GKT6WZGS, B0GLLW1KYS, B0FP2KNLFT, B0G3W6J3TZ, B0FP2J5Z6J]",amzn1.campaign.VL1G39KMY8A3,For the Host Who Has Everything (Except Enough Surfaces).,Voumsil,2026-03-13,2027-03-12,10.00%,5000.0,5000.0,105,800,false
"[B0FPCSLPCX, B08V1SJMZD, B0G3WMD7K9, B09NBNM4N4, B0BZKKCR12, B0FRF3JZ6B, B0G3WTWY3D, B0DX1NHPFX, B08V1P8R7X, B09179LRTH, B0F6CR2HRX]",amzn1.campaign.V6014EIHVL04,"12% Commission – TAUSOM Propane Torch Gun for BBQ, DIY & Outdoor Cooking",TAUSOM,2026-03-13,2027-02-01,12.00%,30000.0,30000.0,70,800,false
[B0BQDDV4SY],amzn1.campaign.30WUK39VR6S55,MERACH Water Magnetic Rowing Machine MR-R06 FW,MERACH,2026-03-09,2026-12-31,10.00%,70000.0,70000.0,0,800,false
"[B0GJBXR1BQ, B0GJCL66H4, B0GJC7FS9D, B0GJD39PC5, B0GJC3LKNC, B0GJC4B7D7]",amzn1.campaign.2M6EUK7A1ONRX,Astorgos Apple watch leather watch band for men and women,Astorgos,2026-03-09,2026-12-31,10.00%,10000.0,9927.55,23,800,false
"[B0G52L4DBK, B0G52S1VKM, B0GC5CKGR5]",amzn1.campaign.1PUM9MUK6DWS,V02,KernLite,2026-03-09,2027-01-31,10.00%,19999.0,19716.84,11,800,false
"[B0FPCSLPCX, B08V1SJMZD, B0G3WMD7K9, B09NBNM4N4, B0BZKKCR12, B0FRF3JZ6B, B0G3WTWY3D, B0DX1NHPFX, B08V1P8R7X, B09179LRTH, B0F6CR2HRX]",amzn1.campaign.8DPA6IWL7IA0,TAUSOM Propane Torch Tools – 12% Commission for Creators,TAUSOM,2026-03-12,2027-02-01,12.00%,30000.0,30000.0,76,800,false
"[B0GKT6WZGS, B0GLLW1KYS, B0FP2KNLFT, B0G3W6J3TZ, B0FP2J5Z6J]",amzn1.campaign.6GIILJ59GOMR,"The Tiny, Mighty Table You’ve Been Browsing For.",Voumsil,2026-03-12,2027-03-11,10.00%,5000.0,5000.0,103,800,false
"[B0GKT6WZGS, B0GLLW1KYS, B0FP2KNLFT, B0G3W6J3TZ, B0FP2J5Z6J]",amzn1.campaign.1ALYP5M1K1IH8,Your New Favorite Spot Just Got a Sidekick.,Voumsil,2026-03-11,2027-03-10,10.00%,5000.0,5000.0,97,800,false
"[B0FPCSLPCX, B08V1SJMZD, B0G3WMD7K9, B09NBNM4N4, B0BZKKCR12, B0FRF3JZ6B, B0G3WTWY3D, B0DX1NHPFX, B08V1P8R7X, B09179LRTH, B0F6CR2HRX]",amzn1.campaign.195HB7A00IWE1,12% Commission | TAUSOM Propane Torch Campaign for Creators,TAUSOM,2026-03-11,2027-02-01,12.00%,30000.0,30000.0,72,800,false
"[B0GKT6WZGS, B0GLLW1KYS, B0FP2KNLFT, B0G3W6J3TZ, B0FP2J5Z6J]",amzn1.campaign.2ZH3YAWWX00T4,Minimalist & Playful: The Tiny Bee Table for Your Small Spaces!,Voumsil,2026-03-10,2027-03-09,10.00%,5000.0,5000.0,95,800,false
"[B0FPCSLPCX, B08V1SJMZD, B0G3WMD7K9, B09NBNM4N4, B0BZKKCR12, B0FRF3JZ6B, B0G3WTWY3D, B0DX1NHPFX, B08V1P8R7X, B09179LRTH, B0F6CR2HRX]",amzn1.campaign.TZ2ONXTQLJN1,12% Commission | TAUSOM High-Heat Propane Torch Gun – Free Samples Available,TAUSOM,2026-03-11,2027-02-27,12.00%,30000.0,30000.0,66,800,false
[B0G8F7RSGC],amzn1.campaign.2LMFC640WODFP,Mason Jar Pour Spout Lid for Wide Mouth Mason Jars,DanziX,2026-03-09,2026-09-09,10.00%,5000.0,4999.05,33,800,false
"[B0CT7GSHCJ, B0DLFYN2YY, B0CT7M3C76, B0CT7KVGQ9]",amzn1.campaign.20II4IZBAFJEY,Ficstar RV Shore Power Inlet,Ficstar,2026-03-09,2027-03-08,10.00%,5000.0,4749.61,21,800,false
"[B0FPCSLPCX, B08V1SJMZD, B0G3WMD7K9, B09NBNM4N4, B0BZKKCR12, B0FRF3JZ6B, B0G3WTWY3D, B0DX1NHPFX, B08V1P8R7X, B09179LRTH, B0F6CR2HRX]",amzn1.campaign.99ZD9HJBQ4L4,12% Commission – TAUSOM Propane Torch Gun Creator Campaign,TAUSOM,2026-03-10,2027-02-28,12.00%,30000.0,30000.0,76,800,false
"[B0GKT6WZGS, B0GLLW1KYS, B0FP2KNLFT, B0G3W6J3TZ, B0FP2J5Z6J]",amzn1.campaign.2MAI77I9F83S8,Adorable & Modern Bee Side Table: Your New Space-Saving Essential!,Voumsil,2026-03-09,2027-03-08,10.00%,5000.0,5000.0,93,800,false
[B0F633BPGN],amzn1.campaign.396WZITDGKQ1J,MERACH Water Rowing Machines for Home  FW MR-950,MERACH,2026-03-09,2026-12-31,10.00%,100000.0,99880.0,0,800,false
[B0GD11FVSX],amzn1.campaign.XSKYPX949BOO,10%commission fee +soaker hose 50ft,Tuzoc,2026-03-09,2027-02-01,10.00%,5000.0,4964.11,24,800,false
[B0G7ZCT1QF],amzn1.campaign.ZHS168I269NU,"Silicone Cups for Melting Chocolate, Silicone Chocolate Melting Cup Set",DanziX,2026-03-09,2026-09-09,10.00%,5000.0,4998.7,52,800,false
"[B0D66KRD1Z, B0FCRNWYYM, B0DJKSLHJF, B0DJKTRPDW, B0D66L2YGG, B0D66J5L8G, B0D66M8ZY1, B0F9Y15V5P, B0DJKVHKFL, B0FCRH7915, B0D66KNNP8, B0FCRNLXVJ, B0D66HXTDS, B0D66T49DX, B0D698RKCG, B0FCRGGNZG, B0DJKV3DZW]",amzn1.campaign.3DK5PZ5RDMP8W,Sedici Strada visor,PSLER,2026-03-09,2027-03-09,15.00%,200000.0,199972.85,31,800,false
[B08L37TH64],amzn1.campaign.9QXXYQWS5VD8,diving snorkel,SACBOLA,2026-03-09,2027-03-08,10.00%,5000.0,4994.4,51,800,false
[B0G486VMRJ],amzn1.campaign.1RFGFDVX2IQW4,"Effortless Lawn Mowing w/ HEINPRO 14"" Cordless Lawn Mower – Free Tool+Commission",HEINPRO,2026-03-09,2026-12-31,10.00%,10000.0,9761.0,11,800,false
[B0GDF16DW7],amzn1.campaign.1KQLRFBA99PIR,Clear Cover for Hobonichi Weeks Planner,DanziX,2026-03-09,2026-09-09,10.00%,5000.0,5000.0,45,800,false
"[B0DJLMVV78, B0D65RM9NR, B0F1FSGK7L, B0D65RLMFG, B0D65MYCD1, B0D65MDSY8, B0DJLN56CY, B0D65LL4KZ, B0F8VLVFTC]",amzn1.campaign.1DRAI0LGZNC,Shoei rf1400 visor,PSLER,2026-03-09,2027-03-09,15.00%,200000.0,199988.62,25,800,false
"[B0FLPJZS1Z, B0FLPWLGBN, B0FLPWP897, B0FLPXY5MM, B0FLPXFNBP]",amzn1.campaign.3KG03EXMXVJA6,"Straw Cleaner Brush,Reusable Straw Cleaning Brush Bendable Extra Long Brushs",M.K ZIZZYPOP,2026-03-09,2027-01-01,10.00%,5000.0,5000.0,56,800,false
[B0GDF547BZ],amzn1.campaign.HHDWVDDEDYYR,Cover for Hobonichi Weeks Planner,DanziX,2026-03-09,2026-09-09,10.00%,5000.0,5000.0,52,800,false
"[B0FPCSLPCX, B08V1SJMZD, B0G3WMD7K9, B09NBNM4N4, B0BZKKCR12, B0FRF3JZ6B, B0G3WTWY3D, B0DX1NHPFX, B08V1P8R7X, B09179LRTH, B0F6CR2HRX]",amzn1.campaign.2I4H8XN65U95G,12% Commission | TAUSOM High-Performance Propane Torch – Creators Welcome,TAUSOM,2026-03-09,2027-02-08,12.00%,30000.0,30000.0,66,800,false
[B0GDDWFKHV],amzn1.campaign.1X3MUHZ6EMFKL,Frosted Protective Sleeves for Hobonichi Weeks,DanziX,2026-03-09,2026-09-09,10.00%,5000.0,5000.0,48,800,false
[B0DT49VDPL],amzn1.campaign.1NJ9PTY93MBCP,rf1400 visor,PSLER,2026-03-09,2027-03-09,15.00%,200000.0,199990.85,30,800,false
"[B0FFB85J3S, B0DZWW8YWN, B0FFB5QXRH, B0DNQCCZPV, B0GC5SG9Y4, B0DNQ776VS, B0FWKBNY3Q, B0G92T6XM5, B0FFB53W5P, B0FFB3NY9B, B0DZWWHFDX, B0FFB2FZMX, B0DZWXJTLD, B0FM75PY1G, B0FNMKMDM5, B0DNQHGHF5, B0FM72RKZR, B0FM7L65Q7, B0FFB3W22N, B0DNQBL83J, B0DZWWQSF7, B0DNPSJFQK, B0FM7HLPTT, B0GBVSWXQ8, B0FSJBVT9Q, B0FFB34KFG, B0DNPLQ2BB, B0FM7511T6, B0FFB3VXN6, B0DWMLV3CM, B0GBVJG7KJ, B0DNPZK27G, B0DNPSC1ZT, B0FM784NJM, B0DNPTPD84, B0DZWXTG5S, B0GF1TQYBH, B0GC61KSFY, B0GBV318LK, B0GBW9H19Y, B0DZWXN523, B0FFB7DK3S, B0FM7BZQZD, B0FSJR2QBC, B0FFB5B3RL]",amzn1.campaign.UT0E0FVSW8WH,Upgraded Ocean Band for Apple Watch,Astorgos,2026-03-09,2026-12-31,10.00%,10000.0,9311.71,0,800,false
"[B0GCLZV1YS, B0GCM2QHFM, B0GCLMH4ND, B0GCLT63WD, B0GCMTXLRF]",amzn1.campaign.1Q8BWKH266H5Y,Pencil Case,BuyCard,2026-03-09,2026-09-30,10.00%,5000.0,4849.97,40,800,false
"[B0FPCSLPCX, B08V1SJMZD, B0G3WMD7K9, B09NBNM4N4, B0BZKKCR12, B0FRF3JZ6B, B0G3WTWY3D, B0DX1NHPFX, B08V1P8R7X, B09179LRTH, B0F6CR2HRX]",amzn1.campaign.2HB6T3DVWX3AF,12% Commission – TAUSOM Powerful Propane Torch Gun Campaign,TAUSOM,2026-03-09,2027-02-20,12.00%,30000.0,30000.0,68,800,false
"[B0G8WMMLDZ, B0DWFCZKJ9, B0DSB4V9GT, B0G8V96B18, B0DSB5T9Z1, B0FX8HBQKD, B0G8WGZ2GT, B0G6KNLBBG, B0FX8F9HQH, B0F5BKXSV6, B0FN768LFD, B0DQ5CBNJW, B0CSG23DKG, B0D8TJMSCV, B0DX22HV9H, B0CT5HKVSS, B0DSB6JDZ1, B0DSB5NB9T, B0DYDTLPWV]",amzn1.campaign.2UNJP11R8JAXU,MyKEEPOW products,MyKEEPOW,2026-03-09,2027-03-08,10.00%,5000.0,4960.57,26,800,false
"[B0CM5KVGHW, B0CM5LZXV2, B0DHVGRBNG, B0DHVLP69L, B0D1C5FGT4, B0D1BL149H, B0CM5KVXF9]",amzn1.campaign.WGXABHCNUELN,Ficstar 50Amp RV Extension Cord,Ficstar,2026-03-09,2027-03-08,10.00%,7000.0,6261.32,28,800,false
"[B0G38SNR4S, B0G2Y74FYG, B0G38RH5TG]",amzn1.campaign.612MTOUL19K8,Nurtrarola 2-in-1 Lightweight Baby Stroller | Reversible Seat,Nurtrarola,2026-03-09,2026-12-31,15.00%,5000.0,4820.33,14,800,false
"[B0FLPZWV1J, B0FLQ237HW, B0FLPYSTJ6, B0FLQ1GG9K]",amzn1.campaign.12BBVA100HBQM,Clear Shoe Bag Drawstring Travel Shoe Bag Portable Reusable Storage Organizer,M.K ZIZZYPOP,2026-03-09,2027-01-01,10.00%,5000.0,5000.0,47,800,false
"[B0FPCSLPCX, B08V1SJMZD, B0G3WMD7K9, B09NBNM4N4, B0BZKKCR12, B0FRF3JZ6B, B0G3WTWY3D, B0DX1NHPFX, B08V1P8R7X, B09179LRTH, B0F6CR2HRX]",amzn1.campaign.8NIFM35BL219,12% Commission – TAUSOM Powerful Propane Torch Gun Campaign,TAUSOM,2026-03-09,2027-02-12,12.00%,30000.0,30000.0,78,800,false
"[B09W9K72CM, B09W9JC2D1, B09W9LPPJY, B0F1CZ9PDZ, B09NSX2GLX, B09W9HM3J2, B0F1CYMWM1, B09NSX7WCG, B09W9KB1JS, B09NT15ZHR]",amzn1.campaign.WFWUNVIKUYBP,diving fins,SACBOLA,2026-03-09,2027-03-08,10.00%,100000.0,99552.7,33,800,false
"[B0FNRJTRR8, B0FNRH64C7, B0FNRCW1JR, B0FNRK17VN]",amzn1.campaign.JDCIC32MRAEQ,Mahjong bag,BuyCard,2026-03-09,2026-09-30,10.00%,5000.0,4894.14,41,800,false
"[B0GL66WRYX, B0GL61QNDQ, B0GL72VS6N, B0GL5RNY1W]",amzn1.campaign.7GTQJ5LUB02B,❄️ BEAT THE HEAT WITH ANTARCTIC STAR! 6K-12K BTU AC UNITS – 10% COMMISSION! 🥶,Antarctic Star,2026-03-09,2026-09-30,10.00%,50000.0,47012.13,0,800,false
"[B09YHVCYBK, B09YHS7NM6, B07WC486YY, B0CPM4R2MD, B08ZSLQD52, B0BKW3TRRG, B0BKW292HL, B0BKW2GPSN, B09YHT81G7, B08ZSQ9N26, B0F9YGW2F2]",amzn1.campaign.1V1395F10RHIJ,diving snorkel,AQUA A DIVE SPORTS,2026-03-09,2027-03-08,10.00%,100000.0,99940.43,27,800,false
"[B0FN3W1Q6C, B0FN3YVS8F, B0FN4B98S2, B0FP4F7WKD, B0FP4FJQHC]",amzn1.campaign.ZLTFMT5AWDKL,Bible Cover,BuyCard,2026-03-09,2026-09-30,10.00%,5000.0,4981.58,51,800,false
"[B0GJKZLQYL, B0GJKG28D1, B0GJKXCX8Z, B0GJL4Q16N, B0GJKWTBJ7, B0GJKV4X5T, B0GJKS1W93, B0GJKYDX98, B0GJKM9BDJ, B0GJL387DW, B0GJL15855, B0GJKTYW4N, B0GJKYMV9G, B0GJKHMPBX]",amzn1.campaign.17FDYTY2NRVJ3,NCAA  College Football Element Shoe Charms,Yivudse,2026-03-09,2026-12-31,40.00%,5000.0,4983.17,4,800,false
[B0G6KDJFLJ],amzn1.campaign.8WQXJ8SA8068,Turn Any Venue Into a Laser Party!  Eye-Catching 3-Arm Moving Head Light,Sklydron,2026-03-09,2026-10-31,10.00%,10000.0,10000.0,50,800,false
"[B0FPCSLPCX, B08V1SJMZD, B0G3WMD7K9, B09NBNM4N4, B0BZKKCR12, B0FRF3JZ6B, B0G3WTWY3D, B0DX1NHPFX, B08V1P8R7X, B09179LRTH, B0F6CR2HRX]",amzn1.campaign.3QGX8ZG3388KI,TAUSOM Propane Torch Collection – 12% Commission,TAUSOM,2026-03-09,2027-02-25,12.00%,30000.0,30000.0,81,800,false
"[B0DSVY5LR5, B0DSVXHMGY, B0DSVXHD33, B0GF6L3RG6, B0DSVWV2DJ, B0DSVY74JB, B0GF6CMBY3, B0DSVYYVGN, B0GF6G9YTC, B0GF6KD393, B0GF5XJQTF, B0DSVVYV17, B0GF6GN3W5, B0GF6MR92R]",amzn1.campaign.302BXU9LG47OE,snorkel mask set,AQUA A DIVE SPORTS,2026-03-09,2027-03-08,10.00%,100000.0,99922.36,24,800,false
"[B0G25BNCFQ, B0G2KSBKF5, B0FLXS2ZSL, B0FLXQJCCB, B0FLXV8ZPT, B0FLXVFLLQ, B0G2KSZ855, B0G2KT8782]",amzn1.campaign.15Z56IP340UYP,Disposable Sink Strainer Mesh Bags Kitchen Accessories Sink Drain Collecting,M.K ZIZZYPOP,2026-03-09,2027-01-01,10.00%,5000.0,5000.0,46,800,false
"[B0DFY9FGRY, B0DFY81ZCB, B0DFYB9TD1, B0DFY95VFG, B0DFY9QG7H, B0DFYB13CB, B0DFY93172, B0DFY98N9L, B0DFY7S47R, B0DFYCBNJL]",amzn1.campaign.34JY9N5ZVFW1D,BELL Q VISOR,PSLER,2026-03-09,2027-03-09,15.00%,200000.0,199957.42,28,800,false
"[B0GJLR9W61, B0GJLB6F4Q, B0GJLB16Y8, B0GJLGZNJK, B0GJLCQ3WG, B0GJLCBCYF, B0GJLG6MZZ, B0GJLKGBB9, B0GJLK46T8, B0GJLGNRLY, B0GJLSBT94, B0GJLNWN54, B0GJLDMK8G, B0GJLDHJH3, B0GJLNH8HG, B0GJLH1NZ1, B0GJLDPJRK, B0GJLNG4SX, B0GJLGNKYX, B0GJLGYRFM, B0GJL9W9F1, B0GJLL4VT1, B0GJLHB37T, B0GJL9XKPS, B0GJKXXS3N, B0GJLDQFSC, B0GJLNMQ95, B0GJLN5D7C, B0GJKXXS3R, B0GJLFB2X4, B0GJLRCD1F, B0GJLN8ZZF]",amzn1.campaign.1PBV1N3Q1GCDX,NHL Ice Hockey Element Shoe Charms,Yivudse,2026-03-09,2026-12-31,40.00%,5000.0,5000.0,10,800,false
"[B0GQ9FW36K, B0DXQG4J25, B0G13MZPM8, B0GQPP9PDS, B0DXVBWDYM, B0GHR52XLX, B0GHW51MZ2, B0G92794MJ, B0F9WPZVTT, B0G2KX4NBN, B0DSKVZFF2, B0CRDLVRN5, B0DXV4M45R, B0DXV9DNH5, B0CRDMBK3W, B0DXVBPZCP, B0G931G2M7, B0CRDMTKKF, B0GQRJXSM3, B0GHW4ZW8K, B0G91RT7BK, B0F9WPGHK6, B0DXV946T3, B0G13V26HY, B0CRDKMSL5, B0G966WJV8, B0F9WQRSR4, B0F9WP2FGT, B0GQ9CVG18, B09VDF48SN, B0G922JWHC, B0GQRB29Y8, B09KPRCG3G, B0DXV5THQS, B0G96JXXBQ]",amzn1.campaign.38473JE5AQVZE,4th of July Bunting Flags-260305,LINAGARTEN,2026-03-09,2027-03-08,10.00%,10000.0,9993.0,22,800,false
[B0G8HXJRDH],amzn1.campaign.10UGAD8QHN1S2,"Silicone Air Fryer Trivets for Ninja Crispi,Ninja Crispi Air Fryer Accessories",YuCool,2026-03-09,2026-09-09,10.00%,5000.0,4999.34,32,800,false
"[B0DZTSXKW7, B0FGJZXBG6, B0FGJWMWYM]",amzn1.campaign.17ZY7S0SNT1U0,B0DZTSXKW7 Compressed Towel Tablets Disposable Bath Towels for Travel,fancyou,2026-03-09,2027-01-31,10.00%,5000.0,4950.03,8,800,false
"[B0CS6GVYWQ, B0D9HC95Y7, B0CSFHXHWS, B0GCCWJPJC, B0DD7JW8TK, B0CSK5WLF5, B0CSFNK887, B0CTK18VPZ, B0CSFT58DD, B0DFPV617X, B0DKXLX14F, B0CSK8136J, B0CSFGPHXH, B0DKXF77FJ, B0G9443VLQ, B0CSJZKY7L, B0DD7L7HSV, B0DD7KQCPQ, B0DKXJ5PFZ, B0G9368WCZ, B0DFPGHWZJ, B0CTK45D66, B0CSK7L7GV, B0D7M529KF, B0D4DYGGS1, B0DKXJPMVB, B0D7M43MHD, B0G92Y2DCZ, B0CSKFGYJS, B0D9HB8HST, B0DD7H5XTK]",amzn1.campaign.1X84XL03VN46F,MyKEEPOW Household Replacement Mop Pads,MyKEEPOW,2026-03-09,2027-03-08,10.00%,5000.0,4748.84,6,800,false
"[B0DRP8MNM2, B0DRP887FD, B0FCRQQQRP, B0FCRY9378, B0FCRMXLQY, B0DRP7BVLJ, B0DRP8536B, B0FCR3QCWP, B0FCRR8T49, B0DRP5RZF7, B0DRP76654, B0DRP74PCD, B0FCS21ZMB, B0FCRTVCGC, B0FCRK8B8F, B0DRP7T6NB, B0FCRD676Z]",amzn1.campaign.6O6KSRBQJZLZ,K1 VISOR,PSLER,2026-03-09,2027-03-09,15.00%,200000.0,199949.66,32,800,false
"[B0FQN5HGNT, B0FQC2HPGN, B0D9XY7Q29, B0FQBXPQDL, B0D9Y458DL, B0D9Y1FLXC, B0D9XZHKNG, B0D9XZWYTQ, B0D9Y19N4L, B0D9XZPVV2, B0FQBZBB62, B0DSYZKZ79]",amzn1.campaign.30UBSYZ00SB5W,🏀 Calling Sports Fans! Promote Our Energetic Basketball Rugs ⚡,JPSBJWJ,2026-03-09,2027-02-28,13.00%,5000.0,5000.0,43,800,false
"[B0DN1Q53FT, B0DN1CG22G, B0DT3MD46N, B0DT12S1GT, B0DT3NR3TX, B0DN1NGZP2, B0DT3LR153, B0GGBD9HLL, B0DN1MWNTS, B0DN1MJTHY, B0DN1PJVCX, B0DT16JRXS, B0GGB78SD2]",amzn1.campaign.2O7861DZ8F0EK,QMB,BuyCard,2026-03-09,2026-09-30,10.00%,5000.0,4961.5,39,800,false
"[B0FM3KCXKM, B0FM3K1RJK, B0FM3M8DVJ, B0FM3KD2K2]",amzn1.campaign.28441Q176UTVR,"Fruit Protection Bags with Drawstring, Mesh Bags​ for ​Fruit Trees Reusable",M.K ZIZZYPOP,2026-03-09,2027-01-01,10.00%,5000.0,5000.0,41,800,false
"[B0GJL9FF82, B0GJL5GCZD, B0GJL6WPS6, B0GJL5W8G9, B0GJL328C7, B0GJLG647J, B0GJKWL8BW, B0GJLK4JC3, B0GJKWLKW2, B0GJL3LDG3, B0GJKQFRPV, B0GJL5TLB7, B0GJLDSF55, B0GJL8XV11, B0GJL5SVBS, B0GJL8MF5D, B0GJKXR7ZL, B0GJKNP9JL, B0GJKXJ312, B0GJL2MXDM, B0GJLG4N4S, B0GJL3BWBK, B0GJL989LR, B0GJL7Q5QL, B0GJL6BRH3, B0GJKWRJ6L, B0GJKRD4CZ, B0GJL8Q7G7, B0GJL37PD3, B0GJLDH3VK, B0GJKNDB15, B0GJL98SF9]",amzn1.campaign.EO2KHLZN1RCY,NFL Football Element Shoe Charms,Yivudse,2026-03-09,2026-12-31,40.00%,5000.0,4910.43,10,800,false
"[B0FQN5HGNT, B0FQC2HPGN, B0D9XY7Q29, B0FQBXPQDL, B0D9Y458DL, B0D9Y1FLXC, B0D9XZHKNG, B0D9XZWYTQ, B0D9Y19N4L, B0D9XZPVV2, B0FQBZBB62, B0DSYZKZ79]",amzn1.campaign.204SVS3SIOC5A,🏀Join Our Content Creator Program: High-Quality Basketball Rugs,JPSBJWJ,2026-03-09,2027-02-28,12.00%,5000.0,5000.0,81,800,false
[B0G7ZQJZSN],amzn1.campaign.24ZT0L0UM5LVW,Silicone Measuring Cups for Melting Chocolate,YuCool,2026-03-09,2026-09-09,10.00%,5000.0,4998.93,41,800,false
"[B0FPCSLPCX, B08V1SJMZD, B0G3WMD7K9, B09NBNM4N4, B0BZKKCR12, B0FRF3JZ6B, B0G3WTWY3D, B0DX1NHPFX, B08V1P8R7X, B09179LRTH, B0F6CR2HRX]",amzn1.campaign.47QS1KMMJUU1,🔥TAUSOM Propane Torch Gun Campaign – 12% Commission,TAUSOM,2026-03-09,2027-03-08,12.00%,30000.0,29991.62,57,800,false
"[B0FQN5HGNT, B0FQC2HPGN, B0D9XY7Q29, B0FQBXPQDL, B0D9Y458DL, B0D9Y1FLXC, B0D9XZHKNG, B0D9XZWYTQ, B0D9Y19N4L, B0D9XZPVV2, B0FQBZBB62, B0DSYZKZ79]",amzn1.campaign.1XHZ5NX0EOL9N,🏀Amazon Affiliate Creator Campaign for Basketball Rugs (10% Commission),JPSBJWJ,2026-03-09,2027-02-28,10.00%,5000.0,5000.0,81,800,false
[B0G8F7YS2B],amzn1.campaign.QDXUBG06XZYZ,Wide Mouth Mason Jar Pour Spout Lids Stainless Steel with Handle,YuCool,2026-03-09,2026-09-09,10.00%,5000.0,4999.28,49,800,false
"[B0GJL8ZV1H, B0GJL37965, B0GJKXHW5D, B0GJL6H9YV, B0GJKXT1Z7, B0GJL7NRL3, B0GJL7FRLT, B0GJL2XFZD, B0GJKNM3NP, B0GJKXW3KD, B0GJLCYCS7, B0GJL6L2CK, B0GJKPMLY6, B0GJL6MPGQ, B0GJL6L2CL, B0GJLB8DQ1, B0GJL3N637, B0GJL68P2K, B0GJL369JC, B0GJLFTHT3, B0GJLDB43S, B0GJLDWMQB, B0GJKSM1V4, B0GJLGF5BX, B0GJKRHG2Q, B0GJL7GNM2, B0GJL9DL61, B0GJLCK9GN, B0GJL9P56Z, B0GJL6R9JQ]",amzn1.campaign.33A4Q8F3JAPZA,NBA Basketball Element Shoe Charms,Yivudse,2026-03-09,2026-12-31,40.00%,5000.0,4990.49,4,800,false
"[B0F7LMBVRG, B0F7LLFW5T, B0F7LLYPSC, B0F7LKPD5S, B0F7LKD6W1, B0F7LLHMCP]",amzn1.campaign.1EUUPFWFMF9PI,A love letter to HydroQuin 💌,HydroQuin,2026-04-01,2027-03-31,10.00%,5000.0,5000.0,93,800,false
"[B0F48J9FHC, B0F48JT3KC, B0DMF76XCH, B0DMF4L8FB, B0FYQB1KJW, B0CSN61PJT, B0D9YCHJZ2, B0G1MTHR6L, B0D73WHCFS, B0G1MVPKRT, B0FY356KNT, B0D7Q9JNH6, B0FY5ZJYP9, B0D7Q9F2Y4, B0FYPJ9YYF, B0FY36NCHG, B0DMFGRDHT, B0G1MYSLGG, B0FWKDFDPC, B0FRMZF3QC, B0D5LYRDF8, B0D9YHQ89Y, B0FYPMGZ42, B0FY36ZZBD, B0D73XZ1KQ, B0DMF6H2BD, B0FZT1KLBB, B0FY35HHQN, B0FRMVVBV2, B0G1MRLQTR, B0G1MSKSC1, B0G1MR35TF, B0FZSYRT16, B0FWKGRCQJ, B0FRMRXK1Y, B0G1ML7RPH, B0G1ML7RPG, B0DBVD2NXZ, B0FZT1XCZV, B0G1MSJZ5H, B0F48JW6ND, B0CSSW7JP4, B0CSJXPV35, B0G7V5T6NX, B0DMF82QXM, B0D8TFXCJM, B0G1MS4N6R, B0FYPMTTJQ, B0FY3499WH, B0FZTRBR5V, B0F48MJR4V, B0DMF5BZM4, B0D5M24Y2Q, B0FRMLPL48, B0D8TG4TKT, B0G7TX7GFB, B0D7M2Z3VZ, B0D73YY3QH, B0DMF4QSNZ, B0FY348HFV, B0G1MTXGX5, B0CSNNJ1TN, B0CSKCCMCF, B0G1MVJXPN, B0F48JT57J, B0G7TCKSL1, B0FZT39YK4, B0DMF56SL8, B0FYPNFMD4, B0D7Q9W8XV, B0D8TG3CV1, B0DMF4Z2KR, B0D5LVDYCK, B0FY35F9PX, B0D73YZH9R, B0G7T91XJP, B0D73XKRCS, B0FWKDSTNY, B0FY36F28Z, B0FYPS7MN8, B0FWKGJVDL, B0FY3897YW, B0CSNCNF17, B0DMFHGHG3, B0FY36J57B, B0DBTXQ26D, B0DMF42795]",amzn1.campaign.2LKDO7CO9DT8H,MyKEEPOW Replacement Belt,MyKEEPOW,2026-03-09,2027-03-08,10.00%,5000.0,4768.27,16,800,false
[B0GDFLLHLY],amzn1.campaign.2PGX64AK513U5,"Frosted Cover for Hobonichi Weeks Planner, Plastic Cover for Weeks Book",YuCool,2026-03-09,2026-09-09,10.00%,5000.0,5000.0,46,800,false
[B0F32D1LL3],amzn1.campaign.VBS2BV5KT0K9,k3 VISOR,PSLER,2026-03-09,2027-03-09,15.00%,200000.0,199993.51,37,800,false
"[B0FPCSLPCX, B08V1SJMZD, B0G3WMD7K9, B09NBNM4N4, B0BZKKCR12, B0FRF3JZ6B, B0G3WTWY3D, B0DX1NHPFX, B08V1P8R7X, B09179LRTH, B0F6CR2HRX]",amzn1.campaign.2VEKG5D4A0PXK,🔥 12% Commission – TAUSOM High Heat Propane Torch Series,TAUSOM,2026-03-09,2027-03-02,12.00%,30000.0,30000.0,73,800,false
"[B0DBYRYL2R, B0DBYF9PYJ, B0DQKZLLZ5, B0DQKXXMBQ, B0DQKZ9NZ9, B0DQKWSSPQ, B0DBZ5NB49, B0DQL28ZKR, B0DQL25JDR, B0DQKQSW2D, B0DBZ78VK4, B0DBZJCT8N, B0DQKWWLRX, B0DQKYXKBS, B0DBZ5CTV5, B0DBYVLRGM, B0DQKXSLXS, B0DBYS73S7, B0DBYSMN85, B0DBYL9XHC, B0DBZBY38V, B0DQKZLGB7, B0DQL1NJRR, B0DQKYJ7DG, B0DQKZQNL3, B0DBZ79JWH, B0DBZ8JQ69, B0DQKZ1KMK, B0DQKY4F6K, B0DBZC4MJQ, B0DQKYS8CC, B0DQKZN72Y, B0DQKYPW3Z, B0DQKX7251, B0DBZ77683, B0DBYY5GM4, B0DQKYRTDW, B0DBZ4M89P, B0DPW9T8ZD, B0DBYYXC93, B0DQKWPMTJ, B0DBYTSF3S, B0DBYH7SC9, B0DBZ8Q8KF, B0DBZ4LVXX, B0DBZ1KCP5, B0DQKZ5NNY, B0DQKYXVS6, B0DQKYWPJ1, B0DBYLJFM1, B0DBYN1CST, B0DBYX1D52, B0DBYPC8CD, B0DBYXSCTY, B0DBYLG418, B0DBYMVRKL, B0DQL239W4, B0DBYVNG4N, B0DQKYDXV5, B0DQKXTTJ6, B0DQKXLB9Q, B0DQKY5P9F, B0DBZ7SPGJ, B0DQKYN7ND, B0DBYZLNNX]",amzn1.campaign.1G737BEI482JK,Earn 15%- Supcare Men’s Rope Chain Necklace | Gift Ready 🎁,Supcare,2026-03-09,2027-03-08,15.00%,5000.0,4947.16,16,800,false
"[B0F7LMBVRG, B0F7LLFW5T, B0F7LLYPSC, B0F7LKPD5S, B0F7LKD6W1, B0F7LLHMCP]",amzn1.campaign.3RKFROARXNT9M,Round 1. Fight! 🥊,HydroQuin,2026-03-31,2027-03-30,10.00%,5000.0,5000.0,102,800,false
[B0GDFCGZQH],amzn1.campaign.35DKA2ZMMEJ0N,"Clear Cover for Hobonichi Weeks Planner, Plastic Cover for Weeks Book",YuCool,2026-03-09,2026-09-09,10.00%,5000.0,5000.0,48,800,false
"[B0GJL3MHYL, B0GJKXRNHJ, B0GJKHVXH3, B0GJL4MMQH, B0GJKWK5P2, B0GJL4PQPF, B0GJKV7XV7, B0GJKJK843, B0GJKTY3DR, B0GJKLVPCR, B0GJKRHXMM, B0GJKSTFFQ, B0GJL3C4TB, B0GJKMC63W, B0GJKQGCH5, B0GJKNRZTB, B0GJL9LNR7, B0GJL3JN7T, B0GJKYQNYJ, B0GJKZJG9S, B0GJL2Z915, B0GJKT4TZS, B0GJKJR51R, B0GJL3KKB2, B0GJKRZB13, B0GJKYL8WG, B0GJL6J99R, B0GJKMNFH2, B0GJKQJ1FJ, B0GJKQGXDH, B0GJKM8485, B0GJL9FCLW]",amzn1.campaign.6UR361ZTB6GE,MLB Baseball Element Shoe Charms,Yivudse,2026-03-09,2026-12-31,40.00%,5000.0,4963.37,12,800,false
[B0G4R63R66],amzn1.campaign.1QJVEKY7TLTUM,Neotec2 Visor CNS-3 VISOR,PSLER,2026-03-09,2027-03-09,15.00%,200000.0,200000.0,28,800,false
[B0GDFNY4Q9],amzn1.campaign.3HDQBTSN2Y8CH,Clear Cover for Hobonichi Weeks Planner,YuCool,2026-03-09,2026-09-09,10.00%,5000.0,5000.0,49,800,false
"[B0DNSF9X1H, B0D1XGM3DS, B0D1X1HD2R, B0D1WYNGRL, B0D1WYF59C, B0D1XPXRK8, B0D1X752F3, B0D1X7ZBTM, B0D1XFN821, B0D1WYJM5B, B0D1XK3JW9]",amzn1.campaign.RS94W2VYHP49,"Commission 10% per order!! - B0D1XGM3DS - 43"" 8 PCS Faux Pampas Grass Decor",Wttisel,2026-03-09,2027-03-08,10.00%,5000.0,4956.96,40,800,false
"[B0F7LMBVRG, B0F7LLFW5T, B0F7LLYPSC, B0F7LKPD5S, B0F7LKD6W1, B0F7LLHMCP]",amzn1.campaign.CFY54R8Z4QKR,Stop scrolling. Your future water bottle is trying to find you.,HydroQuin,2026-03-30,2027-03-29,10.00%,5000.0,5000.0,100,800,false
"[B0F7LMBVRG, B0F7LLFW5T, B0F7LLYPSC, B0F7LKPD5S, B0F7LKD6W1, B0F7LLHMCP]",amzn1.campaign.2GDVWIIBH2NOD,I didn't choose the hydration life. The hydration life chose me.,HydroQuin,2026-03-29,2027-03-28,10.00%,5000.0,5000.0,93,800,false
[B0G911YN3G],amzn1.campaign.1RD8Z6N7SVA30,Adjustable Stainless Steel Jar Opener with Bottle Opener Keychain,YuCool,2026-03-09,2026-09-09,10.00%,5000.0,5000.0,36,800,false
[B0FS6DPMBD],amzn1.campaign.2LIKMWUZ3T7O4,HJ17 C90 VISOR,PSLER,2026-03-09,2027-03-09,15.00%,200000.0,199991.0,28,800,false
"[B0C5D3SXYQ, B0D9N9GVN5, B0C5CVTV7Y, B0CDRQSFDY, B0DC6M1Z6F, B0C5CNP5N4, B0C5CV5RB5, B0CDBS4SX7, B0C5CVRQ95, B0C5D1CHTV, B0D9NB2KYP, B0C5D17Y7D]",amzn1.campaign.2KDEBKZ6PF31B,"Commission 10% per order! - B0C5D3SXYQ - 38"" 10 Stems Faux Pampas Grass Decor",Wttisel,2026-03-09,2027-03-08,10.00%,5000.0,4661.84,16,800,false
"[B0F7QMJ3D7, B0G6K483LS, B0FZTW7BD5, B0DZGPSPXV, B0DZCTC14N, B0DZCWW9PY, B0D7CPPX7V, B0FZT3VS8X, B0F48L59PY, B0D7CPKB6W]",amzn1.campaign.1DK5NUFJ62IFT,MyKEEPOW vacuum attachments,MyKEEPOW,2026-03-09,2027-03-08,10.00%,5000.0,4989.56,29,800,false
"[B09JLHCC5T, B09JLHNJT2, B09ZV83671, B09ZV7PH7X, B09JLJ32TY, B0B143MMP2, B0BY8KNKBN, B09JLH1WJL, B09V2P483F, B09QYMHQMW, B0BY8JK3QF, B09QYLMSNV, B09ZV6WHG3, B09QYM4BKQ, B09QYKRBBW, B09JLGCPKV, B09ZV6WFBH, B09ZV6SXB5, B09QYLHMYD, B0BY8HM2Q9, B0BY8KRKFM, B0B1461MN8, B0BY8GL1SV, B0B14652DH, B0BY8KB92B, B09JLHYRDM, B09JLHDHT7, B0BY8KZMZZ, B0BY8KRSVL, B09V2P2XJJ, B09QYM38YN, B0B142M38W, B09V2NG8R2, B0BY8JD9BQ, B09QYLKXDT, B09QYK4NQ3, B09JLHZS8B, B0B14KJ593, B09JLK48GG, B0BY8H9ZNQ, B0BY8K9S9H, B09V2NR69W, B09JLG9FVZ, B09JLGK72N, B09ZV7MJ49, B0BY8KPHXJ, B09ZV6DMJ6, B09V2NNC84, B0B14MQXX3, B09V2PF8ZF, B0BY8J7ZK8, B09JLHD8QZ, B09V2LWMHY, B09ZV84HKH, B09V2MX12F, B09QYMSDPL, B09JLJ7373, B09QYKMB4R, B09V2PQJNC, B09JLHCKQX, B09JLHLZLQ, B09QYKG6GP, B09QYLNML7, B09QYLBJZP, B09ZV6478W, B09ZV8172T, B09QYLNH1M, B09QYLV26L, B09QYL5697, B0BY8J88WY, B09JLH572F, B09ZV7VX2N, B09JLJLZNT, B09V2PD1DB, B09ZV7H7D1, B09ZV7J35H, B09QYLLTFF, B09V2P8Y5L, B0BY8KVBTW, B09ZV6R1C8, B0BY8KS3XG, B0BY8G9FYR, B0B13WZXYC, B09QYLBB8V, B09V2NF3G9, B09V2NCQBS, B09QZ46YK9, B09V2MW4K5, B0B14LYLBD, B0B14JVPLF, B0BY8H1Y99, B09QYL4GKB, B0BY8KW3GD, B09JLJ7BC2, B0BY8HGW7W, B09JLJVR64, B0B1421LMT, B0B14C6N4T, B09JLL4DGZ, B09ZV5HKSV, B0BY8KY6G3, B09JLHGCXK, B09V2MYQDG, B0B13TZF94, B0B14CDVTN, B0BY8FYZM1, B09QYMSSPQ, B09V2N4HDV, B0BY8H4RJ9, B09JLH51RD, B09ZV7H3R6, B0BY8JCTPG, B09V2N5CWX, B09JLGT4X2, B09ZV88N9W, B09JLJ25XX, B09V2NX6M3, B09QYKXKD2, B09V2NL5X7, B09JLHWM21, B09ZV7JPMM, B09QYLSMZS, B09V2NY57P, B0BM37KWND]",amzn1.campaign.2KON8OXQ3V55N,Tennis Skirts 618,Husnainna,2026-03-09,2026-10-18,10.00%,5000.0,5000.0,33,800,false
[B0FJX9PR9V],amzn1.campaign.340L18UD8NXNL,i90 HJ-33 VISOR,PSLER,2026-03-09,2027-03-09,15.00%,200000.0,199981.75,29,800,false
"[B09JLHCC5T, B09JLHNJT2, B09ZV83671, B09ZV7PH7X, B09JLJ32TY, B0B143MMP2, B0BY8KNKBN, B09JLH1WJL, B09V2P483F, B09QYMHQMW, B0BY8JK3QF, B09QYLMSNV, B09ZV6WHG3, B09QYM4BKQ, B09QYKRBBW, B09JLGCPKV, B09ZV6WFBH, B09ZV6SXB5, B09QYLHMYD, B0BY8HM2Q9, B0BY8KRKFM, B0B1461MN8, B0BY8GL1SV, B0B14652DH, B0BY8KB92B, B09JLHYRDM, B09JLHDHT7, B0BY8KZMZZ, B0BY8KRSVL, B09V2P2XJJ, B09QYM38YN, B0B142M38W, B09V2NG8R2, B0BY8JD9BQ, B09QYLKXDT, B09QYK4NQ3, B09JLHZS8B, B0B14KJ593, B09JLK48GG, B0BY8H9ZNQ, B0BY8K9S9H, B09V2NR69W, B09JLG9FVZ, B09JLGK72N, B09ZV7MJ49, B0BY8KPHXJ, B09ZV6DMJ6, B09V2NNC84, B0B14MQXX3, B09V2PF8ZF, B0BY8J7ZK8, B09JLHD8QZ, B09V2LWMHY, B09ZV84HKH, B09V2MX12F, B09QYMSDPL, B09JLJ7373, B09QYKMB4R, B09V2PQJNC, B09JLHCKQX, B09JLHLZLQ, B09QYKG6GP, B09QYLNML7, B09QYLBJZP, B09ZV6478W, B09ZV8172T, B09QYLNH1M, B09QYLV26L, B09QYL5697, B0BY8J88WY, B09JLH572F, B09ZV7VX2N, B09JLJLZNT, B09V2PD1DB, B09ZV7H7D1, B09ZV7J35H, B09QYLLTFF, B09V2P8Y5L, B0BY8KVBTW, B09ZV6R1C8, B0BY8KS3XG, B0BY8G9FYR, B0B13WZXYC, B09QYLBB8V, B09V2NF3G9, B09V2NCQBS, B09QZ46YK9, B09V2MW4K5, B0B14LYLBD, B0B14JVPLF, B0BY8H1Y99, B09QYL4GKB, B0BY8KW3GD, B09JLJ7BC2, B0BY8HGW7W, B09JLJVR64, B0B1421LMT, B0B14C6N4T, B09JLL4DGZ, B09ZV5HKSV, B0BY8KY6G3, B09JLHGCXK, B09V2MYQDG, B0B13TZF94, B0B14CDVTN, B0BY8FYZM1, B09QYMSSPQ, B09V2N4HDV, B0BY8H4RJ9, B09JLH51RD, B09ZV7H3R6, B0BY8JCTPG, B09V2N5CWX, B09JLGT4X2, B09ZV88N9W, B09JLJ25XX, B09V2NX6M3, B09QYKXKD2, B09V2NL5X7, B09JLHWM21, B09ZV7JPMM, B09QYLSMZS, B09V2NY57P, B0BM37KWND]",amzn1.campaign.2IFIQG348DTSB,Tennis Skirts 617,Husnainna,2026-03-09,2026-10-17,10.00%,5000.0,4997.1,59,800,false
"[B09JLHCC5T, B09JLHNJT2, B09ZV83671, B09ZV7PH7X, B09JLJ32TY, B0B143MMP2, B0BY8KNKBN, B09JLH1WJL, B09V2P483F, B09QYMHQMW, B0BY8JK3QF, B09QYLMSNV, B09ZV6WHG3, B09QYM4BKQ, B09QYKRBBW, B09JLGCPKV, B09ZV6WFBH, B09ZV6SXB5, B09QYLHMYD, B0BY8HM2Q9, B0BY8KRKFM, B0B1461MN8, B0BY8GL1SV, B0B14652DH, B0BY8KB92B, B09JLHYRDM, B09JLHDHT7, B0BY8KZMZZ, B0BY8KRSVL, B09V2P2XJJ, B09QYM38YN, B0B142M38W, B09V2NG8R2, B0BY8JD9BQ, B09QYLKXDT, B09QYK4NQ3, B09JLHZS8B, B0B14KJ593, B09JLK48GG, B0BY8H9ZNQ, B0BY8K9S9H, B09V2NR69W, B09JLG9FVZ, B09JLGK72N, B09ZV7MJ49, B0BY8KPHXJ, B09ZV6DMJ6, B09V2NNC84, B0B14MQXX3, B09V2PF8ZF, B0BY8J7ZK8, B09JLHD8QZ, B09V2LWMHY, B09ZV84HKH, B09V2MX12F, B09QYMSDPL, B09JLJ7373, B09QYKMB4R, B09V2PQJNC, B09JLHCKQX, B09JLHLZLQ, B09QYKG6GP, B09QYLNML7, B09QYLBJZP, B09ZV6478W, B09ZV8172T, B09QYLNH1M, B09QYLV26L, B09QYL5697, B0BY8J88WY, B09JLH572F, B09ZV7VX2N, B09JLJLZNT, B09V2PD1DB, B09ZV7H7D1, B09ZV7J35H, B09QYLLTFF, B09V2P8Y5L, B0BY8KVBTW, B09ZV6R1C8, B0BY8KS3XG, B0BY8G9FYR, B0B13WZXYC, B09QYLBB8V, B09V2NF3G9, B09V2NCQBS, B09QZ46YK9, B09V2MW4K5, B0B14LYLBD, B0B14JVPLF, B0BY8H1Y99, B09QYL4GKB, B0BY8KW3GD, B09JLJ7BC2, B0BY8HGW7W, B09JLJVR64, B0B1421LMT, B0B14C6N4T, B09JLL4DGZ, B09ZV5HKSV, B0BY8KY6G3, B09JLHGCXK, B09V2MYQDG, B0B13TZF94, B0B14CDVTN, B0BY8FYZM1, B09QYMSSPQ, B09V2N4HDV, B0BY8H4RJ9, B09JLH51RD, B09ZV7H3R6, B0BY8JCTPG, B09V2N5CWX, B09JLGT4X2, B09ZV88N9W, B09JLJ25XX, B09V2NX6M3, B09QYKXKD2, B09V2NL5X7, B09JLHWM21, B09ZV7JPMM, B09QYLSMZS, B09V2NY57P, B0BM37KWND]",amzn1.campaign.16X3QKHWVV95U,Tennis Skirts 616,Husnainna,2026-03-09,2026-10-16,10.00%,5000.0,5000.0,60,800,false
[B0G914C7WP],amzn1.campaign.T74TJY16Q0WU,Adjustable Stainless Steel Jar Opener,YuCool,2026-03-09,2026-10-01,10.00%,5000.0,5000.0,44,800,false
"[B09JLHCC5T, B09JLHNJT2, B09ZV83671, B09ZV7PH7X, B09JLJ32TY, B0B143MMP2, B0BY8KNKBN, B09JLH1WJL, B09V2P483F, B09QYMHQMW, B0BY8JK3QF, B09QYLMSNV, B09ZV6WHG3, B09QYM4BKQ, B09QYKRBBW, B09JLGCPKV, B09ZV6WFBH, B09ZV6SXB5, B09QYLHMYD, B0BY8HM2Q9, B0BY8KRKFM, B0B1461MN8, B0BY8GL1SV, B0B14652DH, B0BY8KB92B, B09JLHYRDM, B09JLHDHT7, B0BY8KZMZZ, B0BY8KRSVL, B09V2P2XJJ, B09QYM38YN, B0B142M38W, B09V2NG8R2, B0BY8JD9BQ, B09QYLKXDT, B09QYK4NQ3, B09JLHZS8B, B0B14KJ593, B09JLK48GG, B0BY8H9ZNQ, B0BY8K9S9H, B09V2NR69W, B09JLG9FVZ, B09JLGK72N, B09ZV7MJ49, B0BY8KPHXJ, B09ZV6DMJ6, B09V2NNC84, B0B14MQXX3, B09V2PF8ZF, B0BY8J7ZK8, B09JLHD8QZ, B09V2LWMHY, B09ZV84HKH, B09V2MX12F, B09QYMSDPL, B09JLJ7373, B09QYKMB4R, B09V2PQJNC, B09JLHCKQX, B09JLHLZLQ, B09QYKG6GP, B09QYLNML7, B09QYLBJZP, B09ZV6478W, B09ZV8172T, B09QYLNH1M, B09QYLV26L, B09QYL5697, B0BY8J88WY, B09JLH572F, B09ZV7VX2N, B09JLJLZNT, B09V2PD1DB, B09ZV7H7D1, B09ZV7J35H, B09QYLLTFF, B09V2P8Y5L, B0BY8KVBTW, B09ZV6R1C8, B0BY8KS3XG, B0BY8G9FYR, B0B13WZXYC, B09QYLBB8V, B09V2NF3G9, B09V2NCQBS, B09QZ46YK9, B09V2MW4K5, B0B14LYLBD, B0B14JVPLF, B0BY8H1Y99, B09QYL4GKB, B0BY8KW3GD, B09JLJ7BC2, B0BY8HGW7W, B09JLJVR64, B0B1421LMT, B0B14C6N4T, B09JLL4DGZ, B09ZV5HKSV, B0BY8KY6G3, B09JLHGCXK, B09V2MYQDG, B0B13TZF94, B0B14CDVTN, B0BY8FYZM1, B09QYMSSPQ, B09V2N4HDV, B0BY8H4RJ9, B09JLH51RD, B09ZV7H3R6, B0BY8JCTPG, B09V2N5CWX, B09JLGT4X2, B09ZV88N9W, B09JLJ25XX, B09V2NX6M3, B09QYKXKD2, B09V2NL5X7, B09JLHWM21, B09ZV7JPMM, B09QYLSMZS, B09V2NY57P, B0BM37KWND]",amzn1.campaign.14078GSNH7PW5,Tennis Skirts 615,Husnainna,2026-03-09,2026-10-15,10.00%,5000.0,5000.0,60,800,false
"[B09JLHCC5T, B09JLHNJT2, B09ZV83671, B09ZV7PH7X, B09JLJ32TY, B0B143MMP2, B0BY8KNKBN, B09JLH1WJL, B09V2P483F, B09QYMHQMW, B0BY8JK3QF, B09QYLMSNV, B09ZV6WHG3, B09QYM4BKQ, B09QYKRBBW, B09JLGCPKV, B09ZV6WFBH, B09ZV6SXB5, B09QYLHMYD, B0BY8HM2Q9, B0BY8KRKFM, B0B1461MN8, B0BY8GL1SV, B0B14652DH, B0BY8KB92B, B09JLHYRDM, B09JLHDHT7, B0BY8KZMZZ, B0BY8KRSVL, B09V2P2XJJ, B09QYM38YN, B0B142M38W, B09V2NG8R2, B0BY8JD9BQ, B09QYLKXDT, B09QYK4NQ3, B09JLHZS8B, B0B14KJ593, B09JLK48GG, B0BY8H9ZNQ, B0BY8K9S9H, B09V2NR69W, B09JLG9FVZ, B09JLGK72N, B09ZV7MJ49, B0BY8KPHXJ, B09ZV6DMJ6, B09V2NNC84, B0B14MQXX3, B09V2PF8ZF, B0BY8J7ZK8, B09JLHD8QZ, B09V2LWMHY, B09ZV84HKH, B09V2MX12F, B09QYMSDPL, B09JLJ7373, B09QYKMB4R, B09V2PQJNC, B09JLHCKQX, B09JLHLZLQ, B09QYKG6GP, B09QYLNML7, B09QYLBJZP, B09ZV6478W, B09ZV8172T, B09QYLNH1M, B09QYLV26L, B09QYL5697, B0BY8J88WY, B09JLH572F, B09ZV7VX2N, B09JLJLZNT, B09V2PD1DB, B09ZV7H7D1, B09ZV7J35H, B09QYLLTFF, B09V2P8Y5L, B0BY8KVBTW, B09ZV6R1C8, B0BY8KS3XG, B0BY8G9FYR, B0B13WZXYC, B09QYLBB8V, B09V2NF3G9, B09V2NCQBS, B09QZ46YK9, B09V2MW4K5, B0B14LYLBD, B0B14JVPLF, B0BY8H1Y99, B09QYL4GKB, B0BY8KW3GD, B09JLJ7BC2, B0BY8HGW7W, B09JLJVR64, B0B1421LMT, B0B14C6N4T, B09JLL4DGZ, B09ZV5HKSV, B0BY8KY6G3, B09JLHGCXK, B09V2MYQDG, B0B13TZF94, B0B14CDVTN, B0BY8FYZM1, B09QYMSSPQ, B09V2N4HDV, B0BY8H4RJ9, B09JLH51RD, B09ZV7H3R6, B0BY8JCTPG, B09V2N5CWX, B09JLGT4X2, B09ZV88N9W, B09JLJ25XX, B09V2NX6M3, B09QYKXKD2, B09V2NL5X7, B09JLHWM21, B09ZV7JPMM, B09QYLSMZS, B09V2NY57P, B0BM37KWND]",amzn1.campaign.2A66E5R6KAA70,Tennis Skirts 614,Husnainna,2026-03-09,2026-10-14,10.00%,5000.0,5000.0,62,800,false
[B0DP632NHH],amzn1.campaign.4KOLDS3QV11H,GT Air 2 VISOR,PSLER,2026-03-09,2027-03-09,15.00%,200000.0,199991.0,38,800,false
"[B09JLHCC5T, B09JLHNJT2, B09ZV83671, B09ZV7PH7X, B09JLJ32TY, B0B143MMP2, B0BY8KNKBN, B09JLH1WJL, B09V2P483F, B09QYMHQMW, B0BY8JK3QF, B09QYLMSNV, B09ZV6WHG3, B09QYM4BKQ, B09QYKRBBW, B09JLGCPKV, B09ZV6WFBH, B09ZV6SXB5, B09QYLHMYD, B0BY8HM2Q9, B0BY8KRKFM, B0B1461MN8, B0BY8GL1SV, B0B14652DH, B0BY8KB92B, B09JLHYRDM, B09JLHDHT7, B0BY8KZMZZ, B0BY8KRSVL, B09V2P2XJJ, B09QYM38YN, B0B142M38W, B09V2NG8R2, B0BY8JD9BQ, B09QYLKXDT, B09QYK4NQ3, B09JLHZS8B, B0B14KJ593, B09JLK48GG, B0BY8H9ZNQ, B0BY8K9S9H, B09V2NR69W, B09JLG9FVZ, B09JLGK72N, B09ZV7MJ49, B0BY8KPHXJ, B09ZV6DMJ6, B09V2NNC84, B0B14MQXX3, B09V2PF8ZF, B0BY8J7ZK8, B09JLHD8QZ, B09V2LWMHY, B09ZV84HKH, B09V2MX12F, B09QYMSDPL, B09JLJ7373, B09QYKMB4R, B09V2PQJNC, B09JLHCKQX, B09JLHLZLQ, B09QYKG6GP, B09QYLNML7, B09QYLBJZP, B09ZV6478W, B09ZV8172T, B09QYLNH1M, B09QYLV26L, B09QYL5697, B0BY8J88WY, B09JLH572F, B09ZV7VX2N, B09JLJLZNT, B09V2PD1DB, B09ZV7H7D1, B09ZV7J35H, B09QYLLTFF, B09V2P8Y5L, B0BY8KVBTW, B09ZV6R1C8, B0BY8KS3XG, B0BY8G9FYR, B0B13WZXYC, B09QYLBB8V, B09V2NF3G9, B09V2NCQBS, B09QZ46YK9, B09V2MW4K5, B0B14LYLBD, B0B14JVPLF, B0BY8H1Y99, B09QYL4GKB, B0BY8KW3GD, B09JLJ7BC2, B0BY8HGW7W, B09JLJVR64, B0B1421LMT, B0B14C6N4T, B09JLL4DGZ, B09ZV5HKSV, B0BY8KY6G3, B09JLHGCXK, B09V2MYQDG, B0B13TZF94, B0B14CDVTN, B0BY8FYZM1, B09QYMSSPQ, B09V2N4HDV, B0BY8H4RJ9, B09JLH51RD, B09ZV7H3R6, B0BY8JCTPG, B09V2N5CWX, B09JLGT4X2, B09ZV88N9W, B09JLJ25XX, B09V2NX6M3, B09QYKXKD2, B09V2NL5X7, B09JLHWM21, B09ZV7JPMM, B09QYLSMZS, B09V2NY57P, B0BM37KWND]",amzn1.campaign.134PN30DB8FPL,Tennis Skirts 613,Husnainna,2026-03-09,2026-10-13,10.00%,5000.0,5000.0,62,800,false
"[B09JLHCC5T, B09JLHNJT2, B09ZV83671, B09ZV7PH7X, B09JLJ32TY, B0B143MMP2, B0BY8KNKBN, B09JLH1WJL, B09V2P483F, B09QYMHQMW, B0BY8JK3QF, B09QYLMSNV, B09ZV6WHG3, B09QYM4BKQ, B09QYKRBBW, B09JLGCPKV, B09ZV6WFBH, B09ZV6SXB5, B09QYLHMYD, B0BY8HM2Q9, B0BY8KRKFM, B0B1461MN8, B0BY8GL1SV, B0B14652DH, B0BY8KB92B, B09JLHYRDM, B09JLHDHT7, B0BY8KZMZZ, B0BY8KRSVL, B09V2P2XJJ, B09QYM38YN, B0B142M38W, B09V2NG8R2, B0BY8JD9BQ, B09QYLKXDT, B09QYK4NQ3, B09JLHZS8B, B0B14KJ593, B09JLK48GG, B0BY8H9ZNQ, B0BY8K9S9H, B09V2NR69W, B09JLG9FVZ, B09JLGK72N, B09ZV7MJ49, B0BY8KPHXJ, B09ZV6DMJ6, B09V2NNC84, B0B14MQXX3, B09V2PF8ZF, B0BY8J7ZK8, B09JLHD8QZ, B09V2LWMHY, B09ZV84HKH, B09V2MX12F, B09QYMSDPL, B09JLJ7373, B09QYKMB4R, B09V2PQJNC, B09JLHCKQX, B09JLHLZLQ, B09QYKG6GP, B09QYLNML7, B09QYLBJZP, B09ZV6478W, B09ZV8172T, B09QYLNH1M, B09QYLV26L, B09QYL5697, B0BY8J88WY, B09JLH572F, B09ZV7VX2N, B09JLJLZNT, B09V2PD1DB, B09ZV7H7D1, B09ZV7J35H, B09QYLLTFF, B09V2P8Y5L, B0BY8KVBTW, B09ZV6R1C8, B0BY8KS3XG, B0BY8G9FYR, B0B13WZXYC, B09QYLBB8V, B09V2NF3G9, B09V2NCQBS, B09QZ46YK9, B09V2MW4K5, B0B14LYLBD, B0B14JVPLF, B0BY8H1Y99, B09QYL4GKB, B0BY8KW3GD, B09JLJ7BC2, B0BY8HGW7W, B09JLJVR64, B0B1421LMT, B0B14C6N4T, B09JLL4DGZ, B09ZV5HKSV, B0BY8KY6G3, B09JLHGCXK, B09V2MYQDG, B0B13TZF94, B0B14CDVTN, B0BY8FYZM1, B09QYMSSPQ, B09V2N4HDV, B0BY8H4RJ9, B09JLH51RD, B09ZV7H3R6, B0BY8JCTPG, B09V2N5CWX, B09JLGT4X2, B09ZV88N9W, B09JLJ25XX, B09V2NX6M3, B09QYKXKD2, B09V2NL5X7, B09JLHWM21, B09ZV7JPMM, B09QYLSMZS, B09V2NY57P, B0BM37KWND]",amzn1.campaign.3POYMMUWHXD7Y,Tennis Skirts 612,Husnainna,2026-03-09,2026-10-12,10.00%,5000.0,5000.0,68,800,false
[B0967B1Y8Z],amzn1.campaign.1HLC3RZ49JBC5,ZN-YLD-26-3-5,kyoryuger,2026-03-09,2027-01-01,10.00%,5000.0,4963.7,47,800,false
"[B0DGL4YSXY, B0DGL72VJV, B0DGL3X8W2, B0DGL4FZJV, B0DGKJ1ZGX]",amzn1.campaign.1B24PTUVIFOOI,Ficstra 30amp RV extension cord,Ficstar,2026-03-09,2027-03-08,10.00%,6000.0,5493.93,19,800,false
"[B09JLHCC5T, B09JLHNJT2, B09ZV83671, B09ZV7PH7X, B09JLJ32TY, B0B143MMP2, B0BY8KNKBN, B09JLH1WJL, B09V2P483F, B09QYMHQMW, B0BY8JK3QF, B09QYLMSNV, B09ZV6WHG3, B09QYM4BKQ, B09QYKRBBW, B09JLGCPKV, B09ZV6WFBH, B09ZV6SXB5, B09QYLHMYD, B0BY8HM2Q9, B0BY8KRKFM, B0B1461MN8, B0BY8GL1SV, B0B14652DH, B0BY8KB92B, B09JLHYRDM, B09JLHDHT7, B0BY8KZMZZ, B0BY8KRSVL, B09V2P2XJJ, B09QYM38YN, B0B142M38W, B09V2NG8R2, B0BY8JD9BQ, B09QYLKXDT, B09QYK4NQ3, B09JLHZS8B, B0B14KJ593, B09JLK48GG, B0BY8H9ZNQ, B0BY8K9S9H, B09V2NR69W, B09JLG9FVZ, B09JLGK72N, B09ZV7MJ49, B0BY8KPHXJ, B09ZV6DMJ6, B09V2NNC84, B0B14MQXX3, B09V2PF8ZF, B0BY8J7ZK8, B09JLHD8QZ, B09V2LWMHY, B09ZV84HKH, B09V2MX12F, B09QYMSDPL, B09JLJ7373, B09QYKMB4R, B09V2PQJNC, B09JLHCKQX, B09JLHLZLQ, B09QYKG6GP, B09QYLNML7, B09QYLBJZP, B09ZV6478W, B09ZV8172T, B09QYLNH1M, B09QYLV26L, B09QYL5697, B0BY8J88WY, B09JLH572F, B09ZV7VX2N, B09JLJLZNT, B09V2PD1DB, B09ZV7H7D1, B09ZV7J35H, B09QYLLTFF, B09V2P8Y5L, B0BY8KVBTW, B09ZV6R1C8, B0BY8KS3XG, B0BY8G9FYR, B0B13WZXYC, B09QYLBB8V, B09V2NF3G9, B09V2NCQBS, B09QZ46YK9, B09V2MW4K5, B0B14LYLBD, B0B14JVPLF, B0BY8H1Y99, B09QYL4GKB, B0BY8KW3GD, B09JLJ7BC2, B0BY8HGW7W, B09JLJVR64, B0B1421LMT, B0B14C6N4T, B09JLL4DGZ, B09ZV5HKSV, B0BY8KY6G3, B09JLHGCXK, B09V2MYQDG, B0B13TZF94, B0B14CDVTN, B0BY8FYZM1, B09QYMSSPQ, B09V2N4HDV, B0BY8H4RJ9, B09JLH51RD, B09ZV7H3R6, B0BY8JCTPG, B09V2N5CWX, B09JLGT4X2, B09ZV88N9W, B09JLJ25XX, B09V2NX6M3, B09QYKXKD2, B09V2NL5X7, B09JLHWM21, B09ZV7JPMM, B09QYLSMZS, B09V2NY57P, B0BM37KWND]",amzn1.campaign.3FA9K3J0WP0XZ,Tennis Skirts 611,Husnainna,2026-03-09,2026-10-11,10.00%,5000.0,4992.08,64,800,false
[B0DGTKX91F],amzn1.campaign.1JFRZNXTF1926,LK-34-26-3-5,kyoryuger,2026-03-09,2027-01-01,10.00%,5000.0,4960.64,32,800,false
"[B0FDQNXZ98, B0FDQFLRRB, B0FDQ66MBG, B0FDQB9DLX, B0FDQ7TL3V, B0FDQFHXF4, B0FDQ83CM8, B0FDQLGXC4, B0FDQ8DSR5, B0FDPZCTGD, B0FDQBY26S, B0FDQLWH3W, B0FDQCD9KM, B0FDQ7PLDF, B0FDQBJYGC, B0FDQ8CPX7, B0FDQBL1BN, B0FDQ8645V, B0FDQD7BL9, B0FDQCH4N6, B0FDQ82Y2Q, B0FDQBPGF6, B0FDQBT3K3, B0FDQ83X29, B0FDQC7G9F, B0FDQ82YP4, B0FDQLPGSJ, B0FDQ7FGC1, B0FDQBW4J3, B0FDQ77TRV, B0FDQ9DCVB, B0FDQ7WXZH, B0FDQBLQDW, B0FDQFC5BH, B0FDQBJG6S, B0FDQ89RH2, B0FDQBPKYP, B0FDQ5NXJL, B0FDQBVWNJ, B0FDQ8CBNL, B0FDQBWCCW, B0FDQBLPBD, B0FDQ83SKS, B0FDQBT115, B0FDQBZ96Z, B0FDQ7XRJB, B0FDQB9HFJ, B0FDQR7XFK, B0FDQBRH45, B0FDQPJNRN, B0FDQ7R7KB, B0FDQ7S2RK, B0FDQC97VH, B0FDQ6LZTX, B0FDQ8DKLM, B0FDQBFJL3, B0FDQ9GPLY, B0FDQCKZF1, B0FDQ9GPLQ, B0FDQ88SKZ, B0FDQ5Y5F1, B0FDQCHRJW, B0FDQ7Z8D9, B0FDQ7VKR1, B0FDQBN3NK, B0FDQQ5VDX, B0FDQBFC15, B0FDQFBSS8, B0FDQCMQJK, B0FDQMTSJ8, B0FDQBBBKF, B0FDQ88MC1, B0FDQBGZX3, B0FDQQ5B5P, B0FDQBL2N4, B0FDQBL2MY, B0FDQ7PLMV, B0FDQ9TJHR, B0FDQF9YYQ, B0FDQCQVZ1, B0FDQFGK32, B0FDQFGK2Q, B0FDQ9YGD6, B0FDQ81Q2Z, B0FDQBS6M2, B0FDQC5S9X, B0FDQPPQPC, B0FDQ84H8K, B0FDQ9ZBSS]",amzn1.campaign.M9H6SM8MPZYH,The Secret to Effortless Home Decor? This $15 Table Runner 🤫🏠,UWWGKK,2026-03-13,2027-03-12,10.00%,5000.0,4996.4,42,800,false
"[B0FDQNXZ98, B0FDQFLRRB, B0FDQ66MBG, B0FDQB9DLX, B0FDQ7TL3V, B0FDQFHXF4, B0FDQ83CM8, B0FDQLGXC4, B0FDQ8DSR5, B0FDPZCTGD, B0FDQBY26S, B0FDQLWH3W, B0FDQCD9KM, B0FDQ7PLDF, B0FDQBJYGC, B0FDQ8CPX7, B0FDQBL1BN, B0FDQ8645V, B0FDQD7BL9, B0FDQCH4N6, B0FDQ82Y2Q, B0FDQBPGF6, B0FDQBT3K3, B0FDQ83X29, B0FDQC7G9F, B0FDQ82YP4, B0FDQLPGSJ, B0FDQ7FGC1, B0FDQBW4J3, B0FDQ77TRV, B0FDQ9DCVB, B0FDQ7WXZH, B0FDQBLQDW, B0FDQFC5BH, B0FDQBJG6S, B0FDQ89RH2, B0FDQBPKYP, B0FDQBMTKQ, B0FDQ5NXJL, B0FDQBVWNJ, B0FDQ8CBNL, B0FDQBWCCW, B0FDQBLPBD, B0FDQ83SKS, B0FDQBT115, B0FDQBZ96Z, B0FDQ7XRJB, B0FDQB9HFJ, B0FDQR7XFK, B0FDQBRH45, B0FDQPJNRN, B0FDQ7R7KB, B0FDQ7S2RK, B0FDQC97VH, B0FDQ6LZTX, B0FDQ8DKLM, B0FDQBFJL3, B0FDQ9GPLY, B0FDQCKZF1, B0FDQ9GPLQ, B0FDQ88SKZ, B0FDQ5Y5F1, B0FDQCHRJW, B0FDQ7Z8D9, B0FDQ7VKR1, B0FDQBN3NK, B0FDQQ5VDX, B0FDQBFC15, B0FDQFBSS8, B0FDQCMQJK, B0FDQMTSJ8, B0FDQBBBKF, B0FDQ88MC1, B0FDQBGZX3, B0FDQQ5B5P, B0FDQBL2N4, B0FDQBL2MY, B0FDQ7PLMV, B0FDQ9TJHR, B0FDQF9YYQ, B0FDQCQVZ1, B0FDQFGK32, B0FDQFGK2Q, B0FDQ9YGD6, B0FDQ81Q2Z, B0FDQBS6M2, B0FDQC5S9X, B0FDQPPQPC, B0FDQ84H8K, B0FDQ9ZBSS]",amzn1.campaign.GE5SWH6ZYQCN,Stop Scrolling – Your Dining Table Needs This Boho Makeover 😍✨,UWWGKK,2026-03-11,2027-03-10,10.00%,5000.0,4989.51,38,800,false
"[B0D9NJ6BBV, B0CW9GMTC3, B0CTTH5BGP, B0CTTH2KP2, B0CTTV6DNC, B0CW93ZZN2, B0CW998KZF, B0CTTGKR95, B0CTTDQXTJ, B0D9NJ5747, B0CTTGL277, B0CW97LV84, B0CTTMVLXP, B0CW9JRW94]",amzn1.campaign.2Q792GE2LWJHY,"Commission 10% - B0CTTGKR95 - 22"" Faux Pampas Grass Decor",Wttisel,2026-03-09,2027-03-08,10.00%,5000.0,4935.35,32,800,false
[B0DGTJSD9Z],amzn1.campaign.9R9831T8OXAB,LK-33-26-3-5,kyoryuger,2026-03-09,2027-01-01,10.00%,5000.0,4986.7,39,800,false
"[B0DCSDMKLJ, B0DFCBB9Z3, B0DFCFJ28X, B0DCS8DBLJ, B0DCSDRMQS, B0DCZ1V739, B0DFCFLVB7, B0DCSCXH5B, B0DCSGQZT6, B0DD733VQV, B0DFGD38SV, B0DD3HRKF5, B0DCSGT91H, B0DCSDX9L2, B0DCS9FDVK, B0DCSGNX8H, B0DCSDNHLL, B0DCYZG18M, B0DCSDG8J8, B0DCSD65N3, B0DD3659NT, B0DFCDT322, B0DD35GQQ4, B0DCSDDMSM, B0DCSFNKYF, B0DCSGH32H, B0DCS96685, B0DCSGZV2B, B0DCSC88WD, B0DFCF9Z3Z, B0DCSGJHBN, B0DFCF3CLL, B0DCSBSH1N, B0DCSC64MD, B0DFCFMRMB, B0DCSBQ1ZG, B0DCSFX9RS, B0DFGF7ZMY, B0DD35XZHC, B0DFC3L1GT, B0DCS9CT3J, B0DCZ429ZD, B0DCSG9445, B0DCSDF1QF, B0DCSDPVH7, B0DCSGWFDX, B0DCSD7TW9, B0DCSDGR1N, B0DFCF8DLS, B0DCYWRDZ5]",amzn1.campaign.3BDO06ADMQZBD,BJ151 3月5日,LNKQA,2026-03-09,2026-09-09,10.00%,5000.0,5000.0,43,800,false
"[B0FQBZ1J7F, B0D735TZZ1, B0FQBYS92Z, B0FQBXJK8W, B0DSZ6PSD5, B0D732HL5N, B0D737Q3CQ, B0FQBZQ34Y, B0D739L1Y5, B0D738G315, B0FF415JW8, B0D732XN8P, B0D7374V99, B0D738C2ZC, B0FF41H5H3, B0D73BCRH7, B0DSZ2WVWK]",amzn1.campaign.42IHV8X6TZM,🐢 Calling Ocean Lovers! Promote Our Stunning Sea Turtle Rugs🌊💙,JPSBJWJ,2026-03-09,2027-02-28,13.00%,5000.0,5000.0,50,800,false
[B0D8W9BMSW],amzn1.campaign.8IH0V1DHT4BL,LK-8-26-3-5,kyoryuger,2026-03-09,2027-01-01,10.00%,5000.0,4996.4,40,800,false
"[B0DJNKZZ7Z, B0DJNL2N6L, B0DJNMVQYX]",amzn1.campaign.1A6EMCBRGDZ9C,11% Comm | 4.6-Star Viral Iridescent 10PK Display Risers,SHUNKAIZS,2026-03-09,2027-03-08,10.00%,1000000.0,1000000.0,55,800,false
[B0GFSJFC5L],amzn1.campaign.1OQVUIJGTUEF4,23.  B0GFSJFC5L,DreamNature,2026-03-09,2027-03-08,15.00%,5000.0,4976.06,61,800,false
[B0G4R7VKLK],amzn1.campaign.3MUZ9SNF9DUOQ,Ic-04 VISOR,PSLER,2026-03-09,2027-03-09,15.00%,200000.0,200000.0,33,800,false
"[B0FQBZ1J7F, B0D735TZZ1, B0FQBYS92Z, B0FQBXJK8W, B0DSZ6PSD5, B0D732HL5N, B0D737Q3CQ, B0FQBZQ34Y, B0D739L1Y5, B0D738G315, B0FF415JW8, B0D732XN8P, B0D7374V99, B0D738C2ZC, B0FF41H5H3, B0D73BCRH7, B0DSZ2WVWK]",amzn1.campaign.30YVC2I9H6FPU,Join Our Content Creator Program: Beautiful Coastal Sea Turtle Rugs🌊💙,JPSBJWJ,2026-03-09,2027-02-28,12.00%,5000.0,5000.0,82,800,false
[B0DGTHXV6Y],amzn1.campaign.4YL4E3BDGD18,LK-22-26-3-5,kyoryuger,2026-03-09,2027-01-01,10.00%,5000.0,5000.0,45,800,false
"[B0FDQNXZ98, B0FDQFLRRB, B0FDQ66MBG, B0FDQB9DLX, B0FDQ7TL3V, B0FDQFHXF4, B0FDQ83CM8, B0FDQLGXC4, B0FDQ8DSR5, B0FDPZCTGD, B0FDQBY26S, B0FDQLWH3W, B0FDQCD9KM, B0FDQ7PLDF, B0FDQBJYGC, B0FDQ8CPX7, B0FDQBL1BN, B0FDQ8645V, B0FDQD7BL9, B0FDQCH4N6, B0FDQ82Y2Q, B0FDQBPGF6, B0FDQBT3K3, B0FDQ83X29, B0FDQC7G9F, B0FDQ82YP4, B0FDQLPGSJ, B0FDQ7FGC1, B0FDQBW4J3, B0FDQ77TRV, B0FDQ9DCVB, B0FDQ7WXZH, B0FDQBLQDW, B0FDQFC5BH, B0FDQBJG6S, B0FDQ89RH2, B0FDQBPKYP, B0FDQ5NXJL, B0FDQBVWNJ, B0FDQ8CBNL, B0FDQBWCCW, B0FDQBLPBD, B0FDQ83SKS, B0FDQBT115, B0FDQBZ96Z, B0FDQ7XRJB, B0FDQB9HFJ, B0FDQR7XFK, B0FDQBRH45, B0FDQPJNRN, B0FDQ7R7KB, B0FDQ7S2RK, B0FDQC97VH, B0FDQ6LZTX, B0FDQ8DKLM, B0FDQBFJL3, B0FDQ9GPLY, B0FDQCKZF1, B0FDQ9GPLQ, B0FDQ88SKZ, B0FDQ5Y5F1, B0FDQCHRJW, B0FDQ7Z8D9, B0FDQ7VKR1, B0FDQBN3NK, B0FDQQ5VDX, B0FDQBFC15, B0FDQFBSS8, B0FDQCMQJK, B0FDQMTSJ8, B0FDQBBBKF, B0FDQ88MC1, B0FDQBGZX3, B0FDQQ5B5P, B0FDQBL2N4, B0FDQBL2MY, B0FDQ7PLMV, B0FDQ9TJHR, B0FDQF9YYQ, B0FDQCQVZ1, B0FDQFGK32, B0FDQFGK2Q, B0FDQ9YGD6, B0FDQ81Q2Z, B0FDQBS6M2, B0FDQC5S9X, B0FDQPPQPC, B0FDQ84H8K, B0FDQ9ZBSS]",amzn1.campaign.19U9WCVYJ341H,The Secret to Effortless Home Decor? This $15 Table Runner 🤫🏠,UWWGKK,2026-03-12,2027-03-11,10.00%,5000.0,4998.48,77,800,false
"[B0FQBZ1J7F, B0D735TZZ1, B0FQBYS92Z, B0FQBXJK8W, B0DSZ6PSD5, B0D732HL5N, B0D737Q3CQ, B0FQBZQ34Y, B0D739L1Y5, B0D738G315, B0FF415JW8, B0D732XN8P, B0D7374V99, B0D738C2ZC, B0FF41H5H3, B0D73BCRH7, B0DSZ2WVWK]",amzn1.campaign.36VP0PKAVBR6D,Amazon Affiliate Creator Campaign for Sea Turtle Rugs (10% Commission)🌊💙,JPSBJWJ,2026-03-09,2027-02-28,10.00%,5000.0,5000.0,87,800,false
[B0D8T3NPMP],amzn1.campaign.2TOK4SZJ6Z7S5,LK-2-26-3-5,kyoryuger,2026-03-09,2027-01-01,10.00%,5000.0,4964.99,31,800,false
"[B0D7J1735M, B0D7J1RTR1, B0D7J1KWJ8, B0D7HYLPPP, B0D7HZ2RX9, B0D7J2PVRB, B0D7J1T21M, B0D7DKN7HH, B0D7HZ1VFM, B0D7J275JJ, B0D7J1Y8YT, B0D7HXWLCZ, B0D7DKP4Q1, B0D7J28ZG1, B0D7HZMGMD, B0D7HZN1FL, B0D7J1FP2Y, B0D7J1V559, B0D7J2KKGT, B0D7J135QD, B0D7HY8MK2, B0D7HY25C1, B0D7J1M8ZQ, B0D7J1FXJF, B0D7J1R9MY, B0D7DKMMWY, B0D7HZDG91, B0D7HZTVJJ, B0D7J1XWDT, B0D7HZBVFD]",amzn1.campaign.35AFU15519HF0,BJ007 3月5日,LNKQA,2026-03-09,2026-09-09,10.00%,5000.0,5000.0,44,800,false
[B0DJQVSS7G],amzn1.campaign.20P1BZSQFHA1I,rf1200 VISOR,PSLER,2026-03-09,2027-03-09,15.00%,200000.0,199965.5,30,800,false
"[B08V1SJMZD, B09NBNM4N4, B0BZKKCR12, B0DX1NHPFX, B0F6CR2HRX]",amzn1.campaign.34G537CRCADNP,12% Commission | TAUSOM MAPP Map Gas Torch Kit – High Heat Welding Torch,TAUSOM,2026-03-09,2027-03-01,12.00%,30000.0,29994.48,79,800,false
"[B0FDQNXZ98, B0FDQFLRRB, B0FDQ66MBG, B0FDQB9DLX, B0FDQ7TL3V, B0FDQFHXF4, B0FDQ83CM8, B0FDQLGXC4, B0FDQ8DSR5, B0FDPZCTGD, B0FDQBY26S, B0FDQLWH3W, B0FDQCD9KM, B0FDQ7PLDF, B0FDQBJYGC, B0FDQ8CPX7, B0FDQBL1BN, B0FDQ8645V, B0FDQD7BL9, B0FDQCH4N6, B0FDQ82Y2Q, B0FDQBPGF6, B0FDQBT3K3, B0FDQ83X29, B0FDQC7G9F, B0FDQ82YP4, B0FDQLPGSJ, B0FDQ7FGC1, B0FDQBW4J3, B0FDQ77TRV, B0FDQ9DCVB, B0FDQ7WXZH, B0FDQBLQDW, B0FDQFC5BH, B0FDQBJG6S, B0FDQ89RH2, B0FDQBPKYP, B0FDQ5NXJL, B0FDQBVWNJ, B0FDQ8CBNL, B0FDQBWCCW, B0FDQBLPBD, B0FDQ83SKS, B0FDQBT115, B0FDQBZ96Z, B0FDQ7XRJB, B0FDQB9HFJ, B0FDQR7XFK, B0FDQBRH45, B0FDQPJNRN, B0FDQ7R7KB, B0FDQ7S2RK, B0FDQC97VH, B0FDQ6LZTX, B0FDQ8DKLM, B0FDQBFJL3, B0FDQ9GPLY, B0FDQCKZF1, B0FDQ9GPLQ, B0FDQ88SKZ, B0FDQ5Y5F1, B0FDQCHRJW, B0FDQ7Z8D9, B0FDQ7VKR1, B0FDQBN3NK, B0FDQQ5VDX, B0FDQBFC15, B0FDQFBSS8, B0FDQCMQJK, B0FDQMTSJ8, B0FDQBBBKF, B0FDQ88MC1, B0FDQBGZX3, B0FDQQ5B5P, B0FDQBL2N4, B0FDQBL2MY, B0FDQ7PLMV, B0FDQ9TJHR, B0FDQF9YYQ, B0FDQCQVZ1, B0FDQFGK32, B0FDQFGK2Q, B0FDQ9YGD6, B0FDQ81Q2Z, B0FDQBS6M2, B0FDQC5S9X, B0FDQPPQPC, B0FDQ84H8K, B0FDQ9ZBSS]",amzn1.campaign.2S203MX572RJ6,From Breakfast to Dinner Parties – This Table Runner Does It All 🌼,UWWGKK,2026-03-10,2027-03-09,10.00%,5000.0,5000.0,73,800,false
[B0DJQYDF73],amzn1.campaign.152P3YP4LGGIT,ARAI VISOR,PSLER,2026-03-09,2027-03-09,15.00%,200000.0,199991.45,26,800,false
"[B0DBHNC7GW, B0DBHPXFVP, B0DBHNNW5V, B0DBHPS3MR, B0DBHNJX61, B0DBHP4PXR, B0DBHM15SD, B0DBHNZ5JD, B0DBHP3PDS, B0DBHQVK41, B0DBHPQKRZ, B0DBHNZ8RP, B0DBHQVS8B, B0DBHPZ4ND, B0DBHQBPPF, B0DBHR61K1, B0DBHMB955, B0DBHNHG2Z, B0DBHLVP4L, B0DBHN7V4S, B0DBHNMSNN, B0DBHNXMHD, B0DBHPXFV3, B0DBHNHWSQ, B0DBHQ8PCJ, B0DBHPVK3Z, B0DBHMTLPB, B0DBHP9DR1, B0DBHNRL56, B0DBHN9L97, B0DBHNC6Q1, B0DBHRHPG1, B0DBHPQHBW, B0DBHQPW34, B0DBHNWJJJ]",amzn1.campaign.3TPFNOK16U86G,BJ008 3月5日,LNKQA,2026-03-09,2026-09-09,10.00%,5000.0,4998.4,54,800,false
"[B0FDQNXZ98, B0FDQFLRRB, B0FDQ66MBG, B0FDQB9DLX, B0FDQ7TL3V, B0FDQFHXF4, B0FDQ83CM8, B0FDQLGXC4, B0FDQ8DSR5, B0FDPZCTGD, B0FDQBY26S, B0FDQLWH3W, B0FDQCD9KM, B0FDQ7PLDF, B0FDQBJYGC, B0FDQ8CPX7, B0FDQBL1BN, B0FDQ8645V, B0FDQD7BL9, B0FDQCH4N6, B0FDQ82Y2Q, B0FDQBPGF6, B0FDQBT3K3, B0FDQ83X29, B0FDQC7G9F, B0FDQ82YP4, B0FDQLPGSJ, B0FDQ7FGC1, B0FDQBW4J3, B0FDQ77TRV, B0FDQ9DCVB, B0FDQ7WXZH, B0FDQBLQDW, B0FDQFC5BH, B0FDQBJG6S, B0FDQ89RH2, B0FDQBPKYP, B0FDQ5NXJL, B0FDQBVWNJ, B0FDQ8CBNL, B0FDQBWCCW, B0FDQBLPBD, B0FDQ83SKS, B0FDQBT115, B0FDQBZ96Z, B0FDQ7XRJB, B0FDQB9HFJ, B0FDQR7XFK, B0FDQBRH45, B0FDQPJNRN, B0FDQ7R7KB, B0FDQ7S2RK, B0FDQC97VH, B0FDQ6LZTX, B0FDQ8DKLM, B0FDQBFJL3, B0FDQ9GPLY, B0FDQCKZF1, B0FDQ9GPLQ, B0FDQ88SKZ, B0FDQ5Y5F1, B0FDQCHRJW, B0FDQ7Z8D9, B0FDQ7VKR1, B0FDQBN3NK, B0FDQQ5VDX, B0FDQBFC15, B0FDQFBSS8, B0FDQCMQJK, B0FDQMTSJ8, B0FDQBBBKF, B0FDQ88MC1, B0FDQBGZX3, B0FDQQ5B5P, B0FDQBL2N4, B0FDQBL2MY, B0FDQ7PLMV, B0FDQ9TJHR, B0FDQF9YYQ, B0FDQCQVZ1, B0FDQFGK32, B0FDQFGK2Q, B0FDQ9YGD6, B0FDQ81Q2Z, B0FDQBS6M2, B0FDQC5S9X, B0FDQPPQPC, B0FDQ84H8K, B0FDQ9ZBSS]",amzn1.campaign.20GMB028IY022,Elevate Your Dining Space with UWWGKK Boho Table Runner 🌿✨,UWWGKK,2026-03-09,2027-03-08,10.00%,5000.0,5000.0,79,800,false
"[B0F9V4DYHK, B0F9DVL419, B0F9DRPLWT, B0F9F7F1PD, B0F9V5H7B3, B0F9FCGB8X, B0F9DT28Z5, B0F9DWNWQM, B0F9DTK7RD, B0F9V75Y9C, B0F9V7BN7T, B0F9DTS9TB, B0F9V6S5RD, B0F9DT73LP, B0F9DX9NQM, B0F9V4CRKC, B0F9V5WM75, B0F9DRW8MR, B0F9DRX5NR, B0F9DRK2X8, B0F9V5RWNT, B0F9V7BMFY, B0F9V4HPRD, B0F9DB8JG2, B0F9V5BXMW, B0F9V6X23T, B0F9DX443V, B0F9F3NQX2, B0F9DWJ6S5, B0F9DRH5WB, B0F9V75RLX, B0F9F46876, B0F9V8Q752, B0F9V5XS2T, B0F9DRWGJF, B0F9V79VNW, B0F9V74VMV, B0F9V6Y1NY, B0F9V5B5ZB, B0F9V4Y8WS, B0F9F6WMJ3, B0F9V5B5ZC]",amzn1.campaign.3S0F8NPK3UQ1V,🎁 Earn 15% Supcare “To My Son / Husband / Dad / Love” Cuban Necklace Gifts,Supcare,2026-03-09,2027-03-08,15.00%,5000.0,4969.01,26,800,false
[B0DK91V3X9],amzn1.campaign.3DSRPHQAS6PRM,BELL VISOR,PSLER,2026-03-09,2027-03-09,15.00%,200000.0,199981.1,34,800,false
"[B0CDRRMYR6, B0C3QWSJKJ, B0C3QRMT2C, B0C3QV9S1L, B0C3QSN6TR, B0C3QRXT7X, B0D9NFXR4N, B0D9NFF7MQ, B0C3QRVL15, B0C3QXKN7H, B0CDRX5688, B0C3QRG2P9]",amzn1.campaign.1YGU8STHBUW2A,"Commission 15% - B0C3QRVL15 - 10 Stems 17.7"" Faux Pampas Grass Decor",Bnecnet,2026-03-09,2027-03-08,10.00%,5000.0,4990.7,32,800,false
[B0D9XHWL3D],amzn1.campaign.1KZAJ4CW2EJPJ,t520 VISOR,PSLER,2026-03-09,2027-03-09,15.00%,200000.0,199991.0,28,800,false
"[B0DN4M2YQX, B0FX9JL27N]",amzn1.campaign.3NJKPH94TJD6Y,10% Comm | 4.6-Star Viral 2PK Acrylic Hat Stand,SHUNKAIZS,2026-03-09,2027-03-08,10.00%,1000000.0,1000000.0,52,800,false
"[B0DBQFZWKY, B0DBQHFWN7, B0DBQCFFB4, B0DBQBVTLL, B0DBQK93G1, B0DBQFZ8BD, B0DBQGRXTH, B0DBQBVZ5L, B0DBQGRXTF, B0DBQCFG3K, B0DBQCG34S, B0DBQCKVQ2, B0DBQGZDRR, B0DBP97SZ1, B0DBQGBYWT, B0DBQCPCPC, B0DBQFPRNH, B0DBQDGW9G, B0DBQF36MJ, B0DBQDX4SG, B0DBQHC1RY, B0DBQF12X4, B0DBQDVTP9, B0DBQJLK1B, B0DBQGJMRQ, B0DBQDTK48, B0DBQF82KT, B0DBQGHDG4, B0DBQCS3DH, B0DBQH62LW]",amzn1.campaign.2H2NA0LRZXNJU,BJ009 3月5日,LNKQA,2026-03-09,2026-09-09,10.00%,5000.0,4998.2,47,800,false
"[B0FQT16FJW, B0FQTKR5HY, B0FQP2SSPH, B0FQP5SRHC, B0FQP56S8X, B0FQP56SV4]",amzn1.campaign.1V6BOTUIQAD4D,塑藤鞋凳-1,latifolia,2026-03-09,2027-03-08,10.00%,5000.0,4863.58,21,800,false
[B0CNKFPW2S],amzn1.campaign.1BLRV3SG0S6O7,k6 VISOR,PSLER,2026-03-09,2027-03-09,15.00%,200000.0,200000.0,25,800,false
[B0FPCP91LP],amzn1.campaign.2R2PGCFDC779Y,LUXNOVAQ+K23 2-in-1 UV FLASHLIGHT+10%,LUXNOVAQ,2026-03-09,2027-03-08,10.00%,5000.0,4943.2,37,800,false
"[B0DNFHYYWK, B0DNFKCS1M, B0DNFJKCXH, B0DNFJ2T4D, B0DNFKM37L, B0DNFFQTKG, B0DNFJQ9KP, B0DNFGXXNV, B0DNFFKM2M]",amzn1.campaign.38UPC9Z8WOJ8,翻盖鞋凳-2,latifolia,2026-03-09,2027-03-08,10.00%,5000.0,4856.95,25,800,false
[B0FLX9B2YM],amzn1.campaign.2T1A642KFE7DP,Pet Treat Unboxing & Tasting: Freeze Dried Duck Patties,PAWUP,2026-03-09,2026-10-31,10.00%,5000.0,4967.08,28,800,false
[B0G2QPZPQ6],amzn1.campaign.TJU458MW68IU,"Monthly Sales 100+, Commission 10% ASIN:B0G2QPZPQ6 Wall Art One Month",EVBDFCO,2026-03-09,2027-03-08,10.00%,20000.0,19994.54,43,800,false
"[B0CMX82CXX, B0CMX82CZY, B0CMX7F5CD, B0CMX7M1BH, B0CMX7PY8G, B0CMX8XH7K, B0CMX6LXD3, B0CMX8WP5W, B0C2GTDV51, B0CMX5NZ8W, B0CMX7FBV9, B0CMX5SWP3, B0C2GV5TPZ, B0C2GV4C5N, B0CMX7LPZ1, B0CMX81VV5, B0C2GV2HY6, B0CMX639YP, B0CMX68NR4, B0CMX769L4, B0CMX5P8ZJ, B0C2GR5T4Z, B0CMX7HX6Q, B0CMX6CC5R, B0C2GTMRMN, B0CMX747R3, B0C2GXGVNR, B0C2GSXV9T, B0CMX7HSCV, B0C2GXRKXV, B0CMX8T7BS, B0C2GV3ZSP, B0CMX8Y6ZH, B0CMX8B2FF, B0CMX4LFLB, B0C2GQ132N, B0CMX5QF6B, B0CMX8RM1C, B0CMX7Z333, B0CMX6YW5C, B0CMX8Y6ZJ]",amzn1.campaign.2PZRN5O6Z0GHU,Collaborations with ANRABESS Women Summer Maxi Dress (Item Code A1009),ANRABESS,2026-03-09,2026-10-31,10.00%,8000.0,7599.45,0,800,false
[B0D4VD887H],amzn1.campaign.2YUE1JVTM50Q4,R420 VISOR,PSLER,2026-03-09,2027-03-09,15.00%,200000.0,200000.0,28,800,false
"[B0D2L64Z2B, B0D2L2YHNC, B0D2L4V63T, B0D2L7DH1M, B0DNJ8KB2W, B0D2L63RY4, B0D2L5JRRL, B0D2L6R79B, B0DKSL8CQ5]",amzn1.campaign.3UFM1OCIV9XWL,带垫鞋凳-2,latifolia,2026-03-09,2027-03-08,10.00%,5000.0,4992.0,35,800,false
"[B071WLPBY8, B0G589QY3F, B0GF7RH7M3, B07DMDBXJY, B0FX3SK88Y, B0GF6CT1QN, B08MW4RSNM, B0DQW59NTL]",amzn1.campaign.2ICQK5A6FVXJ5,"Love as a gift, care as its core.",Drkao,2026-03-09,2026-09-27,10.08%,82727.0,82727.0,31,800,false
"[B0CJBW53W5, B0CJBWKYWG, B0BPHT6XSH, B0CJBWJ2FX, B0CJBXGM26, B0BPHWDMB4, B0BPHSTLRG, B0BPHSJ6PW, B0BPHT2Q68, B0CJBVGCPX, B0BPHT3FKZ, B0BPHTDN34, B0CJM5ZG7W, B0BPHTDR24, B0CJBYCB2F, B0BPHWP389]",amzn1.campaign.34BMCMVSJI9BN,🏀 Earn 13 Percent Commission: Stylish Basketball Area Rugs for Teen Bedrooms,Jiospet,2026-03-09,2027-02-01,13.00%,5000.0,4975.65,33,800,false
"[B0CJBW53W5, B0CJBWKYWG, B0BPHT6XSH, B0CJBWJ2FX, B0CJBXGM26, B0BPHWDMB4, B0BPHSTLRG, B0BPHSJ6PW, B0BPHT2Q68, B0CJBVGCPX, B0BPHT3FKZ, B0BPHTDN34, B0CJM5ZG7W, B0BPHTDR24, B0CJBYCB2F, B0BPHWP389]",amzn1.campaign.16MJ6PALPE434,🏀 Earn 12 Percent Commission: Vibrant Basketball Court Rugs for Boys Rooms,Jiospet,2026-03-09,2027-02-01,12.00%,5000.0,5000.0,78,800,false
[B0DD3FM6X8],amzn1.campaign.15R32FQZFC2BZ,Commission 10% per order!! - B0DD3FM6X8 - Self Inflating Tesla Model Y Mattress,Focmot,2026-03-12,2027-03-11,10.00%,5000.0,4992.0,29,800,false
"[B0FT3XTS8D, B0DK24BCS7, B0F7FHWV17, B0DK24RN53]",amzn1.campaign.3IZ1W0G5HMIQ3,Earn 10%: Join YUMEOWL's Program to Promote Top-Tier  Fishing Pliers.260305,YUMEOWL,2026-03-09,2027-03-08,10.00%,5000.0,5000.0,87,800,false
"[B0D79FJF37, B0C6L61MW4, B0C6L27LQK, B0C6L2PQJX]",amzn1.campaign.1DCMHDW073G3J,Earn $3.49/Sale → The Laundry Bag Every College Student Needs,Custom Empire Shop,2026-03-09,2026-12-09,10.00%,12000.0,12000.0,64,800,false
[B0G2Q6KMKR],amzn1.campaign.2AZBAUS4BGKK4,"Monthly Sales 100+, Commission 10% ASIN: B0G2Q6KMKR Wall Art One Month",EVBDFCO,2026-03-09,2027-03-08,10.00%,20000.0,19997.34,36,800,false
"[B0F7FLLTQW, B0F7DD2RVD, B0DK5TVG8M, B0DK5SHRCR, B0DK5TR34V, B0DS9QFGWY, B0DK5TH16P, B0F7DVFBSC, B0DK5RKLRG, B0DK5TH16G, B0DK5SP4Z9, B0DK5R9CVD, B0DS9QP295, B0DK5QXMK5, B0DK5RW2KG, B0DK5SXJCV, B0DS9PG3J9, B0DS9QHL3S, B0F7DZGQFF, B0DK5SRC76, B0DK5T2T48, B0DS9QMF12, B0DK5T1S4S, B0DK5V51QV, B0DS9RF4VL, B0DK5RW2CT, B0DK5TMTKR, B0FRSWHS9Q, B0DS9Q6KPT, B0DS9R7VP4, B0DK5RFCJ6, B0DS9Q66WH, B0DK5TD2WQ, B0DK5RV7SH, B0DK5RXZRF, B0DK5TV3SR, B0F7DCWPRY, B0DS9QDS65, B0F7FHQ3MY, B0DK5S8QT8, B0DK5RXH73, B0DS9PZ43Y, B0DS9QMHVR, B0DS9QVL2N, B0DK5TBJL8, B0F7F3LMNT, B0DK5TH2ZY, B0DK5S23Z1, B0DK5VZ5QQ, B0DS9RRYLX, B0DK5S23Z4, B0DS9PBTKQ, B0DS9Q5PG4, B0DK5S7LKZ, B0DK5R6JX4, B0DS9QP5JF, B0DK5T6WCM, B0DK5T6WCL, B0DK5SHVHB, B0FRSTNTFM, B0DK5TWS1T, B0DS9QJFMB, B0DK5S21HK, B0DK5S9PQ7, B0DK5T4SHZ, B0DS9RNJFG, B0DK5T1BQD, B0DS9QTGQV, B0DK5S5VQ8, B0DK5NP234, B0DK5TPX79, B0DK5RTSHW, B0FRSWYN73, B0DK5T1JWS, B0DS9PRPW1, B0DK5V9HFH, B0DS9QJVVT, B0DK5S4W3F, B0DK5TNR93, B0DK5W1P9Z, B0F7FCQWMQ, B0DK5RNKKM, B0DK5TM88B, B0DK5RRGXN, B0DK5SWFJW, B0DK5W1PB2, B0DK5TP9V7, B0DS9QZ9W7, B0DS9QJFGR, B0DS9PDXHK, B0DS9QQDNN, B0DK5SVWB2, B0DK5RW2K9, B0DK5T7S9R, B0DK5T16SJ, B0DK5TJ1FP, B0DK5RL7SV, B0DK5VCDX4, B0DK5RRDT1, B0DK5SZDXR, B0DK5SMG3N, B0DS9PJ3NS, B0DK5MM8BH, B0DK5SJZS5, B0DS9RBDPM, B0DK5SSWS8, B0DK5T4TDL, B0F7F89WYH, B0DK5VXNLL, B0DS9R8PMM, B0F7F23BKS, B0DS9Q83HN, B0DS9QR5FT, B0DK5T3Y8M]",amzn1.campaign.1QPAGTIDIHF4X,Earn 10%: Join YUMEOWL's Program to Promote Top-Tier  Fishing Line.260305,YUMEOWL,2026-03-09,2027-03-08,10.00%,5000.0,5000.0,80,800,false
"[B0CJBW53W5, B0CJBWKYWG, B0BPHT6XSH, B0CJBWJ2FX, B0CJBXGM26, B0BPHWDMB4, B0BPHSTLRG, B0BPHSJ6PW, B0BPHT2Q68, B0CJBVGCPX, B0BPHT3FKZ, B0BPHTDN34, B0CJM5ZG7W, B0BPHTDR24, B0CJBYCB2F, B0BPHWP389]",amzn1.campaign.K7CPBJPDGR57,🏀 Calling all sports room decor and lifestyle creators!,Jiospet,2026-03-09,2027-02-01,10.00%,5000.0,5000.0,90,800,false
[B0DRP7VLL8],amzn1.campaign.1NXN9BEXN2EQ1,K1 VISOR,PSLER,2026-03-09,2027-03-09,15.00%,200000.0,200000.0,28,800,false
"[B0C3M9MR84, B0C7ZXL7XN, B0C3MDKRMP, B0C7ZYJF13, B0CHY52VN3, B0CN92V848]",amzn1.campaign.2VJLMPGVEBOZQ,鞋架-2,latifolia,2026-03-09,2027-03-08,10.00%,5000.0,4984.5,73,800,false
[B0G2QLY967],amzn1.campaign.3ABHT2BF83FFS,"Monthly Sales 100+, Commission 10% ASIN: B0G2QLY967 Wall Art One Month",EVBDFCO,2026-03-09,2027-03-08,10.00%,20000.0,19997.2,42,800,false
[B08CZYGT9T],amzn1.campaign.2MAVOLZECP8VX,FAMCÜTE Japanese Knife Set: The Perfect Blend of Craftsmanship and Sharpness,FAMCÜTE,2026-03-09,2027-03-08,10.00%,10000.0,9833.88,8,800,false
"[B0GM6YJQGN, B0GC42N9L2, B0GC4D6YBM, B0GC4ZK64C, B0GC4PBZ86, B0GC3GYWTP, B0GC4GDZJM, B0GC4DZQ44, B0GC3JXKTP, B0GC42GJ9F, B0GC4NNP3W, B0GC4GFTQ5, B0GC5M1S9B, B0GC3JTDLJ, B0GC42QTKM, B0GC2M4DXY, B0GC34M712, B0GC3K1XMD, B0GC42KBV8, B0GC41K7HH, B0GC4ZL45N, B0GC5LKJNH, B0GC4MPCSS, B0GC51DGZP, B0GC4NBSHK, B0GC3GXMS8, B0GC5YQQGR, B0GC53VWCP, B0GC4GFGKS, B0GC34SCDB, B0GC427C44, B0GC58CQPW, B0GC4P8T1Z, B0GC33SZ3J, B0GC59CFXX, B0GC589SRR, B0GC3JSQN5, B0GC3YX2BH]",amzn1.campaign.3RCI3ZDMCW36Q,You Just Found the Perfect Sofa Cover (Game Over) 🎯,UWWGKK,2026-03-20,2027-03-19,10.00%,5000.0,5000.0,93,800,false
[B0G2QMQD5F],amzn1.campaign.M6LDFVQERDY0,"Monthly Sales 100+, Commission 10% ASIN: B0G2QMQD5F Wall Art One Month",EVBDFCO,2026-03-09,2027-03-08,10.00%,20000.0,20000.0,48,800,false
"[B0D66FCBSV, B0D66DKYWD, B0D66B92H6, B0D66DYF1M, B0D66DMBFW, B0D667DRXV, B0FHJTP972, B0D663ZKRC, B0FHJYFGGR]",amzn1.campaign.A87CYX179115,Oversized Beach Towels Microfiber Quick Dry,CABANANA,2026-03-09,2027-03-08,10.00%,5000.0,4412.47,15,800,false
"[B0GM6YJQGN, B0GC42N9L2, B0GC4D6YBM, B0GC4ZK64C, B0GC4PBZ86, B0GC3GYWTP, B0GC4GDZJM, B0GC4DZQ44, B0GC3JXKTP, B0GC42GJ9F, B0GC4NNP3W, B0GC4GFTQ5, B0GC5M1S9B, B0GC3JTDLJ, B0GC42QTKM, B0GC2M4DXY, B0GC34M712, B0GC3K1XMD, B0GC42KBV8, B0GC41K7HH, B0GC4ZL45N, B0GC5LKJNH, B0GC4MPCSS, B0GC51DGZP, B0GC4NBSHK, B0GC3GXMS8, B0GC5YQQGR, B0GC53VWCP, B0GC4GFGKS, B0GC34SCDB, B0GC427C44, B0GC58CQPW, B0GC4P8T1Z, B0GC33SZ3J, B0GC59CFXX, B0GC589SRR, B0GC3JSQN5, B0GC3YX2BH]",amzn1.campaign.V4PBDA523IOY,UWWGKK Boho Sofa Cover – Where Style Meets Survival 🛋️🔥,UWWGKK,2026-03-19,2027-03-18,10.00%,5000.0,5000.0,99,800,false
[B07YPY9Q6G],amzn1.campaign.3GUHVUKS3HMTY,FAMCÜTE 8-Inch Japanese Chef's Knife: Elevate Your Culinary Experience,FAMCÜTE,2026-03-09,2027-03-07,10.00%,10000.0,9285.19,0,800,false
"[B0DD7BGCR7, B0DD7CZHL8, B0DD79NJBN, B0DD7DKW5L, B0DD7BQ4LD, B0DD7B1NGV, B0DD7CJ7SN, B0DD7B4X6S, B0DD7DBLHF, B0DD798DKQ, B0DD7BX45T, B0DD7BZYSZ, B0DD7C6BKG, B0DD79RJRG, B0DD7CV42B, B0DD7B8XY4, B0DD7B3XWR, B0DD7D1Y57, B0DD7CKKYF, B0DD7DL64G, B0DD7BDZLT, B0DD7BQ6DS, B0DD7BJQFP, B0DD7BFWQ1, B0DD7CJJRT, B0DD7DYS4J, B0DD7C3K4K, B0DD7BFW3W, B0DD79S7WG, B0DD7C7MDR]",amzn1.campaign.I52Q898F628P,BJ010 3月5日,LNKQA,2026-03-09,2026-09-09,10.00%,5000.0,4995.2,56,800,false
[B0G2QNYQWP],amzn1.campaign.2YHAIH6E1LYRE,"Monthly Sales 100+, Commission 10% ASIN: B0G2QNYQWP Wall Art One Month",EVBDFCO,2026-03-09,2027-03-08,10.00%,20000.0,19992.3,36,800,false
[B07LFXYNR2],amzn1.campaign.2JS118ISBN6HK,10% | $3.89/Sale → Steady Earner | Car Front Seat Organizer,Tidify,2026-03-09,2026-12-09,10.00%,10000.0,10000.0,68,800,false
"[B0GM6YJQGN, B0GC42N9L2, B0GC4D6YBM, B0GC4ZK64C, B0GC4PBZ86, B0GC3GYWTP, B0GC4GDZJM, B0GC4DZQ44, B0GC3JXKTP, B0GC42GJ9F, B0GC4NNP3W, B0GC4GFTQ5, B0GC5M1S9B, B0GC3JTDLJ, B0GC42QTKM, B0GC2M4DXY, B0GC34M712, B0GC3K1XMD, B0GC42KBV8, B0GC41K7HH, B0GC4ZL45N, B0GC5LKJNH, B0GC4MPCSS, B0GC51DGZP, B0GC4NBSHK, B0GC3GXMS8, B0GC5YQQGR, B0GC53VWCP, B0GC4GFGKS, B0GC34SCDB, B0GC427C44, B0GC58CQPW, B0GC4P8T1Z, B0GC33SZ3J, B0GC59CFXX, B0GC589SRR, B0GC3JSQN5, B0GC3YX2BH]",amzn1.campaign.2HD2LUEBPQPYV,"3 Reasons This $39 Sofa Cover Changed My Life (No, Really)",UWWGKK,2026-03-18,2027-03-17,10.00%,5000.0,5000.0,87,800,false
[B0G2QV956W],amzn1.campaign.29JWQ3K2GVBNY,"Monthly Sales 100+, Commission 10% ASIN: B0G2QV956W Wall Art One Month",EVBDFCO,2026-03-09,2027-03-08,11.00%,20000.0,20000.0,32,800,false
"[B0CL6DYJ3V, B0CL6DW67L, B0BZH3BZM3, B0CL6FJBMY, B0CL6CSNG4, B0BZH3Q5V5, B0BXDLGDWR, B0BZH3SX35, B0CL6FH4K5, B0BZH1T6YP, B0BZH2BLDV, B0BXDJ2YVC, B0BZH391PC, B0CL6CV61L, B0CL6F7JFJ, B0BZH3Y269, B0CL6F5KS4, B0BZH291DB, B0BZH6HG7H, B0BZH27RTM]",amzn1.campaign.2PSOSY050Y15R,Calling all home decor and family lifestyle creators!🎀,Jiospet,2026-03-09,2027-02-01,13.00%,5000.0,4997.4,74,800,false
"[B06VVRRP31, B07VYZ6PFH, B06WLL7JWN, B07F3P1PML, B011IEUT98, B011IEUXIU, B01MQD2MZT]",amzn1.campaign.1O8FZB1ZE77QG,Earn 12% + FREE Sample – U7 Virgin Mary Necklace for Women ✝️,U7,2026-03-10,2027-03-09,12.00%,10000.0,9903.12,8,800,false
[B0DD3FM6X8],amzn1.campaign.14Y9LRQPL64YE,Commission 10% per order!! - B0DD3FM6X8 - Self Inflating Tesla Model Y Mattress,Focmot,2026-03-09,2026-09-30,10.00%,5000.0,4388.82,75,800,false
"[B0DQ95GW1H, B0DQ944RYX, B0GGHC7MDT, B0GF282K17, B0DQ97NQS7, B0DQ96K4WV]",amzn1.campaign.TBL671QWPJ81,Ni-JASW Easter Throw Pillow Covers 18 in x 18 in Set of 4,Ni-JASW,2026-03-09,2027-02-28,10.00%,5000.0,4983.52,30,800,false
"[B0CL6DYJ3V, B0CL6DW67L, B0BZH3BZM3, B0CL6FJBMY, B0CL6CSNG4, B0BZH3Q5V5, B0BXDLGDWR, B0BZH3SX35, B0CL6FH4K5, B0BZH1T6YP, B0BZH2BLDV, B0BXDJ2YVC, B0BZH391PC, B0CL6CV61L, B0CL6F7JFJ, B0BZH3Y269, B0CL6F5KS4, B0BZH291DB, B0BZH6HG7H, B0BZH27RTM]",amzn1.campaign.2XMJXEPIV4O5C,Attention parenting and home styling creators!🎀,Jiospet,2026-03-09,2027-02-01,12.00%,5000.0,5000.0,76,800,false
"[B0F245T217, B0F245QLQL, B0F247C4D6, B0F247RPWB, B0F245MVFL, B0F247Q565, B0F2463FZW, B0F2478LW6, B0F24421JS, B0F248RMTS, B0F245PB82, B0F247FW4V, B0F246F3LD, B0F244Y8C6, B0F2466NHL, B0F244M344, B0F244YN6B, B0F245VJ59, B0F2478HB4, B0F2494PTV, B0F245ST2Y, B0F247G674, B0F246VDM6, B0F245ZCQR, B0F245ZB8Z]",amzn1.campaign.T8U3TEW9W1AB,BJ017 3月5日,LNKQA,2026-03-09,2026-09-09,10.00%,5000.0,4999.0,54,800,false
"[B0CL6DYJ3V, B0CL6DW67L, B0BZH3BZM3, B0CL6FJBMY, B0CL6CSNG4, B0BZH3Q5V5, B0BXDLGDWR, B0BZH3SX35, B0CL6FH4K5, B0BZH1T6YP, B0BZH2BLDV, B0BXDJ2YVC, B0BZH391PC, B0CL6CV61L, B0CL6F7JFJ, B0BZH3Y269, B0CL6F5KS4, B0BZH291DB, B0BZH6HG7H, B0BZH27RTM]",amzn1.campaign.2K7Z3ZSSZPJ3D,Calling all kids room decor and lifestyle creators!🎀,Jiospet,2026-03-09,2027-02-01,10.00%,5000.0,5000.0,81,800,false
[B0G2QPNYBT],amzn1.campaign.1XCGMTQ59I188,"Monthly Sales 100+, Commission 10% ASIN:B0G2QPNYBT Wall Art One Month",EVBDFCO,2026-03-09,2027-03-08,10.00%,20000.0,19997.48,33,800,false
[B0G2QPFNTR],amzn1.campaign.364I83COMOKAC,"Monthly Sales 100+, Commission 10% ASIN:B0G2QPFNTR Wall Art One Month",EVBDFCO,2026-03-09,2027-03-08,10.00%,20000.0,19997.76,40,800,false
[B0G2QVBJ41],amzn1.campaign.2M0CLOD027EMZ,"Monthly Sales 100+, Commission 10% ASIN:B0G2QVBJ41 Wall Art One Month",EVBDFCO,2026-03-09,2027-03-08,10.00%,20000.0,20000.0,38,800,false
[B0FMJT8T4L],amzn1.campaign.A2V2AN8P2NE8,10%Commission_B0FMJT8T4L_FL-7-26.3.9-27.3.8,Vinaco,2026-03-09,2027-03-08,10.00%,10000.0,10000.0,72,800,false
"[B0GM6YJQGN, B0GC42N9L2, B0GC4D6YBM, B0GC4ZK64C, B0GC4PBZ86, B0GC3GYWTP, B0GC4GDZJM, B0GC4DZQ44, B0GC3JXKTP, B0GC42GJ9F, B0GC4NNP3W, B0GC4GFTQ5, B0GC5M1S9B, B0GC3JTDLJ, B0GC42QTKM, B0GC2M4DXY, B0GC34M712, B0GC3K1XMD, B0GC42KBV8, B0GC41K7HH, B0GC4ZL45N, B0GC5LKJNH, B0GC4MPCSS, B0GC51DGZP, B0GC4NBSHK, B0GC3GXMS8, B0GC5YQQGR, B0GC53VWCP, B0GC4GFGKS, B0GC34SCDB, B0GC427C44, B0GC58CQPW, B0GC4P8T1Z, B0GC33SZ3J, B0GC59CFXX, B0GC589SRR, B0GC3JSQN5, B0GC3YX2BH]",amzn1.campaign.1CYSD0B7M3U5P,Save Your Sofa (Without Sacrificing Style!) 😍🐶,UWWGKK,2026-03-17,2027-03-16,10.00%,5000.0,5000.0,90,800,false
"[B0G7FV5HJP, B0G7FR221F, B0G7G87RBZ, B0G7FKQLQ3, B0G7F5MLBP, B0G7G5NJPP, B0G7G9M671, B0G7GD911N]",amzn1.campaign.3RZZO395SOP0M,2026 Latest Women's Sheer Poncho Cover Up Top | MAKABO Partnership Invitation,MAKABO,2026-03-09,2027-01-20,15.00%,5000.0,4991.13,15,800,false
[B0G2QRH11D],amzn1.campaign.30A0Y9VY3HN0Q,"Monthly Sales 100+, Commission 10% ASIN:B0G2QRH11D Wall Art One Month",EVBDFCO,2026-03-09,2027-03-08,10.00%,20000.0,20000.0,38,800,false
"[B0F23SYNYZ, B0F23TLD1Y, B0F23RR2TS, B0F23RJ6ZQ, B0FG28WDFM, B0FG28ZNN3, B0F23V4RMV, B0F23RWMT4, B0F23T21MV, B0F23Q2ZB5, B0F23TXDQ2, B0F23T1DBR, B0F23R1M79, B0F23RGH18, B0F23WQ9ND, B0F23SBN3K, B0FG26MHTB, B0F23SL5CH, B0F23S7C4Q, B0F23SCPV1, B0F23TS1T9, B0F23RG6CZ, B0F23STY1Z, B0FG2CJ5DV, B0F23T6XJ4, B0F23RRYGZ, B0F23SN7T8, B0F23MTYXG, B0F23SX5DK, B0F23VNG3D, B0F23SDZBP, B0FG2856D6, B0F23SMND9, B0F23P119J, B0F23SK76G]",amzn1.campaign.2SOTCLDOEXB4C,BJ019 3月5日,LNKQA,2026-03-09,2026-09-09,10.00%,5000.0,5000.0,51,800,false
"[B0G5F8BSFR, B0G5FSCBWR, B0G5FBY6TG, B0G5DNHHWC, B0G5G18QY6, B0G5FQHBGL, B0G5FLZ38C, B0G5GC1LG3, B0G5DRYS2W, B0G5F8LV8Y, B0G5DYD7WW, B0G5F1TFWY, B0G5FVT25M, B0G5FMSLSD, B0G5F8D45V, B0G5FRSFG4, B0G5DGGQXQ, B0G5G7QY83, B0G5FPDMRC, B0G5G3FZJS, B0G5DDSDRR, B0G5F8LV91, B0G5DR8V9H, B0G5FTNPRM, B0G5DNTRY7, B0G5FS4DM3, B0G5DS4T1Z, B0G5FGN1T6, B0G5FCX9VF, B0G5G18N99, B0G5FVS3SC, B0G5DDW7S4, B0G5FS7ZV6, B0G5FPPJ8D, B0G5DS1MZL, B0G5DNQMG8, B0G5DDB4XQ, B0G5F8SHZ7, B0G5DK45MH, B0G5FXW1N4]",amzn1.campaign.3661T4OAOH8N6,Ninee Plus Size Hot Shot Tee Romper Casual Jumpsuits NI51922,Ninee,2026-03-09,2026-12-31,10.00%,10000.0,9879.99,25,800,false
[B0G2QLZN11],amzn1.campaign.2IY3PMT60NREW,"Monthly Sales 100+, Commission 10% ASIN:B0G2QLZN11 Wall Art One Month",EVBDFCO,2026-03-09,2027-03-08,10.00%,20000.0,20000.0,38,800,false
"[B0G4MDFXF3, B0G4MFH2FW, B0G4MGQ4C5, B0G4MG7RLF, B0G4MGZQXF, B0G4MFW8RF, B0G4MF8S9C, B0G4MJSDM8]",amzn1.campaign.UJU7Z02OUGZ5,2026 Latest Women's Sheer Poncho Cover Up | MAKABO Partnership Invitation,MAKABO,2026-03-09,2027-01-20,15.00%,5000.0,4771.83,8,800,false
"[B0CJ4PGRKT, B0D8SJWWRH, B0CJ4Q4J9Y, B0CJ4N6FCG, B0CJ4N1W16, B09WRFG395, B09X31JNSS, B0CJ4P9B4M, B09YM3SZBC, B09WRD4R5R, B09YM4BHM3, B09X32D4N3, B09YM339WF, B09WRFQZ3Q, B0D8S92VG6, B0D8SBCR6W, B09X2ZN1VL, B09X3383Z9, B09WRF6XQJ, B0D8S7KYC1, B0D8S6QHTF, B09WRF18WT, B09WRG6JK3, B09WRF7YFQ, B09WRFY556, B09YM3RFC3, B09WRG3Y9Y, B0D8SH1HKR, B09YM2SS9L, B0D8SD2WHB]",amzn1.campaign.30LY3TK9RSWX5,🎮Calling all home decor and gamer lifestyle creators!,Jiospet,2026-03-09,2027-03-01,13.00%,5000.0,4998.18,74,800,false
"[B0GM6YJQGN, B0GC42N9L2, B0GC4D6YBM, B0GC4ZK64C, B0GC4PBZ86, B0GC3GYWTP, B0GC4GDZJM, B0GC4DZQ44, B0GC3JXKTP, B0GC42GJ9F, B0GC4NNP3W, B0GC4GFTQ5, B0GC5M1S9B, B0GC3JTDLJ, B0GC42QTKM, B0GC2M4DXY, B0GC34M712, B0GC3K1XMD, B0GC42KBV8, B0GC41K7HH, B0GC4ZL45N, B0GC5LKJNH, B0GC4MPCSS, B0GC51DGZP, B0GC4NBSHK, B0GC3GXMS8, B0GC5YQQGR, B0GC53VWCP, B0GC4GFGKS, B0GC34SCDB, B0GC427C44, B0GC58CQPW, B0GC4P8T1Z, B0GC33SZ3J, B0GC59CFXX, B0GC589SRR, B0GC3JSQN5, B0GC3YX2BH]",amzn1.campaign.20WMTY9EPEQZ3,Transform Your Sofa with Boho Style & Pet-Friendly Protection! 🛋️✨,UWWGKK,2026-03-16,2027-03-15,10.00%,5000.0,5000.0,90,800,false
[B0G2QPTMRL],amzn1.campaign.1UR5YP6RSBVG0,"Monthly Sales 100+, Commission 10% ASIN:B0G2QPTMRL Wall Art One Month",EVBDFCO,2026-03-09,2027-03-08,10.00%,20000.0,19997.2,39,800,false
[B0GJ2J5DGJ],amzn1.campaign.1O256GJC6Q4E0,Holercoco Anti Barking Device for Dogs,Holercoco,2026-03-09,2026-09-08,10.00%,5000.0,4920.8,25,800,false
[B0GN1WKF9R],amzn1.campaign.3MEIRXYG81UOS,"Suteck Hammock Chair with Footrest – Commission10%, Monthly Sales of $500,000",Suteck,2026-03-09,2026-12-31,10.00%,20000.0,19872.0,36,800,false
"[B0CJ4PGRKT, B0D8SJWWRH, B0CJ4Q4J9Y, B0CJ4N6FCG, B0CJ4N1W16, B09WRFG395, B09X31JNSS, B0CJ4P9B4M, B09YM3SZBC, B09WRD4R5R, B09YM4BHM3, B09X32D4N3, B09YM339WF, B09WRFQZ3Q, B0D8S92VG6, B0D8SBCR6W, B09X2ZN1VL, B09X3383Z9, B09WRF6XQJ, B0D8S7KYC1, B0D8S6QHTF, B09WRF18WT, B09WRG6JK3, B09WRF7YFQ, B09WRFY556, B09YM3RFC3, B09WRG3Y9Y, B0D8SH1HKR, B09YM2SS9L, B0D8SD2WHB]",amzn1.campaign.2PAVZ4D0II8XF,🎮Attention parenting and kids room styling creators!,Jiospet,2026-03-09,2027-03-01,12.00%,5000.0,5000.0,79,800,false
[B08KZPT6YH],amzn1.campaign.4RQUAFJKDZKL,10% | $7.99/Sale → Tactical Patrol Bag,Tidify,2026-03-09,2026-12-09,10.00%,10000.0,10000.0,85,800,false
"[B0CJ4PGRKT, B0D8SJWWRH, B0CJ4Q4J9Y, B0CJ4N6FCG, B0CJ4N1W16, B09WRFG395, B09X31JNSS, B0CJ4P9B4M, B09YM3SZBC, B09WRD4R5R, B09YM4BHM3, B09X32D4N3, B09YM339WF, B09WRFQZ3Q, B0D8S92VG6, B0D8SBCR6W, B09X2ZN1VL, B09X3383Z9, B09WRF6XQJ, B0D8S7KYC1, B0D8S6QHTF, B09WRF18WT, B09WRG6JK3, B09WRF7YFQ, B09WRFY556, B09YM3RFC3, B09WRG3Y9Y, B0D8SH1HKR, B09YM2SS9L, B0D8SD2WHB]",amzn1.campaign.3FKEGIZ50ML9Q,🎮Calling all gaming room decor and lifestyle creators!,Jiospet,2026-03-09,2027-03-01,10.00%,5000.0,5000.0,93,800,false
[B0FLWPMRSJ],amzn1.campaign.2K2GVLZKCV7DW,Limited Sample – Baked with Love Baking Stickers for Bakery & Homemade Packaging,jeecalart,2026-03-09,2027-03-08,15.00%,5000.0,4935.52,23,800,false
"[B0FNR3VQTB, B0DMSVXSR7, B0FF4C5R5H, B0DWFKQ136, B0F32M1LWR, B0FNQDNS1D, B0G6C646N5, B0DT15WJ6X, B0FF452GL6, B0FHH5NNC1]",amzn1.campaign.1ZVBR5FFJD2VQ,洗马套装 15%,IDUNSEED,2026-03-09,2026-09-30,12.00%,5000.0,4998.5,38,800,false
[B0GBRSQV2S],amzn1.campaign.1XMH6MJQGXF8E,"Monthly Sales 100+, Commission 10% ASIN:B0GBRSQV2S Wall Art One Month",EVBDFCO,2026-03-09,2027-03-08,10.00%,20000.0,20000.0,42,800,false
"[B0FT7S2SG3, B0DK5T6L9D, B0FXM2RKLQ, B0DXPQKK7F, B0DK5RH53K, B0FY6GLQNP, B0FLP4HKR6, B0FXM2BL6X, B0FXM1YG35, B0FT7RBQNV, B0DK5RNTPM, B0FT7QP82T, B0FXM3MNCG, B0F127MYKZ, B0FXM2KTB6, B0DK5RL98V, B0FT7R6NGT, B0F12TJ87B, B0FT7RWRGV, B0FT7QY823, B0DK5TF8F6, B0DK5QXM4G, B0FG31PC42, B0DK5SDSSL, B0DXPQRFVC, B0DK5SB2RJ, B0F12VKPBM, B0FXM2MF8L, B0F12KMDXV, B0FT7W9CND, B0FT7RM233]",amzn1.campaign.2ZJ63HP1XXRBX,009创作者链接,UVV,2026-03-09,2026-10-31,10.00%,50000.0,49342.65,12,800,false
"[B0GFCQV766, B0GFCVTMP9, B0GFCMWFZ8, B0GFCZ5FBR, B0GFCV2V4L, B0GFCK42R2, B0GFCNHHXF, B0GFCMM19K, B0GFCZB1WB, B0GFCVMSQZ, B0GFCLBKYX, B0GFCQFYCZ, B0GFCPHMY4, B0GFCDXJNB, B0GFCHYRL6, B0GFCX2T25, B0GFCZHSCB, B0GFCQCR38, B0GFCH4S79, B0GFCLG9KP, B0GFCY5PV8]",amzn1.campaign.21NMS8WFMFX4U,其他尺寸组10,COZHQAN,2026-03-09,2027-02-27,10.00%,5000.0,5000.0,76,800,false
"[B0GFCQV766, B0GFCVTMP9, B0GFCMWFZ8, B0GFCZ5FBR, B0GFCV2V4L, B0GFCK42R2, B0GFCNHHXF, B0GFCMM19K, B0GFCZB1WB, B0GFCVMSQZ, B0GFCLBKYX, B0GFCQFYCZ, B0GFCPHMY4, B0GFCDXJNB, B0GFCHYRL6, B0GFCX2T25, B0GFCZHSCB, B0GFCQCR38, B0GFCH4S79, B0GFCLG9KP, B0GFCY5PV8]",amzn1.campaign.T4ET86NLWVSD,其他尺寸组9,COZHQAN,2026-03-09,2027-02-28,10.00%,5000.0,5000.0,91,800,false
"[B0GFCQV766, B0GFCVTMP9, B0GFCMWFZ8, B0GFCZ5FBR, B0GFCV2V4L, B0GFCK42R2, B0GFCNHHXF, B0GFCMM19K, B0GFCZB1WB, B0GFCVMSQZ, B0GFCLBKYX, B0GFCQFYCZ, B0GFCPHMY4, B0GFCDXJNB, B0GFCHYRL6, B0GFCX2T25, B0GFCZHSCB, B0GFCQCR38, B0GFCH4S79, B0GFCLG9KP, B0GFCY5PV8]",amzn1.campaign.3QKJ0EJNECLZK,其他尺寸组8,COZHQAN,2026-03-09,2027-03-01,10.00%,5000.0,5000.0,85,800,false
[B0GBSLT475],amzn1.campaign.X8ONF6N9KU66,"Monthly Sales 100+, Commission 10% ASIN:B0GBSLT475 Wall Art One Month",EVBDFCO,2026-03-09,2027-03-08,10.00%,20000.0,19997.92,50,800,false
[B0CYBVT6H7],amzn1.campaign.B8EDU8056P0C,"Quotemcuy Cooperation Invitation: TI-84 Plus CE Battery, 20% Commission",Qoutmcuy,2026-03-09,2026-12-31,20.00%,5000.0,4774.61,30,800,false
"[B0GFCQV766, B0GFCVTMP9, B0GFCMWFZ8, B0GFCZ5FBR, B0GFCV2V4L, B0GFCK42R2, B0GFCNHHXF, B0GFCMM19K, B0GFCZB1WB, B0GFCVMSQZ, B0GFCLBKYX, B0GFCQFYCZ, B0GFCPHMY4, B0GFCDXJNB, B0GFCHYRL6, B0GFCX2T25, B0GFCZHSCB, B0GFCQCR38, B0GFCH4S79, B0GFCLG9KP, B0GFCY5PV8]",amzn1.campaign.3IUNLCEHK3XF0,其他尺寸组7,COZHQAN,2026-03-09,2027-03-02,10.00%,5000.0,5000.0,81,800,false
"[B0GFCQV766, B0GFCVTMP9, B0GFCMWFZ8, B0GFCZ5FBR, B0GFCV2V4L, B0GFCK42R2, B0GFCNHHXF, B0GFCMM19K, B0GFCZB1WB, B0GFCVMSQZ, B0GFCLBKYX, B0GFCQFYCZ, B0GFCPHMY4, B0GFCDXJNB, B0GFCHYRL6, B0GFCX2T25, B0GFCZHSCB, B0GFCQCR38, B0GFCH4S79, B0GFCLG9KP, B0GFCY5PV8]",amzn1.campaign.2OBBV2Y9U3PWZ,其他尺寸组6,COZHQAN,2026-03-09,2027-03-03,10.00%,5000.0,5000.0,79,800,false
[B0GBSR9SZ2],amzn1.campaign.WVTMINQJJL39,"Monthly Sales 100+, Commission 10% ASIN:B0GBSR9SZ2 Wall Art One Month",EVBDFCO,2026-03-09,2027-03-08,10.00%,20000.0,20000.0,48,800,false
"[B0GFCQV766, B0GFCVTMP9, B0GFCMWFZ8, B0GFCZ5FBR, B0GFCV2V4L, B0GFCK42R2, B0GFCNHHXF, B0GFCMM19K, B0GFCZB1WB, B0GFCVMSQZ, B0GFCLBKYX, B0GFCQFYCZ, B0GFCPHMY4, B0GFCDXJNB, B0GFCHYRL6, B0GFCX2T25, B0GFCZHSCB, B0GFCQCR38, B0GFCH4S79, B0GFCLG9KP, B0GFCY5PV8]",amzn1.campaign.3SYVB1SQPVV1T,其他尺寸组5,COZHQAN,2026-03-09,2027-03-04,10.00%,5000.0,5000.0,86,800,false
"[B0GFCQV766, B0GFCVTMP9, B0GFCMWFZ8, B0GFCZ5FBR, B0GFCV2V4L, B0GFCK42R2, B0GFCNHHXF, B0GFCMM19K, B0GFCZB1WB, B0GFCVMSQZ, B0GFCLBKYX, B0GFCQFYCZ, B0GFCPHMY4, B0GFCDXJNB, B0GFCHYRL6, B0GFCX2T25, B0GFCZHSCB, B0GFCQCR38, B0GFCH4S79, B0GFCLG9KP, B0GFCY5PV8]",amzn1.campaign.7J2I2KO31C9S,其他尺寸组4,COZHQAN,2026-03-09,2027-03-05,10.00%,5000.0,5000.0,86,800,false
"[B0FCLSJC23, B0FCLYT3S3, B0FCG3VYZR, B0FCLJN8YM, B0FCG6ZSRJ, B0FCG4G32D, B0FCG717M1]",amzn1.campaign.NR65RIPENPT4,床头柜003004-佣金15%,IUNVR,2026-03-09,2026-10-31,15.00%,5000.0,3793.23,23,800,false
"[B0D7BQPZ1N, B0D66CDD1R, B0DLGRYWHR]",amzn1.campaign.1LGBYU5EMP3LD,"We're Not Just a Program, We're Your Growth Partner in Auto.",lucorim,2026-03-09,2027-03-08,10.00%,1000000.0,999962.2,19,800,false
"[B0GFCQV766, B0GFCVTMP9, B0GFCMWFZ8, B0GFCZ5FBR, B0GFCV2V4L, B0GFCK42R2, B0GFCNHHXF, B0GFCMM19K, B0GFCZB1WB, B0GFCVMSQZ, B0GFCLBKYX, B0GFCQFYCZ, B0GFCPHMY4, B0GFCDXJNB, B0GFCHYRL6, B0GFCX2T25, B0GFCZHSCB, B0GFCQCR38, B0GFCH4S79, B0GFCLG9KP, B0GFCY5PV8]",amzn1.campaign.J7MYMGS9M2H3,其他尺寸组3,COZHQAN,2026-03-09,2027-03-06,10.00%,5000.0,5000.0,89,800,false
"[B0GFCQV766, B0GFCVTMP9, B0GFCMWFZ8, B0GFCZ5FBR, B0GFCV2V4L, B0GFCK42R2, B0GFCNHHXF, B0GFCMM19K, B0GFCZB1WB, B0GFCVMSQZ, B0GFCLBKYX, B0GFCQFYCZ, B0GFCPHMY4, B0GFCDXJNB, B0GFCHYRL6, B0GFCX2T25, B0GFCZHSCB, B0GFCQCR38, B0GFCH4S79, B0GFCLG9KP, B0GFCY5PV8]",amzn1.campaign.1LFREAM3Z462Z,其他尺寸组2,COZHQAN,2026-03-09,2027-03-07,10.00%,5000.0,5000.0,83,800,false
"[B0GFCQV766, B0GFCVTMP9, B0GFCMWFZ8, B0GFCZ5FBR, B0GFCV2V4L, B0GFCK42R2, B0GFCNHHXF, B0GFCMM19K, B0GFCZB1WB, B0GFCVMSQZ, B0GFCLBKYX, B0GFCQFYCZ, B0GFCPHMY4, B0GFCDXJNB, B0GFCHYRL6, B0GFCX2T25, B0GFCZHSCB, B0GFCQCR38, B0GFCH4S79, B0GFCLG9KP, B0GFCY5PV8]",amzn1.campaign.1TWWOZUBTPV03,其他尺寸组1,COZHQAN,2026-03-09,2027-03-08,10.00%,5000.0,4977.2,48,800,false
"[B0FGDHGZH6, B0FGDJCMB4, B0FGDGMNWL]",amzn1.campaign.2A68W3SUM4TTZ,Stage 1 WM Campaign 2,Quiveli,2026-03-09,2027-01-22,15.00%,5000.0,4996.25,52,800,false
[B0GBRGDMYH],amzn1.campaign.M4KU11PWQLTE,"Monthly Sales 100+, Commission 10% ASIN:B0GBRGDMYH Wall Art One Month",EVBDFCO,2026-03-09,2027-03-08,10.00%,20000.0,19995.47,48,800,false
[B0FLJK4GP5],amzn1.campaign.1TLQVQ5DXH14D,10%Commission_B0FLJK4GP5_FL-1-26.3.9-27.3.8,Vinaco,2026-03-09,2027-03-08,10.00%,10000.0,10000.0,35,800,false
[B0CF789PPF],amzn1.campaign.9LCDIUI7RAWJ,Petnox,DIAGNOX HEALTH,2026-03-09,2027-03-08,15.00%,5000.0,4759.61,24,800,false
[B0DVTCJCWS],amzn1.campaign.JL7KO2L9T5W6,VpH 3,DIAGNOX HEALTH,2026-03-09,2027-03-08,15.00%,5000.0,4988.09,41,800,false
"[B0FWR7LB1F, B0G1LCYRN4, B0FRMVDMV5, B0FT2BTD3W, B0G51LP75S]",amzn1.campaign.1DEKNE5T55V07,家具产品 15,IDUNSEED,2026-03-09,2027-01-31,15.00%,5000.0,4983.37,36,800,false
"[B0FJ7Z8F5Z, B0FJ7ZB8QS]",amzn1.campaign.2XJCWJQR6H4DA,10% Comm | 4.7-Star Viral Gold Trim Acrylic Purse Stand,Jolboldy,2026-03-09,2027-03-08,10.00%,1000000.0,1000000.0,52,800,false
[B0DTQ72LCL],amzn1.campaign.XTWRPKMO6MCD,Nitric Oxide Test,DIAGNOX HEALTH,2026-03-09,2027-03-08,15.00%,5000.0,4966.85,41,800,false
"[B0D9H1GLVL, B0G2BY6544, B0DZ6J8RMQ, B0DFYXFTRV, B0D5B8NQQJ, B0DCP3DSBC, B0DFYYJCWF, B0G2Y5GKWQ, B0F62M9L7C, B0F5W2MJDB, B0DQXLGK8S, B0DK2TW9ZL, B0DK34K3FJ, B0DGTB4K1K, B0D738KKLX, B0G2Y98XY5, B0DCVS7S3H, B0FGHP8PVZ, B0DGTB5S4S]",amzn1.campaign.3TKEAWT0H6RDF,Limited Spots Open: High-Commission Auto Parts Partners Wanted,LITCOMFY,2026-03-09,2027-03-08,10.00%,1000000.0,999453.01,6,800,false
"[B0GJRDWT87, B09321FQTT, B0GJRH9K39]",amzn1.campaign.2S2430QQU36SZ,Handmade With Love Sticker – Limited Sample Campaign,xcanartvy,2026-03-09,2026-10-31,15.00%,10000.0,9939.86,21,800,false
"[B0CKMV6HSB, B0DJ53N16G, B0CX1FTJGJ, B0F59CWWTB, B0B882C84X, B0DJ52MPBF, B0F5928Q11, B0CKMS7B64, B0F58T4NM6, B0DJ53CC2W, B0F58MV693, B0DJ53Q4DK, B0F586T3LB, B0CKMTVK23, B0F58C98PD, B09VX7B2L9, B0DJ54ZH5D, B09W2F132Q, B0DJ53W5DX, B0F58QDLJV, B0DJ54RWBN, B0CKMTSTTY, B0DJ53HCN2, B0D5MB5RXQ, B0F58LKNDH, B0CKMSS4ZV, B0F58C77KH, B0F58S2ND4, B0BC67CP7X, B0F58Q1W36, B0F58Q5BW1, B0B87YQNMF, B0CKMX3JNH, B0D72NRY21, B0DJ52KLVJ, B0F595JP3Z, B0F58T2SJM, B0F58W5VL7, B0F598JDZF, B0DJ54532Y, B0CKMRLWWB, B0CKMVL86T, B0B881Y831, B0B7LWC8FH, B0B87ZT6Q1, B0F591WJN8, B0DJ531MYB, B0CX1GDVGH, B0CKMTCHBX, B0F58JGVWP, B0CX1BNZ7F, B0CKMTSRNX, B0DJ54CT3F, B0F598GYC7, B0DJ53ZTSW, B0CKMV3NMX, B0F584N77C, B0CLL5229W, B0DJ53PGPJ, B0DJ53PH24, B0F58YC3DT, B0DJ54TG7V, B0DJ52LF4P, B0D72ZS7WN, B0DJ54DF5Y, B0F585Q22N, B0B882JSC7, B0CKMSZTGM, B0BC664913, B0CKMTCFLB, B09VXCY9WG, B0CX173B43, B0DJ52LF4H, B0D5MDPWH5, B0B883C2QH, B0DJ52MMGN, B0F585QG2R, B0D7P5MTTV, B0BZVMNCR6, B0F58TFQ11, B0F58S3CGL, B0CLL3L6CR, B0B883DQL7, B09W2F4XGT, B0DJ54C9HR, B0CKMV7QMS, B0B7KYSQ4X, B0DJ54RTRN, B0D5MCHMLC, B0DJ5294Y5, B0F58Y31J4, B0CKMS2HH2, B0CKMVBMKP, B0DJ542WWL, B0CKMTHM87, B0CKMVJV51, B0F58VT3T6, B0F58BX3WJ, B0CKMTQ3BL, B0DJ54DD46, B0DJ52JGSS, B09VBPDPB7, B0DJ548647, B0CKMTDPBM, B0DJ53LTPZ, B0F58T5DPR, B0CKMWPGQV, B0F58W56Y1, B0CKMSXG1S, B0F58MW2GV, B0DJ542GQ6, B0DJ54V5BJ, B0F587HJ5K, B0CX1BNM26, B0DJ54H9TN, B0CKMTKKTX, B0CKMVCNRD, B09VX8Q68G, B0F58T1VHD]",amzn1.campaign.2DDC7KZ8U92CM,Sway Bar Link,Stiueoav,2026-03-09,2027-03-08,15.00%,5000.0,4866.61,28,800,false
"[B0FLV8189B, B0FLV5Z7LG]",amzn1.campaign.2NDSATDVCWQHI,Costume decorations+10% commission+B0FLV5Z7LG,LASPOR,2026-03-09,2027-01-31,10.00%,5000.0,5000.0,37,800,false
"[B0GL1HCSX2, B0GL17DVMF, B0GL1QT89Z, B0GL1J8XXZ, B0GL1HNFX2, B0GL1B2182, B0GL17MDYW, B0GL1BB632, B0GL1JT6TW, B0GL17LBNQ, B0GL1LMJST, B0GL1M3D73]",amzn1.campaign.JBMYDNNLI6Y9,126创作者-03.09,REALWILL,2026-03-09,2026-12-31,10.00%,5000.0,4976.93,31,800,false
"[B0G4GV993X, B0G5NFPM9X, B0G5NMJYJP, B0FR9LNGY4, B0G58C5RW7, B0G51LP75S]",amzn1.campaign.PKZWFLX398KQ,折叠桌 15,IDUNSEED,2026-03-09,2026-10-31,15.00%,5000.0,4995.14,42,800,false
"[B0F1MZTHD2, B0BLC4C3RT, B0F1MYVKNS, B0BTP75FXD, B07TF68WQY, B07SPYLX13, B082SVHF4B, B0BLCYJBKH, B07FCCC2Q6]",amzn1.campaign.YQPO2T5734RF,Stlish Oversized Cotton Beach Towel Summer Pool Beach Essentials,CABANANA,2026-03-09,2027-03-08,10.00%,5000.0,4927.92,18,800,false
[B0DQVSZM3Z],amzn1.campaign.3C8SK9DMWW87H,Menopause Test Kit 2T,DIAGNOX HEALTH,2026-03-09,2027-03-08,15.00%,5000.0,4270.11,1,800,false
"[B0FC1Y9VXK, B0DDSPHL5V, B0DDS3P1MY]",amzn1.campaign.8O7W032TVP6I,10% Comm | 4.6-Star Viral Iridescent Rainbow Display Risers,Jolboldy,2026-03-09,2027-03-08,10.00%,1000000.0,1000000.0,73,800,false
"[B0F23LTWDW, B0F23H7HP6, B0F23KFB1V, B0F23KVPDN, B0F23LQNF8, B0F23K82FX, B0F23KXZ3P, B0F23KJCXM, B0F23KD9RX, B0F23KXVXM, B0F23LW5KQ, B0F23L4P2J, B0F23L3Z7D, B0F23KZXH5, B0F23JN9C8, B0F23L66KL, B0F23JZVN9, B0F23LBXSS, B0F23NW7G5, B0F23K6D46, B0F23LGP2H, B0F23KTG2R, B0F23L1VM7, B0F23KDB95, B0F23LKJP8]",amzn1.campaign.3FVY7THSXN961,BJ015 3月5日,LNKQA,2026-03-09,2026-09-09,10.00%,5000.0,5000.0,55,800,false
"[B09Z2SYJQD, B09734MCG1, B0DM1WYVCF, B09733X9R7]",amzn1.campaign.1ACWWOXXG8P7S,Top 3 Blanket Storage Basket ！10K+ Monthly Sales ！20% Commission Limited Deal,KAKAMAY,2026-03-09,2027-03-04,20.00%,5000.0,4995.36,36,800,false
"[B09Z2SYJQD, B09734MCG1, B0DM1WYVCF, B09733X9R7]",amzn1.campaign.31Z7VSAO9SDRS,Top 3 Blanket Storage Basket ！10K+ Monthly Sales ！20% Commission Limited Deal,KAKAMAY,2026-03-09,2027-03-05,20.00%,5000.0,5000.0,40,800,false
[B0CYCTMR7T],amzn1.campaign.334N96QC0304,Hydration SG30,DIAGNOX HEALTH,2026-03-09,2027-03-06,15.00%,5000.0,4638.96,2,800,false
"[B0F3WX86N1, B0CNLRBCJY, B0F3WTX48X, B0CPCHWKHS, B0F3WW2L1B, B0CM3WDP1W, B0F3WWMZJ8, B0F3WVVS4Z, B0D2KGJR1S, B0F3WVMZRH, B0F3WVFLX6, B0CNLSS2LF, B0CNLTMCX7, B0F3WX6PB3, B0CM3ZMLB7, B0F3WWT4WZ, B0CM3TYZ3D, B0F3WXXQFQ, B0F3WWP1Z5, B0F3WVTHFV, B0F3WTLYZ3, B0CPCHNXV2, B0F3WXN9J4, B0CPCHQ3CP, B0CM3XSRLS, B0F3WWQ1WT, B0CM3YF95K, B0CPCHJ9F1, B0CPCHJBKL, B0CNLS2JJJ, B0CM3Z2MQF, B0F3WT9QHG, B0F3WWMMW8, B0F3WTNT35, B0D2KKSV88, B0CM3YLVN6, B0D2KD3NSH, B0D2KHGST6, B0F3WW831H, B0F3WVJM3C, B0F3WVPKZS, B0CM3YYTD7, B0D2KGKQV3, B0F3WWD52B, B0CNLQSNX3, B0CM3Y1W4V, B0CM3XY8VH, B0F3WWQZ8B, B0F3WTJMQF, B0F3WW2YSG]",amzn1.campaign.36NR3BKC0F9KL,BJ005 3月5日,LNKQA,2026-03-09,2026-09-09,10.00%,5000.0,4980.78,47,800,false
"[B09Z2SYJQD, B09734MCG1, B0DM1WYVCF, B09733X9R7]",amzn1.campaign.DJFXXHHKDCIV,Top 3 Blanket Storage Basket ！10K+ Monthly Sales ！20% Commission Limited Deal,KAKAMAY,2026-03-09,2027-03-06,20.00%,5000.0,5000.0,45,800,false
"[B0DJLX74CH, B0D12HPLNS, B0CPJ61XB1, B0DGKZ5RRS, B0D6VK9JPB, B0DYMXL9NH, B0D6VK6YMX, B0D12JKY34, B0CPJ6BGYY]",amzn1.campaign.KJQCOH6BJF63,10% Comm | 4.8-Star Viral Mirrored Acrylic Risers Set,Jolboldy,2026-03-09,2027-03-08,10.00%,1000000.0,1000000.0,52,800,false
[B0FMJWGL53],amzn1.campaign.CEG9A6LK1XUN,10%Commission_B0FMJWGL53_FL-2-26.3.9-27.3.8,Vinaco,2026-03-09,2027-03-08,10.00%,10000.0,9991.03,70,800,false
"[B0FM86TWVG, B0FM8516BH]",amzn1.campaign.3K33NX1ERM75F,Space heaters for indoor use,Joviyvay,2026-03-09,2027-03-08,30.00%,10000.0,9882.46,9,800,false
"[B0F9WXN52T, B0FCS74MWJ, B0FPM731CN, B0FGCR9YM7, B0FG2K8VDP, B0FGCHKNV1, B0FM3NM5LW, B0FGCNZCB4, B0FD8TXPBH, B0F9WW3XT5, B0F8434WJH, B0F9X345XW, B0FG2K7TQR, B0FCS5K4CK, B0FGCMZ7VW, B0FCRK8JL4, B0FPM8746Y, B0FCRMV228, B0FG2J37MP, B0FCRWPNP2, B0FCRGV8ZT, B0FJ82P26Z, B0F9WSL926, B0FLJMFLXZ, B0F8NKYCBW, B0FCRP99WX, B0F843XXMX, B0F9WVS9RL, B0F7X6TL7H, B0FPM8978F, B0FCS3F8S1, B0F9WWJ354, B0F845LYX9, B0F843N93Z, B0FGCFVSF4, B0FGC9DKGX]",amzn1.campaign.149NC26RG1INB,Solve Your Audience's Biggest Car Upgrades. Earn Your Biggest Commissions.,Fuosuc,2026-03-09,2027-03-08,10.00%,1000000.0,999363.34,0,800,false
"[B09Z2SYJQD, B09734MCG1, B0DM1WYVCF, B09733X9R7]",amzn1.campaign.2TNY3UID9YLOT,Top 3 Blanket Storage Basket ！10K+ Monthly Sales ！20% Commission Limited Deal,KAKAMAY,2026-03-09,2027-03-07,20.00%,5000.0,5000.0,41,800,false
"[B0F23SYK37, B0F23R7QT6, B0FT82QZZZ, B0FT825MC8, B0F23S7L9T, B0FSDJ141P, B0F23SW8KR, B0F23RXT1K, B0F23V7Z26, B0FSDHKSQY, B0F23TQJSH, B0FSDGZPC2, B0F23T477Q, B0F23SVPS7, B0FT865W91, B0F23T64FF, B0F23SZLXT, B0FT7ZTDSP, B0FT84L3LZ, B0FT83CQ4P, B0FT82PLBX, B0F23SMK52, B0FT83J7KJ, B0F23WZRG9, B0F23SZCCQ, B0F23TGWL3, B0FT848QHD, B0F23V17HT, B0F23RQQ53, B0F23VTKNN, B0F23TXQSR, B0F23TYQVR, B0FSDK3RK4, B0F23STX6S, B0F23TFYD9, B0F23WVWR2, B0F23TCT14, B0FT83Z1BH, B0F23V9S7Q, B0FSDL4VG4]",amzn1.campaign.3FQL3Z0UGB9FU,BJ016 3月5日,LNKQA,2026-03-09,2026-09-09,10.00%,5000.0,4981.7,50,800,false
"[B0DCVZ2D66, B0FX39V41Z, B0DCVYG7Y2, B0FX37311T, B0DBHCS3Y7, B0DCW142RF, B0FX3BWG2T, B0DCVXYCS3, B0DCVYKM1N, B0DCVXW2JG, B0FX37P4TH, B0FX34CG3Y, B0DM95NDB8, B0FX3JVRG8, B0FX374DCH, B0DBHC42DM, B0FX3CML5R, B0DCVYBSR8, B0FX37MYDD, B0FX3JZQGY]",amzn1.campaign.1ID99UPZ90507,10% Commision / Upvilla Sofa,Upvilla,2026-03-09,2027-03-08,10.00%,5000.0,4388.18,0,800,false
"[B09Z2SYJQD, B09734MCG1, B0DM1WYVCF, B09733X9R7]",amzn1.campaign.RDGMRWRUQ2Z2,Top 3 Blanket Storage Basket ！10K+ Monthly Sales ！20% Commission Limited Deal,KAKAMAY,2026-03-09,2027-03-08,20.00%,5000.0,4982.8,46,800,false
"[B09Y5Z458R, B08M931ZDQ, B0CF4GTGT4, B0CF4FYWKL, B0CF4GFPZ5, B0CF4GK241, B08M965VSL, B09Y5WQ93P, B0CF4GQYYF, B09Y5X639D, B08M9L1KG5, B08M9HVPV1, B09Y5TV17L, B09Y5XBB3Q, B0CF4G62QD, B09Y5J39D5, B0CF4GCHDM, B09Y5X7YQK, B08M98QCYD, B08M9S8PSH, B08M9JG5GG]",amzn1.campaign.367S6ZJTG2IFF,Waist Trainer for Women,YADIFEN,2026-03-09,2027-03-08,10.00%,5000.0,4972.6,3,800,false
"[B0GF7NBCCN, B0GF7HJJDC, B0GD6KSQQB, B0GD6VJ99D, B0GD6YPRFL, B0GD6W21TW, B0GD6H7MCL, B0GD6K5GN3, B0GD6DKCRP, B0GD6HPBYT, B0GD6TX3XQ, B0GD67CBHV, B0GF7NHJ71, B0GD6FC1RR, B0GF7RVLG2, B0GD6HCPLF]",amzn1.campaign.3P06VAVKBB0CC,LV0146,Lviefent,2026-03-09,2026-12-31,10.00%,5000.0,4995.8,0,800,false
"[B0DDBWFVDV, B0D5GWGFHN, B0D5GVKGVX, B0DDBXD41F]",amzn1.campaign.1XARVI44R9NP,Limited Sample – Gold Foil “Thanks for Celebrating with Me” Party Favor Stickers,jeecalart,2026-03-09,2026-12-31,15.00%,5000.0,4807.64,20,800,false
"[B0G8H7213T, B0FJ88MXXZ, B0G8JMG68W, B0FP58PPF8, B0G8HKYD2F, B0FP598R16, B0FP59CZDD]",amzn1.campaign.3DKKTEUKD4HPR,Calling All Automotive Creators: Unlock High-Ticket Commissions,SSXIE,2026-03-09,2027-03-08,10.00%,1000000.0,999773.95,10,800,false
[B0G3TBF5Z3],amzn1.campaign.3C965CH5NGWP5,10% Commission Creator Campaign – Smart RGB-IC TV Backlight with HDMI Sync,LightingWill,2026-03-09,2027-03-01,10.00%,5000.0,5000.0,36,800,false
[B0F9B751WQ],amzn1.campaign.112OG0GWCMMER,XB-36-26-3-5,kyoryuger,2026-03-09,2027-01-01,10.00%,5000.0,4976.0,46,800,false
[B0G3TBF5Z3],amzn1.campaign.35RAH3OZYTUQP,10% Commission Creator Campaign – Smart RGB-IC TV Backlight with HDMI Sync,LightingWill,2026-03-09,2027-02-28,10.00%,5000.0,5000.0,76,800,false
"[B0DCJNP83R, B0G5Q61F7R]",amzn1.campaign.1DW0A94TM4PY4,10% Comm | 4.8-Star Viral Acrylic Jewelry Organizer,Jolboldy,2026-03-09,2027-03-08,10.00%,1000000.0,999997.89,35,800,false
[B0DCSDHX8S],amzn1.campaign.2O7NHKUQ4E7YR,XB-15-26-3-5,kyoryuger,2026-03-09,2027-01-01,10.00%,5000.0,4943.55,35,800,false
[B0F9B6SKCX],amzn1.campaign.1W3RR2P2GU89O,XB-35-26-3-5,kyoryuger,2026-03-09,2027-01-01,10.00%,5000.0,4977.3,48,800,false
"[B0FG72YR9F, B0FPQXFDCG]",amzn1.campaign.12SKVZ6J3M16D,Cordless Drill,JENABOM,2026-03-09,2026-12-31,10.00%,5000.0,4989.52,31,800,false
"[B0DLGRMXT2, B0D7385SC6, B0DFYYCYYX, B0D73F6VK2]",amzn1.campaign.DLVRF0LDLYI1,Upgrade Rides. Upgrade Revenue. Join Our Auto Affiliate Elite.,xidoeha,2026-03-09,2027-03-08,10.00%,1000000.0,999876.86,38,800,false
[B0DG5C1YG8],amzn1.campaign.25ADPC8T3BRCB,Creator Collaboration Invitation: Fwioaor CR-P2 6V Battery Affiliate Program,Fwioaor,2026-03-09,2026-12-31,10.00%,5000.0,4995.94,41,800,false
"[B0GGZ62Y9M, B0GJYYWBQK, B0GGYZ7HJC, B0GK14FBF2, B0GJZBWYWG, B0GGZGGGG2, B0GJZGQSY1, B0GGZ66LGN]",amzn1.campaign.3E0X1597CEKVP,Earn 20% Commission + Free Maternity Shorts! Join BRATUC’s Creator Squad!,BRATUC,2026-03-09,2027-03-08,20.00%,5000.0,4983.24,27,800,false
[B0DYTJJB5T],amzn1.campaign.3PTRW58C4ESB0,🐰2 Pcs Adorable Wooden Bunny Easter Decor for Farmhouse Tables & Tiered Trays,TOOYUMON,2026-03-09,2026-10-31,10.00%,5000.0,4998.68,45,800,false
"[B0DBQWGG2S, B0G1YB2JL6, B0FQHG792D, B0FQHC8741, B0FPX3SDJ4, B08R384DDF, B0GHZ1YVSP, B0FCMBWCKL, B0CYGHTLYD, B0FCRPKYCN, B0FP577ZTK, B0FP56DYSB, B0FPLRFBQC, B0FB48K3YS, B0FNWRP3QJ, B0FP57ZNWY, B0DPKWGH6F, B0FB4BMWFR, B0FB47VY9L, B08R38M81T]",amzn1.campaign.1ZJNVDA7J2AGC,Your Next High-Converting Niche? Luxury Auto Parts. (High Commissions Open!）,Cimmuovere,2026-03-09,2027-03-08,10.00%,1000000.0,999810.88,0,800,false
[B0F8NPDBG9],amzn1.campaign.984J4JYHHU0F,12% Commission On Viesimple Gen 4 Electric Coffee Grinder Silver🔥,Viesimple,2026-03-09,2027-03-08,12.00%,5000.0,4256.09,3,800,false
[B0FMJX5SLM],amzn1.campaign.2TG706LFE6CV4,12%Commission_B0FMJX5SLM_HL-10-26.3.6-27.3.6,Vinaco,2026-03-06,2027-03-06,12.00%,10000.0,10000.0,76,800,false
[B0CL51GCPN],amzn1.campaign.DRENJU1NEIYN,Pet Memorial Heart Ornament – Dog & Cat Sympathy Gift----Limited sample,OFlyDesigns,2026-03-09,2026-10-31,15.00%,10000.0,9761.31,8,800,false
"[B0GQBBGCRQ, B0GQB5TZQ5, B0GQBDJK12]",amzn1.campaign.282TPLI8QVYVE,Butter Squishy,VitaLuster,2026-03-09,2027-03-08,15.00%,1000000.0,999929.34,5,800,false
"[B0CWK8LRTL, B0CWK6KQFT, B0CWK3ZT5M, B0CWKMN11Z]",amzn1.campaign.29M31IIXD9E3K,"🔥 Foldable food-grade silicone proofing baskets, dishwasher-safe!🍞",Lorzon,2026-03-09,2026-10-31,10.00%,5000.0,4881.33,36,800,false
[B0FX4MJ31S],amzn1.campaign.3PL22YCJZZA2K,"INSTANT SAMPLES📱 Flip-Out 6.86"" Universal CarPlay Upgrade Fits Single Din Slots",AINAVI,2026-03-15,2026-12-31,10.00%,10000.0,10000.0,38,800,false
[B0DYV8SCN9],amzn1.campaign.1XAIV03YTEDIW,🐰 2 Pcs Plush Easter Bunny – Freestanding Bunny Table Decor for Farmhouse 🌷,TOOYUMON,2026-03-09,2026-10-31,10.00%,5000.0,5000.0,46,800,false
[B0FG36C9WL],amzn1.campaign.RB90QXECUN1Y,CAMPAÑA MATCHA AFFILIATE,Barista Emperor,2026-03-09,2027-03-08,15.00%,1000000.0,999481.87,0,800,false
"[B0FLJFX19K, B0FLJLL4ZH, B0FPM1C47D, B0GF7FSLMX, B0FPWRM5QD, B0FJM1TRCX, B0FLJJBT2P, B0FPWZBG13, B0FLJKF147, B0FJM55QGL, B0FW4JBHJJ, B0FJM2WP51, B0GBWPLV28, B0FJKX8RB9, B0FPWPYV63, B0GKDZWMZP, B0FJRK42JP, B0FPM1X4SJ, B0FPX1FCSS, B0G6KS3H5B, B0FJM2NKNZ, B0FJM58Q6C, B0FPMBCDD5, B0FQJ7Q2GY, B0FLJK5YSF, B0FLJH9WNS, B0GBWDG2CZ]",amzn1.campaign.290KW01I5OJ9,Curated for Connoisseurs: Join Our High-Commission Auto Parts Affiliate Network,amzlegend,2026-03-09,2027-03-08,10.00%,1000000.0,999468.15,11,800,false
"[B0DT8ZPYML, B0DRS5K3W2, B0DT8PKWW2, B0DSD9TM4T, B0DT8V6V2B, B0DRS32GM3, B0DR8MZ34N, B0DZNQWHC8, B0F597C5XC, B0DSBVW5KJ, B0DR8N5BWM, B0DRS4N2W8, B0DRG1PLRT, B0DRS37FV6, B0F598FT6Y, B0F28M9NNY, B0DRSFG36H, B0DR8MJ6WY, B0DRN4C7HH, B0DRN75B7X, B0DRS4D1LP, B0DTY71CPZ, B0DRS47F4V, B0DRS4WQFN, B0DRS6K2XG, B0DR8P82W4, B0DRS4NPQQ, B0DR8QPPRS, B0F4CJQBVK, B0DRK2XWMB, B0F3J3GGCW, B0DRS68WZ6, B0DRN1PB38, B0DRS6HDBC, B0F23ZDB9W, B0DRNK8NFS, B0DRNB2RDD, B0F3HX8L3H, B0DR8MT8RN, B0DRS3FVHX]",amzn1.campaign.OYAT87MOUW8Y,fba,Quanqiuyi,2026-03-09,2027-02-28,10.00%,5000.0,4881.06,36,800,false
[B0F53TN4KH],amzn1.campaign.2QV8V2VPRUYY0,打鼓,Quanqiuyi,2026-03-09,2027-03-01,10.00%,5000.0,4997.5,50,800,false
"[B0F53FQF55, B0F1TQKZHX, B0DSHZVMMW, B0DSHXLDYF, B0F1TPDJQV, B0DWSVTBY7, B0DQJ1P3W4, B0F53Y2GWK, B0F4N48JDR, B0F53W6LTB, B0DSFRY8VW, B0F4N748RJ, B0DQTKT8FH, B0DSHYP9DB, B0DQTG5WV9, B0F4N6NPXX, B0F53YYG31, B0DQTSW2CR, B0DSFTPX91, B0DSFSLSGQ, B0F4K4ZNN6, B0DSHVX683, B0F52RVCLC, B0DSFRJPCG, B0DSHZ14QB, B0DSJ1KGH9, B0F4XMPCDB, B0DQJ1Z79C, B0DSJ1BZ82, B0F5HQ9RR7, B0DSHVYWF3, B0F1TNNG3G, B0DQJ1P7WS, B0F52PJY2Q, B0DQHZWQH4, B0F52KS25M, B0F1TQMQ9N, B0DSFSNNFQ, B0DWSW28NQ, B0F4XM8J9X, B0F4N46LVR, B0F525Y6JF, B0F4XPH9M5, B0DWSY8D1R, B0DSHYLQHS, B0F4XGVYBD, B0DSFS12L4, B0DSHZ4QTS, B0F1TS4T7D, B0DWTD2ZSM, B0DQTKM6QN, B0DQTVZ632, B0F533H7TK, B0DSHXMQQG, B0DSFS9R1Z, B0DQTPRJ2L, B0DSFV521B, B0DSFRYQN1, B0F53VK9K6, B0DQJ1HHZP, B0F1T9GHS6, B0DSHXGH9V, B0DSHZMGV8, B0DQJ1KNV4, B0DQTTGXNK, B0DQTMRMX2, B0DQJ2RL91, B0DR6MYWDB, B0DSFTW7Y3, B0F1TP8TPQ, B0F4JXYGWP, B0DSHY8QTN, B0F52DZR8R, B0DQTVSSPK, B0F4JP9S9Y, B0F1TR4GGW, B0DQJ2BFN9, B0F7HCB5XG, B0DSFW1Y7J, B0DSFS89SD, B0F1TTHW53, B0F52RPC22, B0DQJ1CKHS, B0DQTWKTY5, B0F4N4P2S1, B0F1TNMJBK, B0F4XPDXD5, B0DSFQYZB6, B0DQTR9KNW, B0F5HJNV8T, B0F4JTQ3M6, B0DSFRXVXR, B0DSHXPV3J, B0F4XGJ42Q, B0F7HBH2TG, B0DQJ2C86L, B0F1TNY6NT, B0F5HCTW9P, B0DSFRW25P, B0DSHZNJ1M, B0DSHYGMS3, B0F5BCBZYH, B0DSFT976Z, B0DSHZNSTB, B0DSHYZ1R7, B0DQTPH2PR, B0F5HFXMXY, B0F5BBF2JT, B0DQTVHVQ7, B0F5HHP5PX, B0F4N2J63T, B0F4XLXF38, B0F53SZZ59, B0F52635X6, B0DSFTV7Q5, B0DWTDGY2S, B0F4XP5193, B0DSFRZB93, B0F52CWBTZ, B0F4XP679T, B0F4N4281F, B0DWSYYNMB, B0DQTHW2FV, B0F4JR7CMD, B0DSFSNKCW, B0DSFRS669, B0DQTR5DC4, B0DQTX9K9R, B0DWSXNBMB, B0DQTKT567, B0F4K5MH1V, B0F1TQ8LXZ, B0F4K7CY9Z, B0F52VHVBH, B0DSHVY26P, B0DSFRW6D9, B0F5HL1LF3, B0F51XLD4K, B0F4N3VBDW, B0F1TQFQ93, B0DSJ14GF3, B0DSHZ5KHW, B0F541FB12, B0DSHXB3TL, B0F4N3Y9C9, B0F4N29V7G, B0DSFRZ7LJ, B0F1TP437C]",amzn1.campaign.2EFIXBI1TUCMO,钥匙扣,Quanqiuyi,2026-03-09,2027-03-01,10.00%,5000.0,5000.0,41,800,false
"[B0CJBLHSB8, B0CJBKRKF4, B0D8BJPBS6, B0CJBP38GV, B0CJBNNYJS, B0D8BLJJHY, B0D8BMQZKQ]",amzn1.campaign.3BA2KOU8J1NRG,EN11-内容创作者计划-20260410,catonmoon,2026-04-10,2027-04-10,20.00%,5000.0,4596.15,0,800,false
[B0DYDTRZ81],amzn1.campaign.1F8PTKMJE8ZLZ,雨链,Quanqiuyi,2026-03-09,2027-02-28,10.00%,5000.0,4959.33,41,800,false
[B0FSZ1NTP1],amzn1.campaign.FHKE4LKEYNTN,VI-NSTT0400,Vizotae,2026-03-09,2027-03-06,10.00%,5000.0,4988.4,63,800,false
"[B0DRCJYT2Y, B0F8P3SZ69, B0DRFZ979B, B0DQK84PB2, B0DSHZVMMW, B0DRZG82M4, B0DSJ7BDNH, B0DRD3WLMD, B0DZH3113G, B0FBFFKL2K, B0DQQ23CDM, B0DR81JT1P, B0F4N48JDR, B0F53Y2GWK, B0DRD1C2KW, B0DRG1CSG1, B0F66TC2LG, B0DRG1CK7F, B0DSLB8VR8, B0F2MW633Y, B0DSJ5QYB4, B0FC6BRMQV, B0F7R5LRHZ, B0DQTFDXN7, B0DSL8581H, B0DRG2DCHP, B0F2MW3RZW, B0DRD2S7L3, B0F4N6NPXX, B0DQTSW2CR, B0DQHXC7Y4, B0DSFSLSGQ, B0DQWW5Q29, B0FB8RVVB5, B0F4K4ZNN6, B0DQK8LXL7, B0DSFRJPCG, B0DQHYLP2S, B0DRG6145P, B0DRCKF2LF, B0DQJ1Z79C, B0DQWLGXYR, B0FCBTNWFT, B0F7R71DFB, B0DRCLVVH5, B0DSHVYWF3, B0DQJ1P7WS, B0DQHY4YM5, B0DZH2PNNX, B0F7HMKKRF, B0F9S3G44W, B0DR7ZMBSX, B0DRCLXNQV, B0DR6QVQFJ, B0DQPZG3TG, B0DSG1W17N, B0DQWHDYQL, B0F23H57ZK, B0FC6DFZ8F, B0DRFWRMPF, B0F66XQBVG, B0DRG84NJG, B0DRZD4HXP, B0F1TS4T7D, B0DR7WRRWK, B0DSL7RF5T, B0DR6PHF63, B0FBFMMPW9, B0DQTVZ632, B0FBF77R5V, B0DRG1PP82, B0DSL2CYNR, B0DR7ZFXPV, B0DR6P8298, B0DRCJXD4Z, B0DRZFKX97, B0DQTPRJ2L, B0DR6NVKJ3, B0DSJ64PM6, B0DQTFW4NH, B0DSKGR5P5, B0DTY71CPZ, B0DSL6R8X8, B0FB8WTC95, B0DRCTDS8K, B0DRCNFPYC, B0DQHYKYFG, B0DQJ1KNV4, B0DRG5GD1V, B0DR7YSNTQ, B0DQT97RSG, B0FB8VXXRR, B0DRCTGMCW, B0DRG2YL9S, B0DSLDQ71T, B0F4JXYGWP, B0DRCTDS8M, B0FCBV5253, B0DQTLXLY9, B0DSKWQNMB, B0DSFS89SD, B0F7HCB5XG, B0FBFRK32C, B0DQWYD8Z7, B0DRG3PX6N, B0DSJ4PSR7, B0F8P399FP, B0DQHXZ652, B0DR7TZ7WG, B0DRFZZF1K, B0DRD1GYQ8, B0DQTWKTY5, B0DQQ1H921, B0DR82YL6L, B0F4N4P2S1, B0DQTR9KNW, B0F5HJNV8T, B0F4XGJ42Q, B0DQHXF3KQ, B0DSFRT533, B0DSKH83BF, B0DRGCL6FT, B0F7R3MRYG, B0DQWTF21J, B0F2MVV62X, B0DQTK3949, B0FCBSG5PQ, B0F7HN8MVH, B0FB8PSHC3, B0FB91B73G, B0DSHZNSTB, B0DQWLTSM4, B0DQGVHNGS, B0F7HL5PRQ, B0DSKGGV3Y, B0DQHX83S6, B0DRCRYLKT, B0FCBRJP9F, B0DRCST6RZ, B0DRD39QV2, B0DRCL5M3L, B0DQWNGHHL, B0DZH235TG, B0FCBPG6GX, B0DQHXD55T, B0DSL5GKPT, B0F7HHBM2J, B0DR7WQVDF, B0DQPZS21B, B0DQQ197ZM, B0DRD3TRFJ, B0DRG3D65G, B0F7R8JBW1, B0DRD1DBNP, B0DR6NBG8J, B0DQQ16RWX, B0DQTKCJ1F, B0DRCT7GLY, B0DWTDGY2S, B0F7HDFGN7, B0DQHY3NZX, B0DQK7NPNF, B0DSFRZB93, B0FCBQCSNC, B0DRCQPVSY, B0DQK8YYDZ, B0DSFRS669, B0F9SCNWSB, B0FCBQ6R1X, B0DR7ZYS1N, B0DQTKT567, B0DQK8K8MW, B0DQHYPTR7, B0DRCLDC1D, B0DR6NRNVQ, B0DSJ548VL, B0F1TQ8LXZ, B0F4K5MH1V, B0F9FC4NS2, B0DSG1XR8V, B0F4K7CY9Z, B0DSHVY26P, B0F52VHVBH, B0DRD3N2WQ, B0F9S3L83Q, B0DSL6FS3C, B0F5HL1LF3, B0DSJ14GF3, B0F1TQFQ93, B0F8P7CZZN, B0DSG1RZ9T, B0F2MW8878, B0F7HJYKST, B0DRG9YLWT, B0DRCLKYH5, B0FB8L87B8, B0DSHXB3TL, B0DRG879SV, B0DRG167ZP, B0F4N3Y9C9, B0DQK85ZQN, B0F4N29V7G, B0DQWQQRFS, B0DR825WWB, B0DRCKBF84, B0DRZFYBNF, B0DSHXLDYF, B0F8P2JQ2H, B0FB84WZZQ, B0DQK8VPV6, B0DR6PQP4L, B0DR6PD79F, B0F9F793VN, B0DSJ6S3MX, B0DSL529Y3, B0F53W6LTB, B0F8P5T5KK, B0DQHVSNTS, B0DSHY4TBX, B0F8P5FCQB, B0DQK8WYDM, B0DQTG5WV9, B0DQTS9GNM, B0F9T4FSKS, B0DQWT8D8Z, B0DQPYN6VJ, B0F2MYCKNC, B0DRCQJWKT, B0DSHZ14QB, B0DRG42HH5, B0DSJ63RK8, B0DSJ1BZ82, B0DSL5XBYC, B0DQWYB2NP, B0DRCRH4SB, B0F5HQ9RR7, B0FCBVQ1VJ, B0F1TNNG3G, B0DQHYBXHF, B0DSFZ1VB4, B0FCBP3WM6, B0DSL5XBY2, B0DR6L9N7F, B0DR825Y4C, B0F1TQMQ9N, B0DSJ8NWJX, B0DR7ZNP3L, B0DR6N7FV4, B0DQK87CXM, B0DSFZ9MY9, B0F4N46LVR, B0F4XPH9M5, B0DR6QXYXV, B0F23KWCVR, B0DQHZGFXF, B0DSJ5QNFY, B0DSKGC9NV, B0DSKGJY4W, B0DWTD2ZSM, B0DR7VPVHG, B0DQWNHH5C, B0DQTKM6QN, B0DQHXHSFC, B0F9SLQ51S, B0FCBQC8DS, B0DR6MWPCD, B0F533H7TK, B0DRCQSPC2, B0DSHXMQQG, B0F7HKTBQL, B0DR6NJ363, B0DQQ1W559, B0DRCJ5FY2, B0F66S6C8Y, B0F53VK9K6, B0DRCW2HT7, B0DQPZWRJW, B0DRCSQC86, B0DR6QT15T, B0DRCJD92J, B0DSL9F33C, B0DXKZZFGD, B0DQTTGXNK, B0DRCTSTVH, B0DQTMRMX2, B0DQJ2RL91, B0FCBPYB38, B0DSFTW7Y3, B0F23F8SYJ, B0F66T1VPF, B0FCBRJX34, B0DRG7B5BY, B0DRD3ZRVV, B0DRZGZ1JY, B0DSHY8QTN, B0F7HKMKWN, B0DRCK4P2M, B0DQWFHCZ9, B0F52DZR8R, B0DRGBDTYS, B0DRG23C1H, B0F66J7GV8, B0F9S9PCGR, B0DRG49XXF, B0DRFZLX5S, B0DSFW1Y7J, B0DRCK667Z, B0DQTHKX5P, B0F52RPC22, B0F8P62RQW, B0FCBS8TBY, B0F9DXF61B, B0DRFZLZ9K, B0DR7ZHX7Z, B0DRG81H9H, B0DRG49HXF, B0F1TNMJBK, B0FCBQDB33, B0FCBS693K, B0DRCRM4GK, B0DR815K1Z, B0DSHXPV3J, B0DRG4V49W, B0DQK9MC6K, B0F7HBH2TG, B0DSJ5V8FJ, B0DQJ2C86L, B0F9SQTZBC, B0DSL2H2YW, B0DR7ZW7KY, B0F5HCTW9P, B0DRG9KL9R, B0DRD2NM24, B0DR7XCC3D, B0DRCJB84M, B0DR7X84XS, B0DSFT976Z, B0DSLBQJBP, B0FCBTM91X, B0DR7WKXBN, B0DQTPH2PR, B0DQK8YX6W, B0DSHYZ1R7, B0DRCLBGZ5, B0F5BBF2JT, B0DQHY1JD3, B0F2MX61YJ, B0DSL5KRZN, B0DRG2ZJQW, B0DRCM81P8, B0DRCFNS3G, B0DRG73Y1W, B0DSL3WWWW, B0DRG9CJNS, B0DSJ9J1LF, B0DQPZXRK3, B0DQPZ1CDB, B0DRGB4SKZ, B0F7R8685G, B0DSKWFBQY, B0DRG7P6XY, B0F4XP679T, B0F9SYWHQ6, B0DQTHW2FV, B0DSG258ZR, B0FB8PKD7M, B0DRGB3DQR, B0DSKX5ZYC, B0DSL7DQQK, B0DQV2YH8G, B0DSJ61RNX, B0DXL1PS5R, B0F7R64BG9, B0F4N3VBDW, B0FCBRQNF8, B0DRZFT385, B0DR7VVB4K, B0F8P7TCQP, B0DQQ1SNPF, B0F7HK3F62, B0DR6PXPH4, B0DSL8ZYCV, B0DQPYDWMV, B0FCBW9PD8, B0DRG6PGV5, B0F541FB12, B0DRD4XL83, B0DQWT19X8, B0DQWQCW26, B0DR7WYTRX, B0DSFRZ7LJ, B0F7HK45RL, B0DSKYF2N1, B0F1TQKZHX, B0F53FQF55, B0DR6QP6QD, B0DQK986WQ, B0FCBSHPXC, B0DSL6XZ58, B0DXKZGGZW, B0DRD361J1, B0DQPZSM13, B0DR7ZFTZV, B0DQWJR1T7, B0DSL6SPQ2, B0F9T4WXKD, B0DRG5Z9QH, B0DSKVXHVT, B0DSFRY8VW, B0DRCMF5LK, B0DSKWKML1, B0DSL8M2PR, B0DQTKT8FH, B0F9DRHCH9, B0DSHYP9DB, B0DR7VVB4Q, B0DRCHBLNH, B0F53YYG31, B0F9T6FJK6, B0DQTKDWSK, B0F211G136, B0DRCQWK78, B0DQK9F3HC, B0DRZFJJ2H, B0DSFTPX91, B0F8P7HGRQ, B0DRG2R42F, B0DSHVX683, B0DRG57G39, B0F52RVCLC, B0DRG7CFWL, B0DSL37QYR, B0DSL8W4V3, B0F2MVL9M4, B0F4XMPCDB, B0FB8VPWVN, B0DQK8WXZ1, B0DSJ4HLN9, B0DSLBBJK3, B0DRD29QZL, B0DR82W9KY, B0DSJ5F82S, B0DSKXC56S, B0DRD5D73G, B0F52PJY2Q, B0DQHZWQH4, B0DSFSNNFQ, B0F52KS25M, B0DSJ54XH4, B0F9SYJTF4, B0DSJ57BT9, B0DSLDL84H, B0F4XM8J9X, B0DRZH135T, B0DSL8BS19, B0F525Y6JF, B0DWSY8D1R, B0FB87LPJH, B0F9T2MTVD, B0DSG21WH6, B0DSL88BP9, B0F4XGVYBD, B0F9SWKR67, B0DR6PCBHK, B0DSFZJGBC, B0DRG6JKJY, B0DSL4SW2K, B0DSJ93573, B0F9D8YHJW, B0DRCRCLVZ, B0DSL1JN29, B0DRCLC5N7, B0DRZFS4JS, B0DR7YJZWQ, B0DQPYCDGV, B0DSJ659MP, B0DSHXGH9V, B0DR7WVFDR, B0DR6NRB1Y, B0DRZFNNKC, B0F66WBJ8D, B0F7HKQV8G, B0DRCKLBH4, B0DRCP9KKR, B0DRG62FHP, B0DSL2HWKZ, B0DR6PCPC1, B0F7HH5QXT, B0DQWNBSWP, B0DR6MYWDB, B0F1TP8TPQ, B0DRCLD7N8, B0FCBRW96S, B0F7HFNKZR, B0DSJ6SJV9, B0DQTVSSPK, B0DSJ6G97C, B0DR6QQJ7S, B0F4JP9S9Y, B0DQK7CCCJ, B0DQJ2BFN9, B0DQK7HJBK, B0DSG1CKXY, B0DRCFJ9DV, B0DQQ12D8V, B0F1TTHW53, B0DRCM19MR, B0DSJBD96Y, B0FCBTZG8Z, B0DQQ1WHLP, B0DSL6BSMJ, B0F7HLF12P, B0DSFZK1S1, B0F4JTQ3M6, B0DSFRXVXR, B0DR6PWS4S, B0DRCSSZMT, B0DQH37VHL, B0F9SGD4LF, B0DRCM3P3M, B0F66J6GC8, B0DRZD8V2R, B0F1TNY6NT, B0DSFRW25P, B0F2MXKLWZ, B0DQGVR2BV, B0DSKWJXFX, B0DSHZNJ1M, B0DRCTCF84, B0DSKGJDXV, B0DRGCDBG5, B0DQWHPYZV, B0DQTVHVQ7, B0F66S2YR4, B0F5HHP5PX, B0FCBRMVM3, B0DQHYDGN5, B0DSL8LYCH, B0F4N2J63T, B0FCBT9H2T, B0DR7X2XXX, B0F53SZZ59, B0DRGBQXDF, B0DRG9XTXR, B0DR6PGGNZ, B0DQWH35HM, B0F9SGB8X4, B0DRD3S8CG, B0F9SZG79X, B0FB8ZL2MY, B0DR7WX9HR, B0DRCNVKRH, B0DRFZXJMT, B0DQHYHS5X, B0FCBQDKJJ, B0DR6Q2ZWC, B0DSKGJ15F, B0DSL3BB3H, B0F4XP5193, B0DRG8P4PY, B0DQK8V5VY, B0FCBTRVCN, B0FCBTRVCM, B0DSFSNKCW, B0FCBRQ1W7, B0DSKGD7SH, B0DSKXBP64, B0DRZBK63V, B0DWSXNBMB, B0F7HL99GP, B0DQQ3JB22, B0DSL1VS23, B0DR6PQ729, B0DSKXQRLV, B0DR82P4Q8, B0DSLBHQDL, B0DRCL74KD, B0FBFB1Y29, B0DRD2FPX6, B0DR81XT56, B0FB8YHDZ7, B0DRZFBBSY, B0DSG1LMC4, B0DR7TRRPZ, B0F8P6QX82, B0DSL8Y2RD, B0DR7X5BFB, B0DQHY3LH4, B0DQHY3LH5, B0DRG77RQJ, B0DSL7DGVZ, B0DRD44P8B, B0DRGBFL35, B0DSL6BNWG, B0FB91RNLX, B0DQWNRFG7, B0F1TPDJQV, B0DWSVTBY7, B0DR842YY9, B0DQJ1P3W4, B0DSL875NW, B0F9S9MXNG, B0DSKWW746, B0DR82QQDF, B0DRG1H9MT, B0F4N748RJ, B0DR81X2ML, B0DSJ5J58C, B0F7HHFXKL, B0DRG7XH67, B0FB8ZLJS7, B0DRD5S3HP, B0DRCS6SXY, B0DR7Z6GWH, B0DQWWNCTN, B0F9SRT6V1, B0DSJ73P95, B0DQWR88JR, B0DQPZF62X, B0F9T4V2K9, B0DRFXKN1B, B0FCBPM96R, B0DSJ1KGH9, B0DQTP89ZN, B0DQK69C6X, B0F7R3L2GG, B0DR81N1HC, B0DXL34WH7, B0DSJ6TKJ7, B0DR7VRF1C, B0DR81ZJ54, B0DRCP334H, B0DWSW28NQ, B0DSL5JVYR, B0FCBQC3MT, B0DSHYLQHS, B0DSLCFTRK, B0DSG1ZXTM, B0DSG1D741, B0DSKG989T, B0DSFS12L4, B0FB8ZRG95, B0DSHZ4QTS, B0F9T6HG7X, B0DSJ6VQRV, B0F7HJPGSD, B0DSL98526, B0DRZFZ6B9, B0FCBSXKCV, B0F7HQ4VV6, B0F66V7DS9, B0DSFS9R1Z, B0F2HQ4Q9H, B0FB88V1L2, B0DXL13PTT, B0DR6Q9C8G, B0DSFV521B, B0DSJ578YN, B0DSFRYQN1, B0DSKY2CD7, B0DRG7VF9R, B0DRG34JQP, B0DQJ1HHZP, B0DSJBKKHX, B0F1T9GHS6, B0DR81GM5N, B0FCBSKR7B, B0DSHZMGV8, B0DSL6VRG1, B0DQK91N3V, B0DR82PK9N, B0DSKHG9TK, B0DRFXSL4B, B0DRG1FWMS, B0DSLBHMYY, B0DXL1557V, B0FCBS2JS3, B0DRG1FWMK, B0F9FBKN5B, B0FB8X9R28, B0DQHXT5YD, B0F1TR4GGW, B0DSL8Z9T5, B0DR6P595X, B0DQK8P2Y6, B0DQHY1LVQ, B0DXL1TQWW, B0DSLF6WNJ, B0F66S6WKL, B0F213NF56, B0DQK8RT4Y, B0FB9196D3, B0DQQ2R98Y, B0DQJ1CKHS, B0DRG8J47C, B0DRD1ZZRS, B0DSLBLPNS, B0F4XPDXD5, B0DSFQYZB6, B0DRCV8DF5, B0DSL551LD, B0DSL752NZ, B0F2MXMGQF, B0DR81LX6Y, B0DSJ6X7RK, B0DRFXVKGH, B0FC69M67F, B0F7HJWNHV, B0DSHYGMS3, B0F5BCBZYH, B0DR81FP8R, B0DRZFQ5X7, B0DRG2KFFT, B0DR825R32, B0DQJ3354W, B0F5HFXMXY, B0DRCJFF3Z, B0DR6Q4PDH, B0DSKGRJX9, B0DRCF5V45, B0DSJBYR2T, B0DRCNB3DY, B0DRCQ66YZ, B0DR6N6QZM, B0DSKGRJXC, B0F4XLXF38, B0DSJ9NPMD, B0F52635X6, B0F9T1QSH3, B0DSFTV7Q5, B0DQHXPDDH, B0FB8PJY42, B0DQQ22V71, B0FCBS9F1T, B0DSFZ16RY, B0F7R3LDJ2, B0FCBRV2QF, B0DQWL1DB7, B0DSL3S96Z, B0DQHX4156, B0F52CWBTZ, B0FB8T2YLK, B0DWSYYNMB, B0F4N4281F, B0DRCM55P4, B0DR6NPMCP, B0DQTR5DC4, B0F4JR7CMD, B0DRCLT7SR, B0F9T6QP3F, B0DQTX9K9R, B0DRCJ78D6, B0DSFRW6D9, B0FCBQ6H6M, B0DQHYR9NN, B0F7HGRQRT, B0DSKQ174S, B0F51XLD4K, B0DR6Q24V1, B0DSL2L8GW, B0DQK9B7QP, B0DSHZ5KHW, B0DRZFSZ89, B0DRFYCLDC, B0F1TP437C]",amzn1.campaign.2K1UZZNLOZOD0,定制FBM,Quanqiuyi,2026-03-09,2027-02-28,10.00%,5000.0,4996.5,38,800,false
"[B0FMRPD9SV, B0FMRNGXC3, B09VBTTYGL, B0FMRQ1Q38, B0FMRJQ5FG, B0CRB2NBW5, B0FMRM4SQ4, B0GFMXDN3V, B0GFMQR29F, B0CRB1TT7D, B0CHYGHSZ7, B0FMRPR3RB, B0CHYFCYHL, B0GFN3D5Y9, B09VBRCBHG, B0CHYFFH1F, B0CRB2RGSS, B09G6JDC8N, B0CHYG61H5, B0CHYFJZMK, B0FMRP76HQ, B0CRB1SPFR, B09G6LH7B8, B0DDL2V7Q1, B09VBSMKZ2, B0CHYDSB1C, B0FMRPK9CF, B0FMRPKCGC, B0DDL1FB5X, B0CRB3GMVR, B0CHYFHHZ4, B0FMRPYH76, B0CHYCG9KP, B0FMRLR22R, B09VBRFMF8, B0CRB36FP3, B0FMRNZ33J, B09G6L6SFL, B0DDL2XCRB, B0CHYFXH4L, B0CHYFRGNK, B0CHYFSLV4, B0CHYDSV3F, B0FMRP89DR, B0CHYG1LRN, B0FMRMM47H, B0DDL16SRJ, B09G6KQSN7, B0CHYF1H65, B0CHYF8FN3, B0FMRP13VZ, B0FMRNJ6M9, B0CHYGDQ6J, B09VBSDQQ1, B0DDL1NXVR, B0CRB253WW, B0GFMK9V27, B0FMRPK3B6, B0CRB2HZ7T, B0FMRKZ3X8, B0CRB2D72J, B0CRB21QVM, B0GFMSNYMX, B0FMRP1YB4, B0CHYG1G4Z, B0DDKZBX1X, B09G6KH1Y7, B0CHYGVG5S, B0GFMTKF4J, B0CHYF8MTP, B0FMRQ4LSN, B0FMRKC5XQ, B0GFMKDPB7, B0CRB1X2MX, B0CHYGRYND, B0FMRP382W]",amzn1.campaign.347YJNC8NU34Q,Lanaoree Women's Geometric Horse Print Aztec Hoodie,Lanaoree,2026-03-09,2027-02-28,10.00%,5000.0,4958.94,20,800,false
"[B0748F8G1V, B0CDPMWCN7, B0748DH4DV, B0748F2XB2, B09Y24VG4T, B09Y23DRXT, B06Y5M5NQM, B0CQCVKTPL, B0CDPPMXMY, B07JX7ZVV8, B0763N7P9M, B06Y5HKY2M, B07FCCK3BR, B0CDPRN9GG, B0CQCV4FDR, B09Y23LQ5L, B09Y22ZWP3, B0763NB5NY, B0CDPRTGR9, B07C92SXSR, B0CDPR3YDJ, B0CQCYLSCM, B07FCBKGXY, B07QPR836D, B0748FWV73, B09MRGNYTB, B0CQCWQMVM, B0748F8HXH, B0CQCW5V2W, B0CDPQLPD1, B0763N1FGN, B07JMNHR9L, B07JMY3PSQ, B09Y218GVH, B07VWWSQZL, B07QRY79LP, B0748FSB2P, B0763N7T72, B0CQCWMKWV, B07QRYXD34, B01HBGZAFK, B0CDPSL455, B0CDPNS61G, B09Y22ZQW4, B0CDPPCZV8, B0CDPNDQ7D, B0763N11H1, B0CDPPPV2X, B0CDPSSCV6, B07VWWRT4Y, B0CQCXR8C2, B01HXWHV9U, B0CDPQFTDQ, B06Y5G115S, B0CQCW22JX, B0CDPSZMZN, B0CDPRDSW7, B09Y1YL198, B0CDPRG7NN, B01HBGZB4U, B0CDPQSKCZ, B0CDPR97F2, B0748FCH8X, B0748FW8JF, B01HXWGGKA, B01HXWEPNA, B0763NRKMK, B09Y246PVT, B0748DRBQY, B0CDPRJ2PG, B0CDPSKJ7M, B0748F4D5J, B076X2PJYK, B072QV8838, B09Y23HCWZ, B0CDPPWX12]",amzn1.campaign.1HW4UJDU0Z6N9,U7 Big Spring Clearance – Earn 15% Commission | Up to 30% OFF,U7,2026-03-09,2027-03-08,15.00%,10000.0,9946.67,23,800,false
"[B0F8438Q6X, B0DLGN5CN3, B0DCVS4KPY, B0D8KR325Z, B0D9BDN3HP, B0DFWBMJMD, B0D8KS3H2M, B0D41VGC3R, B0DCVRV5FJ, B0D49B9D5W, B0D8KQ4WZ9, B0DXKZ34YM, B0D8J85QB4, B0D49CQLNZ, B0D8KQD7FG, B0DXKZM1WV]",amzn1.campaign.36HRXFJKSRO0E,Invitation: Access Exclusive High-Ticket Auto Deals for Affiliates,incifum,2026-03-09,2027-03-08,10.00%,1000000.0,999520.37,9,800,false
"[B0DZXK1LNQ, B0DZXKYC7X]",amzn1.campaign.2G6WND4QFXFS5,VI-NSRG08,Vizotae,2026-03-09,2027-03-06,10.00%,5000.0,5000.0,43,800,false
"[B0FSSMNJ3Q, B0F44VCM7T, B0FSSD3GVY, B0F44VT824, B0F44HG5NP]",amzn1.campaign.2BXT1B2GU8XY,Creator's Plan,Deerbaba,2026-03-09,2027-02-14,10.00%,10000.0,10000.0,91,800,false
"[B0FF45VY92, B0FF45NV2M, B0FF462WJ1]",amzn1.campaign.1DCAOUZU6MR69,JITUIHOM Water Dental Flosser Cordless for Teeth,NJJAETKSP,2026-03-09,2026-09-30,10.00%,50000.0,49790.12,2,800,false
"[B0DZXGL138, B0DZXK972C]",amzn1.campaign.RXUMLNGMUTCD,VI-NSFT05,Vizotae,2026-03-09,2027-03-06,10.00%,5000.0,4980.82,52,800,false
[B0BRV4PQ54],amzn1.campaign.29J7EOLR6AA1D,"Restore Your Grill’s Clean Cooking System, Stop Grease Mess",Uniflasy,2026-03-09,2027-03-09,10.00%,5000.0,4897.01,39,800,false
"[B0GGZGBTZY, B0GGZ8W6KP, B0GGZCBPH9]",amzn1.campaign.CHB4DXXGEA80,Hose Spray Nozzle with Adjustable 10 Watering Patterns,Fire Frog,2026-03-09,2026-12-31,10.00%,5000.0,4964.26,32,800,false
"[B0FWCS2311, B0FWCP6JZC, B0FWCNNWH4, B0FWCQXJWX, B0FWCM5QBT, B0FWCLWSK2, B0FWCQV2TV, B0FWCMQ1Z7, B0FWCNYYPY, B0FWCPYFF7, B0FWCMNL5J, B0FWCQF7DJ, B0FWCPFJKK, B0FWCM5XH9, B0FWCPVSGY, B0FWCM6VWH, B0FWCPL4JQ, B0FWCN76MH, B0FWCMW2FC, B0FWCL9SQP, B0FWCLY4YK, B0FWCQY6K4, B0FWCQRWK6, B0FWCQL1KR, B0FWCR2D9R, B0FWCN5MLZ]",amzn1.campaign.1YJ20W28LWC8B,"Summidate money saving box,Customizable Wood Money Bank",summidate,2026-03-09,2026-12-31,10.00%,5000.0,4938.19,24,800,false
[B0G41V4J8S],amzn1.campaign.3U06WL7K04NLZ,INSTANT SAMPLES📱 Wireless CarPlay/Android Auto Universal Double Din Upgrade,AINAVI,2026-03-15,2026-12-31,10.00%,10000.0,10000.0,39,800,false
"[B0D5LNX2J1, B0FDKDKCZX, B0D5LP17KQ, B0FNVYVVBQ, B0F13PQBZ2, B0DPGWN4NV, B0DPHFLV57, B0DPGX1NKY, B0DPGX9MJS, B0DD3BQV89, B0F83Z3WWX, B0DD38HYLY, B0FLJJ7X1K, B0F13KYXS7, B0D4YPQD68, B0DQTFFK64, B0FLJFHBNG, B0D5LN27KH, B0DDBYLCVP, B0DQTKFBTC, B0DPGWH6CK, B0DMDX392W, B0D3L4Z8G7, B0D3KTRB5N, B0D6V7S26D, B0DPHDRVX5, B0G5Y24G3F, B0DPHQ8XD2, B0D4YD229Z, B0DQT9C9H3, B0DQTQKMYV, B0FHW7K5N1, B0F83FRH4B, B0DWSHXRCN, B0G1B3NQ5S, B0FHW9WNQR, B0DPGXDN33, B0DMDX12M9, B0DDBR5R2D, B0D734RSWW, B0FHW8HR1K, B0D4YJ266Y, B0DPHRQ77H, B0D5LLGLHH, B0DMDTX143, B0D66RBZPS, B0DDBXQQJH, B0D4XZW1BM, B0G1BCT47B, B0DDC2FSVY, B0DD32TFMD, B0D3KXN6WY, B0DQTQNX12, B0DD2WBFKH, B0DPHCWKPF, B0FHWCVXQY, B0D5LQYDZ6, B0F13BVQPK, B0D91RQQ8M, B0D5XFWLJL, B0DD2S8SHH, B0D3KN5MQ9, B0G2RT2WSZ, B0DDBPMSHY, B0D9YB6X2K, B0D5LVLSGR, B0F83F4RPY, B0D3KVJFZ2, B0F2FM1YWZ, B0DPHSFP63, B0FNVHPVC5, B0F9YCMCJZ, B0DDC43Z8V, B0DMDVNYBL, B0D91SL3Q3, B0D66Q5PZV, B0DD38LCJQ, B0DPGXJ55C, B0DD2W21H8, B0F83RPXN9, B0DDBXVDCZ, B0DQTC7F77, B0D91R7GWJ, B0DPHDP578, B0DDBP1BB6, B0D3KRWNYB, B0D4QQJ5MZ, B0FS63932T]",amzn1.campaign.YRQPC1I47EFD,红人推广6,Phivan,2026-03-09,2027-03-08,10.00%,5000.0,4952.62,26,800,false
"[B0DZXGV7KM, B0DZXJ53LM]",amzn1.campaign.1YV7CX5DGGN9Y,VI-NSAT13,Vizotae,2026-03-09,2027-03-06,10.00%,5000.0,4902.4,46,800,false
"[B0GLYVBXSV, B0GLZ1K6MV, B0GLGG141Y, B0GLYRPZ2Z, B0GLYYMNCL, B0GLYWLT4M, B0GLGBCXSD, B0GLGLKCVJ, B0GLYM86PB, B0GLYYZ6R7, B0GLG7BQYR, B0GLZ45238, B0GLGLR3P2, B0GM4DGMHB, B0GLGFFZCK]",amzn1.campaign.2FOJX9VRP4AUH,补发片新品3.05,DUGPOB,2026-03-09,2026-12-01,10.00%,5000.0,4930.64,27,800,false
[B0DRV8SHZS],amzn1.campaign.KHY0W9LHUUB2,🐣✨16 Pcs Colorful Easter Eggs Basket Stuffers - Fun & Stress Relief ✨,TOOYUMON,2026-03-09,2026-10-31,11.00%,5000.0,4834.78,41,800,false
[B0GLYQ4LWH],amzn1.campaign.3797A5HWOHE40,Up to 10% commission per order - Car Air Purifier Collaboration,Arint,2026-03-09,2027-02-17,10.00%,10000.0,9992.69,22,800,false
"[B0GHDCWGGD, B0GHDSV45S, B0GHDDDW65, B0GHDWJYZS, B0GHDN934C, B0GHD4539L, B0GHCSRYKQ, B0GHDJL63Q, B0GHDXJND3, B0GHDCN6CJ, B0GHDNHKGN, B0GHDRSRVW, B0GHD8BHJG, B0GHD3V8TB, B0GHDCWZG8, B0GHDDFVHG]",amzn1.campaign.2DD9VQLA51C6F,"Creators,this one’s for you!🎀Our NEW Open Toe Bow is here—15%commission 039",GOEWY,2026-03-09,2027-03-08,15.00%,5000.0,4997.17,74,800,false
"[B0GDDNLZTH, B0BPCH97J5, B0GH74NRT5, B0GDCKY5RW, B07DRBYKKW, B0FCF28TTK, B0GH69F6J4, B0GH6BZSWJ, B0C61XG61P, B08XTB1ZCH, B0F4VY9W3B, B0G64GLWP5, B0DR8QLYNT, B0FX9H1GTN, B0FP2BGN75, B09XXB6D3P, B082SD9Z7J, B0G64S96H3, B0GH737JFV, B08XTMPD9S, B0GH6WL9B5, B082TT6KC7, B0DXKZV8DD, B09V22BX9D, B0FB8FJR6T, B0BZV2QVBF, B0BPCHR48K, B09XXBJP87, B0FP2CT6RB, B0BLC44XXF, B092PYPB66, B0CF9GSRMY, B0C53CKB88, B0DXVKFLG5, B0GH62FHY4, B0C53FL8LC, B0GDCNBNMP, B0DBQLSDH1, B07D1H98C7, B0B7JPQXSF, B08PFKV6NX, B0FMRL4PDH, B0GH6VT6VJ, B08FSY5VW2, B082TRF1ZG, B0DBQP91HS, B07CNR314H, B0FJR5D9NZ, B0FKGMVNVL, B0CSF92CPB, B0BX433V3W, B0DMFCZYW6, B0DBQYCCS7, B0B7B6J8WH, B0FMK84G4H, B0DCZFPNZ4, B0GH5ZR6R8, B0CSFKC4KK, B0GDCNGT51, B085C3JFB4, B0DBQSBP96, B0DBQPLVLJ, B07ZCLZT8D, B0DR8P26PB, B0FKGKRSZW, B08DFWM3G9, B0B9W9ZN8W, B07Y7VBVLR, B0GH6NJZD1, B0C85D1DFG, B0GH679PRX, B0FKGKQBP2, B0FVX89SGJ, B082SRZ5X1, B0FLY1WQNZ, B0D6VQF2HC, B0B7B9M7CT, B0C85BFMJL, B0GMN1SZ9L, B0BN1L7L9R, B0FJXQPHTG, B0CX1DJBSP]",amzn1.campaign.181Z35YU1FU1,🔥 ONWOTE Open for Collaboration: 80+ Premium Products | Top $3099.99,ONWOTE,2026-03-09,2026-09-15,10.00%,5000.0,1825.08,9,800,false
"[B0DG5WV3GH, B0DBQWGG2S, B0B8PB4FTZ, B0CCNTDN8G, B0CYGLYDR6, B0F8BBLH7L, B0CYGHTLYD, B0CQQHTKXX, B0C65QN2SR, B0D1XZPHRD, B0CNPGMG8G, B08FSW6STN, B0B1N1PTBK, B0CQYQCVR2, B09172DXPD, B0G5PMRJVY, B0CZL7RCRN, B0CRH85JFD, B0CT5YTV95, B09P15N92Y, B0CRH8GPQ6]",amzn1.campaign.1C15KBTQYAT2S,Trusted by Experts: The Affiliate Program for Serious Car Enthusiasts,Topdisplay,2026-03-09,2027-03-08,10.00%,1000000.0,998628.11,0,800,false
[B0FYLYK34Q],amzn1.campaign.1WQ1MFPN8IVO7,WhalesBot E9 Pro Robot Engineering Robot,WhalesBot,2026-03-09,2026-12-31,10.00%,5000.0,5000.0,40,800,false
[B0GGGH3Z8B],amzn1.campaign.1FXYES4VLHXN4,Projector,Dofellon,2026-03-09,2026-10-01,10.00%,5000.0,4162.59,14,800,false
"[B0FW6S1M1K, B0FVVYBP2D, B0FVW4SV46, B0FW5NB2T2, B0FW6KVPXR, B0FW6YJCD8]",amzn1.campaign.3074KFF7KAFLH,BaiYunTech8,BaiYunTech,2026-03-09,2027-03-08,10.00%,50000.0,49885.93,19,800,false
"[B0DZXGMW93, B0DZXGLY5J]",amzn1.campaign.T3GD1HZ5ZMJI,VI-NSAT07,Vizotae,2026-03-09,2027-03-06,10.00%,5000.0,4989.33,51,800,false
"[B0GGZ62Y9M, B0GGYZ7HJC, B0GGZGGGG2, B0GGZ66LGN]",amzn1.campaign.2KRJ3YN7B8VWO,| 20% Commission | Promoting BRATUC Maternity Lounge Pajama Shorts,BRATUC,2026-03-09,2027-03-08,20.00%,5000.0,4960.62,26,800,false
[B0FSR5N97F],amzn1.campaign.1GPVKBWV76GUC,WhalesBot Pubbo Air Smart Interactive Robot,WhalesBot,2026-03-09,2026-12-31,10.00%,5000.0,4984.0,24,800,false
"[B0DXBL243R, B0DXB7RJC2, B0DXB21VLR]",amzn1.campaign.2OSLGNHGI4UKP,WarmMate：Keeping Life Warm,WarmMate,2026-03-09,2026-12-31,10.00%,10000.0,9957.88,16,800,false
[B0DZXL1DGL],amzn1.campaign.2C06ABRETCL9Q,VI-DGST0100,Vizotae,2026-03-09,2027-03-06,10.00%,5000.0,5000.0,46,800,false
"[B0F7YQ75BQ, B0FD3MRTXW]",amzn1.campaign.2E1IFPQCL6V42,Promoting Mbllaie Premium Nail Diamond Partnership Opportunity,Mbllaie,2026-03-09,2027-02-01,10.00%,5000.0,4991.68,34,800,false
[B0CN9CF5GQ],amzn1.campaign.39AFM4AQRYIY6,Waterspecialist UKF8001 Refrigerator Water Filter Replacement For EveryDrop,Waterspecialist,2026-03-20,2026-12-31,10.00%,5000.0,4987.9,39,800,false
"[B0GJYYWBQK, B0GK14FBF2, B0GJZBWYWG, B0GJZGQSY1]",amzn1.campaign.3LAF1QWTHQEY5,| 20% Commission | Promoting BRATUC Maternity Flowy Bamboo Viscose Shorts,BRATUC,2026-03-09,2027-03-08,20.00%,5000.0,4920.6,30,800,false
"[B0CDFZ7KLD, B0CWR4MZ93, B0CDFTGTHC, B0CPLY6Z4F, B0CDFZS3QC, B0FCY3ZLBM, B0DRZYLHBH, B0CSK78WQS, B0FCY7HFCM]",amzn1.campaign.1A8AR7IUFNDIQ,15% Commission! Mneetrung 3 Tier Small Bookshelf Only $32.99,Mneetrung,2026-03-09,2027-02-27,15.00%,5000.0,3254.81,4,800,false
"[B0DZXGY6F9, B0DZXFMPPP, B0DZXHW5D3]",amzn1.campaign.35PMFZB3QWWAC,VI-DGPU09V,Vizotae,2026-03-09,2027-03-06,10.00%,5000.0,4979.6,44,800,false
[B0GC483PRJ],amzn1.campaign.2RPTA1M1F858W,Ox Dog Ball for high energy puppy,Oxawo,2026-03-09,2026-10-31,10.00%,5000.0,4962.16,37,800,false
"[B0FLXXY2J6, B0FLY4QJYD, B0FM2FKPQ8, B0FLY3YQTR, B0FLY1F35R, B0FLY2JJNK]",amzn1.campaign.3TU8NSUUL0SNR,Fine ​Mesh Laundry Bags with Zipper For Laundry Reusable Organizer Lingerie Bag,M.K ZIZZYPOP,2026-03-09,2027-01-01,10.00%,5000.0,5000.0,52,800,false
[B01DO7ABHW],amzn1.campaign.3QJUDW3ZFZQ06,Touchless Toilet Flush Kit with monthly sales of over 500 units: 10% commission,Techo,2026-03-09,2026-12-31,10.00%,5000.0,4981.4,34,800,false
"[B0GHQLWWHL, B0B45TVXP8, B0CZLHFZ7G, B0C65BYFVG, B0DBQDQTJB, B0CB3PHXKY, B0B6ZXQ67W, B0DCP2LL2M, B0CQLYRK7F, B0GGB2HX88, B0CCMH2G65, B0CF5DCBG6, B0GHRX8PNY, B0BTDFB9FK, B0C62FGCLP, B0BW8BZFQG, B09Y9CFLLP, B0CQLW3MYS, B0DBQCL79L, B09XB8N8S2, B0GHR2KSNW, B0CCNQPDLG, B0GHYZY6GY, B0BW886TGD, B0GHQHQF3W, B0D1Y69HSW, B0CB3MXBSJ, B0DPHT3W4L, B0DPKWGH6F, B0GHQJW6VF, B0BGPSHM15]",amzn1.campaign.E1PJBH8BFG5O,Earn Top-Tier Commissions with Our High-Value Auto Parts Affiliate Program!,Dzxiaso,2026-03-09,2027-03-06,10.00%,100000.0,99679.84,21,800,false
"[B0G52YQRFG, B0G52ZFXQ7]",amzn1.campaign.2DSBTALWFY8TC,MVBT Modern Solar Column Light +10%Commission+10%Promotion,MVBT,2026-03-09,2027-03-08,10.00%,5000.0,4040.19,23,800,false
"[B0FX9W9Y17, B0FXG6Z8BV, B0FXGCB4KT, B0FXG71CBF, B0FXG7P9XF, B0FX9T6L78, B0FX9WPGWG, B0FXG8FG24, B0FXGC7HWK, B0FXGC7HWL, B0FX9X7TMR, B0FX9VQJ85, B0FXG71LM4, B0FXGB5BPS, B0FXG4G3MK, B0FXG64QCD, B0FXG5FDRX]",amzn1.campaign.1XSW93G23VT95,Women's Fleece Lined Tights Fake Translucent Pantyhose Thermal Thick Leggings,M.K ZIZZYPOP,2026-03-09,2027-01-01,10.00%,5000.0,5000.0,74,800,false
"[B0GGXBVCXW, B0GGXQH4SV, B0GGXVM4MT, B0GGXJ3LZP]",amzn1.campaign.1KG6JR06JQ89Y,Partner with MiniLuxis – Earn 10% Commission for Ergonomic Mice,MiniLuxis,2026-03-09,2027-03-08,10.00%,50000.0,49956.35,28,800,false
"[B0DS4GL22R, B0FY2P55G5]",amzn1.campaign.2FURV1OFZFG9T,ALERTCAM  Weatherproof Power Cord for Ring Camera with 10% Commission! -UT0276,ALERTCAM,2026-03-09,2026-10-31,10.00%,5000.0,4974.3,21,800,false
"[B0B2PFHCNH, B0B2PGH32D, B08DTHDXKF, B094Y5DH84, B08P8G43HL, B08K2DPLCQ, B094Y66QXB, B0999G3HFL, B0B2PF1VG3, B08DTMPXNM, B0B2PLCMJJ, B0B2PF9GSW, B08P8MPHHB, B0B2PGVYV3, B08DTNT1YG, B0B2PFFLFN, B0B2PG4HY1, B08N4L6C97, B08P8LT8WV, B0B2PF7NCY, B0B2PFRWVJ, B094Y7VCTX, B0B2PHM4YB, B08N46NRRN, B0B2PCFTZX, B0B2PGBFXP, B0B2PGG8N8, B08P8L9QHL, B0B2PF8R8T, B08DS9QW9H, B094Y55RZX, B08RJ5CRR7, B0B2PF63RS, B0B2PH5YH9, B08N52LDDD, B08DSD6K2N, B094Y57KGB, B08P8M61F5, B0B2PDSL7V, B08DTMNZ61, B0B2PF5KDZ, B08N4F5FXD, B0B2PH7Y2Q, B0B2PGD19Q, B0B2PHXDGB, B0B2PDDW9M, B08P8MBD7K, B08K2GK8W9, B08N473ZGM, B08DTJ4737, B0B2PG3V4Q, B08P8KBRMB, B08K32B3C6, B0B2PFGGMB, B08KTHPL7L, B0B2PF6KGJ, B0B2PF7FJT, B092ZW64BD, B092ZWZY1B, B0B2PF964W, B08DTYH7VB, B094Y64KN7, B08K2ZHQBM, B0B2PHP57P, B0B2PF8KRG, B0B2PCXLFF, B0B2PDNQRG, B0B2PGDM6K, B08N4HFTVH, B094Y5ZSJB, B08DTKN1JV, B0B2PGDM75, B0B2PD578M, B08RJKLH6T, B08DTC3BQ9, B08P8LL2R5, B08K7B9XVY, B08N49M277, B08K32J5C9, B0B2PG1KY8, B08P8MV3H8, B08K2P1QP3, B0B2PF3BPB, B0B2PCWW1N, B0B2PD8JHM, B0B2PFV6LY, B08RJ1H29P, B08DTBWQMJ, B08P8MB4V9, B08DTLWM7W, B0B2PDT5LD, B094Y51RSD, B0B2PDVLCG, B0B2PFN5D8, B094Y4TC9Q, B0B2PGFQG8, B0B2PH6897, B08DTRQJ9J, B08K2L9X8V, B0B2PFVTJ7, B08K3B632M, B08RHJ5WJ3, B0B2PCYSD6, B08DTRB4KY, B094Y4RLRG, B08K338H7F, B08P8MY5QX, B0B2PF3PMF, B08DTQMDY4, B0B2PGBZ98, B0B2PMNJ11, B0B2PG91CJ, B0B2PF2KVM, B099929B49, B0B2PDNX4J, B094Y547NX, B0B2PD3G1K, B094Y7JQYB, B0B2PFZ4DK, B08N4B73BY, B08K2LN2RK, B094Y754MH, B08P8MJK83, B0B2PFR6PW, B0998Z98J6, B08DTLJJH6, B0B2PDSZ8C, B0B2PD9Y43, B0B2PDG4B8, B094Y5KNHF, B0B2PJ4FG6, B08N49SY67, B08DS9XZC9, B08DTFV4PH, B0B2PFNC28, B08DTMHNXM, B0998YTVMD, B08N3XX7TM, B08P8LNLGX, B08DTP5BJ8, B0B2PGX394, B08P8LHJVG, B099928ZDW, B08DTFHLZB, B094Y641XV, B0B2PBZ3QJ, B08P8MMSNB, B0998Z7NGY, B08DTLTRYD, B08N4CPW5T, B0B2PGB6R9, B08RHH8GVS, B0B2PDHYZB, B0B2PCPLTK, B08K2NCTNZ, B08KTGDVF4, B08N4PSXDZ, B094Y82ZGQ, B08P8N42ZF, B08K74ML7T, B0B2PFN5H1, B08DSBMVD8, B0B2PG1M19, B0B2PC6GXV, B0B2PG8YCV, B08DSDSGKZ, B0B2PD36CL, B08DSFMZZP, B0B2PCSP5J, B0B2PD4G41, B08P8MHQ5S, B0B2PFL8HT, B08P8MPLDM, B08K2LW8FY, B0B2PF6783, B08N4M2D86, B0B2PD365R, B08RJFN94W, B0B2PFFMD9, B0B2PHQTZT, B0B2PFQ4RL, B08RHX22PG, B0B2PD4RK8, B08DTM539F, B08N45PWBK, B08DTBXRVV, B094Y794ND, B08N4F21MG, B08DTMZG1N, B0B2PF6FFY, B08N4G8FGT, B0B2PJ5DTN, B0B2PFQV61, B08N48RGT4, B08P8M1YXR, B0B2PF6FCB, B0B2PGDFNM, B08P8M9119, B0B2PFYLGZ, B094Y69HCC, B094Y8944G, B08DTSHDF8, B08KSZNSCZ, B0B2PCPTYV, B08K2L2WS3, B0998ZB5RM, B08DT8S4TH, B08N43Y8PZ, B0B2PFS38B, B0B2PCR4TV, B094Y5GN11, B0B2PG8Z8M, B08N4HTZLF, B0B2PCWTC9, B08K2ZJC4S, B0B2PFS38L, B08N4XSPDN, B0B2PFHBFZ, B08DTM29LG, B08DTCQ1LX, B0B2PFYLHC, B0B2PGYDM7, B0B2PFTBTL, B0B2PFMVPP, B08K34KRH6, B0B2PGJ379, B0B2PFN8B7, B094Y844BG, B0B2PFZJ17, B08DTNM3C6]",amzn1.campaign.XRL00W3L43VB,Women's dress pants with monthly sales of over 4000,Tapata,2026-03-09,2026-12-31,10.00%,5000.0,4605.13,3,800,false
"[B0FJFB2VY7, B0FJFB2VY8, B0FJKY51WT, B0GKC8WVZL, B0FL26YR4L, B0FJF8HD6Y, B0FPBYSKBV, B0FPBZDMX2, B0FJKS46J5, B0G1KCZ858, B0G48TGDC3, B0FPC31RFP, B0FL238PF3, B0FJFSC73T, B0FL21ZP78, B0FPC1VPKY, B0G48ZP2PC, B0G48QP15S, B0FHH5L58M, B0G1KV5NR6, B0FKT2G4XX, B0FKGFQGVZ, B0G48R563V, B0FXDDGM8N, B0FL26QGVK, B0G49KVMJQ, B0FPBZZRR9, B0FKGHTXHV, B0FJFCHMYK, B0G492ZSJW, B0FL26ZWKJ, B0GGGHTMFB, B0FMRMJDN9, B0FKFNHCCL, B0FM292STK, B0FPC13XS8, B0G494RV33, B0G48V4FY3, B0FJL8TSWF, B0G4954RYC, B0G1KJ3WCZ, B0FJFD33KG, B0FPBZW19V, B0FKT6X3BR, B0FPC24S8D, B0G495CLLY, B0G48ZFG81, B0G1KRWFJT, B0FL25XQD2, B0FKT2KH55, B0G49MPNY5, B0FKG59Y39, B0FM2R8K3B, B0FJKY514G, B0FMRL62PD, B0G1KD467S, B0FJL7MY32, B0G492KP3S, B0GL26WPQZ, B0G493NTFX, B0FL229QMC, B0G1KTYH57, B0GGH7CLG5, B0G1KS7QRM, B0FJF9V7JK, B0G1KVFZ8G, B0G1KJ3RH9, B0G1KRNJKT, B0G1KS7QRP, B0G1KSL828, B0FJL1KDQF, B0FKG646H1, B0FKG2LLW3, B0G1KT93DZ, B0FL24WNMW, B0G1KQXWTJ, B0FM3MMRPK, B0FL22YJQK, B0FLN8XP2Y, B0FPBZM9Z4, B0G1KT58K1, B0FJFB4V4M, B0FPBYZR7P, B0G4952VTT, B0G1LFLJ4Q, B0G1KTWL3S, B0FHHB32G1, B0FHCYLMGK, B0FJFQ75FP, B0G48ZQLL9, B0FLNKKC44, B0G494PCW7, B0FJFR8NJ4, B0FKT97CWJ, B0G48TNN5B, B0FPBZM9ZJ, B0G493N7PP, B0G497XQWG, B0G492XJCC, B0FL262F3G, B0FHCZT6G1, B0GKCPX1DF, B0FL25RP4J, B0G1LJBMRD, B0G48Z8XM3, B0FJKYW3SM, B0FM22JQ72, B0FJLKJ69F, B0FJL8Q7D3, B0FL27C9N4, B0FKT6KJKX, B0FJF8DYZM, B0GF8G8VQV, B0G1KMBK99, B0FJFDXG5Q, B0FKT9GCWF, B0G1KRZ2X8, B0G1KRN988, B0G492D668, B0FPC11CSH, B0FJFBD4DZ, B0G49KGQKB, B0FHH92DG7, B0FJLDBNZC, B0FKG56HGZ, B0G1KR8RKD, B0FKTBNHLG, B0FJF91P45, B0G1KQQ5DM, B0G48YR3SY, B0FJF9S4GW, B0FM2G5DWQ, B0G1KRNPVK, B0GF8F348S, B0FL223F7V, B0G48T41L6, B0FKT97CWS, B0G1KSRGKX, B0FKT6P529, B0G48VJCDH, B0G48SKT7W, B0FJFCJGNJ, B0G49KB695, B0GKCY9GM9, B0FKFXHM9D, B0G1KR9MLZ, B0GJCXVNT3, B0G1KQL9HV, B0FKGFM8NZ, B0FL27YQMP, B0G494VJPH, B0G1KVCHC4, B0FL23YSCQ, B0FKT6187R, B0FKFSNYMZ, B0FKT63Y31, B0FPBYMRM1, B0G1KTDKN5, B0GF89JL62, B0FJF9XSYF, B0FKT5JV45, B0FL26J7QX, B0G1KN6DG8, B0FPBZPCG8, B0G1KQTL77, B0FL24PKP2, B0GGGTFK9F, B0FJFBGRH1, B0FKFT4KSH, B0G48QBBVH, B0FKT9FDKT, B0G48WN3KQ, B0FM2SNM5B, B0FL24HXQH, B0FJFBHXRN, B0GF8HMWJ8, B0FX8QVQ1C, B0FKGFPGC1, B0FL278GJG, B0FPC1BVCP, B0GGGPC458, B0FHHCKH8Z, B0FL27BGM4, B0G494P3VK, B0FJKS2QTS, B0FL22Z9HR, B0FL26LJRK, B0FPC153VK, B0G1LFK6LS, B0G1LDKH95, B0FHH92L98, B0FM3Q5CDB, B0FL243THS, B0FKFSRZ27, B0GGGZ16C9, B0FFS4YKFM, B0G1KJ8CP8, B0G495FT8C, B0FM3NF48M, B0G1KJ7W9N, B0G48XC9JX, B0GF868YM2, B0FJKNZ918, B0FPC2RKJX, B0G494RD5V, B0FJLHM4KX, B0G4996BK4, B0G1KD3WRQ, B0FJF8B8JJ, B0FHHBBNGX, B0FJL7R6WK, B0FM2FZD1X, B0FPC2214P, B0FJKRC2ZM, B0FKG17YR7, B0G1KVKD63, B0FHH8F6QX, B0FJF9Z5Q4, B0G1KS9YF6, B0G1KD3R9D, B0FPC1P858, B0FJFBHBYB, B0GF8DN9GY, B0FPC143NM, B0G1KQC9RR, B0G1KD4NNZ, B0FKGCPH79, B0G1KSLNXM, B0G1LFPFKL, B0G1KTWBG3, B0G4939K8M, B0F7H2KKC5, B0GF8C6TPY, B0F7H4V8T8, B0FL25VV9L, B0FPBZ4XBC, B0FFS71J97, B0G492VDCK, B0FJKPKCY7, B0FLNPW3ZD, B0F7H2PHNV, B0FJFDW38C, B0FKT2J24C, B0FL2483W8, B0G1LBWPHP, B0G48WM32F, B0G493G7JF, B0G1KS6FHV, B0G49CMJ44, B0FM2WG4SL, B0FJLDPYGV, B0FJFCHTBF, B0G1KT7ZQ6, B0FL23V1V5, B0FKGCB22L, B0FPBZ8N1T, B0GGH8Q7PC, B0FKT61TRK, B0FKFQC1SX, B0FL241X2L, B0G493SWV1, B0FKFXGX4R, B0G1KNZD6L, B0FL22Y972, B0FL23ZZZC, B0FKT68NQW, B0FKG18BSD, B0G1KRF1JN, B0GF8R3ZDG, B0G49J8H8B, B0FJF9VTL8, B0G1KR9CTW, B0FHD28HMJ, B0GF8N3WQ8, B0FKT6TZ4K, B0FJKP1RC5, B0FHD28HMK, B0FKFQGVPG, B0FHH91WF6, B0FPBYZN86, B0FM3KRSTC, B0FHH4Q5J4, B0FPBZY5F2, B0FKTBZ49L, B0G1LFSHTF, B0G49GT8PM, B0FPBYX6NR, B0FL26R8BJ, B0G1KTRG1H, B0G494MLHZ, B0FM3PYGCL, B0FL23K4JF, B0FJFDYJB5, B0FN4FHD9S, B0FL226YLL, B0GF8HQN4V, B0G4936M9P, B0GF8LR9C8, B0FL241TJL, B0FM2NN974, B0FJFBC4NT, B0FJFC9ZM4, B0G493XXK8, B0FKT6PSFS, B0G492NV13, B0G1KJ7X61, B0FL23DPDW, B0FJFRPC2Z, B0FL27T3FD, B0G49HQGLG, B0FPC17BWG, B0FM3P5PQ8, B0FJKPB824, B0FHH916VT, B0FKG9PSRZ, B0FL23PX11, B0FKGFQ55Y, B0G49719CX, B0FJF9ZGPM, B0FJFCL2D5, B0G4998RX4, B0FM3Q97VF, B0FJL53542, B0GGH1BSP7, B0FHD1V22C, B0FKGFNB82, B0FJLD88TG, B0FJF9VTF6, B0FPBYN9Q9, B0GGGMFZ34, B0G1KS3DJX, B0G492QLSV, B0FKT9B1JW, B0FHD42DHC, B0G1KRL4LV, B0FHHB1SP6, B0FPC13QP4, B0G49H5BB8, B0FJL5HCC2, B0FJFQR9DZ, B0FHH9VZBQ, B0FL2475YZ, B0FJFBSSNP, B0FKT4WNRQ, B0FPBYXL79, B0FPC18KV5, B0GF8DRLNG, B0G1KQYP83, B0FKFYPKGC, B0FL221BL3, B0G48ZSKNL, B0G48SNFYC, B0FL23NFBD, B0G1KRZD13, B0G1KRZD14, B0G1KD4H78, B0FM3MWCGH, B0G1KTNS7G, B0FJFC1HQL, B0FLNF5TRD, B0G499MNMX, B0FJL839WV, B0FKT9PWJ5, B0G493LRTM, B0G494BZ4Y, B0G4963KL6, B0G1KJ77CF, B0GF8G7392, B0FFR9VRZ6, B0FKT5XRZQ, B0G1KJ8RDS, B0FKGJ2P3M, B0FJKRKVH4, B0FPBYVLLV, B0FPBZ57Z6, B0G1KT1RMR]",amzn1.campaign.TE1GS91ILUQH,DCX Washable Rugs: Your Chaos-Proof Style Secret 🛋️✨,DCX,2026-03-09,2027-01-01,10.00%,5000.0,5000.0,74,800,false
"[B0DYDYY2JW, B0DYDX2B4X, B0DYDXQD22]",amzn1.campaign.1Q8C37L09MCQZ,"YAMI Pearl Necklace and Earrings Set, Black/Purple/White Pearl Jewelry Set",YAMI,2026-03-09,2027-03-08,20.00%,5000.0,4967.01,17,800,false
[B0C7BB8C8T],amzn1.campaign.1TS9KWCSLJO8I,4.8 Rating HIGHLY RATED CARD ALBUM PRODUCTS - B0C7BB8C8T,GOROMA,2026-03-09,2026-09-30,10.00%,5000.0,4835.8,76,800,false
[B0CLN9C2T1],amzn1.campaign.107MRC4ETLQZC,🎁 Stocking Stuffer Alert! The Gift Every Lash Girl Wants,Buqikma,2026-03-09,2027-03-08,15.00%,5000.0,4993.54,30,800,false
"[B0FJFB2VY7, B0FJFB2VY8, B0FJKY51WT, B0GKC8WVZL, B0FL26YR4L, B0FJF8HD6Y, B0FPBYSKBV, B0FPBZDMX2, B0FJKS46J5, B0G48TGDC3, B0G1KCZ858, B0FPC31RFP, B0FL238PF3, B0FJFSC73T, B0FL21ZP78, B0FPC1VPKY, B0G48ZP2PC, B0G48QP15S, B0FHH5L58M, B0G1KV5NR6, B0FKT2G4XX, B0FKGFQGVZ, B0G48R563V, B0FL26QGVK, B0G49KVMJQ, B0FPBZZRR9, B0FKGHTXHV, B0FJFCHMYK, B0G492ZSJW, B0FL26ZWKJ, B0GGGHTMFB, B0FMRMJDN9, B0FKFNHCCL, B0FM292STK, B0FPC13XS8, B0G494RV33, B0G48V4FY3, B0FJL8TSWF, B0G4954RYC, B0G1KJ3WCZ, B0FJFD33KG, B0FPBZW19V, B0FKT6X3BR, B0FPC24S8D, B0G495CLLY, B0G48ZFG81, B0G1KRWFJT, B0FKT2KH55, B0G49MPNY5, B0FKG59Y39, B0FM2R8K3B, B0FJKY514G, B0FMRL62PD, B0G1KD467S, B0FJL7MY32, B0G492KP3S, B0GL26WPQZ, B0G493NTFX, B0FL229QMC, B0G1KTYH57, B0GGH7CLG5, B0G1KS7QRM, B0FJF9V7JK, B0G1KVFZ8G, B0G1KJ3RH9, B0G1KS7QRP, B0G1KRNJKT, B0G1KSL828, B0FJL1KDQF, B0FKG646H1, B0FKG2LLW3, B0G1KT93DZ, B0FL24WNMW, B0G1KQXWTJ, B0FM3MMRPK, B0FL22YJQK, B0FPBZM9Z4, B0G1KT58K1, B0FJFB4V4M, B0FPBYZR7P, B0G4952VTT, B0G1LFLJ4Q, B0G1KTWL3S, B0FHHB32G1, B0FHCYLMGK, B0FJFQ75FP, B0G48ZQLL9, B0G494PCW7, B0FJFR8NJ4, B0FKT97CWJ, B0G48TNN5B, B0FPBZM9ZJ, B0G493N7PP, B0G497XQWG, B0G492XJCC, B0FL262F3G, B0FHCZT6G1, B0GKCPX1DF, B0FL25RP4J, B0G1LJBMRD, B0G48Z8XM3, B0FJKYW3SM, B0FM22JQ72, B0FJLKJ69F, B0FJL8Q7D3, B0FL27C9N4, B0FKT6KJKX, B0FJF8DYZM, B0GF8G8VQV, B0G1KMBK99, B0FJFDXG5Q, B0FKT9GCWF, B0G1KRN988, B0G1KRZ2X8, B0G492D668, B0FPC11CSH, B0FJFBD4DZ, B0G49KGQKB, B0FHH92DG7, B0FJLDBNZC, B0FKG56HGZ, B0G1KR8RKD, B0FKTBNHLG, B0FJF91P45, B0G48YR3SY, B0G1KQQ5DM, B0FJF9S4GW, B0FM2G5DWQ, B0GF8F348S, B0G1KRNPVK, B0FL223F7V, B0G48T41L6, B0FKT97CWS, B0G1KSRGKX, B0FKT6P529, B0G48VJCDH, B0G48SKT7W, B0FJFCJGNJ, B0G49KB695, B0GKCY9GM9, B0FKFXHM9D, B0G1KR9MLZ, B0G1KQL9HV, B0GJCXVNT3, B0FKGFM8NZ, B0FL27YQMP, B0G494VJPH, B0G1KVCHC4, B0FL23YSCQ, B0FKT6187R, B0FKFSNYMZ, B0FKT63Y31, B0FPBYMRM1, B0G1KTDKN5, B0GF89JL62, B0FJF9XSYF, B0FKT5JV45, B0FL26J7QX, B0G1KN6DG8, B0FPBZPCG8, B0G1KQTL77, B0FL24PKP2, B0GGGTFK9F, B0FJFBGRH1, B0FKFT4KSH, B0G48QBBVH, B0FKT9FDKT, B0G48WN3KQ, B0FM2SNM5B, B0FL24HXQH, B0FJFBHXRN, B0GF8HMWJ8, B0FX8QVQ1C, B0FKGFPGC1, B0FL278GJG, B0FPC1BVCP, B0GGGPC458, B0FHHCKH8Z, B0FL27BGM4, B0G494P3VK, B0FJKS2QTS, B0FL22Z9HR, B0FL26LJRK, B0FPC153VK, B0G1LFK6LS, B0G1LDKH95, B0FHH92L98, B0FM3Q5CDB, B0FL243THS, B0FKFSRZ27, B0GGGZ16C9, B0FFS4YKFM, B0FM3NF48M, B0G495FT8C, B0G1KJ8CP8, B0G48XC9JX, B0G1KJ7W9N, B0GF868YM2, B0FJKNZ918, B0FPC2RKJX, B0G494RD5V, B0FJLHM4KX, B0G4996BK4, B0G1KD3WRQ, B0FJF8B8JJ, B0FHHBBNGX, B0FJL7R6WK, B0FM2FZD1X, B0FPC2214P, B0FJKRC2ZM, B0FKG17YR7, B0G1KVKD63, B0FHH8F6QX, B0FJF9Z5Q4, B0G1KS9YF6, B0G1KD3R9D, B0FPC1P858, B0FJFBHBYB, B0GF8DN9GY, B0FPC143NM, B0G1KQC9RR, B0G1KD4NNZ, B0FKGCPH79, B0G1KSLNXM, B0G1LFPFKL, B0G1KTWBG3, B0G4939K8M, B0F7H2KKC5, B0GF8C6TPY, B0F7H4V8T8, B0FL25VV9L, B0FPBZ4XBC, B0FFS71J97, B0G492VDCK, B0FJKPKCY7, B0F7H2PHNV, B0FJFDW38C, B0FKT2J24C, B0FL2483W8, B0G48WM32F, B0G1LBWPHP, B0G493G7JF, B0G49CMJ44, B0G1KS6FHV, B0FM2WG4SL, B0FJLDPYGV, B0FJFCHTBF, B0G1KT7ZQ6, B0FKGCB22L, B0FPBZ8N1T, B0GGH8Q7PC, B0FKT61TRK, B0FKFQC1SX, B0FL241X2L, B0G493SWV1, B0FKFXGX4R, B0G1KNZD6L, B0FL22Y972, B0FL23ZZZC, B0FKT68NQW, B0FKG18BSD, B0GF8R3ZDG, B0G1KRF1JN, B0G49J8H8B, B0FJF9VTL8, B0G1KR9CTW, B0FHD28HMJ, B0GF8N3WQ8, B0FKT6TZ4K, B0FJKP1RC5, B0FHD28HMK, B0FKFQGVPG, B0FHH91WF6, B0FPBYZN86, B0FM3KRSTC, B0FHH4Q5J4, B0FPBZY5F2, B0FKTBZ49L, B0G1LFSHTF, B0G49GT8PM, B0FPBYX6NR, B0FL26R8BJ, B0FM3PYGCL, B0G494MLHZ, B0G1KTRG1H, B0FL23K4JF, B0FJFDYJB5, B0FN4FHD9S, B0FL226YLL, B0GF8HQN4V, B0G4936M9P, B0GF8LR9C8, B0FM2NN974, B0FJFBC4NT, B0FJFC9ZM4, B0G493XXK8, B0FKT6PSFS, B0G492NV13, B0G1KJ7X61, B0FL23DPDW, B0FJFRPC2Z, B0FL27T3FD, B0G49HQGLG, B0FPC17BWG, B0FM3P5PQ8, B0FJKPB824, B0FHH916VT, B0FKG9PSRZ, B0FL23PX11, B0FKGFQ55Y, B0G49719CX, B0FJF9ZGPM, B0FJFCL2D5, B0FM3Q97VF, B0G4998RX4, B0FJL53542, B0GGH1BSP7, B0FHD1V22C, B0FKGFNB82, B0FJLD88TG, B0FJF9VTF6, B0FPBYN9Q9, B0GGGMFZ34, B0G1KS3DJX, B0G492QLSV, B0FKT9B1JW, B0FHD42DHC, B0G1KRL4LV, B0FHHB1SP6, B0FPC13QP4, B0G49H5BB8, B0FJL5HCC2, B0FJFQR9DZ, B0FHH9VZBQ, B0FL2475YZ, B0FJFBSSNP, B0FKT4WNRQ, B0FPBYXL79, B0FPC18KV5, B0GF8DRLNG, B0G1KQYP83, B0FKFYPKGC, B0FL221BL3, B0G48ZSKNL, B0G48SNFYC, B0FL23NFBD, B0G1KRZD13, B0G1KD4H78, B0G1KRZD14, B0FM3MWCGH, B0G1KTNS7G, B0FJFC1HQL, B0G499MNMX, B0FJL839WV, B0FKT9PWJ5, B0G493LRTM, B0G494BZ4Y, B0G4963KL6, B0G1KJ77CF, B0GF8G7392, B0FFR9VRZ6, B0FKT5XRZQ, B0G1KJ8RDS, B0FKGJ2P3M, B0FJKRKVH4, B0FPBYVLLV, B0FPBZ57Z6, B0G1KT1RMR]",amzn1.campaign.EU7CK9Z7UNG4,DCX Washable Rugs: Mom’s Peace-of-Mind Secret 🛋️💛,DCX,2026-03-09,2026-12-31,10.00%,5000.0,5000.0,73,800,false
"[B0FZTK6SHJ, B0FZTBH5HN, B0FZTLKR5J, B0FZTH3KQN, B0FZTN2GQF, B0FZTHR75M, B0FZTLL2HB, B0FZTM9N8D, B0FZTHBKRK, B0FZTF8GR1, B0FZTNZLG9, B0FZTG6LP9, B0FZTNPFL5, B0FZTGFB99, B0FZTMMWMP, B0FZTL538Q, B0FZTLJRSY, B0FZTGD151, B0FZTCQCXB, B0FZTLR44B, B0FZTJ5TJC, B0FZTL8NYC, B0FZTCPKMM]",amzn1.campaign.3S0JCO70NYN9I,Cooling Skull Cap Breathable Helmet Liner Lightweight Beanie Cycling Hat,M.K ZIZZYPOP,2026-03-09,2027-01-01,10.00%,5000.0,5000.0,59,800,false
"[B0FS1J5744, B0FS1K9M8V]",amzn1.campaign.888V874XFWUD,"The latest counting crochet hook, ergonomic design is more comfortable",Jeciran,2026-03-09,2026-09-30,10.00%,5000.0,4500.47,28,800,false
"[B08R7HPW9R, B089SX285T, B09HYZQMJV, B08XJ3WZ2Q, B089SYJJ2C, B08XHWFCYB, B08R7KD3CC, B089SX7KHH, B089SXR1ZX, B08XGLKJCJ, B08R7K2DL5, B09HYTF5VV, B094XMV6Y3, B08XH9GDM9, B089SYP2YT, B08R7KX5D7, B094XQNJYB, B08R7JZ8MF, B08R7KQJB8, B089SX6752, B09HZ1Y8B6, B089SXV6GM, B08R7KJCV4, B089SXMMKJ, B089SY2H5F, B08XJ4MWQS, B08R7L3ZG4, B08XH6C62K, B08XGZF8KW, B09HYZJR55, B08XHSWVPS, B08R7K7LTD, B08R7KXDMW, B08R7KP33L, B08XGJP457, B089SXX7NG, B089SXLSDP, B08R7LM33C, B08XHYD99N, B09HYQ3KR5, B08XJ9HKRD, B08R7LHN7L, B08XJBB4RS, B09HZ2NFTR, B08XGJGSF3, B094XN1S9L, B08R7K9R34, B089SXT4DJ, B08R7K9R71, B09HZ6XDT8, B089SWGP3Z, B089SX926T, B089SXGHS1, B09HZ7S3NR, B09HZ5SMDF, B089SWXR5L, B08R7KQXQK, B089SYM6LW, B08R7KTSS3, B08XH1YP5D, B08R7K8DGZ, B094XMYZ7Q, B08XJ8W9HR, B089SXXXF9, B09HZ6K2Y2, B089SXJHHL, B08XJ9HPNN, B08R7L98Y8, B09HZ8MC1F, B09HZ6YL56, B09HZHD758, B09HZHK1HY, B094XNHJ5N, B09HYQ22XL, B08XJ48CFW, B08R7K1GRJ, B08XHYDWNL, B089SXPRVV, B08XH7HX45, B08XHLZ6RD]",amzn1.campaign.30I1EFS5UII1M,Womens Bootcut Dress Pants with monthly sales of over 1000 units: 10% commission,SEVEGO,2026-03-09,2026-12-31,10.00%,5000.0,5000.0,31,800,false
"[B0DZXK5YGD, B0DZXK8HXM, B0DZXJ9QLX, B0DZXKK14S]",amzn1.campaign.O990PZBFOKWX,VI-DGPU02,Vizotae,2026-03-09,2027-03-06,10.00%,5000.0,4974.3,53,800,false
"[B0CRHJ77RM, B0CRHJZGZV, B0CRHHB26N, B0CRHKYLL7, B0CRHLYSVF, B0CRHK6VNT, B0CRHJ4CS3, B0CRHHQLFK, B0CRHK2881, B0CRHKBW55, B0CRHJL1Z5, B0CRHKVWC8, B0CRHL7KKL, B0CRHKVWBV, B0CRHKRKWT, B0CRHHRMCZ, B0CRHKVWBS, B0CRHJ9KJR, B0CRHJ7WXV, B0CRHKKBRV, B0CRHJFM1S, B0CRHHZCXT, B0CRHL34RK, B0CRHJPSQ8, B0CRHJPSQF, B0CRHKNQFG, B0CRHK8HG2, B0CRHHV239, B0CRHKJZLB, B0CRHJZ33X, B0CRHK3YG6, B0CRHJRN19, B0CRHJZHNN, B0CRHKJ26K, B0CRHL7P5B, B0CRHL4D6L, B0CRHKFSSH, B0CRHJXB8N, B0CRHK9KRR, B0CRHKH5S1, B0CRHJSBP6, B0CRHK3F29, B0CRHJBSTB, B0CRHL5BXS, B0CRHJQGWZ, B0CRHJTY26, B0CRHKLMG9, B0CRHJF151, B0CRHJ9KHK, B0CRHHSWS8, B0CRHHS3LJ, B0CRHLVH25, B0CRHHQDKX, B0CRHHFSRD, B0CRHKGR77, B0CRHJFS8J, B0CRHK6K43, B0CRHK39RF, B0CRHK1YWH, B0CRHK71FB, B0CRHK1T59, B0CRHKLW3C, B0CRHJJ5BB, B0CRHKZPLH, B0CRHJ9DQZ, B0CRHL66P3, B0CRHKJGZD, B0CRHJG6N4, B0CRHKX1MB, B0CRHK6JL7, B0CRHJ6WXD, B0CRHJG6N5, B0CRHJDLZK, B0CRHJ8JGW, B0CRHKJGZF, B0CRHKLW35, B0CRHHRF9Q, B0CRHKFRDK, B0CRHJSJ9N, B0CRHJK1Y5, B0CRHK39KR, B0CRHKKFNR, B0CRHJC1PQ, B0CRHKCB56, B0CRHJBZTM, B0CRHJVNQY, B0CRHKS2WD, B0CRHJ6K6C, B0CRHKFRDD, B0CRHJMB3W, B0CRHHWZSD, B0CRHJRNN9, B0CRHKK3QZ, B0CRHJ3QKJ, B0CRHKXB8L, B0CRHJ7XV3, B0CRHKQ7H5, B0CRHKLYZH, B0CRHHT5ZT, B0CRHHVK79, B0CRHK5DTW, B0CRHKRKTJ, B0CRHK1491, B0CRHJ9KM8, B0CRHJQRQW, B0CRHJ85DB, B0CRHJ2S8R, B0CRHJL3KL, B0CRHJQ6S3, B0CRHK2PVF, B0CRHKQYTH, B0CRHK4H7D, B0CRHHS5KM, B0CRHHG9GL, B0CRHKSCZN, B0CRHGDJ69, B0CRHJWVHH, B0CRHKZ86Z, B0CRHK3BXD, B0CRHLYSSR]",amzn1.campaign.TF5BS5OD1YBZ,Women’s Athletic Joggers with monthly sales of over 1000 units: 10% commission,SEVEGO,2026-03-09,2026-12-31,10.00%,5000.0,5000.0,31,800,false
"[B08R7949MW, B08R77Z7CP, B08JCNZZCV, B08JCJT74L, B08JCML3XS, B08JC84DCP, B08R78VSDR, B08JCRH5K4, B08JCJXVBJ, B08JCFLYTN, B08R7924Y7, B08JCP12N5, B08JC5SRW3, B08JC8T413, B08JCKFF2G, B08R78FRCN, B08JCG7SZV, B08JCJB191, B08JCT5C9S, B08JCF1PV7]",amzn1.campaign.ZOY6Z6ZFF9I7,Extra-Long Yoga Leggings with monthly sales of over 500 units: 10% commission,SEVEGO,2026-03-09,2026-12-31,10.00%,5000.0,5000.0,32,800,false
"[B0FJFB2VY7, B0FJFB2VY8, B0FJKY51WT, B0GKC8WVZL, B0FL26YR4L, B0FJF8HD6Y, B0FPBYSKBV, B0FPBZDMX2, B0FJKS46J5, B0G1KCZ858, B0G48TGDC3, B0FPC31RFP, B0FL238PF3, B0FJFSC73T, B0FL21ZP78, B0FPC1VPKY, B0G48ZP2PC, B0G48QP15S, B0FHH5L58M, B0G1KV5NR6, B0FKT2G4XX, B0FKGFQGVZ, B0G48R563V, B0FXDDGM8N, B0FL26QGVK, B0G49KVMJQ, B0FPBZZRR9, B0FKGHTXHV, B0FJFCHMYK, B0G492ZSJW, B0FL26ZWKJ, B0GGGHTMFB, B0FMRMJDN9, B0FKFNHCCL, B0FM292STK, B0FPC13XS8, B0G494RV33, B0G48V4FY3, B0FJL8TSWF, B0G4954RYC, B0G1KJ3WCZ, B0FJFD33KG, B0G1KS3MWK, B0FPBZW19V, B0FKT6X3BR, B0FPC24S8D, B0FJFPFHMG, B0G495CLLY, B0G48ZFG81, B0G1KRWFJT, B0FL25XQD2, B0FKT2KH55, B0G49MPNY5, B0FKG59Y39, B0FM2R8K3B, B0FJKY514G, B0FMRL62PD, B0G1KD467S, B0FJL7MY32, B0G492KP3S, B0GL26WPQZ, B0G493NTFX, B0FL229QMC, B0G1KTYH57, B0GGH7CLG5, B0G1KS7QRM, B0FJF9V7JK, B0G1KVFZ8G, B0G1KJ3RH9, B0G1KRNJKT, B0G1KS7QRP, B0G1KSL828, B0FJL1KDQF, B0FKG646H1, B0FKG2LLW3, B0G1KT93DZ, B0FL24WNMW, B0G1KQXWTJ, B0FM3MMRPK, B0FL22YJQK, B0FLN8XP2Y, B0FPBZM9Z4, B0G1KT58K1, B0FJFB4V4M, B0FPBYZR7P, B0G4952VTT, B0G1LFLJ4Q, B0G1KTWL3S, B0FHHB32G1, B0FHCYLMGK, B0FJFQ75FP, B0G48ZQLL9, B0FLNKKC44, B0G494PCW7, B0FJFR8NJ4, B0FKT97CWJ, B0G48TNN5B, B0FPBZM9ZJ, B0G493N7PP, B0G497XQWG, B0G492XJCC, B0FL262F3G, B0FHCZT6G1, B0GKCPX1DF, B0FL25RP4J, B0G1LJBMRD, B0G48Z8XM3, B0FJKYW3SM, B0FM22JQ72, B0FJLKJ69F, B0FJL8Q7D3, B0FL27C9N4, B0FKT6KJKX, B0FJF8DYZM, B0GF8G8VQV, B0G1KMBK99, B0FJFDXG5Q, B0FKT9GCWF, B0G1KRZ2X8, B0G1KRN988, B0G492D668, B0FPC11CSH, B0FJFBD4DZ, B0G49KGQKB, B0FHH92DG7, B0FJLDBNZC, B0FKG56HGZ, B0G1KR8RKD, B0FKTBNHLG, B0FJF91P45, B0G1KQQ5DM, B0G48YR3SY, B0FJF9S4GW, B0FM2G5DWQ, B0G1KRNPVK, B0GF8F348S, B0FL223F7V, B0G48T41L6, B0FKT97CWS, B0G1KSRGKX, B0FKT6P529, B0G48VJCDH, B0G48SKT7W, B0FJFCJGNJ, B0GKCY9GM9, B0G49KB695, B0FKFXHM9D, B0G1KR9MLZ, B0GJCXVNT3, B0G1KQL9HV, B0FKGFM8NZ, B0FL27YQMP, B0G494VJPH, B0G1KVCHC4, B0FL23YSCQ, B0FKT6187R, B0FJKY3FPR, B0FKFSNYMZ, B0FKT63Y31, B0FPBYMRM1, B0G1KTDKN5, B0GF89JL62, B0FJF9XSYF, B0FKT5JV45, B0FL26J7QX, B0G1KN6DG8, B0FPBZPCG8, B0G1KQTL77, B0FL24PKP2, B0GGGTFK9F, B0FJFBGRH1, B0FKFT4KSH, B0G48QBBVH, B0FKT9FDKT, B0G48WN3KQ, B0FM2SNM5B, B0FL24HXQH, B0FJFBHXRN, B0GF8HMWJ8, B0FX8QVQ1C, B0FKGFPGC1, B0FL278GJG, B0FPC1BVCP, B0GGGPC458, B0FHHCKH8Z, B0FL27BGM4, B0G494P3VK, B0FJKS2QTS, B0FL22Z9HR, B0FL26LJRK, B0FPC153VK, B0G1LFK6LS, B0G1LDKH95, B0FHH92L98, B0FM3Q5CDB, B0FL243THS, B0FKFSRZ27, B0GGGZ16C9, B0FFS4YKFM, B0G1KJ8CP8, B0G495FT8C, B0FM3NF48M, B0G1KJ7W9N, B0G48XC9JX, B0GF868YM2, B0FJKNZ918, B0FPC2RKJX, B0G494RD5V, B0FJLHM4KX, B0G4996BK4, B0G1KD3WRQ, B0FJF8B8JJ, B0FHHBBNGX, B0FJL7R6WK, B0FM2FZD1X, B0FPC2214P, B0FJKRC2ZM, B0FKG17YR7, B0G1KVKD63, B0FHH8F6QX, B0FJF9Z5Q4, B0G1KS9YF6, B0G1KD3R9D, B0FPC1P858, B0FJFBHBYB, B0GF8DN9GY, B0FPC143NM, B0G1KQC9RR, B0G1KD4NNZ, B0FKGCPH79, B0G1KSLNXM, B0G1LFPFKL, B0G1KTWBG3, B0G4939K8M, B0F7H2KKC5, B0GF8C6TPY, B0F7H4V8T8, B0FL25VV9L, B0FPBZ4XBC, B0FFS71J97, B0G492VDCK, B0FJKPKCY7, B0FLNPW3ZD, B0F7H2PHNV, B0FJFDW38C, B0FKT2J24C, B0FL2483W8, B0G1LBWPHP, B0G48WM32F, B0FKT6VQLH, B0G493G7JF, B0G1KS6FHV, B0G49CMJ44, B0FM2WG4SL, B0FJLDPYGV, B0FJFCHTBF, B0G1KT7ZQ6, B0FL23V1V5, B0FKGCB22L, B0FPBZ8N1T, B0GGH8Q7PC, B0FKT61TRK, B0FKFQC1SX, B0FL241X2L, B0G493SWV1, B0FKFXGX4R, B0G1KNZD6L, B0FL22Y972, B0FL23ZZZC, B0FKT68NQW, B0FKG18BSD, B0G1KRF1JN, B0GF8R3ZDG, B0G49J8H8B, B0FJF9VTL8, B0G1KR9CTW, B0FHD28HMJ, B0GF8N3WQ8, B0FKT6TZ4K, B0FJKP1RC5, B0FHD28HMK, B0FKFQGVPG, B0FHH91WF6, B0FPBYZN86, B0FM3KRSTC, B0FHH4Q5J4, B0FPBZY5F2, B0FKTBZ49L, B0G1LFSHTF, B0G49GT8PM, B0FPBYX6NR, B0FL26R8BJ, B0G1KTRG1H, B0G494MLHZ, B0FM3PYGCL, B0FL23K4JF, B0FJFDYJB5, B0FN4FHD9S, B0FL226YLL, B0G4936M9P, B0GF8HQN4V, B0GF8LR9C8, B0FL241TJL, B0FM2NN974, B0FJFBC4NT, B0FJFC9ZM4, B0G493XXK8, B0FKT6PSFS, B0G492NV13, B0G1KJ7X61, B0FL23DPDW, B0FJFRPC2Z, B0FL27T3FD, B0G49HQGLG, B0FPC17BWG, B0FM3P5PQ8, B0FJKPB824, B0FHH916VT, B0FKG9PSRZ, B0FL23PX11, B0FKGFQ55Y, B0G49719CX, B0FJF9ZGPM, B0FJFCL2D5, B0G4998RX4, B0FM3Q97VF, B0FJL53542, B0GGH1BSP7, B0FHD1V22C, B0FKGFNB82, B0FJLD88TG, B0FJF9VTF6, B0FPBYN9Q9, B0GGGMFZ34, B0G1KS3DJX, B0G492QLSV, B0FKT9B1JW, B0FKG173B4, B0FHD42DHC, B0G1KRL4LV, B0FHHB1SP6, B0FPC13QP4, B0G49H5BB8, B0FJL5HCC2, B0FJFQR9DZ, B0FHH9VZBQ, B0FL2475YZ, B0FJFBSSNP, B0FKT4WNRQ, B0FL26CYQM, B0FPBYXL79, B0FPC18KV5, B0GF8DRLNG, B0G1KQYP83, B0FKFYPKGC, B0FL221BL3, B0G48ZSKNL, B0G48SNFYC, B0FL23NFBD, B0G1KRZD13, B0G1KRZD14, B0G1KD4H78, B0FM3MWCGH, B0G1KTNS7G, B0FJFC1HQL, B0G499MNMX, B0FLNF5TRD, B0FJL839WV, B0FKT9PWJ5, B0G493LRTM, B0G494BZ4Y, B0G4963KL6, B0G1KJ77CF, B0GF8G7392, B0FFR9VRZ6, B0FKT5XRZQ, B0G1KJ8RDS, B0FKGJ2P3M, B0FJKRKVH4, B0FPBYVLLV, B0FPBZ57Z6, B0G1KT1RMR]",amzn1.campaign.1HTISM4SFF7DM,"DCX Washable Rugs: Real Life, Real Style 🛋️🐾",DCX,2026-03-09,2026-11-30,10.00%,5000.0,5000.0,67,800,false
[B0G3T87QFW],amzn1.campaign.17078ML1OVL94,HW-TKP306KITA-10-NEW,Hawink,2026-03-09,2027-03-01,11.00%,100000.0,99835.11,50,800,false
[B0DZXH4QD8],amzn1.campaign.3T81EYDGTOJBU,VI-DGPU9400-10,Vizotae,2026-03-09,2027-03-06,10.00%,5000.0,5000.0,54,800,false
"[B0G1M4XSKD, B0G1M21MKS, B0G1LZS8HT, B0G1M21ML3, B0G1LX5ZWZ, B0G1M2LBT6, B0G1M1CYND, B0G1LSDDTX, B0G1M5DGFW, B0G1M68PPC, B0G1M78VTV, B0G1LX5S6X, B0G1LX6NKT, B0G1M2BDQN, B0G1LZKRCX, B0G1LSDVGN, B0G1LYBWGZ, B0G1M4BHTL, B0G1LSCJ9R, B0G1M5ZSZZ, B0G1LYSPX1]",amzn1.campaign.3IHON46BWGJ4H,Balaclava Ski Mask Full Face Mask Uv Protection Motorcycle Breathable Air Vents,M.K ZIZZYPOP,2026-03-09,2027-01-01,10.00%,5000.0,5000.0,49,800,false
"[B0FWR48HQM, B0DDK9CMLW, B0FWQZCB1G]",amzn1.campaign.2Y41F9LY06O4U,"YIYUNBEBE 3-in-1 Double Pet Stroller | For 2 Small/Medium, Detachable Carriers",YIYUNBEBE,2026-03-09,2026-12-31,15.00%,5000.0,4110.38,8,800,false
[B0G3T87QFW],amzn1.campaign.23PSRBWCYALKL,HW-TKP306KITA-10,Hawink,2026-03-09,2027-03-07,11.00%,500000.0,499710.61,20,800,false
"[B0FJFB2VY7, B0FJFB2VY8, B0FJKY51WT, B0GKC8WVZL, B0FL26YR4L, B0FJF8HD6Y, B0FPBYSKBV, B0FPBZDMX2, B0FJKS46J5, B0G48TGDC3, B0G1KCZ858, B0FPC31RFP, B0FL238PF3, B0FJFSC73T, B0FL21ZP78, B0FPC1VPKY, B0G48ZP2PC, B0G48QP15S, B0FHH5L58M, B0G1KV5NR6, B0FKT2G4XX, B0FKGFQGVZ, B0G48R563V, B0FXDDGM8N, B0FL26QGVK, B0G49KVMJQ, B0FPBZZRR9, B0FKGHTXHV, B0FJFCHMYK, B0G492ZSJW, B0FL26ZWKJ, B0GGGHTMFB, B0FMRMJDN9, B0FKFNHCCL, B0FM292STK, B0FPC13XS8, B0G494RV33, B0G48V4FY3, B0FJL8TSWF, B0G4954RYC, B0G1KJ3WCZ, B0FJFD33KG, B0FPBZW19V, B0FKT6X3BR, B0FPC24S8D, B0G495CLLY, B0G48ZFG81, B0G1KRWFJT, B0FL25XQD2, B0FKT2KH55, B0G49MPNY5, B0FKG59Y39, B0FM2R8K3B, B0FJKY514G, B0FMRL62PD, B0G1KD467S, B0FJL7MY32, B0G492KP3S, B0GL26WPQZ, B0G493NTFX, B0FL229QMC, B0G1KTYH57, B0GGH7CLG5, B0G1KS7QRM, B0FJF9V7JK, B0G1KVFZ8G, B0G1KJ3RH9, B0G1KS7QRP, B0G1KRNJKT, B0G1KSL828, B0FJL1KDQF, B0FKG646H1, B0FKG2LLW3, B0G1KT93DZ, B0FL24WNMW, B0G1KQXWTJ, B0FM3MMRPK, B0FL22YJQK, B0FLN8XP2Y, B0FPBZM9Z4, B0G1KT58K1, B0FJFB4V4M, B0FPBYZR7P, B0G4952VTT, B0G1LFLJ4Q, B0G1KTWL3S, B0FHHB32G1, B0FHCYLMGK, B0FJFQ75FP, B0G48ZQLL9, B0FLNKKC44, B0G494PCW7, B0FJFR8NJ4, B0FKT97CWJ, B0G48TNN5B, B0FPBZM9ZJ, B0G493N7PP, B0G497XQWG, B0G492XJCC, B0FL262F3G, B0FHCZT6G1, B0GKCPX1DF, B0FL25RP4J, B0G1LJBMRD, B0G48Z8XM3, B0FJKYW3SM, B0FM22JQ72, B0FJLKJ69F, B0FJL8Q7D3, B0FL27C9N4, B0FKT6KJKX, B0FJF8DYZM, B0GF8G8VQV, B0G1KMBK99, B0FJFDXG5Q, B0FKT9GCWF, B0G1KRN988, B0G1KRZ2X8, B0G492D668, B0FPC11CSH, B0FJFBD4DZ, B0G49KGQKB, B0FHH92DG7, B0FJLDBNZC, B0FKG56HGZ, B0G1KR8RKD, B0FKTBNHLG, B0FJF91P45, B0G48YR3SY, B0G1KQQ5DM, B0FJF9S4GW, B0FM2G5DWQ, B0GF8F348S, B0G1KRNPVK, B0FL223F7V, B0G48T41L6, B0FKT97CWS, B0G1KSRGKX, B0FKT6P529, B0G48VJCDH, B0G48SKT7W, B0FJFCJGNJ, B0GKCY9GM9, B0G49KB695, B0FKFXHM9D, B0G1KR9MLZ, B0GJCXVNT3, B0G1KQL9HV, B0FKGFM8NZ, B0FL27YQMP, B0G1KVCHC4, B0G494VJPH, B0FL23YSCQ, B0FKT6187R, B0FKFSNYMZ, B0FKT63Y31, B0FPBYMRM1, B0G1KTDKN5, B0GF89JL62, B0FJF9XSYF, B0FKT5JV45, B0FL26J7QX, B0G1KN6DG8, B0FPBZPCG8, B0G1KQTL77, B0FL24PKP2, B0GGGTFK9F, B0FJFBGRH1, B0FKFT4KSH, B0G48QBBVH, B0FKT9FDKT, B0G48WN3KQ, B0FM2SNM5B, B0FL24HXQH, B0FJFBHXRN, B0GF8HMWJ8, B0FX8QVQ1C, B0FKGFPGC1, B0FL278GJG, B0FPC1BVCP, B0GGGPC458, B0FHHCKH8Z, B0FL27BGM4, B0G494P3VK, B0FJKS2QTS, B0FL22Z9HR, B0FL26LJRK, B0FPC153VK, B0G1LFK6LS, B0G1LDKH95, B0FHH92L98, B0FM3Q5CDB, B0FL243THS, B0FKFSRZ27, B0GGGZ16C9, B0FFS4YKFM, B0FM3NF48M, B0G495FT8C, B0G1KJ8CP8, B0G48XC9JX, B0G1KJ7W9N, B0GF868YM2, B0FJKNZ918, B0FPC2RKJX, B0G494RD5V, B0FJLHM4KX, B0G4996BK4, B0G1KD3WRQ, B0FJF8B8JJ, B0FHHBBNGX, B0FJL7R6WK, B0FM2FZD1X, B0FPC2214P, B0FJKRC2ZM, B0FKG17YR7, B0G1KVKD63, B0FHH8F6QX, B0FJF9Z5Q4, B0G1KS9YF6, B0G1KD3R9D, B0FPC1P858, B0FJFBHBYB, B0GF8DN9GY, B0FPC143NM, B0G1KQC9RR, B0G1KD4NNZ, B0FKGCPH79, B0G1KSLNXM, B0G1LFPFKL, B0G1KTWBG3, B0G4939K8M, B0F7H2KKC5, B0GF8C6TPY, B0F7H4V8T8, B0FL25VV9L, B0FPBZ4XBC, B0FFS71J97, B0G492VDCK, B0FJKPKCY7, B0FLNPW3ZD, B0F7H2PHNV, B0FJFDW38C, B0FKT2J24C, B0FL2483W8, B0G1LBWPHP, B0G48WM32F, B0G493G7JF, B0G1KS6FHV, B0G49CMJ44, B0FM2WG4SL, B0FJLDPYGV, B0FJFCHTBF, B0G1KT7ZQ6, B0FL23V1V5, B0FKGCB22L, B0FPBZ8N1T, B0GGH8Q7PC, B0FKT61TRK, B0FKFQC1SX, B0FL241X2L, B0G493SWV1, B0FKFXGX4R, B0G1KNZD6L, B0FL22Y972, B0FL23ZZZC, B0FKT68NQW, B0FKG18BSD, B0GF8R3ZDG, B0G1KRF1JN, B0G49J8H8B, B0FJF9VTL8, B0G1KR9CTW, B0FHD28HMJ, B0GF8N3WQ8, B0FKT6TZ4K, B0FJKP1RC5, B0FHD28HMK, B0FKFQGVPG, B0FHH91WF6, B0FPBYZN86, B0FM3KRSTC, B0FHH4Q5J4, B0FPBZY5F2, B0FKTBZ49L, B0G1LFSHTF, B0G49GT8PM, B0FPBYX6NR, B0FL26R8BJ, B0FM3PYGCL, B0G1KTRG1H, B0G494MLHZ, B0FL23K4JF, B0FJFDYJB5, B0FN4FHD9S, B0FL226YLL, B0GF8HQN4V, B0G4936M9P, B0GF8LR9C8, B0FL241TJL, B0FM2NN974, B0FJFBC4NT, B0FJFC9ZM4, B0G493XXK8, B0FKT6PSFS, B0G492NV13, B0G1KJ7X61, B0FL23DPDW, B0FJFRPC2Z, B0FL27T3FD, B0G49HQGLG, B0FPC17BWG, B0FM3P5PQ8, B0FJKPB824, B0FHH916VT, B0FKG9PSRZ, B0FL23PX11, B0FKGFQ55Y, B0G49719CX, B0FJF9ZGPM, B0FJFCL2D5, B0FM3Q97VF, B0G4998RX4, B0FJL53542, B0GGH1BSP7, B0FHD1V22C, B0FKGFNB82, B0FJLD88TG, B0FJF9VTF6, B0FPBYN9Q9, B0GGGMFZ34, B0G1KS3DJX, B0G492QLSV, B0FKT9B1JW, B0FHD42DHC, B0G1KRL4LV, B0FHHB1SP6, B0FPC13QP4, B0G49H5BB8, B0FJL5HCC2, B0FJFQR9DZ, B0FHH9VZBQ, B0FL2475YZ, B0FJFBSSNP, B0FKT4WNRQ, B0FPBYXL79, B0FPC18KV5, B0GF8DRLNG, B0G1KQYP83, B0FKFYPKGC, B0FL221BL3, B0G48ZSKNL, B0G48SNFYC, B0FL23NFBD, B0G1KRZD13, B0G1KD4H78, B0G1KRZD14, B0FM3MWCGH, B0G1KTNS7G, B0FJFC1HQL, B0FLNF5TRD, B0G499MNMX, B0FJL839WV, B0FKT9PWJ5, B0G493LRTM, B0G494BZ4Y, B0G4963KL6, B0G1KJ77CF, B0GF8G7392, B0FFR9VRZ6, B0FKT5XRZQ, B0G1KJ8RDS, B0FKGJ2P3M, B0FJKRKVH4, B0FPBYVLLV, B0FPBZ57Z6, B0G1KT1RMR]",amzn1.campaign.1EQJF24RM5810,"DCX Washable Rugs: Real Life, Real Style 🛋️🐾",DCX,2026-03-09,2026-10-01,10.00%,5000.0,5000.0,75,800,false
[B0G9CJ3QFD],amzn1.campaign.1NEVJZWMXMT5I,[15% BONUS] 🛻 2014-2018 Silverado Apple CarPlay Upgrade - NO WIRE CUTTING,AINAVI,2026-03-15,2026-12-31,15.00%,10000.0,9689.5,15,800,false
[B0FX9P96TY],amzn1.campaign.2F0UL3TII1B3Z,DEVYONDER Urea Stick Influencer Campaign – Smooth & Soften Dry Skin,Devyonder,2026-03-09,2027-03-08,10.00%,5000.0,4999.4,35,800,false
"[B0DZXGBF99, B0DZXHS37L]",amzn1.campaign.10HZT7JMH49NM,VI-DGCR11,Vizotae,2026-03-09,2027-03-06,10.00%,5000.0,4970.04,39,800,false
"[B0FJFB2VY7, B0FJFB2VY8, B0FJKY51WT, B0GKC8WVZL, B0FL26YR4L, B0FJF8HD6Y, B0FPBYSKBV, B0FPBZDMX2, B0FJKS46J5, B0G1KCZ858, B0G48TGDC3, B0FPC31RFP, B0FL238PF3, B0FJFSC73T, B0FL21ZP78, B0FPC1VPKY, B0G48ZP2PC, B0G48QP15S, B0FHH5L58M, B0G1KV5NR6, B0FKT2G4XX, B0FKGFQGVZ, B0G48R563V, B0FXDDGM8N, B0FL26QGVK, B0G49KVMJQ, B0FPBZZRR9, B0FKGHTXHV, B0FJFCHMYK, B0G492ZSJW, B0FL26ZWKJ, B0GGGHTMFB, B0FMRMJDN9, B0FKFNHCCL, B0FM292STK, B0FPC13XS8, B0G494RV33, B0G48V4FY3, B0FJL8TSWF, B0G4954RYC, B0G1KJ3WCZ, B0FJFD33KG, B0G1KS3MWK, B0FPBZW19V, B0FKT6X3BR, B0FPC24S8D, B0G495CLLY, B0G48ZFG81, B0G1KRWFJT, B0FL25XQD2, B0FKT2KH55, B0G49MPNY5, B0FKG59Y39, B0FM2R8K3B, B0FJKY514G, B0FMRL62PD, B0G1KD467S, B0FJL7MY32, B0G492KP3S, B0GL26WPQZ, B0G493NTFX, B0FL229QMC, B0G1KTYH57, B0GGH7CLG5, B0G1KS7QRM, B0FJF9V7JK, B0G1KVFZ8G, B0G1KJ3RH9, B0G1KRNJKT, B0G1KS7QRP, B0G1KSL828, B0FJL1KDQF, B0FKG646H1, B0FKG2LLW3, B0G1KT93DZ, B0FL24WNMW, B0G1KQXWTJ, B0FM3MMRPK, B0FL22YJQK, B0FLN8XP2Y, B0FPBZM9Z4, B0G1KT58K1, B0FJFB4V4M, B0FPBYZR7P, B0G4952VTT, B0G1LFLJ4Q, B0G1KTWL3S, B0FHHB32G1, B0FHCYLMGK, B0FJFQ75FP, B0G48ZQLL9, B0FLNKKC44, B0G494PCW7, B0FJFR8NJ4, B0FKT97CWJ, B0G48TNN5B, B0FPBZM9ZJ, B0G493N7PP, B0G497XQWG, B0G492XJCC, B0FL262F3G, B0FHCZT6G1, B0GKCPX1DF, B0FL25RP4J, B0G1LJBMRD, B0G48Z8XM3, B0FJKYW3SM, B0FM22JQ72, B0FJLKJ69F, B0FJL8Q7D3, B0FL27C9N4, B0FKT6KJKX, B0FJF8DYZM, B0GF8G8VQV, B0G1KMBK99, B0FJFDXG5Q, B0FKT9GCWF, B0G1KRZ2X8, B0G1KRN988, B0G492D668, B0FPC11CSH, B0FJFBD4DZ, B0G49KGQKB, B0FHH92DG7, B0FJLDBNZC, B0FKG56HGZ, B0G1KR8RKD, B0FKTBNHLG, B0FJF91P45, B0G1KQQ5DM, B0G48YR3SY, B0FJF9S4GW, B0FM2G5DWQ, B0G1KRNPVK, B0GF8F348S, B0FL223F7V, B0G48T41L6, B0FKT97CWS, B0G1KSRGKX, B0FKT6P529, B0G48VJCDH, B0G48SKT7W, B0FJFCJGNJ, B0G49KB695, B0GKCY9GM9, B0FKFXHM9D, B0G1KR9MLZ, B0G1KQL9HV, B0GJCXVNT3, B0FKGFM8NZ, B0FL27YQMP, B0G494VJPH, B0G1KVCHC4, B0FL23YSCQ, B0FKT6187R, B0FKFSNYMZ, B0FKT63Y31, B0FPBYMRM1, B0G1KTDKN5, B0GF89JL62, B0FJF9XSYF, B0FKT5JV45, B0FL26J7QX, B0G1KN6DG8, B0FPBZPCG8, B0G1KQTL77, B0FL24PKP2, B0GGGTFK9F, B0FJFBGRH1, B0FKFT4KSH, B0G48QBBVH, B0FKT9FDKT, B0G48WN3KQ, B0FM2SNM5B, B0FL24HXQH, B0FJFBHXRN, B0GF8HMWJ8, B0FX8QVQ1C, B0FKGFPGC1, B0FL278GJG, B0FPC1BVCP, B0GGGPC458, B0FHHCKH8Z, B0FL27BGM4, B0G494P3VK, B0FJKS2QTS, B0FL22Z9HR, B0FL26LJRK, B0FPC153VK, B0G1LFK6LS, B0G1LDKH95, B0FHH92L98, B0FM3Q5CDB, B0FL243THS, B0FKFSRZ27, B0GGGZ16C9, B0FFS4YKFM, B0G1KJ8CP8, B0G495FT8C, B0FM3NF48M, B0G1KJ7W9N, B0G48XC9JX, B0GF868YM2, B0FJKNZ918, B0FPC2RKJX, B0G494RD5V, B0FJLHM4KX, B0G4996BK4, B0G1KD3WRQ, B0FJF8B8JJ, B0FHHBBNGX, B0FJL7R6WK, B0FM2FZD1X, B0FPC2214P, B0FJKRC2ZM, B0FKG17YR7, B0G1KVKD63, B0FHH8F6QX, B0FJF9Z5Q4, B0G1KD3R9D, B0G1KS9YF6, B0FPC1P858, B0FJFBHBYB, B0GF8DN9GY, B0FPC143NM, B0G1KQC9RR, B0G1KD4NNZ, B0FKGCPH79, B0G1KSLNXM, B0G1LFPFKL, B0G1KTWBG3, B0G4939K8M, B0F7H2KKC5, B0GF8C6TPY, B0F7H4V8T8, B0FL25VV9L, B0FPBZ4XBC, B0FFS71J97, B0G492VDCK, B0FJKPKCY7, B0FLNPW3ZD, B0F7H2PHNV, B0FJFDW38C, B0FKT2J24C, B0FL2483W8, B0G1LBWPHP, B0G48WM32F, B0G493G7JF, B0G1KS6FHV, B0G49CMJ44, B0FM2WG4SL, B0FJLDPYGV, B0FJFCHTBF, B0G1KT7ZQ6, B0FL23V1V5, B0FKGCB22L, B0FPBZ8N1T, B0GGH8Q7PC, B0FKT61TRK, B0FKFQC1SX, B0FL241X2L, B0G493SWV1, B0FKFXGX4R, B0G1KNZD6L, B0FL22Y972, B0FL23ZZZC, B0FKT68NQW, B0FKG18BSD, B0G1KRF1JN, B0GF8R3ZDG, B0G49J8H8B, B0FJF9VTL8, B0G1KR9CTW, B0FHD28HMJ, B0GF8N3WQ8, B0FKT6TZ4K, B0FJKP1RC5, B0FHD28HMK, B0FKFQGVPG, B0FHH91WF6, B0FPBYZN86, B0FM3KRSTC, B0FHH4Q5J4, B0FPBZY5F2, B0FKTBZ49L, B0G1LFSHTF, B0G49GT8PM, B0FPBYX6NR, B0FL26R8BJ, B0G1KTRG1H, B0G494MLHZ, B0FM3PYGCL, B0FL23K4JF, B0FJFDYJB5, B0FN4FHD9S, B0FL226YLL, B0G4936M9P, B0GF8HQN4V, B0GF8LR9C8, B0FL241TJL, B0FM2NN974, B0FJFBC4NT, B0FJFC9ZM4, B0G493XXK8, B0FKT6PSFS, B0G492NV13, B0G1KJ7X61, B0FL23DPDW, B0FJFRPC2Z, B0FL27T3FD, B0G49HQGLG, B0FPC17BWG, B0FM3P5PQ8, B0FJKPB824, B0FHH916VT, B0FKG9PSRZ, B0FL23PX11, B0FKGFQ55Y, B0G49719CX, B0FJF9ZGPM, B0FJFCL2D5, B0G4998RX4, B0FM3Q97VF, B0FJL53542, B0GGH1BSP7, B0FHD1V22C, B0FKGFNB82, B0FJLD88TG, B0FJF9VTF6, B0FPBYN9Q9, B0GGGMFZ34, B0G1KS3DJX, B0G492QLSV, B0FKT9B1JW, B0FHD42DHC, B0G1KRL4LV, B0FHHB1SP6, B0FPC13QP4, B0G49H5BB8, B0FJL5HCC2, B0FJFQR9DZ, B0FHH9VZBQ, B0FL2475YZ, B0FJFBSSNP, B0FKT4WNRQ, B0FL26CYQM, B0FPBYXL79, B0FPC18KV5, B0G1KQYP83, B0GF8DRLNG, B0FKFYPKGC, B0FL221BL3, B0G48ZSKNL, B0G48SNFYC, B0FL23NFBD, B0G1KRZD13, B0G1KRZD14, B0G1KD4H78, B0FM3MWCGH, B0G1KTNS7G, B0FJFC1HQL, B0G499MNMX, B0FLNF5TRD, B0FJL839WV, B0FKT9PWJ5, B0G493LRTM, B0G494BZ4Y, B0G4963KL6, B0G1KJ77CF, B0GF8G7392, B0FFR9VRZ6, B0FKT5XRZQ, B0G1KJ8RDS, B0FKGJ2P3M, B0FJKRKVH4, B0FPBYVLLV, B0FPBZ57Z6, B0G1KT1RMR]",amzn1.campaign.8GFWX0XBVB4B,DCX Washable Rugs: Your Home’s Chaos-Proof Style Secret 🛋️🐾,DCX,2026-03-09,2026-10-30,10.00%,5000.0,5000.0,78,800,false
"[B0DDK8SZG5, B0G2R4QX2W, B0G2Q5GPRW]",amzn1.campaign.ZVI6OAVNBMTT,"YIYUNBEBE 3-in-1 Pet Stroller | Detachable Carrier, One-Button Fold, Up to 50lbs",YIYUNBEBE,2026-03-06,2026-12-31,15.00%,5000.0,4832.0,23,800,false
"[B0DZXHG2Y9, B0DZXKMPR6, B0DZXH6HZG, B0DZXGY6FB]",amzn1.campaign.1L2ARKL1D46GI,VI-DGCG06,Vizotae,2026-03-06,2027-03-06,10.00%,5000.0,4968.2,46,800,false
"[B0FM2SBMTN, B0FM2SC8RY, B0FM2FZB8X, B0FM2YH88Y]",amzn1.campaign.170C9H57T7D1M,Kitchen Sink Strainer Basket Sink Drain Cover with Wide Rim Anti-Clogging 4.5 in,M.K ZIZZYPOP,2026-03-06,2027-01-01,10.00%,5000.0,5000.0,43,800,false
"[B0FSKT9Y6G, B0FSKW3FNS, B0FSKVR3G7]",amzn1.campaign.2C3UIE667REJF,Linkromat Shell-Shape Bean Bag Chair,LINKROMAT,2026-03-06,2026-12-31,10.00%,5000.0,4975.2,42,800,false
"[B0FJFB2VY7, B0FJFB2VY8, B0FJKY51WT, B0GKC8WVZL, B0FL26YR4L, B0FJF8HD6Y, B0FPBYSKBV, B0FPBZDMX2, B0FJKS46J5, B0G1KCZ858, B0G48TGDC3, B0FPC31RFP, B0FL238PF3, B0FJFSC73T, B0FL21ZP78, B0FPC1VPKY, B0G48ZP2PC, B0G48QP15S, B0FHH5L58M, B0G1KV5NR6, B0FKT2G4XX, B0FKGFQGVZ, B0G48R563V, B0FXDDGM8N, B0FL26QGVK, B0G49KVMJQ, B0FPBZZRR9, B0FKGHTXHV, B0FJFCHMYK, B0G492ZSJW, B0FL26ZWKJ, B0GGGHTMFB, B0FMRMJDN9, B0FKFNHCCL, B0FM292STK, B0FPC13XS8, B0G494RV33, B0G48V4FY3, B0FJL8TSWF, B0G4954RYC, B0G1KJ3WCZ, B0FJFD33KG, B0G1KS3MWK, B0FPBZW19V, B0FKT6X3BR, B0FPC24S8D, B0FJFPFHMG, B0G495CLLY, B0G48ZFG81, B0G1KRWFJT, B0FL25XQD2, B0FKT2KH55, B0G49MPNY5, B0FKG59Y39, B0FM2R8K3B, B0FJKY514G, B0FMRL62PD, B0G1KD467S, B0FJL7MY32, B0G492KP3S, B0GL26WPQZ, B0G493NTFX, B0FL229QMC, B0G1KTYH57, B0GGH7CLG5, B0G1KS7QRM, B0FJF9V7JK, B0G1KVFZ8G, B0G1KJ3RH9, B0G1KRNJKT, B0G1KS7QRP, B0G1KSL828, B0FJL1KDQF, B0FKG646H1, B0FKG2LLW3, B0G1KT93DZ, B0FL24WNMW, B0G1KQXWTJ, B0FM3MMRPK, B0FL22YJQK, B0FLN8XP2Y, B0FPBZM9Z4, B0G1KT58K1, B0FJFB4V4M, B0FPBYZR7P, B0G4952VTT, B0G1LFLJ4Q, B0G1KTWL3S, B0FHHB32G1, B0FHCYLMGK, B0FJFQ75FP, B0G48ZQLL9, B0FLNKKC44, B0G494PCW7, B0FJFR8NJ4, B0FKT97CWJ, B0G48TNN5B, B0FPBZM9ZJ, B0G493N7PP, B0G497XQWG, B0G492XJCC, B0FL262F3G, B0FHCZT6G1, B0GKCPX1DF, B0FL25RP4J, B0G1LJBMRD, B0G48Z8XM3, B0FJKYW3SM, B0FM22JQ72, B0FJLKJ69F, B0FJL8Q7D3, B0FL27C9N4, B0FKT6KJKX, B0FJF8DYZM, B0GF8G8VQV, B0G1KMBK99, B0FJFDXG5Q, B0FKT9GCWF, B0G1KRZ2X8, B0G1KRN988, B0G492D668, B0FPC11CSH, B0FJFBD4DZ, B0G49KGQKB, B0FHH92DG7, B0FJLDBNZC, B0FKG56HGZ, B0G1KR8RKD, B0FKTBNHLG, B0FJF91P45, B0G1KQQ5DM, B0G48YR3SY, B0FJF9S4GW, B0FM2G5DWQ, B0G1KRNPVK, B0GF8F348S, B0FL223F7V, B0G48T41L6, B0FKT97CWS, B0G1KSRGKX, B0FKT6P529, B0G48VJCDH, B0G48SKT7W, B0FJFCJGNJ, B0GKCY9GM9, B0G49KB695, B0FKFXHM9D, B0G1KR9MLZ, B0GJCXVNT3, B0G1KQL9HV, B0FKGFM8NZ, B0FL27YQMP, B0G494VJPH, B0G1KVCHC4, B0FL23YSCQ, B0FKT6187R, B0FJKY3FPR, B0FKFSNYMZ, B0FKT63Y31, B0FPBYMRM1, B0G1KTDKN5, B0GF89JL62, B0FJF9XSYF, B0FKT5JV45, B0FL26J7QX, B0G1KN6DG8, B0FPBZPCG8, B0G1KQTL77, B0FL24PKP2, B0GGGTFK9F, B0FJFBGRH1, B0FKFT4KSH, B0G48QBBVH, B0FKT9FDKT, B0G48WN3KQ, B0FM2SNM5B, B0FL24HXQH, B0FJFBHXRN, B0GF8HMWJ8, B0FX8QVQ1C, B0FKGFPGC1, B0FL278GJG, B0FPC1BVCP, B0GGGPC458, B0FHHCKH8Z, B0FL27BGM4, B0G494P3VK, B0FJKS2QTS, B0FL22Z9HR, B0FL26LJRK, B0FPC153VK, B0G1LFK6LS, B0G1LDKH95, B0FHH92L98, B0FM3Q5CDB, B0FL243THS, B0FKFSRZ27, B0GGGZ16C9, B0FFS4YKFM, B0G1KJ8CP8, B0G495FT8C, B0FM3NF48M, B0G1KJ7W9N, B0G48XC9JX, B0GF868YM2, B0FJKNZ918, B0FPC2RKJX, B0G494RD5V, B0FJLHM4KX, B0G4996BK4, B0G1KD3WRQ, B0FJF8B8JJ, B0FHHBBNGX, B0FJL7R6WK, B0FM2FZD1X, B0FPC2214P, B0FJKRC2ZM, B0FKG17YR7, B0G1KVKD63, B0FHH8F6QX, B0FJF9Z5Q4, B0G1KS9YF6, B0G1KD3R9D, B0FPC1P858, B0FJFBHBYB, B0GF8DN9GY, B0FPC143NM, B0G1KQC9RR, B0G1KD4NNZ, B0FKGCPH79, B0G1KSLNXM, B0G1LFPFKL, B0G1KTWBG3, B0G4939K8M, B0F7H2KKC5, B0GF8C6TPY, B0F7H4V8T8, B0FL25VV9L, B0FPBZ4XBC, B0FFS71J97, B0G492VDCK, B0FJKPKCY7, B0FLNPW3ZD, B0F7H2PHNV, B0FJFDW38C, B0FKT2J24C, B0FL2483W8, B0G1LBWPHP, B0G48WM32F, B0FKT6VQLH, B0G493G7JF, B0G1KS6FHV, B0G49CMJ44, B0FM2WG4SL, B0FJLDPYGV, B0FJFCHTBF, B0G1KT7ZQ6, B0FL23V1V5, B0FKGCB22L, B0FPBZ8N1T, B0GGH8Q7PC, B0FKT61TRK, B0FKFQC1SX, B0FL241X2L, B0G493SWV1, B0FKFXGX4R, B0G1KNZD6L, B0FL22Y972, B0FL23ZZZC, B0FKT68NQW, B0FKG18BSD, B0G1KRF1JN, B0GF8R3ZDG, B0G49J8H8B, B0FJF9VTL8, B0G1KR9CTW, B0FHD28HMJ, B0GF8N3WQ8, B0FKT6TZ4K, B0FJKP1RC5, B0FHD28HMK, B0FKFQGVPG, B0FHH91WF6, B0FPBYZN86, B0FM3KRSTC, B0FHH4Q5J4, B0FPBZY5F2, B0FKTBZ49L, B0G1LFSHTF, B0G49GT8PM, B0FPBYX6NR, B0FL26R8BJ, B0G1KTRG1H, B0G494MLHZ, B0FM3PYGCL, B0FL23K4JF, B0FJFDYJB5, B0FN4FHD9S, B0FL226YLL, B0G4936M9P, B0GF8HQN4V, B0GF8LR9C8, B0FL241TJL, B0FM2NN974, B0FJFBC4NT, B0FJFC9ZM4, B0G493XXK8, B0FKT6PSFS, B0G492NV13, B0G1KJ7X61, B0FL23DPDW, B0FJFRPC2Z, B0FL27T3FD, B0G49HQGLG, B0FPC17BWG, B0FM3P5PQ8, B0FJKPB824, B0FHH916VT, B0FKG9PSRZ, B0FL23PX11, B0FKGFQ55Y, B0G49719CX, B0FJF9ZGPM, B0FJFCL2D5, B0G4998RX4, B0FM3Q97VF, B0FJL53542, B0GGH1BSP7, B0FHD1V22C, B0FKGFNB82, B0FJLD88TG, B0FJF9VTF6, B0FPBYN9Q9, B0GGGMFZ34, B0G1KS3DJX, B0G492QLSV, B0FKT9B1JW, B0FKG173B4, B0FHD42DHC, B0G1KRL4LV, B0FHHB1SP6, B0FPC13QP4, B0G49H5BB8, B0FJL5HCC2, B0FJFQR9DZ, B0FHH9VZBQ, B0FL2475YZ, B0FJFBSSNP, B0FKT4WNRQ, B0FL26CYQM, B0FPBYXL79, B0FPC18KV5, B0GF8DRLNG, B0G1KQYP83, B0FKFYPKGC, B0FL221BL3, B0G48ZSKNL, B0G48SNFYC, B0FL23NFBD, B0G1KRZD13, B0G1KRZD14, B0G1KD4H78, B0FM3MWCGH, B0G1KTNS7G, B0FJFC1HQL, B0G499MNMX, B0FLNF5TRD, B0FJL839WV, B0FKT9PWJ5, B0G493LRTM, B0G494BZ4Y, B0G4963KL6, B0G1KJ77CF, B0GF8G7392, B0FFR9VRZ6, B0FKT5XRZQ, B0G1KJ8RDS, B0FKGJ2P3M, B0FJKRKVH4, B0FPBYVLLV, B0FPBZ57Z6, B0G1KT1RMR]",amzn1.campaign.1IVYNKWLURRQZ,DCX Washable Rugs: Your Home’s Chaos-Proof Style Secret 🛋️🐾,DCX,2026-03-06,2026-12-06,10.00%,5000.0,4996.5,66,800,false
[B0GR9CNK58],amzn1.campaign.3RVYROJ7MIWLW,Portable Steam Sauna Box for Home(no red light)2,Zoolati,2026-03-06,2027-03-06,10.00%,5000.0,5000.0,34,800,false
"[B0FJFB2VY7, B0FJKY51WT, B0GKC8WVZL, B0FL26YR4L, B0FJF8HD6Y, B0FPBYSKBV, B0FJKS46J5, B0FPBZDMX2, B0G1KCZ858, B0G48TGDC3, B0FPC31RFP, B0FJFSC73T, B0FL21ZP78, B0G48QP15S, B0G48ZP2PC, B0G1KV5NR6, B0FKT2G4XX, B0FKGFQGVZ, B0G48R563V, B0FXDDGM8N, B0FL26QGVK, B0G49KVMJQ, B0FPBZZRR9, B0FJFCHMYK, B0G492ZSJW, B0FL26ZWKJ, B0GGGHTMFB, B0FMRMJDN9, B0FM292STK, B0FPC13XS8, B0G494RV33, B0G48V4FY3, B0FJL8TSWF, B0G4954RYC, B0G1KJ3WCZ, B0FKT6X3BR, B0FPBZW19V, B0FPC24S8D, B0G495CLLY, B0G48ZFG81, B0G1KRWFJT, B0FKT2KH55, B0G49MPNY5, B0FM2R8K3B, B0FJKY514G, B0FMRL62PD, B0G1KD467S, B0FJL7MY32, B0G492KP3S, B0GL26WPQZ, B0G493NTFX, B0FL229QMC, B0G1KTYH57, B0GGH7CLG5, B0G1KS7QRM, B0FJF9V7JK, B0G1KVFZ8G, B0G1KS7QRP, B0G1KRNJKT, B0G1KJ3RH9, B0G1KSL828, B0FJL1KDQF, B0FKG646H1, B0FKG2LLW3, B0G1KT93DZ, B0FL24WNMW, B0G1KQXWTJ, B0FM3MMRPK, B0FL22YJQK, B0FLN8XP2Y, B0FPBZM9Z4, B0G1KT58K1, B0FPBYZR7P, B0G4952VTT, B0G1KTWL3S, B0G1LFLJ4Q, B0FHHB32G1, B0FHCYLMGK, B0FJFQ75FP, B0G48ZQLL9, B0FLNKKC44, B0G494PCW7, B0FJFR8NJ4, B0G48TNN5B, B0G493N7PP, B0G497XQWG, B0G492XJCC, B0FL262F3G, B0GKCPX1DF, B0FL25RP4J, B0G1LJBMRD, B0G48Z8XM3, B0FJKYW3SM, B0FJL8Q7D3, B0FKT6KJKX, B0GF8G8VQV, B0G1KMBK99, B0FJFDXG5Q, B0FKT9GCWF, B0G1KRN988, B0G1KRZ2X8, B0G492D668, B0FPC11CSH, B0FJFBD4DZ, B0G49KGQKB, B0FHH92DG7, B0FKG56HGZ, B0G1KR8RKD, B0FKTBNHLG, B0FJF91P45, B0G1KQQ5DM, B0G48YR3SY, B0FM2G5DWQ, B0G1KRNPVK, B0GF8F348S, B0FL223F7V, B0G48T41L6, B0FKT97CWS, B0G1KSRGKX, B0FKT6P529, B0G48VJCDH, B0G48SKT7W, B0FJFCJGNJ, B0G49KB695, B0GKCY9GM9, B0FKFXHM9D, B0G1KR9MLZ, B0G1KQL9HV, B0GJCXVNT3, B0G494VJPH, B0G1KVCHC4, B0FKT6187R, B0FL23YSCQ, B0FKFSNYMZ, B0FKT63Y31, B0G1KTDKN5, B0GF89JL62, B0FJF9XSYF, B0FKT5JV45, B0FL26J7QX, B0G1KN6DG8, B0FPBZPCG8, B0G1KQTL77, B0FL24PKP2, B0GGGTFK9F, B0FJFBGRH1, B0FKFT4KSH, B0G48QBBVH, B0FKT9FDKT, B0G48WN3KQ, B0FL24HXQH, B0GF8HMWJ8, B0FKGFPGC1, B0FL278GJG, B0GGGPC458, B0FHHCKH8Z, B0FL27BGM4, B0G494P3VK, B0FJKS2QTS, B0FPC153VK, B0G1LFK6LS, B0G1LDKH95, B0FM3Q5CDB, B0FHH92L98, B0FL243THS, B0GGGZ16C9, B0G1KJ8CP8, B0FM3NF48M, B0G495FT8C, B0G1KJ7W9N, B0G48XC9JX, B0GF868YM2, B0FJKNZ918, B0FPC2RKJX, B0G494RD5V, B0FJLHM4KX, B0G4996BK4, B0G1KD3WRQ, B0FJF8B8JJ, B0FHHBBNGX, B0FM2FZD1X, B0FPC2214P, B0G1KVKD63, B0FHH8F6QX, B0FJF9Z5Q4, B0G1KD3R9D, B0G1KS9YF6, B0FPC1P858, B0FJFBHBYB, B0GF8DN9GY, B0FPC143NM, B0G1KQC9RR, B0G1KD4NNZ, B0FKGCPH79, B0G1KSLNXM, B0G1LFPFKL, B0G1KTWBG3, B0G4939K8M, B0F7H2KKC5, B0GF8C6TPY, B0F7H4V8T8, B0FPBZ4XBC, B0FFS71J97, B0G492VDCK, B0FJKPKCY7, B0FLNPW3ZD, B0F7H2PHNV, B0FJFDW38C, B0FKT2J24C, B0FL2483W8, B0G1LBWPHP, B0G48WM32F, B0FKT6VQLH, B0G493G7JF, B0G1KS6FHV, B0G49CMJ44, B0FM2WG4SL, B0FJLDPYGV, B0FJFCHTBF, B0G1KT7ZQ6, B0FKGCB22L, B0FPBZ8N1T, B0GGH8Q7PC, B0FKT61TRK, B0G493SWV1, B0FKFXGX4R, B0G1KNZD6L, B0FL22Y972, B0FKT68NQW, B0FL23ZZZC, B0G1KRF1JN, B0GF8R3ZDG, B0G49J8H8B, B0FJF9VTL8, B0G1KR9CTW, B0FHD28HMJ, B0GF8N3WQ8, B0FKT6TZ4K, B0FHD28HMK, B0FKFQGVPG, B0FHH91WF6, B0FM3KRSTC, B0FPBYZN86, B0FHH4Q5J4, B0FPBZY5F2, B0FKTBZ49L, B0G1LFSHTF, B0G49GT8PM, B0FL26R8BJ, B0FM3PYGCL, B0G1KTRG1H, B0G494MLHZ, B0FJFDYJB5, B0FN4FHD9S, B0FL226YLL, B0G4936M9P, B0GF8HQN4V, B0GF8LR9C8, B0FM2NN974, B0FJFBC4NT, B0FJFC9ZM4, B0G493XXK8, B0FKT6PSFS, B0G492NV13, B0G1KJ7X61, B0FL23DPDW, B0FL27T3FD, B0G49HQGLG, B0FPC17BWG, B0FM3P5PQ8, B0FHH916VT, B0FKG9PSRZ, B0FKGFQ55Y, B0FL23PX11, B0G49719CX, B0FJFCL2D5, B0FJF9ZGPM, B0FM3Q97VF, B0G4998RX4, B0FJL53542, B0GGH1BSP7, B0FHD1V22C, B0FJLD88TG, B0FJF9VTF6, B0G1KS3DJX, B0GGGMFZ34, B0G492QLSV, B0FKT9B1JW, B0FHD42DHC, B0G1KRL4LV, B0FHHB1SP6, B0FPC13QP4, B0G49H5BB8, B0FJFQR9DZ, B0FHH9VZBQ, B0FL2475YZ, B0FPBYXL79, B0G1KQYP83, B0GF8DRLNG, B0FKFYPKGC, B0FL221BL3, B0G48ZSKNL, B0G48SNFYC, B0FL23NFBD, B0G1KRZD13, B0G1KD4H78, B0G1KRZD14, B0G1KTNS7G, B0FM3MWCGH, B0FLNF5TRD, B0G499MNMX, B0FJL839WV, B0FKT9PWJ5, B0G493LRTM, B0G494BZ4Y, B0G4963KL6, B0G1KJ77CF, B0GF8G7392, B0FKT5XRZQ, B0G1KJ8RDS, B0FJKRKVH4, B0FPBZ57Z6, B0G1KT1RMR]",amzn1.campaign.3ROP53TLZNHXV,DCX Washable Rugs: Your Chaos-Proof Home Hero 🛋️🐾,DCX,2026-03-06,2026-09-30,10.00%,5000.0,5000.0,72,800,false
"[B0DRV34C57, B0DRV1TXDF, B0DRV29PK2, B0FFLQYYJ7, B0FFLZGFMN, B0FFLQB9TL, B0FFLJ5H3M]",amzn1.campaign.37S3LABKGGAX1,"SHARE SUNSHINE Dual Mode Wireless Bluetooth 2.4G Kawaii Mouse,Silent,Cute",SHARE SUNSHINE,2026-03-12,2027-03-11,10.00%,5000.0,4991.64,46,800,false
"[B0G1Y96QXZ, B0G4LS2W5D, B0GCQL6HDK, B0DQTW9Z2S, B0GF91TGF4]",amzn1.campaign.2WM8XKW128U7H,TALENBEEN 2-in-1 Double Stroller for Twins | Converts from Single to Tandem,TALENBEEN,2026-03-06,2026-12-31,15.00%,5000.0,4495.25,25,800,false
"[B0G2B7F6B6, B0G2B9QNX8, B0G2B7FF68, B0G2BLQFC8]",amzn1.campaign.2O7LPRNZ3VB7T,Keychain Wallet Zip Around Wristlet Wallets Detachable Portable Coin Purse,M.K ZIZZYPOP,2026-03-06,2027-01-01,10.00%,5000.0,5000.0,47,800,false
"[B06WP4L1K8, B07K8CSWSZ, B06VV22P66, B078RF5VMV]",amzn1.campaign.1OUC76DA9SCSP,Hot sale!💰You'll Love the drawstring storage pouch bag cotton 3 packs!,MISSLO,2026-03-06,2026-12-31,10.00%,10000.0,9584.01,12,800,false
"[B09TNJWMDP, B097SRJW9G, B0B3XBGCQP]",amzn1.campaign.ANJ1F66JUG35,Celebrate Supermom with Hulk Hands – The Perfect Mother’s Day Gift (+10%),XYMTOY,2026-03-06,2027-03-01,10.00%,60000.0,60000.0,87,800,false
"[B0DRV34C57, B0DRV1TXDF, B0DRV29PK2, B0FFLQYYJ7, B0FFLZGFMN, B0FFLQB9TL, B0FFLJ5H3M]",amzn1.campaign.KGPCF9Q2QBRB,"SHARE SUNSHINE Dual Mode Wireless Bluetooth 2.4G Mouse,Office Desk Decor Gift",SHARE SUNSHINE,2026-03-11,2027-03-10,10.00%,5000.0,5000.0,82,800,false
"[B0FJFB2VY7, B0FJFB2VY8, B0FJKY51WT, B0GKC8WVZL, B0FL26YR4L, B0FJF8HD6Y, B0FPBYSKBV, B0FPBZDMX2, B0FJKS46J5, B0G1KCZ858, B0G48TGDC3, B0FPC31RFP, B0FL238PF3, B0FJFSC73T, B0FL21ZP78, B0FPC1VPKY, B0G48ZP2PC, B0G48QP15S, B0FHH5L58M, B0G1KV5NR6, B0FKT2G4XX, B0FKGFQGVZ, B0G48R563V, B0FXDDGM8N, B0FL26QGVK, B0G49KVMJQ, B0FPBZZRR9, B0FKGHTXHV, B0FJFCHMYK, B0G492ZSJW, B0FL26ZWKJ, B0GGGHTMFB, B0FMRMJDN9, B0FKFNHCCL, B0FM292STK, B0FPC13XS8, B0G494RV33, B0G48V4FY3, B0FJL8TSWF, B0G4954RYC, B0G1KJ3WCZ, B0FJFD33KG, B0G1KS3MWK, B0FPBZW19V, B0FKT6X3BR, B0FPC24S8D, B0G495CLLY, B0G48ZFG81, B0G1KRWFJT, B0FL25XQD2, B0FKT2KH55, B0G49MPNY5, B0FKG59Y39, B0FM2R8K3B, B0FJKY514G, B0FMRL62PD, B0G1KD467S, B0FJL7MY32, B0G492KP3S, B0GL26WPQZ, B0G493NTFX, B0FL229QMC, B0G1KTYH57, B0GGH7CLG5, B0G1KS7QRM, B0FJF9V7JK, B0G1KVFZ8G, B0G1KJ3RH9, B0G1KRNJKT, B0G1KS7QRP, B0G1KSL828, B0FJL1KDQF, B0FKG646H1, B0FKG2LLW3, B0G1KT93DZ, B0FL24WNMW, B0G1KQXWTJ, B0FM3MMRPK, B0FL22YJQK, B0FLN8XP2Y, B0FPBZM9Z4, B0G1KT58K1, B0FJFB4V4M, B0FPBYZR7P, B0G4952VTT, B0G1LFLJ4Q, B0G1KTWL3S, B0FHHB32G1, B0FHCYLMGK, B0FJFQ75FP, B0G48ZQLL9, B0FLNKKC44, B0G494PCW7, B0FJFR8NJ4, B0FKT97CWJ, B0G48TNN5B, B0FPBZM9ZJ, B0G493N7PP, B0G497XQWG, B0G492XJCC, B0FL262F3G, B0FHCZT6G1, B0GKCPX1DF, B0FL25RP4J, B0G1LJBMRD, B0G48Z8XM3, B0FJKYW3SM, B0FM22JQ72, B0FJLKJ69F, B0FJL8Q7D3, B0FL27C9N4, B0FKT6KJKX, B0FJF8DYZM, B0GF8G8VQV, B0G1KMBK99, B0FJFDXG5Q, B0FKT9GCWF, B0G1KRZ2X8, B0G1KRN988, B0G492D668, B0FPC11CSH, B0FJFBD4DZ, B0G49KGQKB, B0FHH92DG7, B0FJLDBNZC, B0FKG56HGZ, B0G1KR8RKD, B0FKTBNHLG, B0FJF91P45, B0G1KQQ5DM, B0G48YR3SY, B0FJF9S4GW, B0FM2G5DWQ, B0G1KRNPVK, B0GF8F348S, B0FL223F7V, B0G48T41L6, B0FKT97CWS, B0G1KSRGKX, B0FKT6P529, B0G48VJCDH, B0G48SKT7W, B0FJFCJGNJ, B0G49KB695, B0GKCY9GM9, B0FKFXHM9D, B0G1KR9MLZ, B0G1KQL9HV, B0GJCXVNT3, B0FKGFM8NZ, B0FL27YQMP, B0G494VJPH, B0G1KVCHC4, B0FL23YSCQ, B0FKT6187R, B0FKFSNYMZ, B0FKT63Y31, B0FPBYMRM1, B0G1KTDKN5, B0GF89JL62, B0FJF9XSYF, B0FKT5JV45, B0FL26J7QX, B0G1KN6DG8, B0FPBZPCG8, B0G1KQTL77, B0FL24PKP2, B0GGGTFK9F, B0FJFBGRH1, B0FKFT4KSH, B0G48QBBVH, B0FKT9FDKT, B0G48WN3KQ, B0FM2SNM5B, B0FL24HXQH, B0FJFBHXRN, B0GF8HMWJ8, B0FX8QVQ1C, B0FKGFPGC1, B0FL278GJG, B0FPC1BVCP, B0GGGPC458, B0FHHCKH8Z, B0FL27BGM4, B0G494P3VK, B0FJKS2QTS, B0FL22Z9HR, B0FL26LJRK, B0FPC153VK, B0G1LFK6LS, B0G1LDKH95, B0FHH92L98, B0FM3Q5CDB, B0FL243THS, B0FKFSRZ27, B0GGGZ16C9, B0FFS4YKFM, B0G1KJ8CP8, B0G495FT8C, B0FM3NF48M, B0G1KJ7W9N, B0G48XC9JX, B0GF868YM2, B0FJKNZ918, B0FPC2RKJX, B0G494RD5V, B0FJLHM4KX, B0G4996BK4, B0G1KD3WRQ, B0FJF8B8JJ, B0FHHBBNGX, B0FJL7R6WK, B0FM2FZD1X, B0FPC2214P, B0FJKRC2ZM, B0FKG17YR7, B0G1KVKD63, B0FHH8F6QX, B0FJF9Z5Q4, B0G1KD3R9D, B0G1KS9YF6, B0FPC1P858, B0FJFBHBYB, B0GF8DN9GY, B0FPC143NM, B0G1KQC9RR, B0G1KD4NNZ, B0FKGCPH79, B0G1KSLNXM, B0G1LFPFKL, B0G1KTWBG3, B0G4939K8M, B0F7H2KKC5, B0GF8C6TPY, B0F7H4V8T8, B0FL25VV9L, B0FPBZ4XBC, B0FFS71J97, B0G492VDCK, B0FJKPKCY7, B0FLNPW3ZD, B0F7H2PHNV, B0FJFDW38C, B0FKT2J24C, B0FL2483W8, B0G1LBWPHP, B0G48WM32F, B0G493G7JF, B0G1KS6FHV, B0G49CMJ44, B0FM2WG4SL, B0FJLDPYGV, B0FJFCHTBF, B0G1KT7ZQ6, B0FL23V1V5, B0FKGCB22L, B0FPBZ8N1T, B0GGH8Q7PC, B0FKT61TRK, B0FKFQC1SX, B0FL241X2L, B0G493SWV1, B0FKFXGX4R, B0G1KNZD6L, B0FL22Y972, B0FL23ZZZC, B0FKT68NQW, B0FKG18BSD, B0G1KRF1JN, B0GF8R3ZDG, B0G49J8H8B, B0FJF9VTL8, B0G1KR9CTW, B0FHD28HMJ, B0GF8N3WQ8, B0FKT6TZ4K, B0FJKP1RC5, B0FHD28HMK, B0FKFQGVPG, B0FHH91WF6, B0FPBYZN86, B0FM3KRSTC, B0FHH4Q5J4, B0FPBZY5F2, B0FKTBZ49L, B0G1LFSHTF, B0G49GT8PM, B0FPBYX6NR, B0FL26R8BJ, B0G1KTRG1H, B0G494MLHZ, B0FM3PYGCL, B0FL23K4JF, B0FJFDYJB5, B0FN4FHD9S, B0FL226YLL, B0G4936M9P, B0GF8HQN4V, B0GF8LR9C8, B0FL241TJL, B0FM2NN974, B0FJFBC4NT, B0FJFC9ZM4, B0G493XXK8, B0FKT6PSFS, B0G492NV13, B0G1KJ7X61, B0FL23DPDW, B0FJFRPC2Z, B0FL27T3FD, B0G49HQGLG, B0FPC17BWG, B0FM3P5PQ8, B0FJKPB824, B0FHH916VT, B0FKG9PSRZ, B0FL23PX11, B0FKGFQ55Y, B0G49719CX, B0FJF9ZGPM, B0FJFCL2D5, B0G4998RX4, B0FM3Q97VF, B0FJL53542, B0GGH1BSP7, B0FHD1V22C, B0FKGFNB82, B0FJLD88TG, B0FJF9VTF6, B0FPBYN9Q9, B0GGGMFZ34, B0G1KS3DJX, B0G492QLSV, B0FKT9B1JW, B0FHD42DHC, B0G1KRL4LV, B0FHHB1SP6, B0FPC13QP4, B0G49H5BB8, B0FJL5HCC2, B0FJFQR9DZ, B0FHH9VZBQ, B0FL2475YZ, B0FJFBSSNP, B0FKT4WNRQ, B0FL26CYQM, B0FPBYXL79, B0FPC18KV5, B0G1KQYP83, B0GF8DRLNG, B0FKFYPKGC, B0FL221BL3, B0G48ZSKNL, B0G48SNFYC, B0FL23NFBD, B0G1KRZD13, B0G1KRZD14, B0G1KD4H78, B0FM3MWCGH, B0G1KTNS7G, B0FJFC1HQL, B0G499MNMX, B0FLNF5TRD, B0FJL839WV, B0FKT9PWJ5, B0G493LRTM, B0G494BZ4Y, B0G4963KL6, B0G1KJ77CF, B0GF8G7392, B0FFR9VRZ6, B0FKT5XRZQ, B0G1KJ8RDS, B0FKGJ2P3M, B0FJKRKVH4, B0FPBYVLLV, B0FPBZ57Z6, B0G1KT1RMR]",amzn1.campaign.3QE5WYAUB8Z8W,DCX Washable Rugs: Your Home’s Stress-Free Style Secret 🛋️,DCX,2026-03-06,2026-10-01,10.00%,5000.0,5000.0,72,800,false
[B0GFMK9JZC],amzn1.campaign.3ULM0KUC2YZ2J,🆕100+ bought&#1 New Release in Powersports Loading Ramps 10%off #TFX,GARVEETECH,2026-03-06,2026-10-01,11.00%,20000.0,20000.0,64,800,false
"[B0DRV34C57, B0DRV1TXDF, B0DRV29PK2, B0FFLQYYJ7, B0FFLZGFMN, B0FFLQB9TL, B0FFLJ5H3M]",amzn1.campaign.2AT1NPHA1B9RO,"SHARE SUNSHINE Dual Mode Wireless Bluetooth 2.4G Kawaii Mouse, Silent Mouse",SHARE SUNSHINE,2026-03-10,2027-03-09,10.00%,5000.0,5000.0,71,800,false
"[B0FXFFSPDV, B0FXFGGZ3Q, B0F3HW15F6, B0F3HRK6DL, B0F3HVYDH8, B0FXFGG68K, B0FXFCVN6S, B0F3J8BQWY, B0F3HY9JD2, B0F3HW7LHW, B0FXFDJ6XC, B0F3HVGQ33, B0FXFG3VXG, B0FXFGJNBX, B0F3HW2BBY, B0F3HRQXHZ, B0FXFJ6NQT, B0F3HYRHBQ, B0FXFH92ZR, B0F3HSX877, B0F3HRPZL4, B0F3HVVGZD, B0F3JBT3PN, B0FXFF9MKG, B0F3HW14RK, B0F3HRT8PT, B0F3HVYQLZ, B0F3HRW82Q, B0F3HVGKFN, B0F3HVZ7NR, B0F3HYRVF6, B0F3HWRN6L, B0F3JBSPYL, B0F3HPDJZJ, B0F3HRJBYR, B0FXFHRW46, B0F3HVDP82, B0F3HVKV37, B0FXFJBBSD, B0F3HTQD14, B0F3HW8KZX, B0F3HVVTWK, B0FXFG7V65, B0F3HRN2R1, B0F3JBNB8B, B0F3HV5KBW, B0F3HXKQ6D, B0F3JBMGZD, B0F3HRWHJ8, B0FXFFHMF7, B0F3J889GT, B0F3HZDFBK, B0F3HVPHTC, B0F3HVVCLM, B0FXFHXCXY, B0F3HR7X2T, B0F3HVDKMH, B0F3HYTZ1X, B0FXFHJLKT, B0FXFJ6M4N, B0F3HR7SJF, B0FXFGCJ97, B0F3HVB2BH, B0F3HVTKV6, B0F3HVFB5H, B0F3HVGTNS, B0FXFMFSCL, B0F3HV4ZC1, B0F3HV617N, B0FXFHG618]",amzn1.campaign.3J7VPO8KI0GH4,CELLENZ Women Heel Sandal Gold and Silver 011,CELLENZ,2026-03-06,2026-10-31,10.00%,8000.0,7867.4,9,800,false
"[B0CWR315J8, B0CZ3FY2L8, B0F7HRPKZ7]",amzn1.campaign.12T4W6IBCMBFE,"CFD02- Home-Aesthetic Chafing Dish Set | Stainless Steel, Seals Flavor & Heat",ZILODE,2026-03-06,2026-12-31,10.00%,5000.0,4319.55,0,800,false
"[B09TNJWMDP, B097SRJW9G, B0B3XBGCQP]",amzn1.campaign.22WQGWW0IPZ6F,Celebrate Mother’s Day with Hulk Hands – Superhero Playtime for the Whole Family,XYMTOY,2026-03-06,2027-03-04,10.00%,60000.0,60000.0,87,800,false
"[B0B82G5Q8F, B09BJM1ZTJ, B09BJL6MCK, B09BJJ3R4V, B09BJHJN4M, B09BJJ7RQF, B09BJL8BT2, B09BJHD5Q1, B0B82BC32M, B09BJKZZ9J, B09BJKZLVY, B0B82F4GFN, B09BJL5KWY, B0B82GNRZL, B09BJK24FL, B09BJM468X, B09BJLMV5R, B09BJKTNR6, B09BJKYDKC, B09BJJPHMJ, B0B82CT2FZ, B09BJKC8HS, B09BJLJNBM, B09BJL8YVB, B09BJK2TVP, B09BJKDKG8, B09BJJXV59, B09BJLM3LR, B09BJLDV5C, B09BJLMY8Q, B09BJKB7RP, B0B82FJXF6, B0B82HNL74, B0B82D8FG9, B09BJLR48L, B09BJHZ9G2, B09BJKHK3T, B09BJLFHTH, B0B82G3NKP, B0B82DGQMJ, B09BJJCK51, B0B82F1DGW, B0B82CQPQY, B0B82GLKCL, B09BJK8Q3J, B09BJJP5VH, B09BJL4KHW, B09BJKMR88, B09BJL97J3, B09BJJZHMY, B0B82DL4XQ, B09BJLJGBX, B09BJL9N6P, B09BJKS7YH, B0B82DPHH4]",amzn1.campaign.1U4VOUKIAO9SX,Mens Half Turtleneck Long Sleeve Pullover Basic Sweaters(WYMY21-CWS),Rela Bota,2026-03-06,2027-03-06,10.00%,5000.0,4959.31,22,800,false
"[B0DRV34C57, B0DRV1TXDF, B0DRV29PK2, B0FFLQYYJ7, B0FFLZGFMN, B0FFLQB9TL, B0FFLJ5H3M]",amzn1.campaign.3AQCFWVIQNSEB,"SHARE SUNSHINE Cute Piggy Mouse,  Silent Ergonomic Portable Mouse",SHARE SUNSHINE,2026-03-09,2027-03-08,10.00%,5000.0,5000.0,81,800,false
"[B0G7171DPS, B0G6ZFRFTR, B0G6ZCW7DW]",amzn1.campaign.YJ2L6ZM78RAL,🥳Go Go✔️100+ bought #28 in Fuel Transfer Tanks 10%off #TFX,GARVEETECH,2026-03-06,2026-10-02,11.00%,20000.0,20000.0,68,800,false
"[B09JLHCC5T, B09JLHNJT2, B09ZV83671, B09ZV7PH7X, B09JLJ32TY, B0B143MMP2, B0BY8KNKBN, B09JLH1WJL, B09V2P483F, B09QYMHQMW, B0BY8JK3QF, B09QYLMSNV, B09ZV6WHG3, B09QYM4BKQ, B09QYKRBBW, B09JLGCPKV, B09ZV6WFBH, B09ZV6SXB5, B09QYLHMYD, B0BY8HM2Q9, B0BY8KRKFM, B0B1461MN8, B0BY8GL1SV, B0B14652DH, B0BY8KB92B, B09JLHYRDM, B09JLHDHT7, B0BY8KZMZZ, B0BY8KRSVL, B09V2P2XJJ, B09QYM38YN, B0B142M38W, B09V2NG8R2, B0BY8JD9BQ, B09QYLKXDT, B09QYK4NQ3, B09JLHZS8B, B0B14KJ593, B09JLK48GG, B0BY8H9ZNQ, B0BY8K9S9H, B09V2NR69W, B09JLG9FVZ, B09JLGK72N, B09ZV7MJ49, B0BY8KPHXJ, B09ZV6DMJ6, B09V2NNC84, B0B14MQXX3, B09V2PF8ZF, B0BY8J7ZK8, B09JLHD8QZ, B09V2LWMHY, B09ZV84HKH, B09V2MX12F, B09QYMSDPL, B09JLJ7373, B09QYKMB4R, B09V2PQJNC, B09JLHCKQX, B09JLHLZLQ, B09QYKG6GP, B09QYLNML7, B09QYLBJZP, B09ZV6478W, B09ZV8172T, B09QYLNH1M, B09QYLV26L, B09QYL5697, B0BY8J88WY, B09JLH572F, B09ZV7VX2N, B09JLJLZNT, B09V2PD1DB, B09ZV7H7D1, B09ZV7J35H, B09QYLLTFF, B09V2P8Y5L, B0BY8KVBTW, B09ZV6R1C8, B0BY8KS3XG, B0BY8G9FYR, B0B13WZXYC, B09QYLBB8V, B09V2NF3G9, B09V2NCQBS, B09QZ46YK9, B09V2MW4K5, B0B14LYLBD, B0B14JVPLF, B0BY8H1Y99, B09QYL4GKB, B0BY8KW3GD, B09JLJ7BC2, B0BY8HGW7W, B09JLJVR64, B0B1421LMT, B0B14C6N4T, B09JLL4DGZ, B09ZV5HKSV, B0BY8KY6G3, B09JLHGCXK, B09V2MYQDG, B0B13TZF94, B0B14CDVTN, B0BY8FYZM1, B09QYMSSPQ, B09V2N4HDV, B0BY8H4RJ9, B09JLH51RD, B09ZV7H3R6, B0BY8JCTPG, B09V2N5CWX, B09JLGT4X2, B09ZV88N9W, B09JLJ25XX, B09V2NX6M3, B09QYKXKD2, B09V2NL5X7, B09JLHWM21, B09ZV7JPMM, B09QYLSMZS, B09V2NY57P, B0BM37KWND]",amzn1.campaign.1MFZ0LDWJNP0R,Tennis Skirts 610,Husnainna,2026-03-06,2026-10-10,20.00%,20000.0,19981.71,0,800,false
"[B0GKC8WVZL, B0FJF8HD6Y, B0FPBYSKBV, B0FPBZDMX2, B0G1KCZ858, B0G48ZP2PC, B0FHH5L58M, B0FKGFQGVZ, B0GQ3D6DPF, B0GQ39CHBX, B0FJFCHMYK, B0G492ZSJW, B0FL26ZWKJ, B0GGGHTMFB, B0FKFNHCCL, B0FM292STK, B0FPC13XS8, B0G494RV33, B0G48V4FY3, B0G1KJ3WCZ, B0FJFD33KG, B0FKT6X3BR, B0GQ329RS4, B0G495CLLY, B0G48ZFG81, B0FL25XQD2, B0G49MPNY5, B0FKG59Y39, B0FMRL62PD, B0G492KP3S, B0FL229QMC, B0G1KS7QRM, B0G1KS7QRP, B0FKG646H1, B0FKG2LLW3, B0G1KQXWTJ, B0FPBZM9Z4, B0G1KT58K1, B0FPBYZR7P, B0G4952VTT, B0G1LFLJ4Q, B0G1KTWL3S, B0G494PCW7, B0GQ36H9LX, B0FJFR8NJ4, B0FKT97CWJ, B0G48TNN5B, B0FPBZM9ZJ, B0G492XJCC, B0FL25RP4J, B0G1LJBMRD, B0FJLKJ69F, B0GF8G8VQV, B0G1KRN988, B0G492D668, B0FPC11CSH, B0G49KGQKB, B0G1KR8RKD, B0FJF91P45, B0G1KQQ5DM, B0GQ339WHG, B0GF8F348S, B0G48T41L6, B0FKT97CWS, B0G1KSRGKX, B0FJFCJGNJ, B0GKCY9GM9, B0GJCXVNT3, B0FL27YQMP, B0G494VJPH, B0FKFSNYMZ, B0G1KTDKN5, B0GF89JL62, B0FKT5JV45, B0G1KN6DG8, B0FPBZPCG8, B0FL24PKP2, B0GGGTFK9F, B0FJFBGRH1, B0G48QBBVH, B0FKT9FDKT, B0G48WN3KQ, B0FJFBHXRN, B0FX8QVQ1C, B0FPC1BVCP, B0FHHCKH8Z, B0G494P3VK, B0FJKS2QTS, B0G1LFK6LS, B0FM3Q5CDB, B0FL243THS, B0G495FT8C, B0G1KJ8CP8, B0G1KJ7W9N, B0GF868YM2, B0FPC2RKJX, B0G494RD5V, B0FHHBBNGX, B0GQ3FRJK4, B0FJL7R6WK, B0FM2FZD1X, B0FPC2214P, B0GQ3KBWJ3, B0FKG17YR7, B0G1KVKD63, B0FJF9Z5Q4, B0G1KD3R9D, B0FJFBHBYB, B0GF8DN9GY, B0FPC143NM, B0G1KQC9RR, B0G1KD4NNZ, B0G1LFPFKL, B0G1KTWBG3, B0F7H2KKC5, B0FL25VV9L, B0FPBZ4XBC, B0FFS71J97, B0G492VDCK, B0F7H2PHNV, B0FJFDW38C, B0FKT2J24C, B0FL2483W8, B0G48WM32F, B0FJLDPYGV, B0FJFCHTBF, B0FL23V1V5, B0FKT61TRK, B0FL241X2L, B0G493SWV1, B0FKFXGX4R, B0G1KNZD6L, B0FL22Y972, B0FL23ZZZC, B0FKT68NQW, B0GF8R3ZDG, B0GQ3JNR6K, B0G49J8H8B, B0FHD28HMJ, B0GF8N3WQ8, B0FKT6TZ4K, B0FHD28HMK, B0FHH91WF6, B0FPBYZN86, B0FPBZY5F2, B0FPBYX6NR, B0FM3PYGCL, B0FJFDYJB5, B0FN4FHD9S, B0GF8HQN4V, B0G4936M9P, B0FL241TJL, B0FM2NN974, B0FJFBC4NT, B0G493XXK8, B0G1KJ7X61, B0FL23DPDW, B0FL27T3FD, B0G49HQGLG, B0FJKPB824, B0FKG9PSRZ, B0FL23PX11, B0FJF9ZGPM, B0G4998RX4, B0GGH1BSP7, B0FJLD88TG, B0FPBYN9Q9, B0FKT9B1JW, B0G1KRL4LV, B0FPC13QP4, B0FJL5HCC2, B0FJFQR9DZ, B0FHH9VZBQ, B0FL2475YZ, B0FKT4WNRQ, B0FPBYXL79, B0FPC18KV5, B0G1KQYP83, B0FKFYPKGC, B0FJFC1HQL, B0FLNF5TRD, B0G499MNMX, B0FJL839WV, B0FKT9PWJ5, B0G494BZ4Y, B0G4963KL6, B0FFR9VRZ6, B0FKT5XRZQ, B0G1KJ8RDS, B0FPBZ57Z6, B0FJFB2VY7, B0FJFB2VY8, B0FJKY51WT, B0FL26YR4L, B0FJKS46J5, B0G48TGDC3, B0FPC31RFP, B0FL238PF3, B0FJFSC73T, B0FL21ZP78, B0FPC1VPKY, B0G48QP15S, B0G1KV5NR6, B0FKT2G4XX, B0G48R563V, B0FXDDGM8N, B0FL26QGVK, B0G49KVMJQ, B0FPBZZRR9, B0FKGHTXHV, B0FMRMJDN9, B0FJL8TSWF, B0G4954RYC, B0FPBZW19V, B0FPC24S8D, B0G1KRWFJT, B0FKT2KH55, B0FM2R8K3B, B0FJKY514G, B0G1KD467S, B0FJL7MY32, B0GL26WPQZ, B0G493NTFX, B0G1KTYH57, B0GGH7CLG5, B0FJF9V7JK, B0G1KVFZ8G, B0G1KJ3RH9, B0G1KRNJKT, B0G1KSL828, B0FJL1KDQF, B0G1KT93DZ, B0FL24WNMW, B0FM3MMRPK, B0FL22YJQK, B0FLN8XP2Y, B0FJFB4V4M, B0FHHB32G1, B0FHCYLMGK, B0FJFQ75FP, B0G48ZQLL9, B0FLNKKC44, B0G493N7PP, B0G497XQWG, B0FL262F3G, B0FHCZT6G1, B0GKCPX1DF, B0G48Z8XM3, B0FJKYW3SM, B0FM22JQ72, B0FJL8Q7D3, B0FL27C9N4, B0FKT6KJKX, B0FJF8DYZM, B0G1KMBK99, B0FJFDXG5Q, B0FKT9GCWF, B0G1KRZ2X8, B0FJFBD4DZ, B0FHH92DG7, B0FJLDBNZC, B0FKG56HGZ, B0FKTBNHLG, B0G48YR3SY, B0FJF9S4GW, B0FM2G5DWQ, B0G1KRNPVK, B0FL223F7V, B0FKT6P529, B0G48VJCDH, B0G48SKT7W, B0G49KB695, B0FKFXHM9D, B0G1KR9MLZ, B0G1KQL9HV, B0FKGFM8NZ, B0G1KVCHC4, B0FL23YSCQ, B0FKT6187R, B0FKT63Y31, B0FPBYMRM1, B0FJF9XSYF, B0FL26J7QX, B0G1KQTL77, B0FKFT4KSH, B0FM2SNM5B, B0FL24HXQH, B0GF8HMWJ8, B0FKGFPGC1, B0FL278GJG, B0GGGPC458, B0FL27BGM4, B0FL22Z9HR, B0FL26LJRK, B0FPC153VK, B0G1LDKH95, B0FHH92L98, B0FKFSRZ27, B0GGGZ16C9, B0FFS4YKFM, B0FM3NF48M, B0GQ38K8ZD, B0G48XC9JX, B0FJKNZ918, B0FJLHM4KX, B0G4996BK4, B0G1KD3WRQ, B0FJF8B8JJ, B0FJKRC2ZM, B0FHH8F6QX, B0G1KS9YF6, B0FPC1P858, B0FKGCPH79, B0G1KSLNXM, B0G4939K8M, B0GF8C6TPY, B0F7H4V8T8, B0FJKPKCY7, B0FLNPW3ZD, B0G1LBWPHP, B0G493G7JF, B0G1KS6FHV, B0G49CMJ44, B0FM2WG4SL, B0GQ3642Q5, B0G1KT7ZQ6, B0FKGCB22L, B0FPBZ8N1T, B0GGH8Q7PC, B0FKFQC1SX, B0FKG18BSD, B0G1KRF1JN, B0FJF9VTL8, B0G1KR9CTW, B0FJKP1RC5, B0FKFQGVPG, B0FM3KRSTC, B0FHH4Q5J4, B0FKTBZ49L, B0G1LFSHTF, B0G49GT8PM, B0FL26R8BJ, B0G1KTRG1H, B0G494MLHZ, B0FL23K4JF, B0FL226YLL, B0GF8LR9C8, B0FJFC9ZM4, B0FKT6PSFS, B0G492NV13, B0FJFRPC2Z, B0FPC17BWG, B0FM3P5PQ8, B0FHH916VT, B0FKGFQ55Y, B0G49719CX, B0FJFCL2D5, B0FM3Q97VF, B0FJL53542, B0GQ3FFJCQ, B0FHD1V22C, B0FKGFNB82, B0FJF9VTF6, B0GGGMFZ34, B0G1KS3DJX, B0G492QLSV, B0FHD42DHC, B0FHHB1SP6, B0G49H5BB8, B0GQ3BB2SM, B0FJFBSSNP, B0GF8DRLNG, B0FL221BL3, B0G48ZSKNL, B0G48SNFYC, B0FL23NFBD, B0G1KRZD13, B0G1KD4H78, B0G1KRZD14, B0FM3MWCGH, B0G1KTNS7G, B0G493LRTM, B0G1KJ77CF, B0GF8G7392, B0FKGJ2P3M, B0FJKRKVH4, B0FPBYVLLV, B0G1KT1RMR]",amzn1.campaign.3LY778VF1OP1I,🌈 Kid-Friendly Style Meets Practical Living 🌈,DCX,2026-03-06,2026-11-06,10.00%,5000.0,4988.5,73,800,false
[B0G476C2Z1],amzn1.campaign.RVSQDN5UQ1FS,"Magnesium Cream, 7 oz",Devyonder,2026-03-06,2027-03-06,10.00%,5000.0,4999.0,38,800,false
"[B0DRV34C57, B0DRV1TXDF, B0DRV29PK2, B0FFLQYYJ7, B0FFLZGFMN, B0FFLQB9TL, B0FFLJ5H3M]",amzn1.campaign.YH01BVXWZCEW,"SHARE SUNSHINE Cute Piggy Mouse, Girls Kids Office Desk Decor Gift",SHARE SUNSHINE,2026-03-08,2027-03-08,10.00%,5000.0,5000.0,85,800,false
"[B09JLHCC5T, B09JLHNJT2, B09ZV83671, B09ZV7PH7X, B09JLJ32TY, B0B143MMP2, B0BY8KNKBN, B09JLH1WJL, B09V2P483F, B09QYMHQMW, B0BY8JK3QF, B09QYLMSNV, B09ZV6WHG3, B09QYM4BKQ, B09QYKRBBW, B09JLGCPKV, B09ZV6WFBH, B09ZV6SXB5, B09QYLHMYD, B0BY8HM2Q9, B0BY8KRKFM, B0B1461MN8, B0BY8GL1SV, B0B14652DH, B0BY8KB92B, B09JLHYRDM, B09JLHDHT7, B0BY8KZMZZ, B0BY8KRSVL, B09V2P2XJJ, B09QYM38YN, B0B142M38W, B09V2NG8R2, B0BY8JD9BQ, B09QYLKXDT, B09QYK4NQ3, B09JLHZS8B, B0B14KJ593, B09JLK48GG, B0BY8H9ZNQ, B0BY8K9S9H, B09V2NR69W, B09JLG9FVZ, B09JLGK72N, B09ZV7MJ49, B0BY8KPHXJ, B09ZV6DMJ6, B09V2NNC84, B0B14MQXX3, B09V2PF8ZF, B0BY8J7ZK8, B09JLHD8QZ, B09V2LWMHY, B09ZV84HKH, B09V2MX12F, B09QYMSDPL, B09JLJ7373, B09QYKMB4R, B09V2PQJNC, B09JLHCKQX, B09JLHLZLQ, B09QYKG6GP, B09QYLNML7, B09QYLBJZP, B09ZV6478W, B09ZV8172T, B09QYLNH1M, B09QYLV26L, B09QYL5697, B0BY8J88WY, B09JLH572F, B09ZV7VX2N, B09JLJLZNT, B09V2PD1DB, B09ZV7H7D1, B09ZV7J35H, B09QYLLTFF, B09V2P8Y5L, B0BY8KVBTW, B09ZV6R1C8, B0BY8KS3XG, B0BY8G9FYR, B0B13WZXYC, B09QYLBB8V, B09V2NF3G9, B09V2NCQBS, B09QZ46YK9, B09V2MW4K5, B0B14LYLBD, B0B14JVPLF, B0BY8H1Y99, B09QYL4GKB, B0BY8KW3GD, B09JLJ7BC2, B0BY8HGW7W, B09JLJVR64, B0B1421LMT, B0B14C6N4T, B09JLL4DGZ, B09ZV5HKSV, B0BY8KY6G3, B09JLHGCXK, B09V2MYQDG, B0B13TZF94, B0B14CDVTN, B0BY8FYZM1, B09QYMSSPQ, B09V2N4HDV, B0BY8H4RJ9, B09JLH51RD, B09ZV7H3R6, B0BY8JCTPG, B09V2N5CWX, B09JLGT4X2, B09ZV88N9W, B09JLJ25XX, B09V2NX6M3, B09QYKXKD2, B09V2NL5X7, B09JLHWM21, B09ZV7JPMM, B09QYLSMZS, B09V2NY57P, B0BM37KWND]",amzn1.campaign.37LC4FNR748ZP,Tennis Skirts 609,Husnainna,2026-03-06,2026-10-09,20.00%,20000.0,20000.0,51,800,false
[B09CYLSQNW],amzn1.campaign.IP4N5GAQLW9X,Waterspecialist MWF Refrigerator Water Filter Replacement For GE MWF Filter,Waterspecialist,2026-03-06,2026-12-31,10.00%,5000.0,4850.78,39,800,false
"[B09TNJWMDP, B097SRJW9G, B0B3XBGCQP]",amzn1.campaign.2REH65JLZ2AJA,Spring Sale: Unleash Your Inner Hulk with These Foam Hands (+10%),XYMTOY,2026-03-06,2027-03-05,10.00%,60000.0,60000.0,84,800,false
"[B0DRV34C57, B0DRV1TXDF, B0DRV29PK2, B0FFLQYYJ7, B0FFLZGFMN, B0FFLQB9TL, B0FFLJ5H3M]",amzn1.campaign.QUUIV7E9UPG1,"SHARE SUNSHINE Cute Piggy Mouse, Dual Mode Wireless Bluetooth 2.4G Kawaii Mouse",SHARE SUNSHINE,2026-03-07,2027-03-07,10.00%,5000.0,5000.0,84,800,false
"[B09JLHCC5T, B09JLHNJT2, B09ZV83671, B09ZV7PH7X, B09JLJ32TY, B0B143MMP2, B0BY8KNKBN, B09JLH1WJL, B09V2P483F, B09QYMHQMW, B0BY8JK3QF, B09QYLMSNV, B09ZV6WHG3, B09QYM4BKQ, B09QYKRBBW, B09JLGCPKV, B09ZV6WFBH, B09ZV6SXB5, B09QYLHMYD, B0BY8HM2Q9, B0BY8KRKFM, B0B1461MN8, B0BY8GL1SV, B0B14652DH, B0BY8KB92B, B09JLHYRDM, B09JLHDHT7, B0BY8KZMZZ, B0BY8KRSVL, B09V2P2XJJ, B09QYM38YN, B0B142M38W, B09V2NG8R2, B0BY8JD9BQ, B09QYLKXDT, B09QYK4NQ3, B09JLHZS8B, B0B14KJ593, B09JLK48GG, B0BY8H9ZNQ, B0BY8K9S9H, B09V2NR69W, B09JLG9FVZ, B09JLGK72N, B09ZV7MJ49, B0BY8KPHXJ, B09ZV6DMJ6, B09V2NNC84, B0B14MQXX3, B09V2PF8ZF, B0BY8J7ZK8, B09JLHD8QZ, B09V2LWMHY, B09ZV84HKH, B09V2MX12F, B09QYMSDPL, B09JLJ7373, B09QYKMB4R, B09V2PQJNC, B09JLHCKQX, B09JLHLZLQ, B09QYKG6GP, B09QYLNML7, B09QYLBJZP, B09ZV6478W, B09ZV8172T, B09QYLNH1M, B09QYLV26L, B09QYL5697, B0BY8J88WY, B09JLH572F, B09ZV7VX2N, B09JLJLZNT, B09V2PD1DB, B09ZV7H7D1, B09ZV7J35H, B09QYLLTFF, B09V2P8Y5L, B0BY8KVBTW, B09ZV6R1C8, B0BY8KS3XG, B0BY8G9FYR, B0B13WZXYC, B09QYLBB8V, B09V2NF3G9, B09V2NCQBS, B09QZ46YK9, B09V2MW4K5, B0B14LYLBD, B0B14JVPLF, B0BY8H1Y99, B09QYL4GKB, B0BY8KW3GD, B09JLJ7BC2, B0BY8HGW7W, B09JLJVR64, B0B1421LMT, B0B14C6N4T, B09JLL4DGZ, B09ZV5HKSV, B0BY8KY6G3, B09JLHGCXK, B09V2MYQDG, B0B13TZF94, B0B14CDVTN, B0BY8FYZM1, B09QYMSSPQ, B09V2N4HDV, B0BY8H4RJ9, B09JLH51RD, B09ZV7H3R6, B0BY8JCTPG, B09V2N5CWX, B09JLGT4X2, B09ZV88N9W, B09JLJ25XX, B09V2NX6M3, B09QYKXKD2, B09V2NL5X7, B09JLHWM21, B09ZV7JPMM, B09QYLSMZS, B09V2NY57P, B0BM37KWND]",amzn1.campaign.FBFRKHKTT3LS,Tennis Skirts 608,Husnainna,2026-03-06,2026-10-08,20.00%,20000.0,20000.0,61,800,false
"[B0G7GZ7X3H, B0F9X3NR81]",amzn1.campaign.2AVXUYYMENRUN,XRACV Newly Trading Card Storage Box with Removable Lid,XRACV,2026-03-06,2026-12-31,10.00%,7000.0,6975.8,33,800,false
"[B09JLHCC5T, B09JLHNJT2, B09ZV83671, B09ZV7PH7X, B09JLJ32TY, B0B143MMP2, B0BY8KNKBN, B09JLH1WJL, B09V2P483F, B09QYMHQMW, B0BY8JK3QF, B09QYLMSNV, B09ZV6WHG3, B09QYM4BKQ, B09QYKRBBW, B09JLGCPKV, B09ZV6WFBH, B09ZV6SXB5, B09QYLHMYD, B0BY8HM2Q9, B0BY8KRKFM, B0B1461MN8, B0BY8GL1SV, B0B14652DH, B0BY8KB92B, B09JLHYRDM, B09JLHDHT7, B0BY8KZMZZ, B0BY8KRSVL, B09V2P2XJJ, B09QYM38YN, B0B142M38W, B09V2NG8R2, B0BY8JD9BQ, B09QYLKXDT, B09QYK4NQ3, B09JLHZS8B, B0B14KJ593, B09JLK48GG, B0BY8H9ZNQ, B0BY8K9S9H, B09V2NR69W, B09JLG9FVZ, B09JLGK72N, B09ZV7MJ49, B0BY8KPHXJ, B09ZV6DMJ6, B09V2NNC84, B0B14MQXX3, B09V2PF8ZF, B0BY8J7ZK8, B09JLHD8QZ, B09V2LWMHY, B09ZV84HKH, B09V2MX12F, B09QYMSDPL, B09JLJ7373, B09QYKMB4R, B09V2PQJNC, B09JLHCKQX, B09JLHLZLQ, B09QYKG6GP, B09QYLNML7, B09QYLBJZP, B09ZV6478W, B09ZV8172T, B09QYLNH1M, B09QYLV26L, B09QYL5697, B0BY8J88WY, B09JLH572F, B09ZV7VX2N, B09JLJLZNT, B09V2PD1DB, B09ZV7H7D1, B09ZV7J35H, B09QYLLTFF, B09V2P8Y5L, B0BY8KVBTW, B09ZV6R1C8, B0BY8KS3XG, B0BY8G9FYR, B0B13WZXYC, B09QYLBB8V, B09V2NF3G9, B09V2NCQBS, B09QZ46YK9, B09V2MW4K5, B0B14LYLBD, B0B14JVPLF, B0BY8H1Y99, B09QYL4GKB, B0BY8KW3GD, B09JLJ7BC2, B0BY8HGW7W, B09JLJVR64, B0B1421LMT, B0B14C6N4T, B09JLL4DGZ, B09ZV5HKSV, B0BY8KY6G3, B09JLHGCXK, B09V2MYQDG, B0B13TZF94, B0B14CDVTN, B0BY8FYZM1, B09QYMSSPQ, B09V2N4HDV, B0BY8H4RJ9, B09JLH51RD, B09ZV7H3R6, B0BY8JCTPG, B09V2N5CWX, B09JLGT4X2, B09ZV88N9W, B09JLJ25XX, B09V2NX6M3, B09QYKXKD2, B09V2NL5X7, B09JLHWM21, B09ZV7JPMM, B09QYLSMZS, B09V2NY57P, B0BM37KWND]",amzn1.campaign.5A8LJ3A0K46Z,Tennis Skirts 607,Husnainna,2026-03-06,2026-10-07,20.00%,20000.0,20000.0,65,800,false
"[B0GCM12QX4, B0GCLT4NQP, B0GCLTXPD3]",amzn1.campaign.3QX7MJE2437GC,🔥 20% High Commission! Hellomamma Seeks Influencers for Men Crew Socks-8459,Hellomamma,2026-03-06,2027-02-12,20.00%,5000.0,4853.08,25,800,false
"[B09TNJWMDP, B097SRJW9G, B0B3XBGCQP]",amzn1.campaign.BAARCPL2QH6N,Unleash Your Inner Hulk – Hulk Hands for Kids (+10%),XYMTOY,2026-03-06,2027-03-06,10.00%,60000.0,60000.0,90,800,false
"[B0GPX66FWW, B0GPXTXLB4, B0GPX678H5, B0GPXVNT7Y, B0GFNZYCBK, B0F8BD6MFQ, B0GPXGMJF4, B0GPXD1JFH, B0GPXCRHCJ, B0GPXHZ95R, B0GPXJ2G3Y, B0GPXMY4VP, B0GFVGQ8GH, B0GPXBB88J, B0GPXQFTLB]",amzn1.campaign.AZQO64OQ7PZU,😱Up To 20%&200+ bought Enjoying Patio Umbrella Here #TFX,GARVEETECH,2026-03-06,2026-10-01,11.00%,20000.0,19967.75,52,800,false
"[B09JLHCC5T, B09JLHNJT2, B09ZV83671, B09ZV7PH7X, B09JLJ32TY, B0B143MMP2, B0BY8KNKBN, B09JLH1WJL, B09V2P483F, B09QYMHQMW, B0BY8JK3QF, B09QYLMSNV, B09ZV6WHG3, B09QYM4BKQ, B09QYKRBBW, B09JLGCPKV, B09ZV6WFBH, B09ZV6SXB5, B09QYLHMYD, B0BY8HM2Q9, B0BY8KRKFM, B0B1461MN8, B0BY8GL1SV, B0B14652DH, B0BY8KB92B, B09JLHYRDM, B09JLHDHT7, B0BY8KZMZZ, B0BY8KRSVL, B09V2P2XJJ, B09QYM38YN, B0B142M38W, B09V2NG8R2, B0BY8JD9BQ, B09QYLKXDT, B09QYK4NQ3, B09JLHZS8B, B0B14KJ593, B09JLK48GG, B0BY8H9ZNQ, B0BY8K9S9H, B09V2NR69W, B09JLG9FVZ, B09JLGK72N, B09ZV7MJ49, B0BY8KPHXJ, B09ZV6DMJ6, B09V2NNC84, B0B14MQXX3, B09V2PF8ZF, B0BY8J7ZK8, B09JLHD8QZ, B09V2LWMHY, B09ZV84HKH, B09V2MX12F, B09QYMSDPL, B09JLJ7373, B09QYKMB4R, B09V2PQJNC, B09JLHCKQX, B09JLHLZLQ, B09QYKG6GP, B09QYLNML7, B09QYLBJZP, B09ZV6478W, B09ZV8172T, B09QYLNH1M, B09QYLV26L, B09QYL5697, B0BY8J88WY, B09JLH572F, B09ZV7VX2N, B09JLJLZNT, B09V2PD1DB, B09ZV7H7D1, B09ZV7J35H, B09QYLLTFF, B09V2P8Y5L, B0BY8KVBTW, B09ZV6R1C8, B0BY8KS3XG, B0BY8G9FYR, B0B13WZXYC, B09QYLBB8V, B09V2NF3G9, B09V2NCQBS, B09QZ46YK9, B09V2MW4K5, B0B14LYLBD, B0B14JVPLF, B0BY8H1Y99, B09QYL4GKB, B0BY8KW3GD, B09JLJ7BC2, B0BY8HGW7W, B09JLJVR64, B0B1421LMT, B0B14C6N4T, B09JLL4DGZ, B09ZV5HKSV, B0BY8KY6G3, B09JLHGCXK, B09V2MYQDG, B0B13TZF94, B0B14CDVTN, B0BY8FYZM1, B09QYMSSPQ, B09V2N4HDV, B0BY8H4RJ9, B09JLH51RD, B09ZV7H3R6, B0BY8JCTPG, B09V2N5CWX, B09JLGT4X2, B09ZV88N9W, B09JLJ25XX, B09V2NX6M3, B09QYKXKD2, B09V2NL5X7, B09JLHWM21, B09ZV7JPMM, B09QYLSMZS, B09V2NY57P, B0BM37KWND]",amzn1.campaign.3CZRR0JL2POI8,Tennis Skirts 606,Husnainna,2026-03-06,2026-10-06,20.00%,20000.0,20000.0,64,800,false
"[B0F2DSZMBV, B0FX47PZ7P]",amzn1.campaign.1C7W55JX7YX5E,Teeth Whitening Strips | 25% Commission | 3K+ sold/Months | BSR 10+ 4.5★,SmileFreshness,2026-03-06,2026-09-30,25.00%,10000.0,9209.83,0,800,false
"[B09JLHCC5T, B09JLHNJT2, B09ZV83671, B09ZV7PH7X, B09JLJ32TY, B0B143MMP2, B0BY8KNKBN, B09JLH1WJL, B09V2P483F, B09QYMHQMW, B0BY8JK3QF, B09QYLMSNV, B09ZV6WHG3, B09QYM4BKQ, B09QYKRBBW, B09JLGCPKV, B09ZV6WFBH, B09ZV6SXB5, B09QYLHMYD, B0BY8HM2Q9, B0BY8KRKFM, B0B1461MN8, B0BY8GL1SV, B0B14652DH, B0BY8KB92B, B09JLHYRDM, B09JLHDHT7, B0BY8KZMZZ, B0BY8KRSVL, B09V2P2XJJ, B09QYM38YN, B0B142M38W, B09V2NG8R2, B0BY8JD9BQ, B09QYLKXDT, B09QYK4NQ3, B09JLHZS8B, B0B14KJ593, B09JLK48GG, B0BY8H9ZNQ, B0BY8K9S9H, B09V2NR69W, B09JLG9FVZ, B09JLGK72N, B09ZV7MJ49, B0BY8KPHXJ, B09ZV6DMJ6, B09V2NNC84, B0B14MQXX3, B09V2PF8ZF, B0BY8J7ZK8, B09JLHD8QZ, B09V2LWMHY, B09ZV84HKH, B09V2MX12F, B09QYMSDPL, B09JLJ7373, B09QYKMB4R, B09V2PQJNC, B09JLHCKQX, B09JLHLZLQ, B09QYKG6GP, B09QYLNML7, B09QYLBJZP, B09ZV6478W, B09ZV8172T, B09QYLNH1M, B09QYLV26L, B09QYL5697, B0BY8J88WY, B09JLH572F, B09ZV7VX2N, B09JLJLZNT, B09V2PD1DB, B09ZV7H7D1, B09ZV7J35H, B09QYLLTFF, B09V2P8Y5L, B0BY8KVBTW, B09ZV6R1C8, B0BY8KS3XG, B0BY8G9FYR, B0B13WZXYC, B09QYLBB8V, B09V2NF3G9, B09V2NCQBS, B09QZ46YK9, B09V2MW4K5, B0B14LYLBD, B0B14JVPLF, B0BY8H1Y99, B09QYL4GKB, B0BY8KW3GD, B09JLJ7BC2, B0BY8HGW7W, B09JLJVR64, B0B1421LMT, B0B14C6N4T, B09JLL4DGZ, B09ZV5HKSV, B0BY8KY6G3, B09JLHGCXK, B09V2MYQDG, B0B13TZF94, B0B14CDVTN, B0BY8FYZM1, B09QYMSSPQ, B09V2N4HDV, B0BY8H4RJ9, B09JLH51RD, B09ZV7H3R6, B0BY8JCTPG, B09V2N5CWX, B09JLGT4X2, B09ZV88N9W, B09JLJ25XX, B09V2NX6M3, B09QYKXKD2, B09V2NL5X7, B09JLHWM21, B09ZV7JPMM, B09QYLSMZS, B09V2NY57P, B0BM37KWND]",amzn1.campaign.1JCNSR42U264R,Tennis Skirts 605,Husnainna,2026-03-06,2026-10-05,20.00%,20000.0,20000.0,57,800,false
"[B0G24PWQFN, B0G24LV178, B0G24FGKXT]",amzn1.campaign.66FHMUE9SBE7,TALENBEEN High-View 360° Swivel Baby Stroller Influencer Campaign,TALENBEEN,2026-03-06,2026-12-31,15.00%,5000.0,4892.27,29,800,false
"[B09JLHCC5T, B09JLHNJT2, B09ZV83671, B09ZV7PH7X, B09JLJ32TY, B0B143MMP2, B0BY8KNKBN, B09JLH1WJL, B09V2P483F, B09QYMHQMW, B0BY8JK3QF, B09QYLMSNV, B09ZV6WHG3, B09QYM4BKQ, B09QYKRBBW, B09JLGCPKV, B09ZV6WFBH, B09ZV6SXB5, B09QYLHMYD, B0BY8HM2Q9, B0BY8KRKFM, B0B1461MN8, B0BY8GL1SV, B0B14652DH, B0BY8KB92B, B09JLHYRDM, B09JLHDHT7, B0BY8KZMZZ, B0BY8KRSVL, B09V2P2XJJ, B09QYM38YN, B0B142M38W, B09V2NG8R2, B0BY8JD9BQ, B09QYLKXDT, B09QYK4NQ3, B09JLHZS8B, B0B14KJ593, B09JLK48GG, B0BY8H9ZNQ, B0BY8K9S9H, B09V2NR69W, B09JLG9FVZ, B09JLGK72N, B09ZV7MJ49, B0BY8KPHXJ, B09ZV6DMJ6, B09V2NNC84, B0B14MQXX3, B09V2PF8ZF, B0BY8J7ZK8, B09JLHD8QZ, B09V2LWMHY, B09ZV84HKH, B09V2MX12F, B09QYMSDPL, B09JLJ7373, B09QYKMB4R, B09V2PQJNC, B09JLHCKQX, B09JLHLZLQ, B09QYKG6GP, B09QYLNML7, B09QYLBJZP, B09ZV6478W, B09ZV8172T, B09QYLNH1M, B09QYLV26L, B09QYL5697, B0BY8J88WY, B09JLH572F, B09ZV7VX2N, B09JLJLZNT, B09V2PD1DB, B09ZV7H7D1, B09ZV7J35H, B09QYLLTFF, B09V2P8Y5L, B0BY8KVBTW, B09ZV6R1C8, B0BY8KS3XG, B0BY8G9FYR, B0B13WZXYC, B09QYLBB8V, B09V2NF3G9, B09V2NCQBS, B09QZ46YK9, B09V2MW4K5, B0B14LYLBD, B0B14JVPLF, B0BY8H1Y99, B09QYL4GKB, B0BY8KW3GD, B09JLJ7BC2, B0BY8HGW7W, B09JLJVR64, B0B1421LMT, B0B14C6N4T, B09JLL4DGZ, B09ZV5HKSV, B0BY8KY6G3, B09JLHGCXK, B09V2MYQDG, B0B13TZF94, B0B14CDVTN, B0BY8FYZM1, B09QYMSSPQ, B09V2N4HDV, B0BY8H4RJ9, B09JLH51RD, B09ZV7H3R6, B0BY8JCTPG, B09V2N5CWX, B09JLGT4X2, B09ZV88N9W, B09JLJ25XX, B09V2NX6M3, B09QYKXKD2, B09V2NL5X7, B09JLHWM21, B09ZV7JPMM, B09QYLSMZS, B09V2NY57P, B0BM37KWND]",amzn1.campaign.11K788UEFGB1R,Tennis Skirts 604,Husnainna,2026-03-06,2026-10-04,20.00%,20000.0,19975.7,59,800,false
"[B0GG9LLBHR, B0GG9HRBBP, B0GDXKYLFM, B0GG8MDPXY]",amzn1.campaign.6N2GP3KX4IM2,新款马克笔和颜料,TBC The Best Crafts,2026-03-06,2027-02-28,10.00%,111112.0,110766.67,8,800,false
"[B0CNCHBBRW, B0CT7RJ3K4, B0FGHWRWK2]",amzn1.campaign.16K7UAQ5R203B,"CFD01- Home-Aesthetic Chafing Dish Set | Stainless Steel, Seals Flavor & Heat",ZILODE,2026-03-06,2026-12-31,10.00%,5000.0,4149.5,9,800,false
"[B09128FDV2, B083BWRMBH, B084WYZFZC, B083BWMVY1, B083BWYZCL]",amzn1.campaign.1IGUPQ0O94WN8,"SHARE SUNSHINE Wireless Cute Cartoon Kawaii Mouse,  Office Desk Decor Gift",SHARE SUNSHINE,2026-03-10,2027-03-09,10.00%,5000.0,5000.0,9,800,false
[B0FF9GHC5Y],amzn1.campaign.E48JDO7DUTCO,ZN-J068-26-3-5,kyoryuger,2026-03-06,2027-01-01,10.00%,5000.0,5000.0,36,800,false
"[B0DY4DN8LZ, B0DXF1VSPV, B0F7LGWVYG, B0DXDZ8J98, B0F7QNHJ61]",amzn1.campaign.1P8MIFQ64HYVR,Spring Sale: Refresh Your Space with This Elegant Dollhouse Bookshelf (+11%),XYMTOY,2026-03-06,2027-03-03,11.00%,60000.0,60000.0,88,800,false
"[B09128FDV2, B083BWRMBH, B084WYZFZC, B083BWMVY1, B083BWYZCL]",amzn1.campaign.14ECSHDJ13ADN,"SHARE SUNSHINE Wireless Cute Cartoon Kawaii Mouse, Silent Portable Mouse",SHARE SUNSHINE,2026-03-09,2027-03-08,10.00%,5000.0,5000.0,0,800,false
"[B0FSSMNJ3Q, B0F44VCM7T, B0FSSD3GVY, B0F44VT824, B0F44HG5NP]",amzn1.campaign.29GAJWZMJI85S,Creator's Plan,Deerbaba,2026-03-06,2027-02-13,10.00%,10000.0,9993.2,93,800,false
[B0CCRBDKTS],amzn1.campaign.1PD7VWVVM6W5P,ZN-J010-26-3-5,kyoryuger,2026-03-06,2027-01-01,10.00%,5000.0,5000.0,24,800,false
"[B09128FDV2, B083BWRMBH, B084WYZFZC, B083BWMVY1, B083BWYZCL]",amzn1.campaign.23ND6TL2M9809,"SHARE SUNSHINE Adorable Hamster Mouse, Silent Ergonomic Portable Mouse",SHARE SUNSHINE,2026-03-08,2027-01-08,10.00%,5000.0,5000.0,18,800,false
"[B0DY4DN8LZ, B0DXF1VSPV, B0F7LGWVYG, B0DXDZ8J98, B0F7QNHJ61]",amzn1.campaign.R2ZGCR2JPAP,Spring Sale: Stylish Dollhouse Bookshelf for Your Home (+11%),XYMTOY,2026-03-06,2027-03-05,11.00%,60000.0,60000.0,96,800,false
[B0FF9JM68H],amzn1.campaign.1KUT5ERQNEMEQ,ZN-J066-26-3-5,kyoryuger,2026-03-06,2027-01-01,10.00%,5000.0,5000.0,37,800,false
"[B09128FDV2, B083BWRMBH, B084WYZFZC, B083BWMVY1, B083BWYZCL]",amzn1.campaign.208EKZ29H4D3B,"SHARE SUNSHINE Adorable Hamster Mouse, Girls Kids Office Desk Decor Gift",SHARE SUNSHINE,2026-03-07,2027-01-07,10.00%,5000.0,5000.0,17,800,false
[B0FKSJW4RW],amzn1.campaign.2GPCA32U1K0KR,ZN-J083-26-3-5,kyoryuger,2026-03-06,2027-01-01,10.00%,5000.0,5000.0,31,800,false
[B0F8MVY7Y2],amzn1.campaign.1OVXKBE3U5W2A,Collaboration Opportunity - Cummins Oil Filter - 15% Commission,Arbriaty,2026-03-06,2027-03-06,15.00%,5000.0,5000.0,37,800,false
[B0DCV798ZX],amzn1.campaign.PR8VWHQX7NJZ,ZN-J021-26-3-5,kyoryuger,2026-03-06,2027-01-01,10.00%,5000.0,5000.0,35,800,false
"[B0FSSMNJ3Q, B0F44VCM7T, B0FSSD3GVY, B0F44VT824, B0F44HG5NP]",amzn1.campaign.8D0X35UZ55L1,Creator's Plan,Deerbaba,2026-03-06,2027-02-14,10.00%,10000.0,10000.0,102,800,false
"[B0DY4DN8LZ, B0DXF1VSPV, B0F7LGWVYG, B0DXDZ8J98, B0F7QNHJ61]",amzn1.campaign.3E3VRF59Z7542,Transform Your Space with This Elegant Dollhouse Bookshelf (+11%),XYMTOY,2026-03-06,2027-03-06,11.00%,60000.0,60000.0,95,800,false
"[B09128FDV2, B083BWRMBH, B084WYZFZC, B083BWMVY1, B083BWYZCL]",amzn1.campaign.385EG675FLTYE,"SHARE SUNSHINE Adorable Hamster Mouse, Wireless Cute Cartoon Kawaii Mouse",SHARE SUNSHINE,2026-03-06,2027-01-06,10.00%,5000.0,5000.0,22,800,false
[B0D7C8BJL1],amzn1.campaign.D47I869K26KN,TopTes Guard-101 | 4 Gas Monitor for Homes & Workshops | 10% Commission,TOPTES,2026-03-06,2027-03-06,10.00%,20000.0,18678.51,11,800,false
[B0FKSMQYSC],amzn1.campaign.1YTF5CDQ844NZ,ZN-J085-26-3-5,kyoryuger,2026-03-06,2027-01-01,10.00%,5000.0,5000.0,27,800,false
"[B0FJCWJH89, B0FGXXQQHV, B0G19J17XG, B0F8LJGT8L, B0FCXRL1Z3, B0FFTB9JHP, B0G3WMZJY6, B0GQ6YD33T, B0FR46JW3F, B0F2GZTXF5, B0DZ2DWKBD, B0F1MY1LYQ, B0FG6XJ28D, B0FSZRDBF9, B0F2H1B6D8, B0DZMTBCJN, B0FF4HVS1N, B0F9WQ1VQ6, B0DQTQJ7KH, B0FFLT9F28, B0GGZS8PTD, B0FFT239B5, B0F18PSVSF, B0G3WN8N7C, B0F9P1VGKL, B0F1D9KK4Z, B0GHQWF44M, B0DRFGFT8T, B0FH5T9DC4, B0FFML33KZ, B0FP2PPBVX, B0FMF3BXQR, B0FKS3QNY9, B0F17GG2P4, B0FKGCPLH1, B0FP5G9HH7, B0FY344RF1, B0FS1WT7DQ, B0F192D3WK, B0F982ZN2L, B0GDZHVDLN, B0F9P29TNT, B0F1RTRKBT, B0FK8ZRP99, B0G1M9RPPD, B0FKMGP2SB, B0DQ871SQG, B0FRLBKMTD, B0FG7JCN19, B0G25BH3YR, B0F938QKCT, B0FMF5WKMK, B0GFNRDNPZ, B0FK9X8L28, B0FSCYSC8G, B0DZMSL15Y, B0FH5ZZMW8, B0F8QRPQ8Q, B0G25D5RW9, B0F2GYWWQZ, B0FF4HFSZS, B0FCM33N1Y, B0FHPSQBK1, B0FFT3CX6J, B0FR49J72S, B0FFLS46Q3, B0F18V4NNR, B0FMFD27PX, B0F2RHTKRQ, B0FMXZ9PDC, B0FS6GHDNN, B0F1MZBS5B, B0GCJVYD8X, B0F93C4HT2, B0DRZ9QQKJ, B0FR4CDMLD, B0FVFMG13T, B0FH62JK23, B0FR4V7Q5T, B0FFRK9T75, B0FN7SJT69, B0G259PS7V, B0DR2GKP4F, B0FFT5PHQ5, B0FQB2W8KL, B0GQ6VF2K3, B0G3WSFZQD, B0FP58YZ7S, B0FKLYPMPW, B0FSZZ5F9L, B0GQGL5YRS, B0F374DKKG, B0G3P7QGT2, B0FY6FWF3L, B0F9MQM6TM, B0GQ75KT6B, B0DQSQSJSB, B0FV7Z73MS, B0FDK181CH, B0F98GRN9N, B0FYFRHDSJ, B0GQ63817L, B0GHQVVFGM, B0FJXFC1XC, B0F183VVV3, B0F1D7FQTC, B0GHQW4Y6S, B0FMY423V2, B0G4MB8RFW, B0F2GZZXZK, B0FBQW3F59, B0F2H12LZV, B0FK95VMK1, B0GQ5YT5VW, B0FH1K3HLK, B0GQ9G6993, B0FJWNLKL5, B0GCH97VCT, B0FP59GWJB, B0F8QTLKC5, B0F18WY1J1, B0DQ4D8JMN, B0F18S8QHW, B0GF22ZLZ2, B0FG7FFZ1X, B0FMY4YWGT, B0F2H1RTW5, B0FP58V2Y6, B0GCJSKV1C, B0FDJM9M3J, B0DQ3YY2QB, B0FLX8JQHJ, B0FRLWMVXM, B0FCLXBTL1, B0FS1NY3CP, B0FFMLKQX7, B0FNRR4XXS, B0FMXZQCVV, B0GQ9FQ6TK, B0FSCYSQHD, B0FP4L2DW1, B0FFSF5K9Z, B0FFLXNTD1, B0FV8DBMJ5, B0FFM2BCKG, B0FR41FNM2, B0FMF7HM18, B0F93FM7GG, B0FKN58D4W, B0FS6S48HY, B0FY6FJZDV, B0G77JQ67Q, B0F93GPCQH, B0G3P6JRZ8, B0FJXDBK9K, B0GH7DRYHH, B0FP4KPRMZ, B0FY32FFT2, B0FCM35GZJ, B0FFLX9Q2V, B0FSCXKB7G, B0FFRVN3BS]",amzn1.campaign.290DPJZ7AFBBM,🌈 Xynic Multi-Theme Magic: Your Feed’s New Viral Engine! 🌈,Xynic,2026-03-06,2026-10-08,10.00%,5000.0,5000.0,70,800,false
[B0FF9HJYCR],amzn1.campaign.13JTEBR4BK0WU,ZN-J065-26-3-5,kyoryuger,2026-03-06,2027-01-01,10.00%,5000.0,5000.0,27,800,false
"[B0F8NQB2VC, B0GCH6LJ74, B0FCM1N57B, B0GCHX1Z2F, B0GCJNMDLT, B0FCF17MRJ, B0GCH7CKKS, B0GFSN8MBY, B0FCM2NL71, B0GCGX6H6X, B0FCF2KQ7Z, B0GJRFMJGD]",amzn1.campaign.3L92GD7F97AY3,🛍️ Amazon's Choice 15%off Enjoying Time Retractable Side Awning#TFX,GARVEETECH,2026-03-06,2026-10-01,11.00%,20000.0,19790.39,48,800,false
[B0F1JM7W4V],amzn1.campaign.L0W6GJFRMUO2,ZN-J035-26-3-5,kyoryuger,2026-03-06,2027-01-01,10.00%,5000.0,5000.0,37,800,false
[B0CLN9C2T1],amzn1.campaign.17VDOJ6FYPNNZ,🌿 Gentle Care for Sensitive Eyes? We’ve Got It,Buqikma,2026-03-06,2027-03-05,15.00%,5000.0,4675.19,31,800,false
[B0G2SLC6FZ],amzn1.campaign.16I74009FO6WP,HEYCUZI Sleep Upgrade: Bed King Pillows Triple-Zone Support / limited deal!,HEYCUZI,2026-03-06,2027-03-06,10.00%,999999.0,999037.42,0,800,false
[B0GDJHMJ5J],amzn1.campaign.2HYI27FA3NW9B,Cereal Bowls Set -15% Commission -Ceramic Cereal Bowls Set of 4,Yeacccng,2026-03-06,2027-03-06,15.00%,1000000.0,1000000.0,52,800,false
[B0DCV4JLNS],amzn1.campaign.28LPZ2WSV31C7,ZN-J026-26-3-5,kyoryuger,2026-03-06,2027-01-01,10.00%,5000.0,5000.0,30,800,false
"[B0FQBXV5V1, B0FF4XH92W, B07BLVBX2Y, B0FF4WYFLB, B0FF4RKVNS, B0FQBTK5BP, B0FQBTP9ZL, B077JY7LKM, B077JXYC9G, B0FQBYFMTL, B077JKFPW7, B0FQBVDRMF, B0FQBRSLM1, B0FF4RCPJG]",amzn1.campaign.1AH4J8HVM37AD,"SHARE SUNSHINE  2.4G Wireless Sport Car Shape Mouse, Fun,Cool,Portable",SHARE SUNSHINE,2026-03-10,2027-03-09,10.00%,5000.0,4998.64,27,800,false
"[B0FJCWJH89, B0FGXXQQHV, B0G19J17XG, B0F8LJGT8L, B0FCXRL1Z3, B0FFTB9JHP, B0G3WMZJY6, B0GQ6YD33T, B0FR46JW3F, B0F2GZTXF5, B0DZ2DWKBD, B0F1MY1LYQ, B0FG6XJ28D, B0FSZRDBF9, B0F2H1B6D8, B0DZMTBCJN, B0FF4HVS1N, B0F9WQ1VQ6, B0DQTQJ7KH, B0FFLT9F28, B0GGZS8PTD, B0FFT239B5, B0F18PSVSF, B0G3WN8N7C, B0F9P1VGKL, B0F1D9KK4Z, B0GHQWF44M, B0DRFGFT8T, B0FH5T9DC4, B0FFML33KZ, B0FP2PPBVX, B0FMF3BXQR, B0FKS3QNY9, B0F17GG2P4, B0FKGCPLH1, B0FP5G9HH7, B0FY344RF1, B0FS1WT7DQ, B0F192D3WK, B0F982ZN2L, B0GDZHVDLN, B0F9P29TNT, B0F1RTRKBT, B0GQM4Y79B, B0FK8ZRP99, B0G1M9RPPD, B0FKMGP2SB, B0DQ871SQG, B0FRLBKMTD, B0FG7JCN19, B0G25BH3YR, B0F938QKCT, B0FMF5WKMK, B0GFNRDNPZ, B0FK9X8L28, B0FSCYSC8G, B0DZMSL15Y, B0FH5ZZMW8, B0F8QRPQ8Q, B0G25D5RW9, B0F2GYWWQZ, B0FF4HFSZS, B0FCM33N1Y, B0GQLTH6RZ, B0FHPSQBK1, B0FFT3CX6J, B0FR49J72S, B0FFLS46Q3, B0F18V4NNR, B0FMFD27PX, B0F2RHTKRQ, B0FMXZ9PDC, B0FS6GHDNN, B0F1MZBS5B, B0GCJVYD8X, B0F93C4HT2, B0DRZ9QQKJ, B0FR4CDMLD, B0FVFMG13T, B0FH62JK23, B0FR4V7Q5T, B0FFRK9T75, B0FN7SJT69, B0G259PS7V, B0DR2GKP4F, B0FFT5PHQ5, B0FQB2W8KL, B0GQ6VF2K3, B0G3WSFZQD, B0FP58YZ7S, B0FKLYPMPW, B0FSZZ5F9L, B0GQGL5YRS, B0F374DKKG, B0G3P7QGT2, B0FY6FWF3L, B0F9MQM6TM, B0GQ75KT6B, B0DQSQSJSB, B0FV7Z73MS, B0FDK181CH, B0F98GRN9N, B0FYFRHDSJ, B0GQ63817L, B0GHQVVFGM, B0FJXFC1XC, B0F183VVV3, B0F1D7FQTC, B0GHQW4Y6S, B0FMY423V2, B0G4MB8RFW, B0F2GZZXZK, B0FBQW3F59, B0F2H12LZV, B0FK95VMK1, B0GQ5YT5VW, B0FH1K3HLK, B0GQ9G6993, B0FJWNLKL5, B0GCH97VCT, B0FP59GWJB, B0F8QTLKC5, B0F18WY1J1, B0DQ4D8JMN, B0F18S8QHW, B0GF22ZLZ2, B0FG7FFZ1X, B0FMY4YWGT, B0F2H1RTW5, B0FP58V2Y6, B0GCJSKV1C, B0FDJM9M3J, B0DQ3YY2QB, B0FLX8JQHJ, B0FRLWMVXM, B0FCLXBTL1, B0FS1NY3CP, B0FFMLKQX7, B0FNRR4XXS, B0FMXZQCVV, B0GQ9FQ6TK, B0FSCYSQHD, B0FP4L2DW1, B0FFSF5K9Z, B0GQM523DR, B0FFLXNTD1, B0FV8DBMJ5, B0FFM2BCKG, B0FR41FNM2, B0FMF7HM18, B0F93FM7GG, B0FKN58D4W, B0FS6S48HY, B0FY6FJZDV, B0G77JQ67Q, B0F93GPCQH, B0G3P6JRZ8, B0FJXDBK9K, B0GH7DRYHH, B0FP4KPRMZ, B0FY32FFT2, B0FCM35GZJ, B0FFLX9Q2V, B0FSCXKB7G, B0FFRVN3BS]",amzn1.campaign.3C2OQ92CCFCS9,🎂 Xynic Birthday Magic: Your Feed’s New 3X Viral Engine! 🎂,Xynic,2026-03-06,2026-11-06,10.00%,5000.0,5000.0,64,800,false
"[B09TNJWMDP, B097SRJW9G, B0B3XCYQ19, B0B3XBGCQP]",amzn1.campaign.CSJJ30QFWZUW,Top Holiday Gift for Boys – Hulk Hands Superhero Gloves (11% Commission),XYMTOY,2026-03-06,2027-02-28,11.00%,60000.0,60000.0,56,800,false
[B0DCV6SY6Y],amzn1.campaign.20N5QFMQ6BEO0,ZN-J022-26-3-5,kyoryuger,2026-03-06,2027-01-01,10.00%,5000.0,4943.2,26,800,false
"[B0FQBXV5V1, B0FF4XH92W, B07BLVBX2Y, B0FF4WYFLB, B0FF4RKVNS, B0FQBTK5BP, B0FQBTP9ZL, B077JY7LKM, B077JXYC9G, B0FQBYFMTL, B077JKFPW7, B0FQBVDRMF, B0FQBRSLM1, B0FF4RCPJG]",amzn1.campaign.X05TX6QDN566,"SHARE SUNSHINE 2.4G Wireless Sport Car Shape Mouse, Kids Boys Adults Desk Gift",SHARE SUNSHINE,2026-03-09,2027-03-08,10.00%,5000.0,5000.0,60,800,false
[B0FKSV2DJF],amzn1.campaign.2IF6L6JBN3NP5,ZN-J081-26-3-5,kyoryuger,2026-03-06,2027-01-01,10.00%,5000.0,5000.0,31,800,false
"[B0GJSNGNHJ, B0GGBMB2XY, B0GJSLBNRX, B0GGBMF39X, B0GGBQ96HX, B0GJSD19KS, B0GGBVJCJN, B0GJSXQ51L, B0GJSWMWL3, B0GGBTXYFN, B0GGBJK7SD, B0GL83HNVF, B0GJSRPWR2, B0GGBBWTY3, B0GGBS6J8L, B0GL87K7F9, B0GGBK51SN, B0GGBCPCMZ, B0GGBVPTFZ, B0GL7NPQ38, B0GJSH33G9, B0GJSS6G82, B0GGBCPGMY, B0GGBQ8W5Y, B0GGB8ZDJP, B0GJSHF1J1, B0GJSMG34K, B0GJSXL6M5, B0GJSSB3W1, B0GL7ZQ9GR, B0GL7ZBD8S, B0GGBD4ZSY, B0GGBJN3TV, B0GJSV8MX9, B0GL83QPQQ, B0GGBMJ3HQ, B0GGBHFPTH, B0GGBLX577, B0GL89GLS5, B0GGBKF3G6, B0GL826PXP, B0GL87WCZ5, B0GJT2VZXT, B0GGBH4YCT, B0GGBV5TYB, B0GJSNP2F3, B0GGBV14R7, B0GGBLJHC9, B0GGBFXL42, B0GGBKYFCG, B0GJSSJX6Y, B0GGBFFFJN]",amzn1.campaign.FQJ5MU5TS3TR,💝Good Reviews Enjoying Outdoor 10%off  Waterproof Patio Rugs#TFX,GARVEETECH,2026-03-06,2026-10-01,11.00%,20000.0,20000.0,64,800,false
"[B0FMK6GWHP, B0FMK57YG6, B0FMK5J59G, B0FMK9Q3DB, B0FMK7S1FL, B0FMK847YF, B0FMK83ZJQ, B0FMK8TFXF]",amzn1.campaign.207G4JP3B8QQY,Men's Hot-Selling Wide Water Shoes Earn 10% Commission,TRAILBLITZ,2026-03-06,2026-10-01,10.00%,5000.0,4695.27,19,800,false
[B0G38ZY3RM],amzn1.campaign.L62XBE1HPGEY,Coffee Mugs Set -15% Commission -Ceramic Coffee Mugs Set of 6,Yeacccng,2026-03-06,2027-03-06,15.00%,1000000.0,999984.65,21,800,false
"[B0FQBXV5V1, B0FF4XH92W, B07BLVBX2Y, B0FF4WYFLB, B0FF4RKVNS, B0FQBTK5BP, B0FQBTP9ZL, B077JY7LKM, B077JXYC9G, B0FQBYFMTL, B077JKFPW7, B0FQBVDRMF, B0FQBRSLM1, B0FF4RCPJG]",amzn1.campaign.H5LG0QW0OTE1,"SHARE SUNSHINE  2.4G Wireless Sport Car Shape Mouse, Fun Ergonomic Mouse",SHARE SUNSHINE,2026-03-08,2027-03-08,10.00%,5000.0,5000.0,61,800,false
"[B0FJCWJH89, B0FGXXQQHV, B0G19J17XG, B0F8LJGT8L, B0FCXRL1Z3, B0FFTB9JHP, B0G3WMZJY6, B0FR46JW3F, B0F2GZTXF5, B0DZ2DWKBD, B0F1MY1LYQ, B0FG6XJ28D, B0FSZRDBF9, B0F2H1B6D8, B0DZMTBCJN, B0FF4HVS1N, B0F9WQ1VQ6, B0DQTQJ7KH, B0FFLT9F28, B0GGZS8PTD, B0FFT239B5, B0F18PSVSF, B0G3WN8N7C, B0F9P1VGKL, B0F1D9KK4Z, B0GHQWF44M, B0DRFGFT8T, B0FH5T9DC4, B0FFML33KZ, B0FP2PPBVX, B0FMF3BXQR, B0FKS3QNY9, B0FKGCPLH1, B0F17GG2P4, B0FP5G9HH7, B0FY344RF1, B0FS1WT7DQ, B0F192D3WK, B0F982ZN2L, B0GDZHVDLN, B0F9P29TNT, B0F1RTRKBT, B0FK8ZRP99, B0G1M9RPPD, B0FKMGP2SB, B0FRLBKMTD, B0FG7JCN19, B0DQ871SQG, B0G25BH3YR, B0FMF5WKMK, B0F938QKCT, B0GFNRDNPZ, B0FK9X8L28, B0FSCYSC8G, B0DZMSL15Y, B0FH5ZZMW8, B0F8QRPQ8Q, B0G25D5RW9, B0F2GYWWQZ, B0FF4HFSZS, B0FCM33N1Y, B0FHPSQBK1, B0FFT3CX6J, B0FR49J72S, B0FFLS46Q3, B0F18V4NNR, B0FMFD27PX, B0F2RHTKRQ, B0FMXZ9PDC, B0FS6GHDNN, B0F1MZBS5B, B0GCJVYD8X, B0F93C4HT2, B0DRZ9QQKJ, B0FR4CDMLD, B0FVFMG13T, B0FH62JK23, B0FR4V7Q5T, B0FFRK9T75, B0FN7SJT69, B0G259PS7V, B0DR2GKP4F, B0FFT5PHQ5, B0FQB2W8KL, B0G3WSFZQD, B0FP58YZ7S, B0FKLYPMPW, B0FSZZ5F9L, B0G3P7QGT2, B0FY6FWF3L, B0F9MQM6TM, B0F374DKKG, B0DQSQSJSB, B0FV7Z73MS, B0FDK181CH, B0F98GRN9N, B0FYFRHDSJ, B0GHQVVFGM, B0FJXFC1XC, B0F1D7FQTC, B0GHQW4Y6S, B0FMY423V2, B0G4MB8RFW, B0F2GZZXZK, B0FBQW3F59, B0FK95VMK1, B0F2H12LZV, B0FH1K3HLK, B0FJWNLKL5, B0GCH97VCT, B0FP59GWJB, B0F8QTLKC5, B0F18WY1J1, B0GF22ZLZ2, B0FG7FFZ1X, B0F18S8QHW, B0DQ4D8JMN, B0FMY4YWGT, B0F2H1RTW5, B0FP58V2Y6, B0GCJSKV1C, B0FDJM9M3J, B0DQ3YY2QB, B0FLX8JQHJ, B0FRLWMVXM, B0FCLXBTL1, B0FS1NY3CP, B0FNRR4XXS, B0FMXZQCVV, B0FFMLKQX7, B0FSCYSQHD, B0FP4L2DW1, B0FFSF5K9Z, B0FV8DBMJ5, B0FFLXNTD1, B0FFM2BCKG, B0FR41FNM2, B0FMF7HM18, B0F93FM7GG, B0FKN58D4W, B0FS6S48HY, B0FY6FJZDV, B0G77JQ67Q, B0F93GPCQH, B0G3P6JRZ8, B0FJXDBK9K, B0GH7DRYHH, B0FP4KPRMZ, B0FY32FFT2, B0FCM35GZJ, B0FFLX9Q2V, B0FSCXKB7G, B0FFRVN3BS]",amzn1.campaign.3R815ITTCJ9W6,🌈 Xynic Party Magic: Your Feed’s New 3X Viral Engine! 🌈,Xynic,2026-03-06,2026-09-10,10.00%,5000.0,5000.0,68,800,false
[B0FF9J5GCC],amzn1.campaign.2J8FJEC38JQ1F,ZN-J063-26-3-5,kyoryuger,2026-03-06,2027-01-01,10.00%,5000.0,5000.0,32,800,false
[B0G5GVL1VR],amzn1.campaign.39A8D6C8RH3P8,Collaborate with LGTGH : Promote the Great Body Hair Trimmer for Men!,LGTGH,2026-03-06,2026-11-30,10.00%,5000.0,4436.91,66,800,false
"[B0FQBXV5V1, B0FF4XH92W, B07BLVBX2Y, B0FF4WYFLB, B0FF4RKVNS, B0FQBTK5BP, B0FQBTP9ZL, B077JY7LKM, B077JXYC9G, B0FQBYFMTL, B077JKFPW7, B0FQBVDRMF, B0FQBRSLM1, B0FF4RCPJG]",amzn1.campaign.2ADMUBKIIBXQ,"SHARE SUNSHINE Cool Car Mouse, Portable Mouse for Kids Boys Adults Desk Gifts",SHARE SUNSHINE,2026-03-07,2027-03-07,10.00%,5000.0,5000.0,51,800,false
[B0F8Q6W5NQ],amzn1.campaign.F5J5TABCKAK6,ZN-J059-26-3-5,kyoryuger,2026-03-06,2027-01-01,10.00%,5000.0,5000.0,39,800,false
"[B0DJLRKTTJ, B0DHGGB1DC]",amzn1.campaign.XOIAGI71OXFQ,"10% Commission MOUNTUP Dual Monitor Stand, YMU8014B",MOUNTUP,2026-03-06,2026-12-31,10.00%,5000.0,4578.2,3,800,false
[B0F8Q52ZV6],amzn1.campaign.3L38SQYE6LX6P,ZN-J056-26-3-5,kyoryuger,2026-03-06,2027-01-01,10.00%,5000.0,5000.0,37,800,false
"[B0FQBXV5V1, B0FF4XH92W, B07BLVBX2Y, B0FF4WYFLB, B0FF4RKVNS, B0FQBTK5BP, B0FQBTP9ZL, B077JY7LKM, B077JXYC9G, B0FQBYFMTL, B077JKFPW7, B0FQBVDRMF, B0FQBRSLM1, B0FF4RCPJG]",amzn1.campaign.1XEEWAYTHSK14,"SHARE SUNSHINE Cool Car Mouse, 2.4G Wireless Sport Car Shape Mouse",SHARE SUNSHINE,2026-03-06,2027-03-06,10.00%,5000.0,4997.81,56,800,false
"[B0FJCWJH89, B0FGXXQQHV, B0G19J17XG, B0F8LJGT8L, B0FCXRL1Z3, B0FFTB9JHP, B0G3WMZJY6, B0GQ6YD33T, B0FR46JW3F, B0F2GZTXF5, B0DZ2DWKBD, B0F1MY1LYQ, B0FG6XJ28D, B0FSZRDBF9, B0F2H1B6D8, B0DZMTBCJN, B0FF4HVS1N, B0F9WQ1VQ6, B0DQTQJ7KH, B0FFLT9F28, B0GGZS8PTD, B0FFT239B5, B0F18PSVSF, B0G3WN8N7C, B0F9P1VGKL, B0F1D9KK4Z, B0GHQWF44M, B0DRFGFT8T, B0FH5T9DC4, B0FFML33KZ, B0FP2PPBVX, B0FMF3BXQR, B0FKS3QNY9, B0F17GG2P4, B0FKGCPLH1, B0FP5G9HH7, B0FY344RF1, B0FS1WT7DQ, B0F192D3WK, B0F982ZN2L, B0GDZHVDLN, B0F9P29TNT, B0F1RTRKBT, B0FK8ZRP99, B0G1M9RPPD, B0FKMGP2SB, B0DQ871SQG, B0FRLBKMTD, B0FG7JCN19, B0G25BH3YR, B0F938QKCT, B0FMF5WKMK, B0GFNRDNPZ, B0FK9X8L28, B0FSCYSC8G, B0DZMSL15Y, B0FH5ZZMW8, B0F8QRPQ8Q, B0G25D5RW9, B0F2GYWWQZ, B0FF4HFSZS, B0FCM33N1Y, B0FHPSQBK1, B0FFT3CX6J, B0FR49J72S, B0FFLS46Q3, B0F18V4NNR, B0FMFD27PX, B0F2RHTKRQ, B0FMXZ9PDC, B0FS6GHDNN, B0F1MZBS5B, B0GCJVYD8X, B0F93C4HT2, B0DRZ9QQKJ, B0FR4CDMLD, B0FVFMG13T, B0FH62JK23, B0FR4V7Q5T, B0FFRK9T75, B0FN7SJT69, B0G259PS7V, B0DR2GKP4F, B0FFT5PHQ5, B0FQB2W8KL, B0GQ6VF2K3, B0G3WSFZQD, B0FP58YZ7S, B0FKLYPMPW, B0FSZZ5F9L, B0GQGL5YRS, B0F374DKKG, B0G3P7QGT2, B0FY6FWF3L, B0F9MQM6TM, B0GQ75KT6B, B0DQSQSJSB, B0FV7Z73MS, B0FDK181CH, B0F98GRN9N, B0FYFRHDSJ, B0GQ63817L, B0GHQVVFGM, B0FJXFC1XC, B0F183VVV3, B0F1D7FQTC, B0GHQW4Y6S, B0FMY423V2, B0G4MB8RFW, B0F2GZZXZK, B0FBQW3F59, B0F2H12LZV, B0FK95VMK1, B0GQ5YT5VW, B0FH1K3HLK, B0GQ9G6993, B0FJWNLKL5, B0GCH97VCT, B0FP59GWJB, B0F8QTLKC5, B0F18WY1J1, B0DQ4D8JMN, B0F18S8QHW, B0GF22ZLZ2, B0FG7FFZ1X, B0FMY4YWGT, B0F2H1RTW5, B0FP58V2Y6, B0GCJSKV1C, B0FDJM9M3J, B0DQ3YY2QB, B0FLX8JQHJ, B0FRLWMVXM, B0FCLXBTL1, B0FS1NY3CP, B0FFMLKQX7, B0FNRR4XXS, B0FMXZQCVV, B0GQ9FQ6TK, B0FSCYSQHD, B0FP4L2DW1, B0FFSF5K9Z, B0FFLXNTD1, B0FV8DBMJ5, B0FFM2BCKG, B0FR41FNM2, B0FMF7HM18, B0F93FM7GG, B0FKN58D4W, B0FS6S48HY, B0FY6FJZDV, B0G77JQ67Q, B0F93GPCQH, B0G3P6JRZ8, B0FJXDBK9K, B0GH7DRYHH, B0FP4KPRMZ, B0FY32FFT2, B0FCM35GZJ, B0FFLX9Q2V, B0FSCXKB7G, B0FFRVN3BS]",amzn1.campaign.23CEPJI6BHJXP,✨ Xynic Party Magic: Your Feed’s New Viral Engine! ✨,Xynic,2026-03-06,2026-10-15,10.00%,5000.0,5000.0,64,800,false
"[B09JLHCC5T, B09JLHNJT2, B09ZV83671, B09ZV7PH7X, B09JLJ32TY, B0B143MMP2, B0BY8KNKBN, B09JLH1WJL, B09V2P483F, B09QYMHQMW, B0BY8JK3QF, B09QYLMSNV, B09ZV6WHG3, B09QYM4BKQ, B09QYKRBBW, B09JLGCPKV, B09ZV6WFBH, B09ZV6SXB5, B09QYLHMYD, B0BY8HM2Q9, B0BY8KRKFM, B0B1461MN8, B0BY8GL1SV, B0B14652DH, B0BY8KB92B, B09JLHYRDM, B09JLHDHT7, B0BY8KZMZZ, B0BY8KRSVL, B09V2P2XJJ, B09QYM38YN, B0B142M38W, B09V2NG8R2, B0BY8JD9BQ, B09QYLKXDT, B09QYK4NQ3, B09JLHZS8B, B0B14KJ593, B09JLK48GG, B0BY8H9ZNQ, B0BY8K9S9H, B09V2NR69W, B09JLG9FVZ, B09JLGK72N, B09ZV7MJ49, B0BY8KPHXJ, B09ZV6DMJ6, B09V2NNC84, B0B14MQXX3, B09V2PF8ZF, B0BY8J7ZK8, B09JLHD8QZ, B09V2LWMHY, B09ZV84HKH, B09V2MX12F, B09QYMSDPL, B09JLJ7373, B09QYKMB4R, B09V2PQJNC, B09JLHCKQX, B09JLHLZLQ, B09QYKG6GP, B09QYLNML7, B09QYLBJZP, B09ZV6478W, B09ZV8172T, B09QYLNH1M, B09QYLV26L, B09QYL5697, B0BY8J88WY, B09JLH572F, B09ZV7VX2N, B09JLJLZNT, B09V2PD1DB, B09ZV7H7D1, B09ZV7J35H, B09QYLLTFF, B09V2P8Y5L, B0BY8KVBTW, B09ZV6R1C8, B0BY8KS3XG, B0BY8G9FYR, B0B13WZXYC, B09QYLBB8V, B09V2NF3G9, B09V2NCQBS, B09QZ46YK9, B09V2MW4K5, B0B14LYLBD, B0B14JVPLF, B0BY8H1Y99, B09QYL4GKB, B0BY8KW3GD, B09JLJ7BC2, B0BY8HGW7W, B09JLJVR64, B0B1421LMT, B0B14C6N4T, B09JLL4DGZ, B09ZV5HKSV, B0BY8KY6G3, B09JLHGCXK, B09V2MYQDG, B0B13TZF94, B0B14CDVTN, B0BY8FYZM1, B09QYMSSPQ, B09V2N4HDV, B0BY8H4RJ9, B09JLH51RD, B09ZV7H3R6, B0BY8JCTPG, B09V2N5CWX, B09JLGT4X2, B09ZV88N9W, B09JLJ25XX, B09V2NX6M3, B09QYKXKD2, B09V2NL5X7, B09JLHWM21, B09ZV7JPMM, B09QYLSMZS, B09V2NY57P, B0BM37KWND]",amzn1.campaign.2LXQUXZDVH2I2,Tennis Skirts 603,Husnainna,2026-03-06,2026-10-03,20.00%,20000.0,20000.0,59,800,false
[B01G4W95ZS],amzn1.campaign.DQHRCL1X1SLS,AQUA CREST MWF Refrigerator Water Filter Replacement For GE,AQUA CREST,2026-03-20,2026-12-31,10.00%,5000.0,4996.2,38,800,false
[B0GH1RCK95],amzn1.campaign.3FBRDIJ4B9B3F,"Xmoment Ultra Smooth Water-Based Anal Lube for Men, Women & Couples - 16 Fl Oz",Xmoment,2026-03-06,2026-12-31,20.00%,20000.0,19973.44,18,800,false
[B0DCV6JPMV],amzn1.campaign.TP04189TCZGB,ZN-J031-26-3-5,kyoryuger,2026-03-06,2027-01-01,10.00%,5000.0,5000.0,41,800,false
"[B09JLHCC5T, B09JLHNJT2, B09ZV83671, B09ZV7PH7X, B09JLJ32TY, B0B143MMP2, B0BY8KNKBN, B09JLH1WJL, B09V2P483F, B09QYMHQMW, B0BY8JK3QF, B09QYLMSNV, B09ZV6WHG3, B09QYM4BKQ, B09QYKRBBW, B09JLGCPKV, B09ZV6WFBH, B09ZV6SXB5, B09QYLHMYD, B0BY8HM2Q9, B0BY8KRKFM, B0B1461MN8, B0BY8GL1SV, B0B14652DH, B0BY8KB92B, B09JLHYRDM, B09JLHDHT7, B0BY8KZMZZ, B0BY8KRSVL, B09V2P2XJJ, B09QYM38YN, B0B142M38W, B09V2NG8R2, B0BY8JD9BQ, B09QYLKXDT, B09QYK4NQ3, B09JLHZS8B, B0B14KJ593, B09JLK48GG, B0BY8H9ZNQ, B0BY8K9S9H, B09V2NR69W, B09JLG9FVZ, B09JLGK72N, B09ZV7MJ49, B0BY8KPHXJ, B09ZV6DMJ6, B09V2NNC84, B0B14MQXX3, B09V2PF8ZF, B0BY8J7ZK8, B09JLHD8QZ, B09V2LWMHY, B09ZV84HKH, B09V2MX12F, B09QYMSDPL, B09JLJ7373, B09QYKMB4R, B09V2PQJNC, B09JLHCKQX, B09JLHLZLQ, B09QYKG6GP, B09QYLNML7, B09QYLBJZP, B09ZV6478W, B09ZV8172T, B09QYLNH1M, B09QYLV26L, B09QYL5697, B0BY8J88WY, B09JLH572F, B09ZV7VX2N, B09JLJLZNT, B09V2PD1DB, B09ZV7H7D1, B09ZV7J35H, B09QYLLTFF, B09V2P8Y5L, B0BY8KVBTW, B09ZV6R1C8, B0BY8KS3XG, B0BY8G9FYR, B0B13WZXYC, B09QYLBB8V, B09V2NF3G9, B09V2NCQBS, B09QZ46YK9, B09V2MW4K5, B0B14LYLBD, B0B14JVPLF, B0BY8H1Y99, B09QYL4GKB, B0BY8KW3GD, B09JLJ7BC2, B0BY8HGW7W, B09JLJVR64, B0B1421LMT, B0B14C6N4T, B09JLL4DGZ, B09ZV5HKSV, B0BY8KY6G3, B09JLHGCXK, B09V2MYQDG, B0B13TZF94, B0B14CDVTN, B0BY8FYZM1, B09QYMSSPQ, B09V2N4HDV, B0BY8H4RJ9, B09JLH51RD, B09ZV7H3R6, B0BY8JCTPG, B09V2N5CWX, B09JLGT4X2, B09ZV88N9W, B09JLJ25XX, B09V2NX6M3, B09QYKXKD2, B09V2NL5X7, B09JLHWM21, B09ZV7JPMM, B09QYLSMZS, B09V2NY57P, B0BM37KWND]",amzn1.campaign.33A6042LIIURA,Tennis Skirts 602,Husnainna,2026-03-06,2026-10-02,20.00%,20000.0,19995.0,61,800,false
"[B0F66TDC4G, B0F66MYDJX]",amzn1.campaign.2YO6FOFGMRWAA,Intelligent Sensor Exquisite Night Light in Hot Sale 15% Commission,Mearafois,2026-03-14,2027-01-01,15.00%,5000.0,4972.7,35,800,false
[B0DCV67SV6],amzn1.campaign.2KQJDQOTPR3WT,ZN-J028-26-3-5,kyoryuger,2026-03-06,2027-01-01,10.00%,5000.0,4997.3,26,800,false
"[B09JLHCC5T, B09JLHNJT2, B09ZV83671, B09ZV7PH7X, B09JLJ32TY, B0B143MMP2, B0BY8KNKBN, B09JLH1WJL, B09V2P483F, B09QYMHQMW, B0BY8JK3QF, B09QYLMSNV, B09ZV6WHG3, B09QYM4BKQ, B09QYKRBBW, B09JLGCPKV, B09ZV6WFBH, B09ZV6SXB5, B09QYLHMYD, B0BY8HM2Q9, B0BY8KRKFM, B0B1461MN8, B0BY8GL1SV, B0B14652DH, B0BY8KB92B, B09JLHYRDM, B09JLHDHT7, B0BY8KZMZZ, B0BY8KRSVL, B09V2P2XJJ, B09QYM38YN, B0B142M38W, B09V2NG8R2, B0BY8JD9BQ, B09QYLKXDT, B09QYK4NQ3, B09JLHZS8B, B0B14KJ593, B09JLK48GG, B0BY8H9ZNQ, B0BY8K9S9H, B09V2NR69W, B09JLG9FVZ, B09JLGK72N, B09ZV7MJ49, B0BY8KPHXJ, B09ZV6DMJ6, B09V2NNC84, B0B14MQXX3, B09V2PF8ZF, B0BY8J7ZK8, B09JLHD8QZ, B09V2LWMHY, B09ZV84HKH, B09V2MX12F, B09QYMSDPL, B09JLJ7373, B09QYKMB4R, B09V2PQJNC, B09JLHCKQX, B09JLHLZLQ, B09QYKG6GP, B09QYLNML7, B09QYLBJZP, B09ZV6478W, B09ZV8172T, B09QYLNH1M, B09QYLV26L, B09QYL5697, B0BY8J88WY, B09JLH572F, B09ZV7VX2N, B09JLJLZNT, B09V2PD1DB, B09ZV7H7D1, B09ZV7J35H, B09QYLLTFF, B09V2P8Y5L, B0BY8KVBTW, B09ZV6R1C8, B0BY8KS3XG, B0BY8G9FYR, B0B13WZXYC, B09QYLBB8V, B09V2NF3G9, B09V2NCQBS, B09QZ46YK9, B09V2MW4K5, B0B14LYLBD, B0B14JVPLF, B0BY8H1Y99, B09QYL4GKB, B0BY8KW3GD, B09JLJ7BC2, B0BY8HGW7W, B09JLJVR64, B0B1421LMT, B0B14C6N4T, B09JLL4DGZ, B09ZV5HKSV, B0BY8KY6G3, B09JLHGCXK, B09V2MYQDG, B0B13TZF94, B0B14CDVTN, B0BY8FYZM1, B09QYMSSPQ, B09V2N4HDV, B0BY8H4RJ9, B09JLH51RD, B09ZV7H3R6, B0BY8JCTPG, B09V2N5CWX, B09JLGT4X2, B09ZV88N9W, B09JLJ25XX, B09V2NX6M3, B09QYKXKD2, B09V2NL5X7, B09JLHWM21, B09ZV7JPMM, B09QYLSMZS, B09V2NY57P, B0BM37KWND]",amzn1.campaign.FG3WU695J85,Tennis Skirts 601,Husnainna,2026-03-06,2026-10-01,20.00%,50000.0,49685.7,41,800,false
"[B0FRLZBMLG, B0FPCJ8VVK, B0FHWFMW97, B0FHWFGBFB]",amzn1.campaign.2BPFSRLY5GMYE,蓄电连点器,Raisetip,2026-03-06,2027-02-28,10.00%,5000.0,4992.84,47,800,false
[B0F8Q6RYZG],amzn1.campaign.37UFY8T8C9T7U,ZN-J054-26-3-5,kyoryuger,2026-03-06,2027-01-01,10.00%,5000.0,4998.0,34,800,false
"[B0FJCWJH89, B0FGXXQQHV, B0G19J17XG, B0F8LJGT8L, B0FCXRL1Z3, B0FFTB9JHP, B0G3WMZJY6, B0GQ6YD33T, B0FR46JW3F, B0F2GZTXF5, B0DZ2DWKBD, B0F1MY1LYQ, B0FG6XJ28D, B0FSZRDBF9, B0F2H1B6D8, B0DZMTBCJN, B0FF4HVS1N, B0F9WQ1VQ6, B0DQTQJ7KH, B0FFLT9F28, B0GGZS8PTD, B0FFT239B5, B0F18PSVSF, B0G3WN8N7C, B0F9P1VGKL, B0F1D9KK4Z, B0GHQWF44M, B0DRFGFT8T, B0FH5T9DC4, B0FFML33KZ, B0FP2PPBVX, B0FMF3BXQR, B0FKS3QNY9, B0F17GG2P4, B0FKGCPLH1, B0FP5G9HH7, B0FY344RF1, B0FS1WT7DQ, B0F192D3WK, B0F982ZN2L, B0GDZHVDLN, B0F9P29TNT, B0F1RTRKBT, B0FK8ZRP99, B0G1M9RPPD, B0FKMGP2SB, B0DQ871SQG, B0FRLBKMTD, B0FG7JCN19, B0G25BH3YR, B0F938QKCT, B0FMF5WKMK, B0GFNRDNPZ, B0FK9X8L28, B0FSCYSC8G, B0DZMSL15Y, B0FH5ZZMW8, B0F8QRPQ8Q, B0G25D5RW9, B0F2GYWWQZ, B0FF4HFSZS, B0FCM33N1Y, B0FHPSQBK1, B0FFT3CX6J, B0FR49J72S, B0FFLS46Q3, B0F18V4NNR, B0FMFD27PX, B0F2RHTKRQ, B0FMXZ9PDC, B0FS6GHDNN, B0F1MZBS5B, B0GCJVYD8X, B0F93C4HT2, B0DRZ9QQKJ, B0FR4CDMLD, B0FVFMG13T, B0FH62JK23, B0FR4V7Q5T, B0FFRK9T75, B0FN7SJT69, B0G259PS7V, B0DR2GKP4F, B0FFT5PHQ5, B0FQB2W8KL, B0GQ6VF2K3, B0G3WSFZQD, B0FP58YZ7S, B0FKLYPMPW, B0FSZZ5F9L, B0F374DKKG, B0G3P7QGT2, B0FY6FWF3L, B0F9MQM6TM, B0GQ75KT6B, B0DQSQSJSB, B0FV7Z73MS, B0FDK181CH, B0F98GRN9N, B0FYFRHDSJ, B0GQ63817L, B0GHQVVFGM, B0FJXFC1XC, B0F183VVV3, B0F1D7FQTC, B0GHQW4Y6S, B0FMY423V2, B0G4MB8RFW, B0F2GZZXZK, B0FBQW3F59, B0F2H12LZV, B0FK95VMK1, B0GQ5YT5VW, B0FH1K3HLK, B0GQ9G6993, B0FJWNLKL5, B0GCH97VCT, B0FP59GWJB, B0F8QTLKC5, B0F18WY1J1, B0DQ4D8JMN, B0F18S8QHW, B0GF22ZLZ2, B0FG7FFZ1X, B0FMY4YWGT, B0F2H1RTW5, B0FP58V2Y6, B0GCJSKV1C, B0FDJM9M3J, B0DQ3YY2QB, B0FLX8JQHJ, B0FRLWMVXM, B0FCLXBTL1, B0FS1NY3CP, B0FFMLKQX7, B0FNRR4XXS, B0FMXZQCVV, B0GQ9FQ6TK, B0FSCYSQHD, B0FP4L2DW1, B0FFSF5K9Z, B0FFLXNTD1, B0FV8DBMJ5, B0FFM2BCKG, B0FR41FNM2, B0FMF7HM18, B0F93FM7GG, B0FKN58D4W, B0FS6S48HY, B0FY6FJZDV, B0G77JQ67Q, B0F93GPCQH, B0G3P6JRZ8, B0FJXDBK9K, B0GH7DRYHH, B0FP4KPRMZ, B0FY32FFT2, B0FCM35GZJ, B0FFLX9Q2V, B0FSCXKB7G, B0FFRVN3BS]",amzn1.campaign.3OGXUSC62QRFO,✨ Xynic Party Magic: Your Feed’s New Stress-Free Superpower! ✨,Xynic,2026-03-06,2026-10-15,10.00%,5000.0,5000.0,70,800,false
"[B0F666KKT1, B0F18ZG3YF, B0FDQ55GTT, B0G1LVPTM7, B0F656BGYW, B0G1LMD7QM, B0FDQ5P92R]",amzn1.campaign.3VSDMKGDM0TC8,Keyboard Stickers for Long Nails,Raised Button,2026-03-06,2027-03-06,10.00%,5000.0,4816.89,33,800,false
"[B0GD6YKVCH, B0GDCL3L84, B0GDDNDNFX, B0GDCMLQN6, B0GD6GTXZR, B0GD6Z3TY6, B0GD743LCR, B0GDD1B39W]",amzn1.campaign.3S5BLMCB6EZ46,00W-2 Double Ceramic Dog Bowls for Food and Water  10% commission 6 months,PTOBER,2026-03-06,2026-09-06,10.00%,5000.0,4993.92,30,800,false
"[B07D79Y6BN, B01G4T47S6, B01G4T47UY]",amzn1.campaign.9PXLR0ILVXDP,AQUA CREST UKF8001 Refrigerator Water Filter,AQUA CREST,2026-03-20,2026-09-30,10.00%,5000.0,4835.81,22,800,false
[B0FRLZC9T4],amzn1.campaign.UMG5YL9IKJN8,"Ice Cream Attachment for KitchenAid Mixer –10% Commission, $5K Budget",LETOMS,2026-03-06,2027-03-06,10.00%,5000.0,4954.94,26,800,false
[B0GFVKHN95],amzn1.campaign.ATEI9J53ORGL,Coffee Mugs Set -20% Commission -Bohemian Coffee Mugs Set of 6,Yeacccng,2026-03-06,2027-03-06,20.00%,1000000.0,999906.0,5,800,false
[B0GH1G7MPN],amzn1.campaign.2OZPF0D00KA9H,Xmoment Ultra Smooth Non-Staining Water-Based Lube - （12 Fl Oz ）,Xmoment,2026-03-06,2026-12-31,20.00%,20000.0,19908.89,16,800,false
"[B0F3WVX64F, B0DMSZKYHD, B0DCVSGX9M, B0F3WQZFGT, B0DCVSMBM1, B0DCVSS94K, B0F3WQKB52, B0DMT2ZWJS, B0DCVTSWDH, B0FMKQ4CDG, B0F53V2BYR, B0F53V5YHS, B0F3WRVLHB, B0F3WPYS2M, B0DCVTK25P, B0F3WNBZJC, B0DCVT7V6T, B0F3WTSNDZ, B0F541K93V, B0F53ZDRD9, B0F3WR9Y32, B0F3WRCYFK]",amzn1.campaign.3K9DVWR7U7M8B,commission rate 15%，Removable utility hooks,JulyWind,2026-03-06,2027-03-06,15.00%,5000.0,4785.57,22,800,false
[B0F8Q4YZW7],amzn1.campaign.2X1MATCN9CKH2,ZN-J053-26-3-5,kyoryuger,2026-03-06,2027-03-06,10.00%,5000.0,5000.0,30,800,false
"[B0FJCWJH89, B0FGXXQQHV, B0G19J17XG, B0F8LJGT8L, B0FCXRL1Z3, B0FFTB9JHP, B0G3WMZJY6, B0FR46JW3F, B0F2GZTXF5, B0DZ2DWKBD, B0F1MY1LYQ, B0FG6XJ28D, B0FSZRDBF9, B0F2H1B6D8, B0DZMTBCJN, B0FF4HVS1N, B0F9WQ1VQ6, B0DQTQJ7KH, B0FFLT9F28, B0GGZS8PTD, B0FFT239B5, B0F18PSVSF, B0G3WN8N7C, B0F9P1VGKL, B0F1D9KK4Z, B0GHQWF44M, B0DRFGFT8T, B0FH5T9DC4, B0FFML33KZ, B0FP2PPBVX, B0FMF3BXQR, B0FKS3QNY9, B0F17GG2P4, B0FKGCPLH1, B0FP5G9HH7, B0FY344RF1, B0FS1WT7DQ, B0F192D3WK, B0F982ZN2L, B0GDZHVDLN, B0F9P29TNT, B0F1RTRKBT, B0FK8ZRP99, B0G1M9RPPD, B0FKMGP2SB, B0DQ871SQG, B0FRLBKMTD, B0FG7JCN19, B0G25BH3YR, B0F938QKCT, B0FMF5WKMK, B0GFNRDNPZ, B0FK9X8L28, B0FSCYSC8G, B0DZMSL15Y, B0FH5ZZMW8, B0F8QRPQ8Q, B0G25D5RW9, B0F2GYWWQZ, B0FF4HFSZS, B0FCM33N1Y, B0FHPSQBK1, B0FFT3CX6J, B0FR49J72S, B0FFLS46Q3, B0F18V4NNR, B0FMFD27PX, B0F2RHTKRQ, B0FMXZ9PDC, B0FS6GHDNN, B0F1MZBS5B, B0GCJVYD8X, B0F93C4HT2, B0DRZ9QQKJ, B0FR4CDMLD, B0FVFMG13T, B0FH62JK23, B0FR4V7Q5T, B0FFRK9T75, B0FN7SJT69, B0G259PS7V, B0DR2GKP4F, B0FFT5PHQ5, B0FQB2W8KL, B0G3WSFZQD, B0FP58YZ7S, B0FKLYPMPW, B0FSZZ5F9L, B0F374DKKG, B0G3P7QGT2, B0FY6FWF3L, B0F9MQM6TM, B0GQ75KT6B, B0DQSQSJSB, B0FV7Z73MS, B0FDK181CH, B0F98GRN9N, B0FYFRHDSJ, B0GQ63817L, B0GHQVVFGM, B0FJXFC1XC, B0F183VVV3, B0F1D7FQTC, B0GHQW4Y6S, B0FMY423V2, B0G4MB8RFW, B0F2GZZXZK, B0FBQW3F59, B0F2H12LZV, B0FK95VMK1, B0FH1K3HLK, B0GQ9G6993, B0FJWNLKL5, B0GCH97VCT, B0FP59GWJB, B0F8QTLKC5, B0F18WY1J1, B0DQ4D8JMN, B0F18S8QHW, B0GF22ZLZ2, B0FG7FFZ1X, B0FMY4YWGT, B0F2H1RTW5, B0FP58V2Y6, B0GCJSKV1C, B0FDJM9M3J, B0DQ3YY2QB, B0FLX8JQHJ, B0FRLWMVXM, B0FCLXBTL1, B0FS1NY3CP, B0FFMLKQX7, B0FNRR4XXS, B0FMXZQCVV, B0GQ9FQ6TK, B0FSCYSQHD, B0FP4L2DW1, B0FFSF5K9Z, B0FFLXNTD1, B0FV8DBMJ5, B0FFM2BCKG, B0FR41FNM2, B0FMF7HM18, B0F93FM7GG, B0FKN58D4W, B0FS6S48HY, B0FY6FJZDV, B0G77JQ67Q, B0F93GPCQH, B0G3P6JRZ8, B0FJXDBK9K, B0GH7DRYHH, B0FP4KPRMZ, B0FY32FFT2, B0FCM35GZJ, B0FFLX9Q2V, B0FSCXKB7G, B0FFRVN3BS]",amzn1.campaign.KCKB5KDHULEM,🌈 Xynic Multi-Theme Magic: Your Feed’s New Viral Engine! 🌈,Xynic,2026-03-06,2026-11-06,10.00%,5000.0,5000.0,73,800,false
[B0CH3DVKR6],amzn1.campaign.2ZAK3FRIIVBIC,Your Mop Head Is Judging You (And It's Time for an Upgrade),Koolstuffs,2026-04-11,2026-12-31,10.00%,5000.0,5000.0,70,800,false
[B0CH3DVKR6],amzn1.campaign.18YJBBI7FDXRR,Koolstuffs Premium Microfiber Mop Heads – Technical Specifications & Benefits,Koolstuffs,2026-04-08,2026-12-31,10.00%,5000.0,5000.0,63,800,false
[B0CH3DVKR6],amzn1.campaign.PX9XE3E465VX,You guys. I Found THE Mop Head Upgrade 🧹✨,Koolstuffs,2026-04-04,2026-12-31,10.00%,5000.0,5000.0,78,800,false
[B0CH3DVKR6],amzn1.campaign.2CET1JSZJMIUK,Koolstuffs. Better Clean. Less Waste.,Koolstuffs,2026-03-31,2026-12-31,10.00%,5000.0,5000.0,74,800,false
"[B0C38WPL7J, B0FHPZW2X5, B0C5LDYGG1, B0CST16LM9, B0BHS6QMQ3, B0DZH8CJ1T, B0BR5BM9SJ, B0BHS8G4X3, B0DZHCZSNL, B0CSSMR9GX, B0DZBWJBVC, B0CSSRLKQC, B0BFWJL7F4, B0CSSJ1M32, B0C3L61MCD, B0F9Y6T43V, B0BHSCTC8W, B0C38VBNQJ, B0C38V1GRM]",amzn1.campaign.R0AC18B880EN,Timeless Mid-Century Classics from Polynices ✨ Let's Collaborate!,Polynices,2026-03-06,2026-12-31,10.00%,10000.0,9520.8,29,800,false
[B0CH3DVKR6],amzn1.campaign.1DE6KTYHFMSQO,Stop Pushing Dirt Around – Here's How to Actually Get Floors Clean,Koolstuffs,2026-03-28,2026-12-31,10.00%,5000.0,5000.0,74,800,false
[B0FNWSQN8D],amzn1.campaign.1AJ8IACKMJCB4,"Pasta Maker Attachment for KitchenAid Mixer –10% Commission, $5K Budget",LETOMS,2026-03-06,2027-03-06,10.00%,5000.0,4986.95,18,800,false
"[B0BFHKD1VW, B0BJ2DHV1L, B0BM46ZJQ9, B0B775LMD9, B09VKZFLSZ, B0BFHJQPY7, B0BM453SR5, B0BHQRR41T, B0BHQQKQ3L, B0BFHQD1XT, B09VKZ9T1Y, B09PHJCFB5, B0BHQSL6CM, B09TRCR459, B0FBVKPQ6D, B0BFHJWFS8, B0BM4553TB, B0B5XMFL1Q, B0BFHHZ6K8, B0BFHRGHZY, B09PHKD5QC, B09PHHZ51Y, B09VKZVYVB, B0BHQSM21T, B0B5XLBYZB, B0BHQRHFRP, B0BFHJD1BX, B09PMFLTSK, B0BLVSJ34Q, B0FBV7QHC7, B09PHK42Z9, B0BLVT2HHH, B0BFHMXSQ8, B09VKYCXQT, B0B5XP6KKS, B09PHJ4YK5, B0B7758D4D, B0BFHLNYBD, B0BFHK6Q6N, B0B5XMS17B, B09YTRHNT9, B0BFJ1KQ71, B0BHQS5J5R, B09PHKN8PC, B0BM44WF15, B0B774KHY9, B0BLVRFYPY, B0BFHR96N6, B0BLVS18JD, B0BSGX8B96, B0FBVK7CWW, B0B772LZB6, B09VKZMZHY, B0BJ2DPK6R, B0B5XMFZ77, B09VGJWYTQ, B0FBVHWQG2, B0BSGWQVRX, B0BFHK11LC, B0BHQQCY85, B0BHQRWRLJ, B0BM44H9J1, B0FBTTMC8N, B0BLVRJLSF, B0BFHL7NYC, B09PMSXNKN, B0BLVT4J9G, B0BLVS7V2F, B0BFHKY3QP, B09SFSRRCB, B0B7713TG2, B0BM44L71Q, B09PHJWM96, B0BSGVKR1Q, B09PHJ9Z33, B0BHRQL2GB, B0BM472NXC, B0B7728ZH9, B0BFHNSPFV, B09Y1W8SPH, B0BFHVNGPM, B0B5XP9HNW, B0BSGYC2MJ, B0BHQS8HP4, B09VL1DQGF, B0BFJBMWWR, B0BHQRCQLY, B0FBV7J5TB, B0BLVST2HZ, B0B5XPP73C, B0BSGX7YCD, B0BM456DFS, B0B76YZ2GB, B0BHQQZMCH, B0BJ2F9NKL, B0BFHKXLDF, B0BFHK5X31, B0BFHNS3P6, B0BJ2F3LJ5, B0BM47BZGP, B09PMK75FN, B0BSGXC7TT, B0BFHNCGVY, B09SHSFWTX, B0BM45PF4L, B0BHQR9B3Q, B09TDXPFF4, B09PHKKCT6, B0B5XNQ7GY, B0FBTND52G, B0B5XMR4SN, B0BSGVNG1L, B09VL1MCVK, B0B5XP2HNY, B0BHQRQJKQ, B0BHQSQ8FJ, B09PHJRPSY, B0B5XLKCH7, B0BHQS6N6Z, B0BFHNYXX3, B0BFHQH1Y1, B0B5XKF71M, B0BSGY5QG2, B0B773RV7G, B0B76Y1277, B0BFH9379C, B0BFHKGMH8, B0B5XNXKKK, B0B5XMKMS1, B0BM452QM7, B0BM4459YL, B0BFHJB6W6, B0BHQPS3QJ, B0BHQSR9VM, B0BLVRMZPT, B09PHKKXKY, B0BHQQY55W, B0BM458NRT, B0BHQR85C9, B09YTTYJYL, B0BFHKQ5ZN, B0BHQS2YY8, B0B76Z9MY2, B0BHQRD3KN, B0FBTRD8DN, B0BFHLG5CB, B0BM44WSD5, B0BSGXLC2Z, B0BSGW73FR, B0BSGXKLY7, B0B5XP51ZV, B0B7751VLC, B0B5XLJP28, B0FBV2TL46, B0BM46ZQXT, B0BFJ5TSGK, B0B771J126, B0BFHR1RKP, B0B5XN9LT6, B0BJ2D5863, B0BHQQ7TGQ, B0BFHLVMVD, B0BFHMF5Q1, B0FBVD8KW8, B09PHJBP93, B0BSGW356M, B0BM44WQQY, B0BJ2GSQQ2, B0BM44PSJ2, B0BFHWHXSG, B0FBVFF1PQ, B0B5XPK29W, B0BFHLV4TV, B0BLVSN2CX, B09SXRNSS8, B0BLVRX6KD, B09SFRRXP3, B0BFJ8DVQ4, B09VL18ZQH, B09VKYJMYR, B09PHJKVBD, B09YTTHCFS, B0BM44XKJK, B0FBV7DKDY, B0BHQRY4VN, B0BLVRV2Z2]",amzn1.campaign.1YOF8NOVE5FC3,Mens T Shirt Short Sleeve Basic Mock Turtleneck(BFFZ-AR-CWS),Rela Bota,2026-03-06,2027-03-06,10.00%,5000.0,4860.9,19,800,false
"[B0F93BZ7YF, B0F93CVLJQ, B0F93BVVYJ, B0F93BPD69, B0F93C7LJY]",amzn1.campaign.2KCLEO8HRDVEB,Get Paid to Review tummy control Nylon Panties (5-Pack),MEIDAYAI,2026-03-06,2026-12-31,10.00%,5000.0,4987.2,30,800,false
[B0FVT2H1G9],amzn1.campaign.VUU4YFEMM6QJ,Earn 20% ($8.99) High Commission |5% Off Code| 3-in-1 Digital Laser Tape Measure,Elikliv,2026-03-06,2026-09-15,20.00%,99999.0,99999.0,89,800,false
[B0FVT2H1G9],amzn1.campaign.1DADTLMAWA46E,Earn 20% ($8.99) High Commission |5% Off Code| 3-in-1 Digital Laser Tape Measure,Elikliv,2026-03-06,2026-09-14,20.00%,99999.0,99999.0,85,800,false
[B0CP5X4C28],amzn1.campaign.1V4700M313R9P,Restore Your Expert Grill – Cook Like New Again,Uniflasy,2026-03-06,2027-03-06,10.00%,5000.0,4992.04,45,800,false
[B0FVT2H1G9],amzn1.campaign.2LYYGC3N6FOXR,Earn 20% ($8.99) High Commission |5% Off Code| 3-in-1 Digital Laser Tape Measure,Elikliv,2026-03-06,2026-09-13,20.00%,99999.0,99999.0,84,800,false
[B0CH3DVKR6],amzn1.campaign.3JY2II8CPS8AV,"Clean Floors, Clear Conscience – Meet Koolstuffs",Koolstuffs,2026-03-25,2026-12-31,10.00%,5000.0,5000.0,76,800,false
[B0FVT2H1G9],amzn1.campaign.3JLL6GOPT5ELS,Earn 20% ($8.99) High Commission |5% Off Code| 3-in-1 Digital Laser Tape Measure,Elikliv,2026-03-06,2026-09-12,20.00%,99999.0,99999.0,90,800,false
[B0FVT2H1G9],amzn1.campaign.3LNQU1A1LX9VF,Earn 20% ($8.99) High Commission |5% Off Code| 3-in-1 Digital Laser Tape Measure,Elikliv,2026-03-06,2026-09-11,20.00%,99999.0,99999.0,91,800,false
[B0CH3DVKR6],amzn1.campaign.3962Z8FUJJBPR,The Little Swap That Changed My Cleaning Routine,Koolstuffs,2026-03-21,2026-12-31,10.00%,5000.0,5000.0,72,800,false
[B0FVT2H1G9],amzn1.campaign.17KC35I8NKTB6,Earn 20% ($8.99) High Commission |5% Off Code| 3-in-1 Digital Laser Tape Measure,Elikliv,2026-03-06,2026-09-10,20.00%,99999.0,99999.0,88,800,false
[B0FVT2H1G9],amzn1.campaign.10MV7JGV5Q1J8,Earn 20% ($8.99) High Commission |5% Off Code| 3-in-1 Digital Laser Tape Measure,Elikliv,2026-03-06,2026-09-09,20.00%,99999.0,99999.0,83,800,false
[B0CH3DVKR6],amzn1.campaign.11QZNO45SLPOT,"Koolstuffs Premium Mop Heads – Clean Smarter, Not Harder",Koolstuffs,2026-03-18,2026-12-31,10.00%,5000.0,5000.0,67,800,false
[B0FVT2H1G9],amzn1.campaign.1L0SMJL2JJK90,Earn 20% ($8.99) High Commission |5% Off Code| 3-in-1 Digital Laser Tape Measure,Elikliv,2026-03-06,2026-09-08,20.00%,99999.0,99999.0,89,800,false
[B0BYDN2CY8],amzn1.campaign.2W12ITY0K9NG1,"Cooperation Invitation | 360° Rotating Plant Stand (10% Comm, 2025 Sales 5000+)",SPEETH,2026-03-06,2026-11-30,10.00%,5000.0,4915.07,43,800,false
[B0GDD1VT3S],amzn1.campaign.2TBNDZW2CUJDQ,"Stainless Steel Slicer Shredder for KitchenAid Mixer –10% Commission, $5K Budget",LETOMS,2026-03-06,2027-03-06,10.00%,5000.0,4996.24,26,800,false
[B0CH3DVKR6],amzn1.campaign.3I1XIP3YXMQRX,Partner with Koolstuffs: Offer Your Audience a Smarter Clean,Koolstuffs,2026-03-14,2026-12-31,10.00%,5000.0,5000.0,75,800,false
[B0FVT2H1G9],amzn1.campaign.2UWHNZQEV02W2,Earn 20% ($8.99) High Commission |5% Off Code| 3-in-1 Digital Laser Tape Measure,Elikliv,2026-03-06,2026-09-07,20.00%,99999.0,99999.0,88,800,false
[B0FVT2H1G9],amzn1.campaign.1U736X2DQRPQN,Earn 20% ($8.99) High Commission |5% Off Code| 3-in-1 Digital Laser Tape Measure,Elikliv,2026-03-06,2026-09-06,20.00%,99999.0,99999.0,89,800,false
"[B0GDDP7X57, B0FC5S22FJ, B0GD6L3MMD]",amzn1.campaign.3K0YXK562VDKF,Monthly sales of 1000 orders+commission of 10% and 50% code Diamond Painting,KEYRANKE,2026-03-06,2026-12-01,10.00%,50000.0,50000.0,78,800,false
[B0CH3DVKR6],amzn1.campaign.2O95V260M0XZH,It's Time for a Mop Makeover! ✨ Get Floors You'll Love!,Koolstuffs,2026-03-11,2026-12-31,10.00%,5000.0,5000.0,70,800,false
[B0CH3DVKR6],amzn1.campaign.G6JIB8H6BSJH,Say Goodbye to Dirty Floors: Why Koolstuffs Premium Mop Heads Are a Game-Changer,Koolstuffs,2026-03-07,2026-12-31,10.00%,5000.0,4993.7,71,800,false
"[B0DFHN6ZVG, B0DV58SBMV, B0F1JQ7V4N, B0DZTF3XJX, B0D2J6HPMH, B0DZTD112Z, B0F7F1NBYT, B0GCYJG1RL, B0F1JWD3H7, B0GDDWHHSX, B0GCDKPCDR, B0F1JY8QD7, B0GCCXQWF8, B0GQZBGK57, B0GQSTDRG6, B0GDCPZTTB, B0DZTCX11V, B0GQZ58J5Q, B0G6Y711DX, B0D8W2XD5F, B0G7FYXKPR, B0DFC3X6HM, B0DZTB5HYC, B0DFHLVLQK, B0DZTFK3T6, B0FN8DY7BQ, B0DFHLL5F3, B0GF1T5NRJ, B0FVY4SZRG, B0GF1H2829, B0G7H9XSGM, B0DZTBT6C2, B0GCYCDX9R, B0GGBJFYBD, B0F1JYBSXB, B0FVY5TZWD, B0GHQM31YF, B0F1JMZSGX, B0GDDX8W2B, B0GF1MFLZH, B0GF21SZ2G, B0DZTCRM4Y, B0DFHMTVLC, B0F9PY7GKF, B0F1446DPZ, B0GF1YBPBD, B0DJF9MDGY, B0D7V91MVC, B0D8KD6T6R, B0DZTDJ3VD, B0GF1KV6NR, B0GF1PSMFJ, B0G7FKWVB4]",amzn1.campaign.1UIAA4VZ8JQUF,Add this 3K+/mo Best-Seller to your Storefront! (10% Comm / $5K Creator Budget),Zeokiar,2026-03-06,2027-03-04,10.00%,5000.0,4999.0,31,800,false
"[B0FJCWJH89, B0FGXXQQHV, B0G19J17XG, B0F8LJGT8L, B0FCXRL1Z3, B0FFTB9JHP, B0G3WMZJY6, B0FR46JW3F, B0F2GZTXF5, B0DZ2DWKBD, B0F1MY1LYQ, B0FG6XJ28D, B0FSZRDBF9, B0F2H1B6D8, B0DZMTBCJN, B0FF4HVS1N, B0F9WQ1VQ6, B0DQTQJ7KH, B0FFLT9F28, B0GGZS8PTD, B0FFT239B5, B0F18PSVSF, B0G3WN8N7C, B0F9P1VGKL, B0F1D9KK4Z, B0GHQWF44M, B0DRFGFT8T, B0FH5T9DC4, B0FFML33KZ, B0FP2PPBVX, B0FMF3BXQR, B0FKS3QNY9, B0F17GG2P4, B0FKGCPLH1, B0FP5G9HH7, B0FY344RF1, B0FS1WT7DQ, B0F192D3WK, B0F982ZN2L, B0GDZHVDLN, B0F9P29TNT, B0F1RTRKBT, B0FK8ZRP99, B0G1M9RPPD, B0FKMGP2SB, B0DQ871SQG, B0FRLBKMTD, B0FG7JCN19, B0G25BH3YR, B0F938QKCT, B0FMF5WKMK, B0GFNRDNPZ, B0FK9X8L28, B0FSCYSC8G, B0DZMSL15Y, B0FH5ZZMW8, B0F8QRPQ8Q, B0G25D5RW9, B0F2GYWWQZ, B0FF4HFSZS, B0FCM33N1Y, B0FHPSQBK1, B0FFT3CX6J, B0FR49J72S, B0FFLS46Q3, B0F18V4NNR, B0FMFD27PX, B0F2RHTKRQ, B0FMXZ9PDC, B0FS6GHDNN, B0F1MZBS5B, B0GCJVYD8X, B0F93C4HT2, B0DRZ9QQKJ, B0FR4CDMLD, B0FVFMG13T, B0FH62JK23, B0FR4V7Q5T, B0FFRK9T75, B0FN7SJT69, B0G259PS7V, B0DR2GKP4F, B0FFT5PHQ5, B0FQB2W8KL, B0G3WSFZQD, B0FP58YZ7S, B0FKLYPMPW, B0FSZZ5F9L, B0F374DKKG, B0G3P7QGT2, B0FY6FWF3L, B0F9MQM6TM, B0GQ75KT6B, B0DQSQSJSB, B0FV7Z73MS, B0FDK181CH, B0F98GRN9N, B0FYFRHDSJ, B0GQ63817L, B0GHQVVFGM, B0FJXFC1XC, B0F183VVV3, B0F1D7FQTC, B0GHQW4Y6S, B0FMY423V2, B0G4MB8RFW, B0F2GZZXZK, B0FBQW3F59, B0F2H12LZV, B0FK95VMK1, B0FH1K3HLK, B0GQ9G6993, B0FJWNLKL5, B0GCH97VCT, B0FP59GWJB, B0F8QTLKC5, B0F18WY1J1, B0DQ4D8JMN, B0F18S8QHW, B0GF22ZLZ2, B0FG7FFZ1X, B0FMY4YWGT, B0F2H1RTW5, B0FP58V2Y6, B0GCJSKV1C, B0FDJM9M3J, B0DQ3YY2QB, B0FLX8JQHJ, B0FRLWMVXM, B0FCLXBTL1, B0FS1NY3CP, B0FFMLKQX7, B0FNRR4XXS, B0FMXZQCVV, B0GQ9FQ6TK, B0FSCYSQHD, B0FP4L2DW1, B0FFSF5K9Z, B0FFLXNTD1, B0FV8DBMJ5, B0FFM2BCKG, B0FR41FNM2, B0FMF7HM18, B0F93FM7GG, B0FKN58D4W, B0FS6S48HY, B0FY6FJZDV, B0G77JQ67Q, B0F93GPCQH, B0G3P6JRZ8, B0FJXDBK9K, B0GH7DRYHH, B0FP4KPRMZ, B0FY32FFT2, B0FCM35GZJ, B0FFLX9Q2V, B0FSCXKB7G, B0FFRVN3BS]",amzn1.campaign.2JL6OOMNQQWFT,🌈 Xynic Multi-Theme Magic: Your Feed’s New Content Engine! 🌈,Xynic,2026-03-06,2026-11-01,10.00%,5000.0,5000.0,68,800,false
[B0G4VKZGXM],amzn1.campaign.1MYUZ2L0VG1S7,JA-JA012U-Electric Confetti Machine-0305,BriSunshine,2026-03-06,2026-09-30,10.00%,5000.0,4978.15,39,800,false
"[B0DFHN6ZVG, B0DV58SBMV, B0F1JQ7V4N, B0DZTF3XJX, B0D2J6HPMH, B0DZTD112Z, B0F7F1NBYT, B0GCYJG1RL, B0F1JWD3H7, B0GDDWHHSX, B0GCDKPCDR, B0F1JY8QD7, B0GCCXQWF8, B0GQZBGK57, B0GQSTDRG6, B0GDCPZTTB, B0DZTCX11V, B0GQZ58J5Q, B0G6Y711DX, B0D8W2XD5F, B0G7FYXKPR, B0DFC3X6HM, B0DZTB5HYC, B0DFHLVLQK, B0DZTFK3T6, B0FN8DY7BQ, B0DFHLL5F3, B0GF1T5NRJ, B0FVY4SZRG, B0GF1H2829, B0G7H9XSGM, B0DZTBT6C2, B0GCYCDX9R, B0GGBJFYBD, B0F1JYBSXB, B0FVY5TZWD, B0GHQM31YF, B0F1JMZSGX, B0GDDX8W2B, B0GF1MFLZH, B0GF21SZ2G, B0DZTCRM4Y, B0DFHMTVLC, B0F9PY7GKF, B0F1446DPZ, B0GF1YBPBD, B0DJF9MDGY, B0D7V91MVC, B0D8KD6T6R, B0DZTDJ3VD, B0GF1KV6NR, B0GF1PSMFJ, B0G7FKWVB4]",amzn1.campaign.1VSFP8V35AFI1,High-Converting Amazon Teacher Gifts & Office Stamps (10% Commission),Zeokiar,2026-03-06,2027-03-05,10.00%,5000.0,4997.5,41,800,false
"[B0FT83NHWW, B0FJ5XSQVG]",amzn1.campaign.NHSGLL4QE2TX,Tinkoola LED Phototherapy Mask | 15% Commission |$20 Off Limited Time Flash Sale,tinkoola,2026-03-06,2026-10-31,10.00%,5000.0,3702.51,0,800,false
"[B0FJCWJH89, B0FGXXQQHV, B0G19J17XG, B0F8LJGT8L, B0FCXRL1Z3, B0FFTB9JHP, B0G3WMZJY6, B0GQ6YD33T, B0FR46JW3F, B0F2GZTXF5, B0DZ2DWKBD, B0F1MY1LYQ, B0FG6XJ28D, B0FSZRDBF9, B0F2H1B6D8, B0DZMTBCJN, B0FF4HVS1N, B0F9WQ1VQ6, B0DQTQJ7KH, B0FFLT9F28, B0GGZS8PTD, B0FFT239B5, B0F18PSVSF, B0G3WN8N7C, B0F9P1VGKL, B0F1D9KK4Z, B0GHQWF44M, B0DRFGFT8T, B0FH5T9DC4, B0FFML33KZ, B0FP2PPBVX, B0FMF3BXQR, B0FKS3QNY9, B0F17GG2P4, B0FKGCPLH1, B0FP5G9HH7, B0FY344RF1, B0FS1WT7DQ, B0F192D3WK, B0F982ZN2L, B0GDZHVDLN, B0F9P29TNT, B0F1RTRKBT, B0FK8ZRP99, B0G1M9RPPD, B0FKMGP2SB, B0DQ871SQG, B0FRLBKMTD, B0FG7JCN19, B0G25BH3YR, B0F938QKCT, B0FMF5WKMK, B0GFNRDNPZ, B0FK9X8L28, B0FSCYSC8G, B0DZMSL15Y, B0FH5ZZMW8, B0F8QRPQ8Q, B0G25D5RW9, B0F2GYWWQZ, B0FF4HFSZS, B0FCM33N1Y, B0FHPSQBK1, B0FFT3CX6J, B0FR49J72S, B0FFLS46Q3, B0F18V4NNR, B0FMFD27PX, B0F2RHTKRQ, B0FMXZ9PDC, B0FS6GHDNN, B0F1MZBS5B, B0GCJVYD8X, B0F93C4HT2, B0DRZ9QQKJ, B0FR4CDMLD, B0FVFMG13T, B0FH62JK23, B0FR4V7Q5T, B0FFRK9T75, B0FN7SJT69, B0G259PS7V, B0DR2GKP4F, B0FFT5PHQ5, B0FQB2W8KL, B0GQ6VF2K3, B0G3WSFZQD, B0FP58YZ7S, B0FKLYPMPW, B0FSZZ5F9L, B0F374DKKG, B0G3P7QGT2, B0FY6FWF3L, B0F9MQM6TM, B0GQ75KT6B, B0DQSQSJSB, B0FV7Z73MS, B0FDK181CH, B0F98GRN9N, B0FYFRHDSJ, B0GQ63817L, B0GHQVVFGM, B0FJXFC1XC, B0F183VVV3, B0F1D7FQTC, B0GHQW4Y6S, B0FMY423V2, B0G4MB8RFW, B0F2GZZXZK, B0FBQW3F59, B0F2H12LZV, B0FK95VMK1, B0GQ5YT5VW, B0FH1K3HLK, B0GQ9G6993, B0FJWNLKL5, B0GCH97VCT, B0FP59GWJB, B0F8QTLKC5, B0F18WY1J1, B0DQ4D8JMN, B0F18S8QHW, B0GF22ZLZ2, B0FG7FFZ1X, B0FMY4YWGT, B0F2H1RTW5, B0FP58V2Y6, B0GCJSKV1C, B0FDJM9M3J, B0DQ3YY2QB, B0FLX8JQHJ, B0FRLWMVXM, B0FCLXBTL1, B0FS1NY3CP, B0FFMLKQX7, B0FNRR4XXS, B0FMXZQCVV, B0GQ9FQ6TK, B0FSCYSQHD, B0FP4L2DW1, B0FFSF5K9Z, B0FFLXNTD1, B0FV8DBMJ5, B0FFM2BCKG, B0FR41FNM2, B0FMF7HM18, B0F93FM7GG, B0FKN58D4W, B0FS6S48HY, B0FY6FJZDV, B0G77JQ67Q, B0F93GPCQH, B0G3P6JRZ8, B0FJXDBK9K, B0GH7DRYHH, B0FP4KPRMZ, B0FY32FFT2, B0FCM35GZJ, B0FFLX9Q2V, B0FSCXKB7G, B0FFRVN3BS]",amzn1.campaign.2OQ40UWS56PGW,"🌈 Xynic Multi-Theme Magic: One Box, Infinite Content! 🌈",Xynic,2026-03-06,2026-09-30,10.00%,5000.0,4997.6,65,800,false
"[B0GHNJ5Z19, B0GHNHRMR6, B0GHNRG992, B0GHNCHT73, B0GHNC56KY, B0GHN7D7LR, B0GHNGX5M1, B0GHNNRMTW, B0GHNFNM3M, B0GHNGNBC2, B0GHN7Q5VC, B0GHNJCTWX, B0GHNKLM22, B0GHNBKHN8, B0GHNJX5KS, B0GHNK9Y57, B0GHN7JH58, B0GHN44LZ1, B0GHNVWL39, B0GHNPPK5D, B0GHNMW99Y, B0GHNTGRCW, B0GHNFNXF2, B0GHNJP13N, B0GHN7GW4V, B0GHNJ2D7G, B0GHNPNK8V, B0GHN6RXFN, B0GHNLRS5X, B0GHNBXLJ7, B0GHNJQWS3, B0GHNFG26V]",amzn1.campaign.1N62VV4N3QQYY,0308-03,Luckstar,2026-03-09,2027-03-08,10.00%,30000.0,30000.0,78,800,false
"[B0GL6FN6XB, B0C1SMW15P, B0GJZMLB12, B0C1SMBYY1, B0GLX8R8L1, B0C1SLQK37, B0C1SMRGMC, B0C1SHDXTD, B0GL5FW83V, B0GL5Q5SWG, B0C1SMRXHP, B0GGGHSLGX, B0C1SLNYHR, B0GL5Z9QCX, B0GJZF4NN5, B0GLWN3MYQ, B0GLWRXWZX, B0GGGM9S7T, B0GLX5R3LL, B0C1SND3NT, B0C1SK3JC8, B0C1SK6DYV]",amzn1.campaign.12QDBGPA3672J,Timeless Danish Design from Tomile ✨ Let's Collaborate!,Tomile,2026-03-06,2026-12-31,10.00%,10000.0,9851.0,28,800,false
"[B0GHNJ5Z19, B0GHNHRMR6, B0GHNRG992, B0GHNCHT73, B0GHNC56KY, B0GHN7D7LR, B0GHNGX5M1, B0GHNNRMTW, B0GHNFNM3M, B0GHNGNBC2, B0GHN7Q5VC, B0GHNJCTWX, B0GHNKLM22, B0GHNBKHN8, B0GHNJX5KS, B0GHNK9Y57, B0GHN7JH58, B0GHN44LZ1, B0GHNVWL39, B0GHNPPK5D, B0GHNMW99Y, B0GHNTGRCW, B0GHNFNXF2, B0GHNJP13N, B0GHN7GW4V, B0GHNJ2D7G, B0GHNPNK8V, B0GHN6RXFN, B0GHNLRS5X, B0GHNBXLJ7, B0GHNJQWS3, B0GHNFG26V]",amzn1.campaign.I21OSCWA3ZXT,0308-02,Luckstar,2026-03-09,2027-03-07,10.00%,10000.0,10000.0,88,800,false
[B0B7J1FMSZ],amzn1.campaign.QPY31141165Q,Expand Your Grill Space Instantly,Uniflasy,2026-03-06,2027-03-06,10.00%,5000.0,4984.5,54,800,false
"[B0GHNJ5Z19, B0GHNHRMR6, B0GHNRG992, B0GHNCHT73, B0GHNC56KY, B0GHN7D7LR, B0GHNGX5M1, B0GHNNRMTW, B0GHNFNM3M, B0GHNGNBC2, B0GHN7Q5VC, B0GHNJCTWX, B0GHNKLM22, B0GHNBKHN8, B0GHNJX5KS, B0GHNK9Y57, B0GHN7JH58, B0GHN44LZ1, B0GHNVWL39, B0GHNPPK5D, B0GHNMW99Y, B0GHNTGRCW, B0GHNFNXF2, B0GHNJP13N, B0GHN7GW4V, B0GHNJ2D7G, B0GHNPNK8V, B0GHN6RXFN, B0GHNLRS5X, B0GHNBXLJ7, B0GHNJQWS3, B0GHNFG26V]",amzn1.campaign.3J36WA5Z36YFV,0308-01,Luckstar,2026-03-09,2027-03-06,10.00%,8000.0,8000.0,81,800,false
[B0C3LTSJBB],amzn1.campaign.O9WR3K6YX3U6,TOPTES TS-710  Light Meter for Home & Plants + 10% commission rate,TOPTES,2026-03-06,2027-03-06,10.00%,10000.0,9787.71,33,800,false
"[B0GHNJ5Z19, B0GHNHRMR6, B0GHNRG992, B0GHNCHT73, B0GHNC56KY, B0GHN7D7LR, B0GHNGX5M1, B0GHNNRMTW, B0GHNFNM3M, B0GHNGNBC2, B0GHN7Q5VC, B0GHNJCTWX, B0GHNKLM22, B0GHNBKHN8, B0GHNJX5KS, B0GHNK9Y57, B0GHN7JH58, B0GHN44LZ1, B0GHNVWL39, B0GHNPPK5D, B0GHNMW99Y, B0GHNTGRCW, B0GHNFNXF2, B0GHNJP13N, B0GHN7GW4V, B0GHNJ2D7G, B0GHNPNK8V, B0GHN6RXFN, B0GHNLRS5X, B0GHNBXLJ7, B0GHNJQWS3, B0GHNFG26V]",amzn1.campaign.GUJROY91W8I4,0307-03,Luckstar,2026-03-08,2027-03-06,10.00%,80000.0,80000.0,82,800,false
"[B0GHNJ5Z19, B0GHNHRMR6, B0GHNRG992, B0GHNCHT73, B0GHNC56KY, B0GHN7D7LR, B0GHNGX5M1, B0GHNNRMTW, B0GHNFNM3M, B0GHNGNBC2, B0GHN7Q5VC, B0GHNJCTWX, B0GHNKLM22, B0GHNBKHN8, B0GHNJX5KS, B0GHNK9Y57, B0GHN7JH58, B0GHN44LZ1, B0GHNVWL39, B0GHNPPK5D, B0GHNMW99Y, B0GHNTGRCW, B0GHNFNXF2, B0GHNJP13N, B0GHN7GW4V, B0GHNJ2D7G, B0GHNPNK8V, B0GHN6RXFN, B0GHNLRS5X, B0GHNBXLJ7, B0GHNJQWS3, B0GHNFG26V]",amzn1.campaign.NEJCJHUAHZ9I,0307-02,Luckstar,2026-03-08,2027-03-07,10.00%,6000.0,6000.0,88,800,false
"[B0GHNJ5Z19, B0GHNHRMR6, B0GHNRG992, B0GHNCHT73, B0GHNC56KY, B0GHN7D7LR, B0GHNGX5M1, B0GHNNRMTW, B0GHNFNM3M, B0GHNGNBC2, B0GHN7Q5VC, B0GHNJCTWX, B0GHNKLM22, B0GHNBKHN8, B0GHNJX5KS, B0GHNK9Y57, B0GHN7JH58, B0GHN44LZ1, B0GHNVWL39, B0GHNPPK5D, B0GHNMW99Y, B0GHNTGRCW, B0GHNFNXF2, B0GHNJP13N, B0GHN7GW4V, B0GHNJ2D7G, B0GHNPNK8V, B0GHN6RXFN, B0GHNLRS5X, B0GHNBXLJ7, B0GHNJQWS3, B0GHNFG26V]",amzn1.campaign.1T2BE6C254B9V,0307-01,Luckstar,2026-03-08,2027-03-08,10.00%,5000.0,5000.0,80,800,false
"[B0GHNJ5Z19, B0GHNHRMR6, B0GHNRG992, B0GHNCHT73, B0GHNC56KY, B0GHN7D7LR, B0GHNGX5M1, B0GHNNRMTW, B0GHNFNM3M, B0GHNGNBC2, B0GHN7Q5VC, B0GHNJCTWX, B0GHNKLM22, B0GHNBKHN8, B0GHNJX5KS, B0GHNK9Y57, B0GHN7JH58, B0GHN44LZ1, B0GHNVWL39, B0GHNPPK5D, B0GHNMW99Y, B0GHNTGRCW, B0GHNFNXF2, B0GHNJP13N, B0GHN7GW4V, B0GHNJ2D7G, B0GHNPNK8V, B0GHN6RXFN, B0GHNLRS5X, B0GHNBXLJ7, B0GHNJQWS3, B0GHNFG26V]",amzn1.campaign.3BCETA06Y053M,0306-03,Luckstar,2026-03-07,2027-03-06,10.00%,15000.0,15000.0,78,800,false
[B0G6BMRW29],amzn1.campaign.2GQEZR4Z15ZLR,Ceramic Pasta Bowls -20% Commission -Bohemian Ceramic Pasta Bowls Set of 6,Yeacccng,2026-03-06,2027-03-06,20.00%,1000000.0,999965.31,9,800,false
"[B0DS4GL22R, B0FY2P55G5]",amzn1.campaign.3A6DW9R9KHZ0H,ALERTCAM  Weatherproof Power Cord for Ring Camera with 10% Commission! -UT0276,ALERTCAM,2026-03-06,2026-09-30,10.00%,5000.0,4782.42,75,800,false
[B0B6NBL9VQ],amzn1.campaign.1LWTLKIT6PMLZ,"More Grill Space, Better BBQ",Uniflasy,2026-03-06,2027-03-06,10.00%,5000.0,4987.8,43,800,false
"[B0GHNJ5Z19, B0GHNHRMR6, B0GHNRG992, B0GHNCHT73, B0GHNC56KY, B0GHN7D7LR, B0GHNGX5M1, B0GHNNRMTW, B0GHNFNM3M, B0GHNGNBC2, B0GHN7Q5VC, B0GHNJCTWX, B0GHNKLM22, B0GHNBKHN8, B0GHNJX5KS, B0GHNK9Y57, B0GHN7JH58, B0GHN44LZ1, B0GHNVWL39, B0GHNPPK5D, B0GHNMW99Y, B0GHNTGRCW, B0GHNFNXF2, B0GHNJP13N, B0GHN7GW4V, B0GHNJ2D7G, B0GHNPNK8V, B0GHN6RXFN, B0GHNLRS5X, B0GHNBXLJ7, B0GHNJQWS3, B0GHNFG26V]",amzn1.campaign.4QL6X4ZMAY9Q,0306-11,Luckstar,2026-03-07,2027-03-07,11.00%,10000.0,10000.0,80,800,false
[B0FKSZG6F7],amzn1.campaign.2A81RSGQV9FUP,JA-JA009U-Cup Sealing Machine-0305,BriSunshine,2026-03-06,2026-09-30,10.00%,5000.0,4927.1,31,800,false
"[B0GHNJ5Z19, B0GHNHRMR6, B0GHNRG992, B0GHNCHT73, B0GHNC56KY, B0GHN7D7LR, B0GHNGX5M1, B0GHNNRMTW, B0GHNFNM3M, B0GHNGNBC2, B0GHN7Q5VC, B0GHNJCTWX, B0GHNKLM22, B0GHNBKHN8, B0GHNJX5KS, B0GHNK9Y57, B0GHN7JH58, B0GHN44LZ1, B0GHNVWL39, B0GHNPPK5D, B0GHNMW99Y, B0GHNTGRCW, B0GHNFNXF2, B0GHNJP13N, B0GHN7GW4V, B0GHNJ2D7G, B0GHNPNK8V, B0GHN6RXFN, B0GHNLRS5X, B0GHNBXLJ7, B0GHNJQWS3, B0GHNFG26V]",amzn1.campaign.6E4INPW1BLTC,0306-10,Luckstar,2026-03-07,2027-03-07,10.00%,80000.0,80000.0,78,800,false
"[B0GHNJ5Z19, B0GHNHRMR6, B0GHNRG992, B0GHNCHT73, B0GHNC56KY, B0GHN7D7LR, B0GHNGX5M1, B0GHNNRMTW, B0GHNFNM3M, B0GHNGNBC2, B0GHN7Q5VC, B0GHNJCTWX, B0GHNKLM22, B0GHNBKHN8, B0GHNJX5KS, B0GHNK9Y57, B0GHN7JH58, B0GHN44LZ1, B0GHNVWL39, B0GHNPPK5D, B0GHNMW99Y, B0GHNTGRCW, B0GHNFNXF2, B0GHNJP13N, B0GHN7GW4V, B0GHNJ2D7G, B0GHNPNK8V, B0GHN6RXFN, B0GHNLRS5X, B0GHNBXLJ7, B0GHNJQWS3, B0GHNFG26V]",amzn1.campaign.3H6LJ894QF2KA,0305-13,Luckstar,2026-03-06,2027-03-05,13.00%,20000.0,20000.0,77,800,false
"[B0GDDP7X57, B0FC5S22FJ, B0GD6L3MMD]",amzn1.campaign.YZ82T7C5N1S4,"Premium Diamond Painting Kits (50% Commission | $5,000 Budget)",KEYRANKE,2026-03-06,2026-12-01,50.00%,50000.0,49500.65,0,800,false
"[B0GH5P1QQZ, B0GH6JT6WT, B0GH6NG8HS, B0GH5WWX32, B0GH67FKTH]",amzn1.campaign.NNMDZ94VZ549,🔥AUSFLUG Cooling Skull Cap Beanie | 15% Commission Creator Promotion 2026,AUSFLUG,2026-03-06,2026-09-30,15.00%,5000.0,4988.76,55,800,false
"[B0GHNJ5Z19, B0GHNHRMR6, B0GHNRG992, B0GHNCHT73, B0GHNC56KY, B0GHN7D7LR, B0GHNGX5M1, B0GHNNRMTW, B0GHNFNM3M, B0GHNGNBC2, B0GHN7Q5VC, B0GHNJCTWX, B0GHNKLM22, B0GHNBKHN8, B0GHNJX5KS, B0GHNK9Y57, B0GHN7JH58, B0GHN44LZ1, B0GHNVWL39, B0GHNPPK5D, B0GHNMW99Y, B0GHNTGRCW, B0GHNFNXF2, B0GHNJP13N, B0GHN7GW4V, B0GHNJ2D7G, B0GHNPNK8V, B0GHN6RXFN, B0GHNLRS5X, B0GHNBXLJ7, B0GHNJQWS3, B0GHNFG26V]",amzn1.campaign.23JOYK78ZUBMJ,0305-11,Luckstar,2026-03-06,2027-03-05,12.00%,10000.0,10000.0,75,800,false
[B08JBQ2TPJ],amzn1.campaign.1C52V67K04B97,JA-CA072U-Kebab Slicer-0305,BriSunshine,2026-03-06,2026-09-30,10.00%,5000.0,4986.0,41,800,false
[B0B4JLZBH4],amzn1.campaign.2HXCN2TYIGVES,Keep Your Char-Broil Grill Clean – Easy Grease Management,Uniflasy,2026-03-06,2027-03-06,10.00%,5000.0,4967.49,36,800,false
"[B0GHNJ5Z19, B0GHNHRMR6, B0GHNRG992, B0GHNCHT73, B0GHNC56KY, B0GHN7D7LR, B0GHNGX5M1, B0GHNNRMTW, B0GHNFNM3M, B0GHNGNBC2, B0GHN7Q5VC, B0GHNJCTWX, B0GHNKLM22, B0GHNBKHN8, B0GHNJX5KS, B0GHNK9Y57, B0GHN7JH58, B0GHN44LZ1, B0GHNVWL39, B0GHNPPK5D, B0GHNMW99Y, B0GHNTGRCW, B0GHNFNXF2, B0GHNJP13N, B0GHN7GW4V, B0GHNJ2D7G, B0GHNPNK8V, B0GHN6RXFN, B0GHNLRS5X, B0GHNBXLJ7, B0GHNJQWS3, B0GHNFG26V]",amzn1.campaign.3BUAPB7OB3T7M,0305-10,Luckstar,2026-03-06,2027-03-06,10.00%,8000.0,8000.0,78,800,false
[B0DT59314G],amzn1.campaign.3JD2K3WEZVL0Q,Invitation to Cooperate  3in1 Rabbit Feeder (10% Commission) +Monthly Sales 200+,SPEETH,2026-03-06,2027-02-01,10.00%,5000.0,4613.5,26,800,false
[B0F9YL5KVX],amzn1.campaign.16MRGKGZE21AS,Earn 20% ($11.19) High Commission|5% Off Code| WonVon 9'' HD Carplay Screen,WonVon,2026-03-06,2026-10-15,20.00%,99999.0,99992.5,62,800,false
[B0F9YL5KVX],amzn1.campaign.39UDZHHSJV29Z,Earn 20% ($11.19) High Commission|5% Off Code| WonVon 9'' HD Carplay Screen,WonVon,2026-03-06,2026-10-14,20.00%,99999.0,99999.0,83,800,false
[B0F9YL5KVX],amzn1.campaign.25F8TA9O9EZAH,Earn 20% ($11.19) High Commission|5% Off Code| WonVon 9'' HD Carplay Screen,WonVon,2026-03-06,2026-10-13,20.00%,99999.0,99999.0,81,800,false
[B0F9YL5KVX],amzn1.campaign.2DU9SIBL8W5SS,Earn 20% ($11.19) High Commission|5% Off Code| WonVon 9'' HD Carplay Screen,WonVon,2026-03-06,2026-10-12,20.00%,99999.0,99999.0,79,800,false
[B0F9YL5KVX],amzn1.campaign.2ER5634W1BRQL,Earn 20% ($11.19) High Commission|5% Off Code| WonVon 9'' HD Carplay Screen,WonVon,2026-03-06,2026-10-11,20.00%,99999.0,99999.0,82,800,false
[B0GGB916NZ],amzn1.campaign.25TFDM6TOU48L,"Collaboration Invitation: YCTEL IoT Data-Only SIM Card, 20% Commission",YCTEL,2026-03-06,2027-01-31,20.00%,5000.0,4995.56,48,800,false
[B0F9YL5KVX],amzn1.campaign.KY0M4WX44J9X,Earn 20% ($11.19) High Commission|5% Off Code| WonVon 9'' HD Carplay Screen,WonVon,2026-03-06,2026-10-10,20.00%,99999.0,99999.0,90,800,false
[B0F9YL5KVX],amzn1.campaign.HV8W7UKK0UKK,Earn 20% ($11.19) High Commission|5% Off Code| WonVon 9'' HD Carplay Screen,WonVon,2026-03-06,2026-10-09,20.00%,99999.0,99999.0,92,800,false
[B0F9YL5KVX],amzn1.campaign.3HSBSC9O0V4FC,Earn 20% ($11.19) High Commission|5% Off Code| WonVon 9'' HD Carplay Screen,WonVon,2026-03-06,2026-10-08,20.00%,99999.0,99999.0,88,800,false
[B0F9YL5KVX],amzn1.campaign.3CQN69YI38607,Earn 20% ($11.19) High Commission|5% Off Code| WonVon 9'' HD Carplay Screen,WonVon,2026-03-06,2026-10-07,20.00%,99999.0,99999.0,89,800,false
[B0F9YL5KVX],amzn1.campaign.2W2TP16FZ8VI6,Earn 20% ($11.19) High Commission|5% Off Code| WonVon 9'' HD Carplay Screen,WonVon,2026-03-06,2026-10-06,20.00%,99999.0,99999.0,87,800,false
[B0B42DY9H7],amzn1.campaign.2M3HQ67Z63IH8,Bring Your Pit Boss Grill Back to Life,Uniflasy,2026-03-06,2027-03-06,10.00%,5000.0,4994.0,47,800,false
[B08HMQSLT8],amzn1.campaign.651E7HYGXHJF,JA-CA061U-Turbidity Meter-0305,BriSunshine,2026-03-06,2026-09-30,10.00%,5000.0,4986.0,50,800,false
[B0F9YL5KVX],amzn1.campaign.V0YKNQRFB873,Earn 20% ($11.19) High Commission|5% Off Code| WonVon 9'' HD Carplay Screen,WonVon,2026-03-06,2026-10-05,20.00%,99999.0,99999.0,94,800,false
[B0F9YL5KVX],amzn1.campaign.5TKPS76SLJUF,Earn 20% ($11.19) High Commission|5% Off Code| WonVon 9'' HD Carplay Screen,WonVon,2026-03-06,2026-10-04,20.00%,99999.0,99999.0,94,800,false
[B0G5PD2FK6],amzn1.campaign.12WMBKBEBYVED,Magnesium Glycinate Gummies - 20% Commission ASIN:B0G5PD2FK6,Totaria,2026-03-06,2027-03-06,20.00%,10000.0,9906.24,15,800,false
[B0F9YL5KVX],amzn1.campaign.VZWE21WGSNZD,Earn 20% ($11.19) High Commission|5% Off Code| WonVon 9'' HD Carplay Screen,WonVon,2026-03-06,2026-10-03,20.00%,99999.0,99999.0,96,800,false
"[B0CJXT6CD8, B0C6L3HXTH]",amzn1.campaign.2O9FM8A7CEG2V,Light bulb sercurity camera,EDSACE,2026-03-06,2027-01-31,20.00%,10000.0,9890.61,5,800,false
"[B0FJL126RP, B0D6W7MBM8, B0D7MK159X, B0FJKTFN3H, B0FV8DT1S7, B0FDKM4ZSD, B0D7Q8YK6G, B0FV8DQ9X2, B0FV8C7GHX, B0D97XSN1Q, B0D8PLGCSD, B0DQNVPLY4, B0D7Q2JV1W, B0FV8BRFSS, B0D6YS6NSW, B0D7CB9C8T, B0D6Y9GQDL, B0D7MMXJ2G, B0D7Q76V5H, B0FV8C3DGR, B0FDKP33MT, B0D72SQQ2D, B0DP6S2DDR, B0D6Y9JMWB, B0D7Q7TMJC, B0DQNTMNDB, B0FV8F6RRD, B0DP6R8V1D, B0D7PWNQKR, B0D7MMX5T1, B0D7HT2Q34, B0FV8C6XHQ, B0FJLD7VJ9, B0FMRMRM2Z, B0DQNRFG6T, B0D7Q32NMJ, B0D7HSCH73, B0D7MM5XH5, B0FV886RLG, B0FV8C9ZCJ, B0D7Q3P1FQ, B0D7HT35C9, B0D7HSQX2D, B0FV8C1CJM, B0FV8DQQVG, B0FV8G1TRC, B0D7MLZLTV, B0D7MHMPDY]",amzn1.campaign.1CNAKR9T4EU8K,Sincere invitation to cooperate,OCE GEAR,2026-03-06,2026-12-31,10.00%,500000.0,499993.85,0,800,false
[B0DYJ8T5PZ],amzn1.campaign.1RSNW2GCYBW13,Commission 12% -B0DYJ8T5PZ- Metal Pergola Arbor Garden Arch,Bnecnet,2026-03-06,2027-03-06,12.00%,10000.0,9771.06,14,800,false
[B0F9YL5KVX],amzn1.campaign.1ASTT67NFRIRU,Earn 20% ($11.19) High Commission|5% Off Code| WonVon 9'' HD Carplay Screen,WonVon,2026-03-06,2026-10-02,20.00%,99999.0,99999.0,92,800,false
[B0GDJHMJ5J],amzn1.campaign.13LWO2T8IE7Z4,Bohemian Cereal Bowls -20% Commission -Bohemian Cereal Bowls  Set of 6,Yeacccng,2026-03-06,2027-03-06,20.00%,1000000.0,999926.08,0,800,false
[B0GC3SK2H3],amzn1.campaign.WS68TIICVP02,Reclining Camping Chair,Hasika,2026-03-06,2027-03-06,10.00%,5000.0,4896.5,23,800,false
"[B0FX26ZFLK, B0FRGBCGW5, B0DSVRWG4Z, B0GDZSD85K, B0G23KLSLD, B0G13RXX3R, B0FH6KXZRW, B0FFLPMG7W, B0FK9HQ9RL, B0FRLV91TF, B0FJS3GZDF, B0G3W174DB, B0DWRHHS9W, B0FJS1S3C7, B0GDZJXQ86, B0GCJS88N1, B0G5MSWCB4, B0FZ9XPKJ8, B0GJ5GQ1T8, B0G4MJM36H, B0FN7SVW5Z, B0G5LFLF1Z, B0FCM4YDZF, B0F1C87GWY, B0GBSN86YH, B0FRGCCN54, B0FXF7T5P2, B0FMY2CMWY, B0GF1XS1MP, B0GFW9HCQ9, B0FY2SL66H, B0FS6NXD59, B0G11P44J2, B0FX9N4BBW, B0FFM1FFPV, B0G4MJTWLR, B0FJRMZ943, B0GCLNNZG6, B0FBR265FD, B0GDFPKGJ5, B0FXF1WGLY, B0FS78TVZL, B0FFLMFR76, B0FH6247CJ, B0FFHC84JZ, B0FFT61MGV, B0FFMS4DTC, B0FJRMD7PQ, B0FFLGTQV7, B0G23F92GG, B0FYC1YJTS, B0FS6CCQK4, B0G6XVCGHF, B0DSW8T694, B0G4P5WSNV, B0FMRQ2Y9D, B0FB385W8X, B0FRGHWWSC, B0FMRPFM2K, B0GCFH4B1Y, B0FY561KV5, B0GC5MBW5Z, B0FH62NG2G, B0FVCCT3YB, B0FS6T5F83, B0FFT44KV9, B0DSZB25JH, B0GLP3J844, B0FXG9QPSP, B0FPDXHP8M, B0G4MLCX1J, B0G38XLMGT, B0FFLXP6F7, B0FRQC9CRQ, B0GFN46734, B0GFCN4DRT, B0FM79GGT8, B0GD15V1B7, B0FMY1YN54, B0FYFJNYXB, B0FR422RPP, B0FBS7ZM6L, B0G42BPC59, B0FKS38GH1]",amzn1.campaign.S5C1PWPXNNEL,🏡 Fexivo Tiny Space Party Magic: Celebrate in Small Spaces! 🏡,Fexivo,2026-03-06,2026-12-30,10.00%,5000.0,5000.0,85,800,false
[B0B3DP5NY9],amzn1.campaign.1TQFYKGHC85DR,Clean Your Charcoal Grill Faster – Upgrade Your Ash Management,Uniflasy,2026-03-06,2027-03-06,10.00%,5000.0,4874.65,39,800,false
[B0F83DLL3G],amzn1.campaign.3I2KZE4099XEV,6141 Roof Rack Cross Bars Fit for Hyundai Santa Fe 2019-2023,KINGGERI,2026-03-06,2027-03-06,10.00%,5000.0,4976.2,38,800,false
"[B0DXT91RRD, B0GCM9WW7K]",amzn1.campaign.184T6PXESPZH,Commission 12% - B0DXT91RRD - Metal Weaving Loom Kit Toys,DREMTOY,2026-03-06,2027-03-06,12.00%,10000.0,9988.67,40,800,false
"[B0GH62S6CQ, B0GH69ZVGK, B0GH5N1QZS, B0GH5XBWN2, B0GH68HDPM]",amzn1.campaign.32UORWKH9L90S,🔥AUSFLUG Cooling Skull Cap | 15% Commission Creator Promotion 2026,AUSFLUG,2026-03-06,2026-09-30,15.00%,5000.0,4868.74,26,800,false
"[B0FX26ZFLK, B0GQ72FPHY, B0GQ6946DY, B0FRGBCGW5, B0DSVRWG4Z, B0GDZSD85K, B0G23KLSLD, B0G13RXX3R, B0FH6KXZRW, B0FFLPMG7W, B0FK9HQ9RL, B0FRLV91TF, B0FJS3GZDF, B0G3W174DB, B0DWRHHS9W, B0FJS1S3C7, B0GDZJXQ86, B0GCJS88N1, B0G5MSWCB4, B0FZ9XPKJ8, B0GJ5GQ1T8, B0G4MJM36H, B0FN7SVW5Z, B0G5LFLF1Z, B0FCM4YDZF, B0F1C87GWY, B0GBSN86YH, B0FRGCCN54, B0FXF7T5P2, B0FMY2CMWY, B0GF1XS1MP, B0GFW9HCQ9, B0FY2SL66H, B0FS6NXD59, B0G11P44J2, B0FX9N4BBW, B0FFM1FFPV, B0G4MJTWLR, B0FJRMZ943, B0GCLNNZG6, B0FBR265FD, B0GDFPKGJ5, B0FXF1WGLY, B0FS78TVZL, B0FFLMFR76, B0FH6247CJ, B0FFHC84JZ, B0FFT61MGV, B0FFMS4DTC, B0FJRMD7PQ, B0FFLGTQV7, B0G23F92GG, B0FYC1YJTS, B0FS6CCQK4, B0G6XVCGHF, B0DSW8T694, B0GQ68NHJ2, B0G4P5WSNV, B0FMRQ2Y9D, B0FB385W8X, B0FRGHWWSC, B0FMRPFM2K, B0GCFH4B1Y, B0FY561KV5, B0GC5MBW5Z, B0FH62NG2G, B0FVCCT3YB, B0FS6T5F83, B0FFT44KV9, B0DSZB25JH, B0GLP3J844, B0FXG9QPSP, B0FPDXHP8M, B0G4MLCX1J, B0G38XLMGT, B0FFLXP6F7, B0FRQC9CRQ, B0GFN46734, B0GFCN4DRT, B0FM79GGT8, B0G4L6B8SD, B0GD15V1B7, B0FMY1YN54, B0FYFJNYXB, B0FR422RPP, B0FBS7ZM6L, B0GQ5YQNVV, B0G42BPC59, B0G4CSQKW1, B0FKS38GH1]",amzn1.campaign.1EBBV322VSSWW,"🎄 Fexivo Holiday Party Magic: Celebrate with Style, Not Stress! 🎄",Fexivo,2026-03-06,2026-11-20,10.00%,5000.0,4983.5,64,800,false
[B0D3DXHDY1],amzn1.campaign.1TS9JNZ6NTQSP,6146 Roof Rack Cross Bars Compatible with Hyundai Tucson 2022-2025 SE SEL N Line,KINGGERI,2026-03-06,2027-03-06,10.00%,5000.0,4832.3,33,800,false
"[B0FX26ZFLK, B0GQ72FPHY, B0GQ6946DY, B0FRGBCGW5, B0DSVRWG4Z, B0GDZSD85K, B0G23KLSLD, B0G13RXX3R, B0FH6KXZRW, B0FFLPMG7W, B0FK9HQ9RL, B0FRLV91TF, B0FJS3GZDF, B0G3W174DB, B0DWRHHS9W, B0FJS1S3C7, B0GDZJXQ86, B0GCJS88N1, B0G5MSWCB4, B0FZ9XPKJ8, B0GJ5GQ1T8, B0G4MJM36H, B0FN7SVW5Z, B0G5LFLF1Z, B0FCM4YDZF, B0F1C87GWY, B0GBSN86YH, B0FRGCCN54, B0FXF7T5P2, B0FMY2CMWY, B0GF1XS1MP, B0GFW9HCQ9, B0FY2SL66H, B0FS6NXD59, B0G11P44J2, B0FX9N4BBW, B0FFM1FFPV, B0G4MJTWLR, B0FJRMZ943, B0GCLNNZG6, B0FBR265FD, B0GDFPKGJ5, B0FXF1WGLY, B0FS78TVZL, B0FFLMFR76, B0FH6247CJ, B0FFHC84JZ, B0FFT61MGV, B0FFMS4DTC, B0FJRMD7PQ, B0FFLGTQV7, B0G23F92GG, B0FYC1YJTS, B0FS6CCQK4, B0G6XVCGHF, B0DSW8T694, B0GQ68NHJ2, B0G4P5WSNV, B0FMRQ2Y9D, B0FB385W8X, B0FRGHWWSC, B0FMRPFM2K, B0GCFH4B1Y, B0FY561KV5, B0GC5MBW5Z, B0FH62NG2G, B0FVCCT3YB, B0FS6T5F83, B0FFT44KV9, B0DSZB25JH, B0GLP3J844, B0FXG9QPSP, B0FPDXHP8M, B0G4MLCX1J, B0G38XLMGT, B0FFLXP6F7, B0FRQC9CRQ, B0GFN46734, B0GFCN4DRT, B0FM79GGT8, B0G4L6B8SD, B0GD15V1B7, B0FMY1YN54, B0FYFJNYXB, B0FR422RPP, B0FBS7ZM6L, B0GQ5YQNVV, B0G42BPC59, B0G4CSQKW1, B0FKS38GH1]",amzn1.campaign.2I7C5CHM90W2V,🎨 Fexivo Theme Showdown: Baby Shower vs. Birthday Party! 🎨,Fexivo,2026-03-06,2026-11-28,10.00%,5000.0,5000.0,67,800,false
"[B0DPZ1QRZ2, B0BTM3G8DK]",amzn1.campaign.2QDTA3NK2G3S7,TOPTES PT520A Combustible Gas Leak Detector for Home & RV + 10% commission rate,TOPTES,2026-03-06,2027-03-06,10.00%,20000.0,16648.91,0,800,false
[B0F6L8RPQ1],amzn1.campaign.1B152AFN3KKW9,084-16 Roof Rack Cross Bars Compatible with Cadillac XT4 2019-2025,KINGGERI,2026-03-06,2027-03-06,10.00%,5000.0,4989.1,28,800,false
[B09QX5DNWX],amzn1.campaign.FTWQ7U0YQYP2,Keep Your Weber Grill Clean – No More Grease Mess,Uniflasy,2026-03-06,2027-03-06,10.00%,5000.0,4929.34,41,800,false
[B0F6T2QKD3],amzn1.campaign.101TYYE2LDVQN,7714 Roof Rack Cross Bars Compatible with Toyota 4Runner 2010-2024,KINGGERI,2026-03-06,2027-03-06,10.00%,5000.0,4956.4,26,800,false
"[B0FX26ZFLK, B0GQ72FPHY, B0GQ6946DY, B0FRGBCGW5, B0DSVRWG4Z, B0GDZSD85K, B0G23KLSLD, B0G13RXX3R, B0FH6KXZRW, B0FFLPMG7W, B0FK9HQ9RL, B0FRLV91TF, B0FJS3GZDF, B0G3W174DB, B0DWRHHS9W, B0FJS1S3C7, B0GDZJXQ86, B0GCJS88N1, B0G5MSWCB4, B0FZ9XPKJ8, B0GJ5GQ1T8, B0G4MJM36H, B0FN7SVW5Z, B0G5LFLF1Z, B0FCM4YDZF, B0F1C87GWY, B0GBSN86YH, B0FRGCCN54, B0FXF7T5P2, B0FMY2CMWY, B0GF1XS1MP, B0GFW9HCQ9, B0FY2SL66H, B0FS6NXD59, B0G11P44J2, B0FX9N4BBW, B0FFM1FFPV, B0G4MJTWLR, B0FJRMZ943, B0GCLNNZG6, B0FBR265FD, B0GDFPKGJ5, B0FXF1WGLY, B0FS78TVZL, B0FFLMFR76, B0FH6247CJ, B0FFHC84JZ, B0FFT61MGV, B0FFMS4DTC, B0FJRMD7PQ, B0FFLGTQV7, B0G23F92GG, B0FYC1YJTS, B0FS6CCQK4, B0G6XVCGHF, B0DSW8T694, B0GQ68NHJ2, B0G4P5WSNV, B0FMRQ2Y9D, B0FB385W8X, B0FRGHWWSC, B0FMRPFM2K, B0GCFH4B1Y, B0FY561KV5, B0GC5MBW5Z, B0FH62NG2G, B0FVCCT3YB, B0FS6T5F83, B0FFT44KV9, B0DSZB25JH, B0GLP3J844, B0FXG9QPSP, B0FPDXHP8M, B0G4MLCX1J, B0G38XLMGT, B0FFLXP6F7, B0FRQC9CRQ, B0GFN46734, B0GFCN4DRT, B0FM79GGT8, B0G4L6B8SD, B0GD15V1B7, B0FMY1YN54, B0FYFJNYXB, B0FR422RPP, B0FBS7ZM6L, B0GQ5YQNVV, B0G42BPC59, B0G4CSQKW1, B0FKS38GH1]",amzn1.campaign.1YCBLO4A4CU4D,📸 Fexivo: The Secret to Instagram-Worthy Parties! 📸,Fexivo,2026-03-06,2026-10-30,10.00%,5000.0,5000.0,77,800,false
[B0F9YL5KVX],amzn1.campaign.1T0O390N192FE,Earn 20% ($11.19) High Commission|5% Off Code| WonVon 9'' HD Carplay Screen,WonVon,2026-03-06,2026-10-01,20.00%,99999.0,99954.26,87,800,false
[B0D2X6YCB4],amzn1.campaign.15HXDRC2GD5PI,7748 Fit for Kia Sorento X-Line & X-Pro 2021-2025,KINGGERI,2026-03-06,2027-03-06,10.00%,5000.0,4904.8,36,800,false
"[B0FX26ZFLK, B0FRGBCGW5, B0DSVRWG4Z, B0GDZSD85K, B0G23KLSLD, B0G13RXX3R, B0FH6KXZRW, B0FFLPMG7W, B0FK9HQ9RL, B0FRLV91TF, B0FJS3GZDF, B0G3W174DB, B0DWRHHS9W, B0FJS1S3C7, B0GDZJXQ86, B0GCJS88N1, B0G5MSWCB4, B0FZ9XPKJ8, B0GJ5GQ1T8, B0G4MJM36H, B0FN7SVW5Z, B0G5LFLF1Z, B0FCM4YDZF, B0F1C87GWY, B0GBSN86YH, B0FRGCCN54, B0FXF7T5P2, B0FMY2CMWY, B0GF1XS1MP, B0GFW9HCQ9, B0FY2SL66H, B0FS6NXD59, B0G11P44J2, B0FX9N4BBW, B0FFM1FFPV, B0G4MJTWLR, B0FJRMZ943, B0GCLNNZG6, B0FBR265FD, B0GDFPKGJ5, B0FXF1WGLY, B0FS78TVZL, B0FFLMFR76, B0FH6247CJ, B0FFHC84JZ, B0FFT61MGV, B0FFMS4DTC, B0FJRMD7PQ, B0FFLGTQV7, B0G23F92GG, B0FYC1YJTS, B0FS6CCQK4, B0G6XVCGHF, B0DSW8T694, B0G4P5WSNV, B0FMRQ2Y9D, B0FB385W8X, B0FRGHWWSC, B0FMRPFM2K, B0GCFH4B1Y, B0FY561KV5, B0GC5MBW5Z, B0FH62NG2G, B0FVCCT3YB, B0FS6T5F83, B0FFT44KV9, B0DSZB25JH, B0GLP3J844, B0FXG9QPSP, B0FPDXHP8M, B0G4MLCX1J, B0G38XLMGT, B0FFLXP6F7, B0FRQC9CRQ, B0GFN46734, B0GFCN4DRT, B0FM79GGT8, B0GD15V1B7, B0FMY1YN54, B0FYFJNYXB, B0FR422RPP, B0FBS7ZM6L, B0G42BPC59, B0FKS38GH1]",amzn1.campaign.18YX2S1B2WLSW,🎂 Fexivo Birthday Bash Made Easy: All-in-One Party Kit! 🎂,Fexivo,2026-03-06,2026-10-31,10.00%,5000.0,5000.0,79,800,false
"[B0FY27HXMC, B0FY29LZXY, B0FY293WSX]",amzn1.campaign.GLQ80KWGSB9F,Swedish Dishcloth - Printed Variation,Solvra,2026-03-06,2027-02-28,20.00%,15000.0,14864.05,9,800,false
"[B0GBYLGG1W, B0GBZCCXCH]",amzn1.campaign.PTN1Z1O98J7S,Commission on Mahjong Line Magnifying Finder for Seniors and Beginners,UTCGLAS,2026-03-06,2026-12-31,10.00%,10000.0,9943.46,40,800,false
"[B0FX26ZFLK, B0GQ72FPHY, B0GQ6946DY, B0FRGBCGW5, B0DSVRWG4Z, B0GDZSD85K, B0G23KLSLD, B0G13RXX3R, B0FH6KXZRW, B0FFLPMG7W, B0FK9HQ9RL, B0FRLV91TF, B0FJS3GZDF, B0G3W174DB, B0DWRHHS9W, B0FJS1S3C7, B0GDZJXQ86, B0GCJS88N1, B0G5MSWCB4, B0FZ9XPKJ8, B0GJ5GQ1T8, B0G4MJM36H, B0FN7SVW5Z, B0G5LFLF1Z, B0FCM4YDZF, B0F1C87GWY, B0GBSN86YH, B0FRGCCN54, B0FXF7T5P2, B0FMY2CMWY, B0GF1XS1MP, B0GFW9HCQ9, B0FY2SL66H, B0FS6NXD59, B0G11P44J2, B0FX9N4BBW, B0FFM1FFPV, B0G4MJTWLR, B0FJRMZ943, B0GCLNNZG6, B0FBR265FD, B0GDFPKGJ5, B0FXF1WGLY, B0FS78TVZL, B0FFLMFR76, B0FH6247CJ, B0FFHC84JZ, B0FFT61MGV, B0FFMS4DTC, B0FJRMD7PQ, B0FFLGTQV7, B0G23F92GG, B0FYC1YJTS, B0FS6CCQK4, B0G6XVCGHF, B0DSW8T694, B0GQ68NHJ2, B0G4P5WSNV, B0FMRQ2Y9D, B0FB385W8X, B0FRGHWWSC, B0FMRPFM2K, B0GCFH4B1Y, B0FY561KV5, B0GC5MBW5Z, B0FH62NG2G, B0FVCCT3YB, B0FS6T5F83, B0FFT44KV9, B0DSZB25JH, B0GLP3J844, B0FXG9QPSP, B0FPDXHP8M, B0G4MLCX1J, B0G38XLMGT, B0FFLXP6F7, B0FRQC9CRQ, B0GFN46734, B0GFCN4DRT, B0FM79GGT8, B0G4L6B8SD, B0GD15V1B7, B0FMY1YN54, B0FYFJNYXB, B0FR422RPP, B0FBS7ZM6L, B0GQ5YQNVV, B0G42BPC59, B0G4CSQKW1, B0FKS38GH1]",amzn1.campaign.1JSZ59UVX3QCX,"👶 Fexivo Baby Shower Bliss: One Box, One Perfect Celebration! 👶",Fexivo,2026-03-06,2026-10-22,10.00%,5000.0,5000.0,80,800,false
"[B0FR4S2WJG, B0FLDM4DXX, B0FWB8R4C7, B0CF4DPGZP, B0CF4J18ZP, B0GF2HP28F, B0GCN8DGK8, B0F8QWH42F, B0FXZVL8FZ, B0GDG2V984, B0GPW5JZ2D, B0FBGRJ5MP, B0FSXH4GJ7, B0GK97TFWW, B0FCRHZSSS, B0G48N3RNL, B0F8QV1PZ2, B0FYNL4RJS, B0FYNFB2N6, B0FYLFJ6NN, B0GDXL5DNX, B0FYNDV7TK, B0GFT687JV, B0GDFVL2LV, B0FCRQCDQL, B0GK96LT7T, B0GCN4LHLL, B0GLZ3CXB4, B0G12Y2H4W, B0FBGS17JQ, B0CSS4N8ZJ, B0GCNK6WN5, B0CSYBCMMY, B0FX9GM4QJ, B0FNMK26LR, B0GK9DMJTR, B0FWBCKHB1, B0GCMYJQKZ, B0F383RMGK, B0G12YWJCX, B0F8J3WN3T, B0DJSVVW31, B0G44DZYLP, B0G48P2FND, B0FYNCM8SM, B0FBGRKLSR, B0FYNCGMW6, B0GK92H8XC, B0FGCDVRCJ, B0GCNJCNZN, B0FW9ZSMND, B0FJRRTJ7M, B0FL6VLPY4, B0FBGTLRMK, B0GCNKPDTX, B0FWB5NLHC, B0GLZ6WJMY, B0FR4X1SK4, B0GLZ3P84P, B0GCNPP5HL, B0FL6KBRCH, B0FBGSH92K, B0GPWDYGNF, B0FBGRXWKB, B0GCNNF6QJ, B0F8J4ZJ5H, B0DKJR55QX, B0FBGRPKKG, B0FZK5QVYD, B0FLDHX5Z3, B0G44NHR7J, B0GCNMLSCW, B0GLZ3W644, B0FYNL9358, B0GCN93YTP, B0GLZ7YSMQ, B0FJXM8P4P, B0GFWVTRFV, B0GDXGV5K6, B0GF2KGVXB, B0F8J7SWP7, B0CT3JQ2KQ, B0G48P2J6V, B0FBQWY4QB, B0FYLKT4VQ, B0GF7YNCC1, B0CDWLZVWF, B0CRHBS77M, B0G48NJNWS, B0G44PSRBZ, B0G133JZN3, B0FBGST6SW, B0FBR8J3CC, B0FSXK38Y5, B0F8J4K18P, B0GLZ7M5JT, B0GK8XYTQL, B0FK516RGL, B0FYNBTR2R, B0F8J3DBCP, B0CT3JPXPR, B0F8J47SGP, B0FBQW41QP, B0FYNHGJDY, B0FNN3VM95, B0F94DP7RV, B0CSSK7ZKB, B0FP4FLZLZ, B0FBGV6Q4J, B0G6DFW9PB, B0G12XRVHV, B0F8QW9QW2, B0GCNT4WBH, B0F8QY39H6, B0FNCGJ82W, B0FYNLX2M9, B0CDWJM3QH, B0F8J77K56, B0GCNK7RXH, B0GJDFBFX9, B0FBR46XP7, B0G48L3CC7, B0GLZ7X7DH, B0GCNNRHK8, B0GGZXHFLV, B0FBGRVVZM, B0GPWLTMBD, B0FSXJNVDX, B0GFWQ6W4R, B0FYNH5X6T, B0F8HYMJY8, B0FQ5F2BHW, B0GFT1ZFF2, B0FYLQBXX7, B0GHDHL6HP, B0GDXLD28C, B0GJCXXD29, B0FR4WV999, B0FSXJQRMZ, B0DJSVTRJ8, B0FL6MXWNW, B0G48N453H, B0G1TBFBH1, B0GLZ9JDX3, B0FX9G1C7J, B0F8J3Z5W2, B0FYNH84H6, B0GJ5K7397, B0FBGR9QHF, B0F8HYMQ6M, B0FYNJQXCG, B0FYLGYVS6]",amzn1.campaign.370I7ENJCKJI9,🤩Don't Miss Super-Selling Automotive Products 10%off #TFX,GARVEETECH,2026-03-06,2026-12-01,11.00%,20000.0,19986.34,0,800,false
"[B0FP98FQMQ, B0GHGYFZHT, B0FP9GF2ZY, B0FP5HRYZ9, B0GHGDSNS9, B0FP9QJNPK, B0FPFS56JP, B0FP59BC4M, B0FPBMNXBP, B0FP9D88HX, B0GHFK9NTG, B0FNRY384M, B0FNWYDKPV, B0FP5HM36R, B0GHGFVXQD, B0FPBPLRLR, B0FPBPB3C4, B0GHFS2JXV, B0FPBMLJCC, B0FP3M7BRB, B0GHGP33V2, B0FP5SWDQJ, B0GHGCY9H3, B0FPBK41WN, B0FP9T8VT6, B0FPBKL9N9, B0FP9RCVT6, B0GHGCNQQF, B0FP9MMZ9Y, B0GHGDGTJ6, B0FP6KD2C8]",amzn1.campaign.1F0AIDDUH511U,"Earn 11% Commission,plus a 8% coupon – Launch Your Promotion & Profit Steadily!",YCWSPEMR,2026-03-10,2027-03-09,11.00%,10000.0,10000.0,52,800,false
"[B0F47SFN3Y, B0FJ19NF81, B0FF4BF5KM, B0DNSQWJBW, B0D4LWN8YY, B0F37S3C1G, B0F9FK4RJT, B0DY1GG9VZ, B0DQ4LLKQP, B0FB86VQM8, B0D1R5ZYNF, B0FF4BVG6R, B0D3LQW6S7, B0DXKYZS5K, B0FD3M6HLZ, B0F9FJYH58, B0FF4D19BV, B0CZNJQDSV, B0F37Y36CP, B0FD3JFK5J, B0F47FK8XT, B0FNQ92TY2, B0D8VKJVNG, B0F28KTQ38, B0FB8CYBXN, B0D3PS83TH, B0FB8HXQ4P, B0DNSNGSY6, B0DD3H33GM, B0F37N5FJR, B0DNSNKYDL, B0DP2BKX4W, B0F9FK9FRN, B0F37SSQMG, B0F37QJD98, B0FF4C28W9, B0F28LB3M4, B0CDZXKDPN, B0FBM1SHR1, B0FBM242FV, B0DNSM4N9M, B0D8T11SXY, B0F4824LP9, B0FK51DSW1, B0F37FWX94, B0DNSM69SC, B0DLNQ6JQ3, B0DP288NFC, B0DLNR2D5B, B0FHDJW9FS, B0FB88N3WL, B0DJ532328, B0FK4XDFRX, B0DP2C392C, B0DP91LZP2, B0FB8J7W8B, B0F37S5FK3, B0DD3K8CQT, B0DP2BC1Z4, B0DP2C8J5F, B0FD3MMV26, B0F28K4W8H, B0DY1DZBLJ, B0F9FKVJ4G, B0F9FK99J7, B0DQ4R7B7N, B0F28LK7D9, B0DD3L7ZV8, B0FD3M5SRL, B0CYSYN7XT, B0FB8H57W1, B0F28KKDR5, B0F28ML1R3, B0FJLR5DBX, B0F28KKMKJ, B0CZL3JYXT, B0DY1FN8NY, B0CZL6WG1T, B0F37BRVTX, B0FBM1P5RK, B0FBM18X5H, B0FD3NF6ZV, B0F4783GC8, B0F476CK3X, B0F47JY6HR, B0F37LT8WF, B0F2H16L67, B0DY1G2M65, B0FF47TKGC, B0FBQZW1P9, B0D4LJ97NX, B0F37SKCQ4, B0FB8CRVXC, B0D3PL5YKV, B0F9FKFXFG, B0FB8FX652, B0D4M4VGKN, B0FB88BCP3, B0F37SHQ53, B0FDW9T4KY, B0F37Q3YZX, B0DNSNY7LR, B0F37G2MZ6, B0DP2BPGB4, B0F5VRLTX3, B0DD3KBTWS, B0DNSLGJZZ, B0D4LQVCL8, B0F9FNC1D8, B0F5V1CDD8, B0DQ4S1D46, B0F47SH9CQ, B0DP93ZF95, B0DSFDRXCS, B0D1R66H7M, B0F37BHFZM, B0DNSMCBZG, B0DXVC8YX1, B0F47DRXMP, B0DSFBJDMT, B0CDZVRTPB, B0F481FMND, B0FHZTV185, B0FB8JVS8M, B0FJ13XFHS, B0D1R7BH7Q, B0DQ4MKHS5, B0CZKYY942]",amzn1.campaign.3AIRLTFFVKFZN,SO HOT！🔥🔥SODQW Sunglasses+Blue  light glasses+Night vision goggles🔥🔥🔥,SODQW,2026-03-06,2027-03-06,10.00%,999999.0,999999.0,38,800,false
[B07CBMGKWX],amzn1.campaign.NPWHEHUGKXQU,Fix Your Grill Flames – Restore Even Heat in Minutes,Uniflasy,2026-03-06,2027-03-06,10.00%,5000.0,4990.82,59,800,false
"[B0FX26ZFLK, B0FRGBCGW5, B0DSVRWG4Z, B0GDZSD85K, B0G23KLSLD, B0G13RXX3R, B0FH6KXZRW, B0FFLPMG7W, B0FK9HQ9RL, B0FRLV91TF, B0FJS3GZDF, B0G3W174DB, B0DWRHHS9W, B0FJS1S3C7, B0GDZJXQ86, B0GCJS88N1, B0G5MSWCB4, B0FZ9XPKJ8, B0GJ5GQ1T8, B0G4MJM36H, B0FN7SVW5Z, B0G5LFLF1Z, B0FCM4YDZF, B0F1C87GWY, B0GBSN86YH, B0FRGCCN54, B0FXF7T5P2, B0FMY2CMWY, B0GF1XS1MP, B0GFW9HCQ9, B0FY2SL66H, B0FS6NXD59, B0G11P44J2, B0FX9N4BBW, B0FFM1FFPV, B0G4MJTWLR, B0FJRMZ943, B0GCLNNZG6, B0FBR265FD, B0GDFPKGJ5, B0FXF1WGLY, B0FS78TVZL, B0FFLMFR76, B0FH6247CJ, B0FFHC84JZ, B0FFT61MGV, B0FFMS4DTC, B0FJRMD7PQ, B0FFLGTQV7, B0G23F92GG, B0FYC1YJTS, B0FS6CCQK4, B0G6XVCGHF, B0DSW8T694, B0G4P5WSNV, B0FMRQ2Y9D, B0FB385W8X, B0FRGHWWSC, B0FMRPFM2K, B0GCFH4B1Y, B0FY561KV5, B0GC5MBW5Z, B0FH62NG2G, B0FVCCT3YB, B0FS6T5F83, B0FFT44KV9, B0DSZB25JH, B0GLP3J844, B0FXG9QPSP, B0FPDXHP8M, B0G4MLCX1J, B0G38XLMGT, B0FFLXP6F7, B0FRQC9CRQ, B0GFN46734, B0GFCN4DRT, B0FM79GGT8, B0GD15V1B7, B0FMY1YN54, B0FYFJNYXB, B0FR422RPP, B0FBS7ZM6L, B0G42BPC59, B0FKS38GH1]",amzn1.campaign.1IUWPAV67YU8L,⏱️ Fexivo 5-Minute Party Hack: From Empty Room to Celebration Paradise! ⏱️,Fexivo,2026-03-06,2026-10-30,10.00%,5000.0,5000.0,81,800,false
"[B0FX26ZFLK, B0GQ72FPHY, B0GQ6946DY, B0FRGBCGW5, B0DSVRWG4Z, B0GDZSD85K, B0G23KLSLD, B0G13RXX3R, B0FH6KXZRW, B0FFLPMG7W, B0FK9HQ9RL, B0FRLV91TF, B0FJS3GZDF, B0G3W174DB, B0DWRHHS9W, B0FJS1S3C7, B0GDZJXQ86, B0GCJS88N1, B0G5MSWCB4, B0FZ9XPKJ8, B0GJ5GQ1T8, B0G4MJM36H, B0FN7SVW5Z, B0G5LFLF1Z, B0FCM4YDZF, B0F1C87GWY, B0GBSN86YH, B0FRGCCN54, B0FXF7T5P2, B0FMY2CMWY, B0GF1XS1MP, B0GFW9HCQ9, B0FY2SL66H, B0FS6NXD59, B0G11P44J2, B0FX9N4BBW, B0FFM1FFPV, B0G4MJTWLR, B0FJRMZ943, B0GCLNNZG6, B0FBR265FD, B0GDFPKGJ5, B0FXF1WGLY, B0FS78TVZL, B0FFLMFR76, B0FH6247CJ, B0FFHC84JZ, B0FFT61MGV, B0FFMS4DTC, B0FJRMD7PQ, B0FFLGTQV7, B0G23F92GG, B0FYC1YJTS, B0FS6CCQK4, B0G6XVCGHF, B0DSW8T694, B0GQ68NHJ2, B0G4P5WSNV, B0FMRQ2Y9D, B0FB385W8X, B0FRGHWWSC, B0FMRPFM2K, B0GCFH4B1Y, B0FY561KV5, B0GC5MBW5Z, B0FH62NG2G, B0FVCCT3YB, B0FS6T5F83, B0FFT44KV9, B0DSZB25JH, B0GLP3J844, B0FXG9QPSP, B0FPDXHP8M, B0G4MLCX1J, B0G38XLMGT, B0FFLXP6F7, B0FRQC9CRQ, B0GFN46734, B0GFCN4DRT, B0FM79GGT8, B0G4L6B8SD, B0GD15V1B7, B0FMY1YN54, B0FYFJNYXB, B0FR422RPP, B0FBS7ZM6L, B0GQ5YQNVV, B0G42BPC59, B0G4CSQKW1, B0FKS38GH1]",amzn1.campaign.17A6PO9DKSZAE,🌱 Fexivo Eco-Party Magic: Celebrate with a Clear Conscience! 🌱,Fexivo,2026-03-06,2026-10-15,10.00%,5000.0,4988.7,69,800,false
[B0CYGYSV5N],amzn1.campaign.19H5U6TR5J1G4,Commission 12% - B0CYGYSV5N - Thickened Inflatable Seashell Pool Float,DREMTOY,2026-03-06,2027-03-06,12.00%,10000.0,9304.5,22,800,false
"[B0CM3919CR, B0CM36FZBJ, B0C42MVYM8, B0C42NN9BN, B0CM3C2V76, B0CM37RB8B, B0CLGGXKH2, B0CLCDVZKC, B0CC1TZD2C, B0CM37NTGW, B0CM37RYVR, B0CCJCND8R, B0CC1V8HHW, B0CLCT57BZ, B0CM39SBG9, B0C42NM985, B0CLGFZXTD]",amzn1.campaign.5049TBZ15YK0,SODQW Sunglasses SG3452,SODQW,2026-03-07,2027-03-07,10.00%,999999.0,999999.0,10,800,false
[B0D2222ZC2],amzn1.campaign.2J6DZ2DL0AANR,7768 Roof Rack Cross Bars Fit for Kia Telluride X-PRO X-LINE 2023 2024 2025,KINGGERI,2026-03-06,2027-03-06,10.00%,5000.0,4655.49,35,800,false
"[B0G6Y44G5B, B0FNWKBDZG]",amzn1.campaign.1AZJ33D3CFQ4Z,Sunflower Earrings 🌻 | Moonstone Dangle & Studs | Spring & Mother's Day Gift,Molenia,2026-03-06,2027-03-06,20.00%,5000.0,5000.0,28,800,false
"[B0F52V4ZSR, B0F52H1ZMD, B0FRF1YH6Y, B0FCFNX7ZT, B0DJ4W877F, B0DJ8C554V, B0CDPG5P88]",amzn1.campaign.13R73CYVAXBMH,Commission rate: 16% Suspension Rod fit for Maytag Bravos W11130362,LUXRILIX,2026-03-06,2026-11-30,16.00%,10000.0,9969.25,32,800,false
"[B0G71QBRT8, B0G71X9BTK]",amzn1.campaign.2Q5B9CE6U4XDC,"Commission on 4 Pack Mahjong Coasters,  North, South, East and West Coasters",UTCGLAS,2026-03-06,2026-12-31,15.00%,10000.0,9969.4,29,800,false
[B0798KFT1N],amzn1.campaign.33PASRXZW5NQJ,Grill Like New Again – Upgrade Your Master Forge Grill in Minutes,Uniflasy,2026-03-06,2027-03-06,10.00%,5000.0,4987.91,48,800,false
"[B0FPFR2W2P, B0GHQ5PC5Q, B0FXWYTQ77, B0GHQ4RYVJ, B0FHJZG1WX, B0GDW9BXJT, B0GHNKP8KJ]",amzn1.campaign.3IZM9MH7L85T2,Creator for 2026 spring sale,Cullaby,2026-03-06,2027-03-06,15.00%,5000.0,4683.64,0,800,false
[B0GJQHTM6T],amzn1.campaign.25HF2IZ6CD468,Wooden USA Travel Map with 10% Commission Rate Track Your Adventure,Motivilla,2026-03-06,2026-12-31,10.00%,5000.0,4992.4,39,800,false
[B0G2L97M8P],amzn1.campaign.37VU8Z6A7PLB9,KSH-NSTT0400,KarSpareHub,2026-03-06,2027-03-06,10.00%,5000.0,4988.0,48,800,false
"[B0G583CD29, B0G58598YX, B0G584ZPK3, B0G583YBN9, B0G588X9DT, B0G583SM8L, B0G57ZSSTH, B0G5877Y4Q, B0G58477QF, B0G5872945, B0G583KF6S, B0G583BB4P, B0G57ZSPZW, B0G584RS45, B0G5826WZH, B0G583XHPP, B0G583V7MJ, B0G581DVBR, B0G584L7RS, B0G58296PR, B0G57ZTRBR, B0G5868SJM, B0G5857T5H, B0G582VTBF, B0G584C21X, B0G583FL3Z, B0G581P9BQ, B0G584LJKL, B0G584WDWC, B0G5834XSH, B0G586FBL9, B0G58C81C5, B0G585PLB7, B0G58488K6, B0G57Y7JT3, B0G57Y7JT6, B0G58948XZ, B0G58398DY, B0G584CLW2, B0G581F2WK, B0G581TH4C, B0G583XDHC, B0G583RWSG, B0G5835H3X, B0G583NYSM, B0G583FJ4Q, B0G582KNSG, B0G5863P3W, B0G58633GH, B0G5867ZQ3, B0G584KW7B, B0G583NYSL, B0G582RTT5, B0G582MCLW, B0G583K1GQ, B0G582GBQ5, B0G583YVK7, B0G5837TT3, B0G5815Z7T, B0G584XQHQ, B0G585RSC5, B0G5854545, B0G585SMHG, B0G58411V5, B0G582QSL7, B0G585M2T5, B0G58GZL18, B0G5826FT1, B0G585PLCX, B0G582GWSJ, B0G58649MZ, B0G57YY1RV, B0G581BTGP, B0G57ZV3SC, B0G5861FPX, B0G583LSGD, B0G581WGCS, B0G584CLXH, B0G582N2HW, B0G587MGFT]",amzn1.campaign.2VF1042Q4F1BU,COS6B281,COSSEN,2026-03-09,2027-03-05,10.00%,50000.0,50000.0,84,800,false
"[B0D3D96J5G, B0DBVDX8WQ, B0CR338VMX, B0FPFKSWY7, B0CR2YJKW4]",amzn1.campaign.1X1EGJP8T3QFC,My Super Dad Fixed This in 5 Minutes (+11%),RAINGOWN,2026-03-06,2027-02-27,11.00%,60000.0,60000.0,88,800,false
[B0FVT2H1G9],amzn1.campaign.1A5N5R6F6Q0XM,Earn 20% ($8.99) High Commission |5% Off Code| 3-in-1 Digital Laser Tape Measure,Elikliv,2026-03-06,2026-09-30,20.00%,99999.0,99999.0,67,800,false
[B0FVT2H1G9],amzn1.campaign.1HV4GOOLRSYSM,Earn 20% ($8.99) High Commission |5% Off Code| 3-in-1 Digital Laser Tape Measure,Elikliv,2026-03-06,2026-09-29,20.00%,99999.0,99999.0,81,800,false
[B0FVT2H1G9],amzn1.campaign.3EAR6BGG7DIXV,Earn 20% ($8.99) High Commission |5% Off Code| 3-in-1 Digital Laser Tape Measure,Elikliv,2026-03-06,2026-09-28,20.00%,99999.0,99999.0,85,800,false
[B0FVT2H1G9],amzn1.campaign.2EXW2CUMM8YEU,Earn 20% ($8.99) High Commission |5% Off Code| 3-in-1 Digital Laser Tape Measure,Elikliv,2026-03-06,2026-09-27,20.00%,99999.0,99999.0,84,800,false
"[B0D3D96J5G, B0DBVDX8WQ, B0CR338VMX, B0FPFKSWY7, B0CR2YJKW4]",amzn1.campaign.2SJOBUPROGCUE,My Super Dad Would Love This DIY Fix Tool (+11%),RAINGOWN,2026-03-06,2027-03-03,11.00%,300000.0,300000.0,84,800,false
[B0FVT2H1G9],amzn1.campaign.1K4IXH48E37O3,Earn 20% ($8.99) High Commission |5% Off Code| 3-in-1 Digital Laser Tape Measure,Elikliv,2026-03-06,2026-09-26,20.00%,99999.0,99999.0,85,800,false
[B0DP2Q12L7],amzn1.campaign.R0ZCWRFC4234,KSH-NSST0700,KarSpareHub,2026-03-06,2027-03-06,10.00%,5000.0,4989.0,55,800,false
[B0FVT2H1G9],amzn1.campaign.102AGC0XHMVDH,Earn 20% ($8.99) High Commission |5% Off Code| 3-in-1 Digital Laser Tape Measure,Elikliv,2026-03-06,2026-09-25,20.00%,99999.0,99999.0,80,800,false
[B0GHJVKDCT],amzn1.campaign.1VX6JPW6KSNEP,Soup Bowls with Handles-20 % Commission -Bohemian Soup Bowls of 4,Yeacccng,2026-03-06,2027-03-06,20.00%,1000000.0,999944.1,14,800,false
[B0FVT2H1G9],amzn1.campaign.2R7KK3TESCFUO,Earn 20% ($8.99) High Commission |5% Off Code| 3-in-1 Digital Laser Tape Measure,Elikliv,2026-03-06,2026-09-24,20.00%,99999.0,99999.0,85,800,false
"[B0GR8T3RPZ, B0GR8WRP21, B0GR8WFCHF, B0GR8X8BTM, B0GR8MJH1F, B0GR8VK9Z6, B0GR8N5JPX, B0GR8S7WVX, B0GR8D1LTG, B0GR8Y7TSJ, B0GR8S6X38, B0GR8RZLZ4, B0GR8QHQC9, B0GR8WJXB9, B0GR93L5PW, B0GR8Q4B7Z, B0GR939WLQ, B0GR8N37J4, B0GR8W3ZRP, B0GR8WFNQZ, B0GR8WNSCT, B0GR88R1N4, B0GR8MN13D, B0GR8ZJ96F, B0GR8K4KSG, B0GR935CCL, B0GR8RLCWS, B0GR917HYD, B0GR8K2MDR, B0GR88QHVS, B0GR8NFKH3, B0GR8MQXXJ, B0GR8RYBGG, B0GR8KHZL5, B0GR8WTYDN, B0GR8MY2B7, B0GR893HT8, B0GR8LZQLT, B0GR8ZTKX8, B0GR8S2KM8, B0GR8R2X66, B0GR8K2MDD, B0GR8FN9XC, B0GR8GWTN7, B0GR8J97Y9, B0GR93L5PK, B0GR8N9SMT, B0GR8H4BZN, B0GR8QKZTT, B0GR8ZV6S9, B0GR8R82LJ, B0GR892VFP, B0GR8VF849, B0GR8QH4PC, B0GR8CGGSH, B0GR8WYJ2R, B0GR8GBZ52, B0GR8L1ZMS, B0GR8RKDKW, B0GR8H37XW, B0GR8H38FG, B0GR8S6PV2, B0GR8J28ML, B0GR8X4ZTK, B0GR894SXD, B0GR8X4ZTH, B0GR8SD8L4, B0GR8N83KD, B0GR8ZHMZM, B0GR8MJ4PD, B0GR8CJDQF, B0GR8R373F, B0GR8RH4SX, B0GR8RC8W6, B0GR8S37KS, B0GR8WW7WH, B0GR8NB121, B0GR8YB8K7, B0GR895GJ2, B0GR8D4B9P, B0GR88YZ7P, B0GR8M9K49, B0GR8CFQJJ, B0GR8WH9GF, B0GR8VL1HK, B0GR8YB8K1, B0GR8W2BG9, B0GR8J3CTG, B0GR8GBZ5G, B0GR88RYSQ]",amzn1.campaign.3FLZS0JC1LZGQ,Positive Affirming Quote Canvas Wall Art,HomeifHue,2026-03-06,2026-09-06,10.00%,10000.0,10000.0,76,800,false
[B0FVT2H1G9],amzn1.campaign.2E2MA0FBU3NOB,Earn 20% ($8.99) High Commission |5% Off Code| 3-in-1 Digital Laser Tape Measure,Elikliv,2026-03-06,2026-09-23,20.00%,99999.0,99999.0,86,800,false
[B0FVT2H1G9],amzn1.campaign.GL1BLFW42BQS,Earn 20% ($8.99) High Commission |5% Off Code| 3-in-1 Digital Laser Tape Measure,Elikliv,2026-03-06,2026-09-22,20.00%,99999.0,99999.0,90,800,false
"[B0D3D96J5G, B0DBVDX8WQ, B0CR338VMX, B0FPFKSWY7, B0CR2YJKW4]",amzn1.campaign.MJ9TO6ZB3RXC,Make Dad the Leak-Proof Superhero – Father’s Day DIY Fix (+11%),RAINGOWN,2026-03-06,2027-02-28,11.00%,60000.0,60000.0,93,800,false
[B0FVT2H1G9],amzn1.campaign.399EYM36HHQ8Q,Earn 20% ($8.99) High Commission |5% Off Code| 3-in-1 Digital Laser Tape Measure,Elikliv,2026-03-06,2026-09-21,20.00%,99999.0,99999.0,88,800,false
"[B0DHVGNN21, B0DHVDKN93]",amzn1.campaign.2PMBUGQ90VIWW,Metal Roof Pipe Flashing Boot,Sobalai,2026-03-06,2027-03-06,12.00%,5000.0,4961.23,30,800,false
[B0FVT2H1G9],amzn1.campaign.1NVOC8A6WG6KN,Earn 20% ($8.99) High Commission |5% Off Code| 3-in-1 Digital Laser Tape Measure,Elikliv,2026-03-06,2026-09-20,20.00%,99999.0,99999.0,88,800,false
[B0FVT2H1G9],amzn1.campaign.2S5EAOSA0QQW9,Earn 20% ($8.99) High Commission |5% Off Code| 3-in-1 Digital Laser Tape Measure,Elikliv,2026-03-06,2026-09-19,20.00%,99999.0,99999.0,87,800,false
"[B0DPH25L42, B0DL9WMNLJ]",amzn1.campaign.2DO6SA9UI7S9M,KSH-NSRG14,KarSpareHub,2026-03-06,2027-03-06,10.00%,5000.0,4972.6,43,800,false
[B0FVT2H1G9],amzn1.campaign.3OMNLI7M5LFSW,Earn 20% ($8.99) High Commission |5% Off Code| 3-in-1 Digital Laser Tape Measure,Elikliv,2026-03-06,2026-09-18,20.00%,99999.0,99999.0,90,800,false
[B0FVT2H1G9],amzn1.campaign.E9CJ1E5WNFX0,Earn 20% ($8.99) High Commission |5% Off Code| 3-in-1 Digital Laser Tape Measure,Elikliv,2026-03-06,2026-09-17,20.00%,99999.0,99999.0,95,800,false
"[B0FXG9NDSV, B0FXGH4SRB, B0FXGH2KJG, B0FXGFZN2N, B0FXGFMSR5, B0FXGCN2Y6, B0FXGJLTP7, B0FXGDFSMS, B0FXGCP4GQ, B0FXGFLHQH, B0FXG6T5QR, B0FXGFZZWK, B0FXGHWT8Q, B0FXGHN2ST, B0FXGFDG55, B0FXGBYCMW, B0FXG97P43, B0FXG99MFJ, B0FXG9YS6J, B0FXG9SM3C, B0FXGBQK17, B0FXGFH499, B0FXGDP47G, B0FXGBVKTX, B0FXGGG538]",amzn1.campaign.1R1IMNNIZ47UK,10% Mens Golf Shirt Long Sleeve Slim Fit Quick-Dry Performance Print Polo -3010A,lexiart,2026-03-06,2027-03-06,10.00%,1000000.0,1000000.0,0,800,false
"[B0D3D96J5G, B0DBVDX8WQ, B0CR338VMX, B0FPFKSWY7, B0CR2YJKW4]",amzn1.campaign.2K506HMCIRJ50,Spring Sale: Fix Your Toilet Leak in Minutes (+11%),RAINGOWN,2026-03-06,2027-03-02,11.00%,60000.0,60000.0,88,800,false
[B0FVT2H1G9],amzn1.campaign.347389E599EP1,Earn 20% ($8.99) High Commission |5% Off Code| 3-in-1 Digital Laser Tape Measure,Elikliv,2026-03-06,2026-09-16,20.00%,99999.0,99999.0,90,800,false
[B07FQ6PKPG],amzn1.campaign.PA70ZKHFOPMR,Grill Catch Pan Replacement Campaign – Keep Your Grill Clean & Cooking Strong,Uniflasy,2026-03-06,2027-03-06,10.00%,5000.0,4971.94,44,800,false
"[B0FSYZZBFG, B0F9PCSK8V]",amzn1.campaign.3FSKV4S5NQL3Y,KSH-NSRG08,KarSpareHub,2026-03-06,2027-03-06,10.00%,5000.0,4990.23,46,800,false
"[B0FP98FQMQ, B0GHGYFZHT, B0FP5HRYZ9, B0FP9GF2ZY, B0GHGDSNS9, B0FP9QJNPK, B0FPFS56JP, B0FP59BC4M, B0FPBMNXBP, B0FP9D88HX, B0GHFK9NTG, B0FNRY384M, B0FNWYDKPV, B0FP5HM36R, B0GHGFVXQD, B0FPBPLRLR, B0FPBPB3C4, B0GHFS2JXV, B0FPBMLJCC, B0FP3M7BRB, B0GHGP33V2, B0FP5SWDQJ, B0GHGCY9H3, B0FP9T8VT6, B0FPBK41WN, B0FPBKL9N9, B0FP9RCVT6, B0GHGCNQQF, B0FP9MMZ9Y, B0GHGDGTJ6, B0FP6KD2C8]",amzn1.campaign.3SZ0NTZN44ZB0,"Long-Term Cooperation – Stable Earnings Never Stop, 11% Commission Per Order",YCWSPEMR,2026-03-08,2027-03-07,11.00%,10000.0,9993.45,69,800,false
"[B0DZSYK4RB, B0FP4MN1SY]",amzn1.campaign.3Q1DK2MXDE26R,Wedding01,VinTS,2026-03-06,2027-03-06,10.00%,5000.0,4937.64,44,800,false
"[B0D3D96J5G, B0DBVDX8WQ, B0CR338VMX, B0FPFKSWY7, B0CR2YJKW4]",amzn1.campaign.28N8KVNWKSMNB,Fix Your Toilet Leak in Minutes – DIY Repair Kit (+11%),RAINGOWN,2026-03-06,2027-03-04,11.00%,60000.0,60000.0,86,800,false
[B0FK58B12W],amzn1.campaign.2Z87MLL94OD8M,"Sizzle Bigger, Cook Anywhere – Uniflasy Universal Grill Griddle",Uniflasy,2026-03-06,2026-10-31,10.00%,5001.0,4985.02,35,800,false
[B0FWCB594G],amzn1.campaign.2Q8SYLP16EF9E,PLYOR重锤引流计划10%-10%,PLYOR,2026-03-06,2027-02-28,10.00%,5000.0,4971.01,75,800,false
[B0F9P65JHB],amzn1.campaign.B2AOC7BABIZF,KSH-NSMX00,KarSpareHub,2026-03-06,2027-03-06,10.00%,5000.0,5000.0,52,800,false
[B0FDBD7SNF],amzn1.campaign.JLMEJ23ZDSC,Level up your next family dinner! (30% OFF + 10% Commission) 🥘,FGJ,2026-03-06,2027-03-06,10.00%,100000.0,99855.3,0,800,false
"[B0D3D96J5G, B0DBVDX8WQ, B0CR338VMX, B0FPFKSWY7, B0CR2YJKW4]",amzn1.campaign.SST5ZLGI60TC,DIY Toilet Repair Made Easy – Wax Ring & Gasket Kit (+11%),RAINGOWN,2026-03-06,2027-03-06,11.00%,30000.0,30000.0,98,800,false
"[B0G5YZRMPR, B0G5YT6TV9, B0G5YHBX9M, B0G5Z1QRLB, B0G5YN4KN3, B0G5QPQYBL, B0G5YSZRKJ, B0G5YSYFG2, B0G5YPK1Z2, B0G5YRMKTT, B0G5YQ3552, B0G5YPSP56, B0G5YPBDKN, B0G5YJ5K5D, B0G5YLTWB8]",amzn1.campaign.2QC1ZW7B8QPDN,FitsT4 Sports Women's UPF 50+ Sun Protection Hoodie Longline,FitsT4 Sports,2026-03-06,2026-10-31,10.00%,5000.0,4625.15,29,800,false
"[B0F9PBXQ3K, B0F2F2PT9W]",amzn1.campaign.2A4UJ5XZ2GO1Y,KSH-NSFT05,KarSpareHub,2026-03-06,2027-03-06,10.00%,5000.0,5000.0,39,800,false
"[B0FMRH24RK, B0G25BM4CB]",amzn1.campaign.3NRR9YKHTM64O,"Stop Searching, Start Building: An All-In-One Literacy Solution for Class & Home",LumiStar,2026-03-06,2027-03-06,10.00%,5000.0,4975.74,58,800,false
"[B0FGJ2RJ4T, B0FGJ6LS6Z, B0FGJ69C9L, B0FGJ6WB2N, B0FGJ8KFWQ]",amzn1.campaign.1LIPD4MCBA353,26Note04,VinTS,2026-03-06,2027-01-31,10.00%,5000.0,5000.0,41,800,false
[B0FHHND5S8],amzn1.campaign.8QOG92OOXY1B,NAD Liquid Supplement - 15% Commission ASIN:B0FHHND5S8,Totaria,2026-03-06,2027-03-06,15.00%,5000.0,4335.41,25,800,false
[B0GGRQFFRR],amzn1.campaign.202L5YR3LYNDA,Commission 15%！！！ -B0GGRQFFRR- 6.3Ft Metal Garden Obelisk Trellis,ROOLLYA,2026-03-06,2027-03-06,15.00%,10000.0,9712.51,20,800,false
"[B0F4N33TKD, B0F2J216LS, B0FFN3YND1, B0DXVJRWJJ, B0DXVGXPMC, B0DRXBD6QL, B0DSKQCYQ7, B0DRX9JPD5, B0F4N4WZHQ, B0DXVH89KG, B0DXVKW7QR, B0DRX77SJ1, B0DRX7W281, B0FFN69J6K, B0FGJ3VF62, B0F4N1G2MP, B0DXVH4CSS, B0FFYKNWFX, B0DRF5FJ62, B0F2J18LFK, B0DRX83KBY, B0DSKTWWLB, B0FFY38CR2, B0DXVHX1G3, B0F4N1CN8P, B0DRXB7B99, B0DRX7JSRX, B0F4N3BNN2, B0DSKTNTPQ, B0FG2WCQRD, B0F2J172V6, B0DRX931L8, B0DXVL1BCX, B0FFN1SNVD, B0DXVHVLBV, B0DSKQLPZS, B0DRF1WSM6, B0DXVGHCVY, B0DXVKW4RX, B0DXVKV5P2, B0DSKRYM8X, B0DRF4DHK8, B0DXVKW4RY, B0FFN3YP5R, B0FFN4YRN8, B0DXVKT2XB, B0FFN4VRNT, B0DSKS3CQ8, B0DXVJ29ZC, B0DXVHLMT8, B0DRX8PX8G, B0DRF4LBKX, B0F4N39GKM, B0DRF4SR6G, B0DRX8Q4FV, B0DSKQ84TR, B0DSKQ8RGG, B0F4N2FTRS, B0DXVHZ87G, B0DSKS1X6K, B0F4N2YGPD, B0DRX6NMH4, B0F2J12R97, B0DRX88LWQ, B0DXVH9794, B0DXVK42J3, B0DSKRDKZZ, B0FFN54541, B0F2J31SM4, B0DRX7P696, B0FFN2BG2W, B0DRF4WPXG, B0DXVK9KSX, B0DRX9XYYP, B0DRX83YGZ, B0DXVF9NRX, B0DRX883HZ, B0DXVHP2TZ, B0F2HZ6DVL, B0F2J15GY1, B0DSKQN9B6, B0DSKQMNFC, B0F2HZYQDY, B0DXVK1925, B0DSKS8GQ2, B0DRX6L4NM, B0DRF6R4F4, B0DXVGZ97Y, B0DRF53CC1, B0DXVGZQY8, B0DXVKZYVG, B0FFMZ6BD2, B0DRF4XJWB, B0F2HZ8XNY, B0DXVK15JN, B0DXVKH9N1, B0DSKSJWR1, B0F4N2KD6K, B0DSKS8HQV, B0DSKQ7GL4]",amzn1.campaign.3Y2N94B69MZT,Nokecina 2 Piece Girls Tankini Swimsuit,Nokecina,2026-03-06,2026-09-30,10.00%,5000.0,4364.38,14,800,false
"[B0F9PCGHVM, B0F9P9XJVF]",amzn1.campaign.1TOC28O7XQWIL,KSH-NSFT01,KarSpareHub,2026-03-06,2027-03-06,10.00%,5000.0,4978.3,41,800,false
[B0G11FRFLF],amzn1.campaign.3LXSJ11347KAN,Commission 15%！！！ -B0G11FRFLF- Thickened Garden Arch,ROOLLYA,2026-03-06,2027-03-06,15.00%,10000.0,9854.47,29,800,false
[B0FK56WG45],amzn1.campaign.1WMD1SJKUNVOG,Cook Anywhere Like a Pro – Join Our Stainless Steel Grill Griddle Campaign,Uniflasy,2026-03-06,2026-12-31,10.00%,5000.0,4957.7,27,800,false
[B0FJ5MLQFY],amzn1.campaign.3TIBFKA6667ZK,Earn 20% ($6) High Commission |5% Off Code |SEESII 3-in-1 Cabinet Hardware Jig,Seesii,2026-03-06,2026-09-15,20.00%,99999.0,99999.0,83,800,false
[B0F8NKHJWV],amzn1.campaign.3VZT4VJRBTPEG,6197 Roof Rack Cross Bars Compatible with VW Atlas Cross Sport 2020-2025,KINGGERI,2026-03-06,2027-03-06,10.00%,5000.0,4964.3,40,800,false
[B0FJ5MLQFY],amzn1.campaign.2Q8R5QUM61RKB,Earn 20% ($6) High Commission |5% Off Code |SEESII 3-in-1 Cabinet Hardware Jig,Seesii,2026-03-06,2026-09-14,20.00%,99999.0,99999.0,89,800,false
"[B0CR1DM2GJ, B0CR1DH5NX]",amzn1.campaign.21VXR9ZCJRQC2,Commission 15%！！！ -B0CR1DM2GJ- Thickened Rustproof Garden Arch,ROOLLYA,2026-03-06,2027-03-06,15.00%,10000.0,9902.81,9,800,false
[B0FJ5MLQFY],amzn1.campaign.1FUR9WZ0N7IUF,Earn 20% ($6) High Commission |5% Off Code |SEESII 3-in-1 Cabinet Hardware Jig,Seesii,2026-03-06,2026-09-13,20.00%,99999.0,99999.0,87,800,false
[B0FJ5MLQFY],amzn1.campaign.2M8679INTOEBM,Earn 20% ($6) High Commission |5% Off Code |SEESII 3-in-1 Cabinet Hardware Jig,Seesii,2026-03-06,2026-09-12,20.00%,99999.0,99999.0,90,800,false
"[B0D3D96J5G, B0DBVDX8WQ, B0CR338VMX, B0DBVFJQCV, B0FPFKSWY7, B0CR2YJKW4]",amzn1.campaign.1WXHGHP29IPEK,American Standard Toilet Leak Fix｜Tank to Bowl Gasket Kit (12% Bonus),RAINGOWN,2026-03-06,2027-02-28,12.00%,30000.0,30000.0,56,800,false
[B0FJ5MLQFY],amzn1.campaign.30BGYTPGPHZSJ,Earn 20% ($6) High Commission |5% Off Code |SEESII 3-in-1 Cabinet Hardware Jig,Seesii,2026-03-06,2026-09-11,20.00%,99999.0,99999.0,91,800,false
"[B0F53KK3XZ, B0F6V9VXYT]",amzn1.campaign.MV1PP1GIU8WL,"AREDS 2 Eye Vitamins and Mineral, 20% commission, ASIN: B0F53KK3XZ",Totaria,2026-03-06,2027-03-06,20.00%,5000.0,4781.41,14,800,false
[B0FJ5MLQFY],amzn1.campaign.2I7N71ZZZJNN1,Earn 20% ($6) High Commission |5% Off Code |SEESII 3-in-1 Cabinet Hardware Jig,Seesii,2026-03-06,2026-09-10,20.00%,99999.0,99999.0,91,800,false
"[B0FXLK8L4H, B0FXLGXLSB, B0FXLHSTH7, B0FXLL7NW1, B0FXLKZCYP, B0FXLMN56Q, B0FXLJNLD8, B0FXLK7SB8, B0FXLHMP7J, B0FXLMGX7C, B0FXLL18DF, B0FXLHFBV9, B0FXLL79TZ, B0FXLCLW33, B0FXLJHQ62, B0FXLH13BJ, B0FXLG61W3, B0FXLKPMF9, B0FXL9ZQNQ, B0FXLKHJM4, B0FXLK65S7, B0FXLGCS7G, B0FXLKWPNT, B0FXLMWZC9, B0FXLDWJZL, B0FXLL71LQ, B0FXLHTP3B, B0FXLLG43P, B0FXLGQY4Y, B0FXLL927D, B0FXLL9LSF, B0FXLG75PP, B0FXLM8SQK, B0FXLLTPVQ, B0FXKXW4MP]",amzn1.campaign.1M635Q7VN7PW2,10% Men's Golf Shirts Short Sleeve Loose Fit Moisture Wicking -3015A,lexiart,2026-03-06,2027-03-06,10.00%,1000000.0,1000000.0,0,800,false
[B0FJ5MLQFY],amzn1.campaign.2L6PJAW342UGH,Earn 20% ($6) High Commission |5% Off Code |SEESII 3-in-1 Cabinet Hardware Jig,Seesii,2026-03-06,2026-09-09,20.00%,99999.0,99999.0,91,800,false
"[B0FP98FQMQ, B0GHGYFZHT, B0FP9GF2ZY, B0FP5HRYZ9, B0GHGDSNS9, B0FPFS56JP, B0FP9QJNPK, B0FP59BC4M, B0FPBMNXBP, B0FP9D88HX, B0GHFK9NTG, B0FNRY384M, B0FNWYDKPV, B0FP5HM36R, B0GHGFVXQD, B0FPBPLRLR, B0FPBPB3C4, B0GHFS2JXV, B0FPBMLJCC, B0FP3M7BRB, B0GHGP33V2, B0FP5SWDQJ, B0GHGCY9H3, B0FPBK41WN, B0FP9T8VT6, B0FPBKL9N9, B0FP9RCVT6, B0GHGCNQQF, B0FP9MMZ9Y, B0GHGDGTJ6, B0FP6KD2C8]",amzn1.campaign.1WLHQX8HJPIZV,Maximize Your Earnings – Unlimited 11% Commission Opportunities!,YCWSPEMR,2026-03-07,2027-03-06,11.00%,10000.0,9989.37,66,800,false
[B0FJ5MLQFY],amzn1.campaign.2RL48WKY26DS4,Earn 20% ($6) High Commission |5% Off Code |SEESII 3-in-1 Cabinet Hardware Jig,Seesii,2026-03-06,2026-09-08,20.00%,99999.0,99999.0,92,800,false
[B0FK56CFPV],amzn1.campaign.2L7EYPTF62OGV,Cook Like a Pro on Your Grill,Uniflasy,2026-03-06,2027-01-31,10.00%,5000.0,4942.3,27,800,false
"[B0FQ569ZDM, B0FQ5916WB, B0FQ5BGNT2]",amzn1.campaign.1S7PVEDR37UM5,切菜机内容创作者计划,ysepoz,2026-03-06,2027-03-06,20.00%,5000.0,4911.4,16,800,false
[B0GD6BSM46],amzn1.campaign.1B9OUZN3M1VTM,0131G00000PS Furnace Draft Inducer Motor 15% commission,Xiwrdok,2026-03-06,2026-12-09,15.00%,5000.0,5000.0,45,800,false
[B0FJ5MLQFY],amzn1.campaign.1X8YRWE2ZHU53,Earn 20% ($6) High Commission |5% Off Code |SEESII 3-in-1 Cabinet Hardware Jig,Seesii,2026-03-06,2026-09-07,20.00%,99999.0,99999.0,92,800,false
"[B0CT3JQ2KQ, B0FLDM4DXX, B0FYLKT4VQ, B0CSS4N8ZJ, B0GF7YNCC1, B0CSYBCMMY, B0CDWLZVWF, B0CF4DPGZP, B0CF4J18ZP, B0GK9DMJTR, B0GK8XYTQL, B0FYNCM8SM, B0GFWQ6W4R, B0FYNH5X6T, B0FYNCGMW6, B0FYNBTR2R, B0GK92H8XC, B0GDG2V984, B0GFT1ZFF2, B0CT3JPXPR, B0FYLQBXX7, B0GK97TFWW, B0GDXLD28C, B0FYNHGJDY, B0GJCXXD29, B0FYNL4RJS, B0FYNFB2N6, B0CSSK7ZKB, B0FYLFJ6NN, B0GDXL5DNX, B0FYNH84H6, B0FYNDV7TK, B0GFT687JV, B0GJ5K7397, B0FLDHX5Z3, B0FNCGJ82W, B0FYNLX2M9, B0FYNL9358, B0CDWJM3QH, B0GDFVL2LV, B0FYNJQXCG, B0GFWVTRFV, B0GDXGV5K6, B0GJDFBFX9, B0FYLGYVS6, B0GK96LT7T]",amzn1.campaign.XABCPTJK8ME3,🔝Amazon's Choice 200+ Sales #10 in Trailer Tires #TFX,GARVEETECH,2026-03-06,2026-12-31,11.00%,20000.0,20000.0,24,800,false
[B0CLRCLYD7],amzn1.campaign.3L6ZZSS3Z8VV7,65 Cross Bars Fit for Jeep Grand Cherokee 2011-2021 with Grooved Side Rails,KINGGERI,2026-03-06,2027-03-06,10.00%,5000.0,4920.8,40,800,false
"[B0FPBPLRLR, B0FP98FQMQ, B0FPBPB3C4, B0FP9GF2ZY, B0FP5HRYZ9, B0FPBMLJCC, B0FP9QJNPK, B0FP3M7BRB, B0FP59BC4M, B0FP5SWDQJ, B0FPBMNXBP, B0FPBK41WN, B0FP9T8VT6, B0FPBKL9N9, B0FP9RCVT6, B0FP9D88HX, B0FP9MMZ9Y, B0FNRY384M, B0FNWYDKPV, B0FP5HM36R, B0FP6KD2C8]",amzn1.campaign.2KHDZ6VXZ4F3O,1. Earn 10% Commission – Launch Your Promotion & Profit Steadily!,YCWSPEMR,2026-03-06,2027-01-31,11.00%,10000.0,10000.0,56,800,false
[B0DP74HNV9],amzn1.campaign.2T8NQ60A1VL7H,"23"" × 16"" Cast Iron Griddle for Gas Grill & Stove Top",Uniflasy,2026-03-06,2026-11-30,10.00%,5000.0,4648.39,27,800,false
"[B0DZXKVJ9G, B0DZXJSN4B]",amzn1.campaign.2XKMBJ2Y8X2LK,VI-TYTC05,Vizotae,2026-03-06,2027-01-01,10.00%,5000.0,4979.43,45,800,false
[B0D1MRZKZ4],amzn1.campaign.2SN0XVRAOZRWK,汽车,JUNIQUTE,2026-03-06,2027-03-06,10.00%,55555.0,55467.25,44,800,false
"[B0GFF541KR, B0GFF9YV6Q, B0GFF7C3L4, B0GFF6WL2S, B0GFDX7JKG, B0GFFFB7HH, B0GFFC4PC8, B0GFF541K1, B0GFF7CV5N]",amzn1.campaign.5XDBZP8R89GZ,BrainKer Cute Chapstick Holder Keychain Creator Campaign,BrainKer,2026-03-06,2027-03-06,10.00%,100000.0,99989.4,22,800,false
[B0FJ5MLQFY],amzn1.campaign.2BA4L39F99E9Q,Earn 20% ($6) High Commission |5% Off Code |SEESII 3-in-1 Cabinet Hardware Jig,Seesii,2026-03-06,2026-09-06,20.00%,99999.0,99999.0,93,800,false
"[B0DZXH18CD, B0DZXLVMLX]",amzn1.campaign.1Q2YAGJ7YYITJ,VI-TYCR09,Vizotae,2026-03-06,2027-01-01,10.00%,5000.0,4975.4,46,800,false
"[B0GHYGJLFH, B0F134NC61, B0GHYMHLTM, B0GHYK36NP, B0DRF9JXFD, B0DRF9JP55, B0GHYSGZSG, B0GHYLZ465, B0F131KPSV, B0GHYDVHXB]",amzn1.campaign.9GH1F4HU14ZN,"10K+ bought in past Year,12% commission rate,B0DRF9JXFD,Plant Shade Umbrellas",Tryly,2026-03-06,2027-03-06,12.00%,5000.0,4957.23,26,800,false
"[B0F9Y7Q5DD, B0DXZ9GNYJ, B0DFFRX62F, B0D8SYLZTR, B0CJXY4LPB, B0GC63655Y, B0F9Y55SQF, B0CW5L7DYW, B0F6SLD213, B0DFG7VRQD, B0CJY36HLB, B0B8Z31271, B0F8NLRKQM, B0DPWSWZL7, B0DPWVX846, B0D8T3S76W, B0F8NQ84V7, B0F52SVLWS, B0CBTK5B6F, B0F8NKFQL4, B0C49J16R8, B0BM5QHZRD, B0F52SZCNV, B0F6T8F98Z, B0F9Y67YYB, B0D8S6M8X2, B0DFY49VG7, B0C3QYQTP9, B0C69JGJ3P, B0FC65HYMV, B0C3QY3GJX, B0FCXVNT12, B0F9Y4M2KW, B0DPWW6VH8, B0B7HQFFV8, B0F8NPWNRD, B0CNCMJYCK, B0FRMNY368, B0CNCFP281, B0CNCV9JLM, B0DSYXKZP3, B0FD2FT5DQ, B0GHWB91ZS, B0F6T2QWDG, B0CW56QN58, B0CW373VM5, B0C3QWN7TF, B0F6SYKHTK, B0D8T11GQW, B0D31BH3X8, B0F52YQQTC, B0F6T7SGDS, B0FCY8PHW6, B0F8NMLHST, B0F52KS6BQ, B0D8T3FSWN, B0BZVB9MF3, B0CYGTVKTG, B0DFFJ6223, B0BNWPB8QM, B0F6T8T2Y9, B0CHW38T2R, B0FC65NQ59, B0F8NN1FSP, B0CJXZKZ6M, B0CJXZFR7P, B0GD6WTPCN, B0G2LB46FS, B0CNCQ5BR9, B0FCXVX7Q8, B0F53GFV8R, B0F9Y955YP, B0C49DXGZP, B0FGQ67QCG, B0CJY2CJ8S, B0F8NQB61M, B0F6T37T2L, B0BZVHRWYN, B0CW5K7L2J, B0DWX2WJRC, B0FC671JVW, B0G7DLR7DK, B0FVS52JYN, B0FCY2P1GD]",amzn1.campaign.1I9LS6YVKUNW,红人推广,JFLLamp,2026-03-06,2027-03-06,10.00%,10000.0,9165.79,6,800,false
[B0FPWD52D8],amzn1.campaign.1F4FVWI0IUM8Y,Bed Sheet Holders for Corners,YLTNEUQER,2026-03-06,2026-12-31,10.00%,8000.0,7994.3,67,800,false
[B0DJ2Q91C3],amzn1.campaign.1G0T8J5MQ7JJ9,"Cook Bigger, Cook Better – Turn Your Grill into a Flat Top Kitchen",Uniflasy,2026-03-06,2026-11-30,10.00%,5000.0,4830.7,32,800,false
[B0F9P65R7Q],amzn1.campaign.2B7V2JYPIIGMW,KSH-NSFT9800-10,KarSpareHub,2026-03-06,2027-03-06,10.00%,5000.0,4979.1,47,800,false
"[B0FT8C53QF, B0GFW2LRTJ, B0GFVNSFJQ, B0FXL463W4, B0GGHTMBS5, B0GJRZ7Q1F, B0GD75V366, B0G39F4TQ1, B0FT87BPFY, B0GJS9H9X7, B0GGJ69CLH, B0GJSFDNFG, B0FGNSRQYR, B0GDDN7PB5, B0GJRTSCPV, B0GJRMM7D5, B0GFVWJQB9, B0GFWCRFDX, B0GDZPNKL5, B0FXGKBX5V, B0GD7D7HN3, B0GDCZGX79, B0GFW2KYMR, B0GDDGW451, B0GC9NGPG6, B0G6D76QQR, B0GGM8JBSS, B0GFWD6W54, B0GJS1HJLS, B0GJSC11NV, B0GD722GLF, B0G6DHQGXK, B0GFVPSJB6, B0GPQGBSFJ, B0GR4WD3HN, B0GDZK1L4B, B0GC96LDFV, B0FFHFHTQM, B0GKF6G3LM, B0GGHR2XNC, B0GFVZ8CP4, B0G3WW29H8, B0FXGXSH4M, B0GJSMHVG2, B0GFW1N9FR, B0GFVLMMBX, B0GD77NGDC, B0GDCQ2SB1, B0GGHQWH51, B0GCDQZZ8P, B0FT8FCJQ9, B0G6D65LDS, B0GJS5Z443, B0GFVWFLCF, B0GJSCR174, B0GJRJBRR9, B0GFVPL412, B0GQB4JL9R, B0GJSJ4W3F, B0GJS9M98X, B0GD75SKMP, B0GR4VM2QT, B0FXGZNSSC, B0GDZL5TNZ, B0GJSF844C, B0GFVSVWRW, B0GJS9VYF6, B0GR4PWMTD, B0GR4XD876, B0FN7KY17P, B0GJRWVRDQ, B0GFW6X6BV, B0GD7C4M7F, B0FT8BX7V5, B0GJSBYH2P, B0G3WQKZYV, B0GQBHY9TB, B0GJS7VRZY, B0GJS22VNS, B0GDDTBWW5, B0GCC4NVV9, B0GFW1JGLD, B0GFW23DNF, B0G65C9749, B0GJS5VB9C, B0GD7FJXQP, B0GJSFTY8L, B0GDZLSTS4, B0GFVWF36G, B0GDZCP6PH, B0FN7KB8L7, B0GFVVLP2M, B0GD78QYQ1, B0GGJ8Q33F, B0GDZJJSYB, B0GPQGB699, B0GGHZV8SQ, B0GFW1WVRC, B0GC9ZKH4D, B0GFW8K3YY, B0GPQD6KQG, B0GDDTQC9J, B0GFWFQDMP, B0GR4PM4JX, B0GJS6XGD1, B0GJRVQ6BR, B0GDZSJGZ3, B0G3WPW9S8, B0GDZPWSGQ, B0FGNHNPTJ, B0GJS8DRVH, B0FXGM5C54, B0GFVV48XR, B0GPQBW7RM, B0GGJ6NWXN, B0GGHVKYYL, B0GGHYM6BG, B0G3WRB6KW, B0GD76CSD2, B0GJRPQH42, B0GJRQVR28, B0GD73MNL6, B0GR4W1SLZ, B0FGNJWRKK, B0GPQ7CYQF, B0GJS5MTMC, B0GJS4XC6D, B0G6D631HJ, B0GJS6Q5FX, B0FGNZJFSJ, B0GFW565NY, B0GD77PN7D, B0GFW71GHS, B0GJSB2M4J, B0GGB6V9HH, B0GJS7ZK2L, B0GJSR1634, B0GBWGDPVY, B0GJS9C37B, B0GJSF6XV6, B0GGHSRRDC]",amzn1.campaign.3089Q6LRZEW4,🆕Snap Up!🥇Top #1 New Release in Hammocks 10%off#TFX,GARVEETECH,2026-03-06,2026-12-31,11.00%,20000.0,20000.0,18,800,false
[B0CWYCXJBH],amzn1.campaign.34PDX63HEPPCF,mini hydroponic system,HORTHERO,2026-03-20,2027-03-20,15.00%,5000.0,5000.0,41,800,false
"[B0D25XVJ93, B0CCXTBKDZ, B0D25TMPWN]",amzn1.campaign.11RB5JM8NX9JC,🔥 Unlock 10% Commissions with Infrared Hair Iron Creator Program! 🔥[HS0118] 5,IG INGLAM,2026-03-06,2026-12-31,10.00%,5000.0,4980.5,18,800,false
[B0DJ2Q12XH],amzn1.campaign.3LLMA9AAA6EZA,Universal Grill Griddle Commi 10% (800 units/month),Uniflasy,2026-03-06,2026-12-31,10.00%,5000.0,4758.51,41,800,false
[B0CWYCXJBH],amzn1.campaign.D4H32DCBURCN,hydroponics supplies,HORTHERO,2026-03-19,2027-03-19,15.00%,5000.0,5000.0,90,800,false
[B0CWYCXJBH],amzn1.campaign.VREIY1HQX349,aerogarden replacement parts,HORTHERO,2026-03-18,2027-03-18,15.00%,5000.0,5000.0,93,800,false
[B0GG92SC6H],amzn1.campaign.1UGZM44XV3QHS,"Collaboration Invitation: YCTEL IoT Data-Only SIM Card, 10% Commission",YCTEL,2026-03-06,2027-01-31,10.00%,5000.0,5000.0,48,800,false
[B0CWYCXJBH],amzn1.campaign.3GKE0HNFUAKLE,aerogarden pump replacement,HORTHERO,2026-03-17,2027-03-17,15.00%,5000.0,5000.0,88,800,false
[B0GHR5433V],amzn1.campaign.1Q9JL0WL7LM96,Tic Tac Toe Pool Toys Games Set 30%,oyeftp,2026-03-06,2027-03-06,30.00%,10000.0,9643.04,0,800,false
[B0CWYCXJBH],amzn1.campaign.4LG2GALFHPRD,aerogarden bounty elite,HORTHERO,2026-03-16,2027-03-16,15.00%,5000.0,5000.0,90,800,false
"[B0DKBQ4DDQ, B0DKBMW2TD, B0DKBR48TS, B0DKBRFWD5, B0DKBNYLKM]",amzn1.campaign.1LRXV7X2BMEF9,Azmall Bluetooth Wireless Mouse with Built-in Undetectable Mouse Jiggler,Azmall,2026-03-06,2026-10-09,10.00%,10000.0,9841.19,21,800,false
"[B0G928NCG2, B0CL9P134R, B0FM8RBGTM, B0CCHSY1D4, B0CCHSX6LV, B0FX2MZSL6, B0DG2GTJN1, B0GH6QBF1F, B0G1BLZLGH, B0G3PZ3XD8, B0G92J12B7, B0CCHXRYZL, B0GH19DRNK, B0GH6GG4DS, B0G13H3W2B, B0G1YLGNQX, B0FY11C1S8, B0G92XSV2T, B0CL9NCN2L, B0CL9HQFSY, B0GH6RVF8B, B0FWRSFZVG, B0FWK3BRD9, B0FX2QB3Q3, B0CL9Q8P9H, B0CL9NLZGS, B0FX2SF89L, B0GH6F3VG2, B0G1YPQMSS, B0CCHYVD4H, B0GGSXY1DM, B0G1BRSZP8, B0FX2QT3QV, B0CCHV4V9F, B0G3PWVMX9, B0FZTFZ7R7, B0G92FN3P4, B0CLLGZQBQ, B0G12ZBXRQ, B0GGSTSN8S, B0FWRP24QS, B0FMRLGJ8W, B0G3Q2JKKJ, B0CCHPVPVP, B0G92M7CPQ, B0FX2SCFM9, B0G3PWYF9D, B0CCHT65SV, B0DG2JP4GH, B0FXZXTLS6, B0FWRRGHRP]",amzn1.campaign.GGO7QJM6C6R0,"💵Co 12%!🔝200+ Bought Top Multi-function Lawn,Garden Tools 10%off#TFX",GARVEETECH,2026-03-06,2026-10-01,12.00%,20000.0,19833.48,0,800,false
[B0CTD1P57V],amzn1.campaign.KCGX37U8WR47,Suede Auto Headliner Fabric,Hiksuky,2026-03-06,2027-03-06,10.00%,999999.0,999999.0,80,800,false
"[B0GCYN3CKW, B0GCY1VRDJ, B0GCY97G3X]",amzn1.campaign.GB5N8G0C9ELA,"十字架🕯️ 24/7 SOLAR COMFORT: WHEN DARKNESS FALLS, HOPE STANDS GUARD!",Weibefee,2026-03-06,2027-03-06,10.00%,5000.0,4985.18,65,800,false
"[B0DZXHV6MV, B0DZXFPWFD, B0DZXG5ZX8]",amzn1.campaign.21HZCNHN8F6TA,VI-TYCM07,Vizotae,2026-03-06,2027-01-01,10.00%,5000.0,4969.95,47,800,false
[B09ZTVZG2T],amzn1.campaign.1FV8D7YLEE3QU,Earn 20%($17.99) High Commission| 5% Off Code |SEESII High-Torque Impact Wrench,Seesii,2026-03-06,2026-09-15,20.00%,99999.0,99999.0,64,800,false
[B09ZTVZG2T],amzn1.campaign.3E5VS6GG3HNTS,Earn 20%($17.99) High Commission| 5% Off Code |SEESII High-Torque Impact Wrench,Seesii,2026-03-06,2026-09-14,20.00%,99999.0,99999.0,82,800,false
[B0CWYCXJBH],amzn1.campaign.OSJ4DT1IJL4O,hydroponics pump,HORTHERO,2026-03-15,2027-03-15,15.00%,5000.0,5000.0,94,800,false
"[B0GCJ147NP, B0GCYZZTM2, B0GCYHYB6Y]",amzn1.campaign.2HSXGO3P0Y79I,太阳能地插✨ FAIRY DUST GLOWS AT DUSK: YOUR GARDEN JUST GOT ENCHANTED!,Weibefee,2026-03-06,2027-03-06,10.00%,5000.0,4981.88,64,800,false
"[B0FVSTWXX4, B0FVSFX6HP, B0FVSR5618, B0FVS7SCBW, B0FVFHCW8R, B0FVSDTYP8, B0FVSHYSF4, B0FVFKDCZ1]",amzn1.campaign.3LS26WAOMFLXR,347-348壁灯,TYhogar,2026-03-06,2026-12-31,15.00%,5000.0,4917.83,26,800,false
[B09ZTVZG2T],amzn1.campaign.3YFEAPDIHM8Z,Earn 20%($17.99) High Commission| 5% Off Code |SEESII High-Torque Impact Wrench,Seesii,2026-03-06,2026-09-13,20.00%,99999.0,99999.0,85,800,false
[B09ZTVZG2T],amzn1.campaign.19J6XQARRLGYT,Earn 20%($17.99) High Commission| 5% Off Code |SEESII High-Torque Impact Wrench,Seesii,2026-03-06,2026-09-12,20.00%,99999.0,99999.0,80,800,false
[B09ZTVZG2T],amzn1.campaign.1PD50SKY4550Y,Earn 20%($17.99) High Commission| 5% Off Code |SEESII High-Torque Impact Wrench,Seesii,2026-03-06,2026-09-11,20.00%,99999.0,99999.0,79,800,false
"[B0G9FG4JLC, B0G9FVR21Y]",amzn1.campaign.20PLVB1ZLK9N6,复活节花园桩💛 LITTLE YELLOW THERAPISTS: STRESS MELTS WITH EVERY PEEP!,Weibefee,2026-03-06,2027-03-06,10.00%,5000.0,4996.1,69,800,false
[B0CWYCXJBH],amzn1.campaign.G06O8BDSLWU0,aerogarden accessories,HORTHERO,2026-03-14,2027-03-14,15.00%,5000.0,5000.0,94,800,false
[B0CWYCXJBH],amzn1.campaign.2YNZK1JE0UUVI,aerogarden farm,HORTHERO,2026-03-13,2027-03-12,15.00%,5000.0,5000.0,87,800,false
"[B0G9FWFFJ5, B0G9FVRC6J, B0GCZ421FZ]",amzn1.campaign.2KOGLI2TE1EWD,"花朵地插⚡ 5-MINUTE YARD GLOW-UP: STAB, SPIN, DONE!",Weibefee,2026-03-06,2027-03-06,10.00%,5000.0,4985.84,65,800,false
[B0CWYCXJBH],amzn1.campaign.EGOWBMDS4W98,aerogarden clearance,HORTHERO,2026-03-12,2027-03-11,15.00%,5000.0,5000.0,96,800,false
[B09ZTVZG2T],amzn1.campaign.1XH4VDB5DN4YK,Earn 20%($17.99) High Commission| 5% Off Code |SEESII High-Torque Impact Wrench,Seesii,2026-03-06,2026-09-10,20.00%,99999.0,99999.0,81,800,false
[B09ZTVZG2T],amzn1.campaign.2VB06A4UFMT4B,Earn 20%($17.99) High Commission| 5% Off Code |SEESII High-Torque Impact Wrench,Seesii,2026-03-06,2026-09-09,20.00%,99999.0,99999.0,80,800,false
"[B0DQ5GNWNB, B0DQ72C9L7, B0DX25GK72, B0FN3SNN1H, B0DQY81ZTP, B0FM7VT1GZ, B0FM7SMXG9, B0FN3T5NMR, B0FN3VF47T]",amzn1.campaign.1W9J5E8KZ34EY,📦 25% off BIGGEST DEAL – GarveeHome 6-drawer fluted dresser!#Eva,GarveeHome,2026-03-08,2026-10-31,10.00%,30000.0,30000.0,47,800,false
"[B0GCZ6QF6N, B0GCZBKLFL, B0GCZJ75F2]",amzn1.campaign.3MOHFKD1UXCTI,书档💃 WHEN METAL CAPTURES THE RHYTHM OF LIFE,Weibefee,2026-03-06,2027-03-06,10.00%,5000.0,5000.0,71,800,false
[B0CWYCXJBH],amzn1.campaign.1EDWMYVSYF4PY,large hydroponics growing system,HORTHERO,2026-03-11,2027-03-10,15.00%,5000.0,5000.0,92,800,false
[B09ZTVZG2T],amzn1.campaign.2AU3USIW7ZRZW,Earn 20%($17.99) High Commission| 5% Off Code |SEESII High-Torque Impact Wrench,Seesii,2026-03-06,2026-09-08,20.00%,99999.0,99999.0,80,800,false
"[B0DZXL49KN, B0DZXFMPPQ]",amzn1.campaign.2FIJQP5E3068P,VI-TY4R06,Vizotae,2026-03-06,2027-01-01,10.00%,5000.0,4964.61,48,800,false
[B09ZTVZG2T],amzn1.campaign.10G6T0LMKY8Y9,Earn 20%($17.99) High Commission| 5% Off Code |SEESII High-Torque Impact Wrench,Seesii,2026-03-06,2026-09-07,20.00%,99999.0,99999.0,76,800,false
[B09ZTVZG2T],amzn1.campaign.2HKB9WXVJQM90,Earn 20%($17.99) High Commission| 5% Off Code |SEESII High-Torque Impact Wrench,Seesii,2026-03-06,2026-09-06,20.00%,99999.0,99999.0,80,800,false
[B0CWYCXJBH],amzn1.campaign.1V3SX9AXDSF8Q,aerogarden harvest,HORTHERO,2026-03-10,2027-03-09,15.00%,5000.0,5000.0,93,800,false
"[B0GCW3Z1HR, B0GCWGGX9H, B0GCWFZ3Y7, B0GCWWDJXD, B0GCWB89BL, B0GCWZF93F, B0GCWYZNPZ, B0GCWGFT26, B0GCWZ6LMS, B0GCWTLMJH, B0GCWZR7HF, B0GCWRWYLH, B0GCWRDLQL, B0GCWXBR26, B0GCX1834D, B0GCWPSHCH, B0GCWHXJ8Z, B0GCWNFK8J, B0GCWQ7DLV, B0GCWX6FG3, B0GCWMSFW9, B0GCWV5HBP, B0GCWD1F79, B0GCWNRFZQ, B0GCWR2782, B0GCWGK8GT, B0GCX3R4D3, B0GCW3Y4C9, B0GCX3DKPN, B0GCWTKFG3]",amzn1.campaign.1IDRDZC7JWZ7W,12% commissions KY016,HOZIY,2026-03-06,2027-03-01,12.00%,5000.0,4799.12,3,800,false
"[B0CMXBL8MQ, B0CT2HYYMN]",amzn1.campaign.1TLKPGNU6IGAM,黑粉大卡-创作者计划-2026,YiKaLus,2026-03-06,2027-03-06,15.00%,10000.0,10000.0,36,800,false
"[B0GLZ3CXB4, B0G48L3CC7, B0G48P2J6V, B0G12Y2H4W, B0GCNK6WN5, B0GLZ7X7DH, B0CRHBS77M, B0G48NJNWS, B0GCNNRHK8, B0GCMYJQKZ, B0G133JZN3, B0GCN8DGK8, B0G12YWJCX, B0FSXK38Y5, B0GLZ7M5JT, B0G48P2FND, B0FSXJNVDX, B0FSXH4GJ7, B0GCNJCNZN, B0G48N3RNL, B0FSXJQRMZ, B0GCNKPDTX, B0GLZ6WJMY, B0G48N453H, B0G1TBFBH1, B0G12XRVHV, B0GLZ3P84P, B0GCNPP5HL, B0GLZ9JDX3, B0GCNNF6QJ, B0DKJR55QX, B0FZK5QVYD, B0GCNT4WBH, B0GCNMLSCW, B0GLZ3W644, B0GCN93YTP, B0GLZ7YSMQ, B0GCNK7RXH, B0GCN4LHLL]",amzn1.campaign.3GN4AWK9ALQJ3,💖Go Go!💸400+ Sales Top #18 in ATV Mud Tires 10%off#TFX,GARVEETECH,2026-03-06,2026-10-01,11.00%,20000.0,20000.0,67,800,false
[B0B17GV57J],amzn1.campaign.24XOULX5OPOTG,"Earn Commission Promoting 25"" Nonstick Grill Griddle (Hot Seller | 800+Sales/MO)",Uniflasy,2026-03-06,2027-01-31,10.00%,5000.0,4959.43,50,800,false
"[B0G5MVJ511, B0GC58KBHC]",amzn1.campaign.V3KKP6RVE5SU,🐣 Easter Egg-stravaganza: Hop to It! Earn 12% + Fans Save 40%,SKYFIRE,2026-03-07,2026-10-31,12.00%,5000.0,5000.0,92,800,false
[B07JHBJTW7],amzn1.campaign.248HEBITWYB2I,Restore Your Char-Griller – Keep the Fire Going,Uniflasy,2026-03-06,2027-03-06,10.00%,5000.0,4907.0,46,800,false
[B0CWYCXJBH],amzn1.campaign.38QOJGMIY6S9K,aerogarden bounty,HORTHERO,2026-03-09,2027-03-08,15.00%,5000.0,5000.0,97,800,false
"[B0GCW3Z1HR, B0GCWGGX9H, B0GCWFZ3Y7, B0GCWWDJXD, B0GCWB89BL, B0GCWZF93F, B0GCWYZNPZ, B0GCWGFT26, B0GCWZ6LMS, B0GCWTLMJH, B0GCWZR7HF, B0GCWRWYLH, B0GCWRDLQL, B0GCWXBR26, B0GCX1834D, B0GCWPSHCH, B0GCWHXJ8Z, B0GCWNFK8J, B0GCWQ7DLV, B0GCWX6FG3, B0GCWMSFW9, B0GCWV5HBP, B0GCWD1F79, B0GCWNRFZQ, B0GCWR2782, B0GCWGK8GT, B0GCX3R4D3, B0GCW3Y4C9, B0GCX3DKPN, B0GCWTKFG3]",amzn1.campaign.1B38NCRMRBMYS,10% commissions KY016,HOZIY,2026-03-06,2027-03-01,10.00%,5000.0,5000.0,76,800,false
"[B0FHH4QJM7, B0FHH4815F]",amzn1.campaign.3RU2PHYLL1O32,654父体活动,TYhogar,2026-03-06,2026-12-31,12.00%,5000.0,5000.0,46,800,false
"[B0FSZZZ9FX, B0DJM4JC2D, B0DBSKCHZC, B0FLJWQMTZ, B0DK4J5T75, B0D4MJSG79, B0FBR1Y9GQ, B0FH1QRDPH, B0F53N9PBY, B0FWK9J3JX, B0D89THPLK, B0DMVZ2TYP, B0DRC4J4PW, B0D9LXX77Y, B0G4TBJP55, B0DQTMY7W6, B0DD6CWMJZ, B0DBH1SB4H, B0F637NXVC, B0DR2HG2HH, B0FDJH8JW2, B0DLVQ54K3, B0FBWKSF7K, B0DB88CDC4, B0D62V967V, B0FFM8SFJC, B0FGXNDDRV, B0F3WWRJDF, B0DFNXQNVN, B0DG8ZVDTH, B0FL1F9RC4, B0D7ZZKHG7, B0CQPJVXQJ, B0D9N2B61B, B0D6TV1JCT, B0DQKWY3RP, B0DRD25JSF, B0D7W2TJMH, B0DFW3V17B, B0D8JHP26H, B0CZP3P96X, B0DBPV65G7, B0FP545PD1, B0G4M9XSXT, B0DWMZ7VR5, B0FS6Y6HDL, B0D9H463N8, B0FZFKK2WL, B0DX1V5FTQ, B0G4TBHFSB, B0DJKL2H8X, B0DK4HLLR9, B0G41L7NT6, B0F638SGBJ, B0D62N7TL4, B0DQPK6BYN, B0DKTK4GN8, B0DP884NXF, B0FRQRJ5CM, B0DLVVHHMD, B0FG6QSGMC, B0FGCPGNJP, B0DB8DQ2H7, B0DLNSQ91C, B0CLV2JGWF, B0DK4GPWCT, B0FS65RTKS, B0DQTRDV3G, B0F7K333KY, B0FS66PD5H, B0FP5D15SV, B0DBCCW7TB, B0F53VYPC7, B0D9N3FK62, B0DFNMW5PQ, B0D2RHC862, B0DD775TLX, B0D73M5CNM, B0D89Y48QN, B0DMVXH9WL, B0DPZYZ3BH, B0FMFD2RMF, B0G4MDGRTN, B0F8NRTFVN, B0G3WSQW43, B0FFLS5QCQ, B0FP6MN3ZX, B0CP7T58BM, B0DSP9L7B8, B0DNT8D3ZW, B0DJ1CHCV7, B0FX22HF1N, B0DRZJNP8N, B0DLKX1CVD, B0DBPP7SPR, B0DB894M2Q, B0DKXC8HZM, B0FBRYLX8C, B0FSJXBV7S, B0FMDHGXKV, B0DRFDBW1B, B0DRFFTD5K, B0D73LQVJY, B0FFSXVXH9, B0F7L8C72T, B0G4LC6R3J, B0F7H16VYW, B0FP53YT6J, B0FG266T4R, B0F53WQZ7W]",amzn1.campaign.2Z2H024CXWEUI,Party Planning Made Easy ✨ Yingoto All-in-One Set,Yingoto,2026-03-06,2026-11-03,10.00%,5000.0,5000.0,66,800,false
[B0F28L2GN2],amzn1.campaign.1QQMYEEOG3CA1,Sitroasho+JC+Mother's Day Fondant Mold Set+commission10%,Sitroasho,2026-03-06,2027-02-28,10.00%,5000.0,4995.8,41,800,false
"[B0F9PF1QZR, B0F9PBLTRY, B0D2D2GMPB, B0D9GPR9LS, B0FWKBGLJS, B0FWK8SCWL]",amzn1.campaign.D00HE3HUNSQP,KSH-NSAT13,KarSpareHub,2026-03-06,2027-03-06,10.00%,5000.0,4976.3,47,800,false
"[B0DLW6WBQB, B0D47529YR, B0DCBVT5MM, B0DCZ31CQL]",amzn1.campaign.CN962QKLTZ5A,KSH-TY4R06,KarSpareHub,2026-03-06,2027-01-01,10.00%,5000.0,4875.58,47,800,false
"[B0GLF5DP3R, B0G6ZFRFTR, B0GM459LL5, B0GL26BYPT, B0FPXHN11J, B0FNV5CZ45, B0G4W9VLDG, B0G6ZCW7DW, B0GMFLVJ86, B0FWRFGWHR, B0FQ4XYNFN, B0GFLYCX3C, B0G4W5XD3N, B0GFM7TSY9, B0GL1T3MVS, B0FNVJPTJ5, B0G4W8LZ83, B0G4W642PK, B0GGH8ZW8Z, B0GFCN3DCJ, B0G7171DPS, B0FPCVCLVM, B0GMQ9JN12, B0GFMSQTSZ, B0FWRFPXZZ, B0FQ4ZSQY9, B0FXQRRX1J]",amzn1.campaign.1H6Q8QNB77DKY,📢Snap Up📌Top Outdoor Multi-function Tools On Sale#TFX,GARVEETECH,2026-03-06,2026-10-01,11.00%,20000.0,18874.86,14,800,false
[B0CWYCXJBH],amzn1.campaign.3RVAEFY9XKPCC,aerogarden,HORTHERO,2026-03-08,2027-03-08,15.00%,5000.0,5000.0,102,800,false
"[B0FSZZZ9FX, B0DJM4JC2D, B0DBSKCHZC, B0FLJWQMTZ, B0DK4J5T75, B0D4MJSG79, B0FBR1Y9GQ, B0FH1QRDPH, B0F53N9PBY, B0FWK9J3JX, B0D89THPLK, B0DMVZ2TYP, B0DRC4J4PW, B0D9LXX77Y, B0G4TBJP55, B0DQTMY7W6, B0DD6CWMJZ, B0DBH1SB4H, B0F637NXVC, B0DR2HG2HH, B0FDJH8JW2, B0DLVQ54K3, B0FBWKSF7K, B0DB88CDC4, B0D62V967V, B0FFM8SFJC, B0FGXNDDRV, B0F3WWRJDF, B0DFNXQNVN, B0DG8ZVDTH, B0FL1F9RC4, B0D7ZZKHG7, B0CQPJVXQJ, B0D9N2B61B, B0D6TV1JCT, B0DQKWY3RP, B0DRD25JSF, B0D7W2TJMH, B0DFW3V17B, B0D8JHP26H, B0CZP3P96X, B0DBPV65G7, B0FP545PD1, B0G4M9XSXT, B0DWMZ7VR5, B0FS6Y6HDL, B0D9H463N8, B0FZFKK2WL, B0DX1V5FTQ, B0G4TBHFSB, B0DJKL2H8X, B0DK4HLLR9, B0G41L7NT6, B0F638SGBJ, B0D62N7TL4, B0DQPK6BYN, B0DKTK4GN8, B0DP884NXF, B0FRQRJ5CM, B0DLVVHHMD, B0FG6QSGMC, B0FGCPGNJP, B0DB8DQ2H7, B0DLNSQ91C, B0CLV2JGWF, B0DK4GPWCT, B0FS65RTKS, B0DQTRDV3G, B0F7K333KY, B0FS66PD5H, B0FP5D15SV, B0DBCCW7TB, B0F53VYPC7, B0D9N3FK62, B0DFNMW5PQ, B0D2RHC862, B0DD775TLX, B0D73M5CNM, B0D89Y48QN, B0DMVXH9WL, B0DPZYZ3BH, B0FMFD2RMF, B0G4MDGRTN, B0F8NRTFVN, B0G3WSQW43, B0FFLS5QCQ, B0FP6MN3ZX, B0CP7T58BM, B0DSP9L7B8, B0DNT8D3ZW, B0DJ1CHCV7, B0FX22HF1N, B0DRZJNP8N, B0DLKX1CVD, B0DBPP7SPR, B0DB894M2Q, B0DKXC8HZM, B0FBRYLX8C, B0FSJXBV7S, B0FMDHGXKV, B0DRFDBW1B, B0DRFFTD5K, B0D73LQVJY, B0FFSXVXH9, B0F7L8C72T, B0G4LC6R3J, B0F7H16VYW, B0FP53YT6J, B0FG266T4R, B0F53WQZ7W]",amzn1.campaign.169620SUPHPSY,Turn Every Party into a Celebration! 🎉 Premium Tableware Sets Campaign,Yingoto,2026-03-06,2026-10-15,10.00%,5000.0,5000.0,73,800,false
[B0CWYCXJBH],amzn1.campaign.1OCKQFHBQ9XTM,aero garden,HORTHERO,2026-03-07,2027-03-07,15.00%,5000.0,5000.0,98,800,false
[B0CWYCXJBH],amzn1.campaign.3CY43VQB449R9,hydroponic pump,HORTHERO,2026-03-06,2027-03-06,15.00%,5000.0,5000.0,97,800,false
"[B0F9DXCX22, B0F9D5KBFC]",amzn1.campaign.I17J95G20F6C,Zipper Binder with Water Bottle Holder,HINOOR,2026-03-06,2026-09-30,10.00%,5000.0,4749.81,49,800,false
"[B0FSZZZ9FX, B0DJM4JC2D, B0DBSKCHZC, B0FLJWQMTZ, B0DK4J5T75, B0D4MJSG79, B0FBR1Y9GQ, B0FH1QRDPH, B0F53N9PBY, B0FWK9J3JX, B0D89THPLK, B0DMVZ2TYP, B0DRC4J4PW, B0D9LXX77Y, B0G4TBJP55, B0DQTMY7W6, B0DD6CWMJZ, B0DBH1SB4H, B0F637NXVC, B0DR2HG2HH, B0FDJH8JW2, B0DLVQ54K3, B0FBWKSF7K, B0DB88CDC4, B0D62V967V, B0FFM8SFJC, B0FGXNDDRV, B0F3WWRJDF, B0DFNXQNVN, B0DG8ZVDTH, B0FL1F9RC4, B0D7ZZKHG7, B0CQPJVXQJ, B0D9N2B61B, B0D6TV1JCT, B0DQKWY3RP, B0DRD25JSF, B0D7W2TJMH, B0DFW3V17B, B0D8JHP26H, B0CZP3P96X, B0DBPV65G7, B0FP545PD1, B0G4M9XSXT, B0DWMZ7VR5, B0FS6Y6HDL, B0D9H463N8, B0FZFKK2WL, B0DX1V5FTQ, B0G4TBHFSB, B0DJKL2H8X, B0DK4HLLR9, B0G41L7NT6, B0F638SGBJ, B0D62N7TL4, B0DQPK6BYN, B0DKTK4GN8, B0DP884NXF, B0FRQRJ5CM, B0DLVVHHMD, B0FG6QSGMC, B0FGCPGNJP, B0DB8DQ2H7, B0DLNSQ91C, B0CLV2JGWF, B0DK4GPWCT, B0FS65RTKS, B0DQTRDV3G, B0F7K333KY, B0FS66PD5H, B0FP5D15SV, B0DBCCW7TB, B0F53VYPC7, B0D9N3FK62, B0DFNMW5PQ, B0D2RHC862, B0DD775TLX, B0D73M5CNM, B0D89Y48QN, B0DMVXH9WL, B0DPZYZ3BH, B0FMFD2RMF, B0G4MDGRTN, B0F8NRTFVN, B0G3WSQW43, B0FFLS5QCQ, B0FP6MN3ZX, B0CP7T58BM, B0DSP9L7B8, B0DNT8D3ZW, B0DJ1CHCV7, B0FX22HF1N, B0DRZJNP8N, B0DLKX1CVD, B0DBPP7SPR, B0DB894M2Q, B0DKXC8HZM, B0FBRYLX8C, B0FSJXBV7S, B0FMDHGXKV, B0DRFDBW1B, B0DRFFTD5K, B0D73LQVJY, B0FFSXVXH9, B0F7L8C72T, B0G4LC6R3J, B0F7H16VYW, B0FP53YT6J, B0FG266T4R, B0F53WQZ7W]",amzn1.campaign.1DLRQM1DTTS5T,Turn Every Party into a Celebration! 🎉 Premium Tableware Sets Campaign,Yingoto,2026-03-06,2026-11-02,10.00%,5000.0,5000.0,73,800,false
[B0B178GLWR],amzn1.campaign.108590X9JEAS6,Universal Grill Griddle – Turn Your Grill into a Flat Top!,Uniflasy,2026-03-06,2026-12-31,10.00%,5000.0,5000.0,60,800,false
[B0G2XD39VY],amzn1.campaign.64AIKTT7AX9W,WE04X24550 dryer timer 12% commission,Emnrod,2026-03-06,2026-09-29,12.00%,5000.0,4959.93,57,800,false
"[B0CTQ4WYNX, B0CTQNDFRF]",amzn1.campaign.HK8CUJ6HUFI8,KSH-TYTD07,KarSpareHub,2026-03-06,2027-01-01,10.00%,5000.0,4547.98,41,800,false
"[B0F8Q3W55J, B0F8PZ3VWY]",amzn1.campaign.1WSEP51UQ17OX,KSH-NSAT07,KarSpareHub,2026-03-06,2027-03-06,10.00%,5000.0,5000.0,43,800,false
"[B0DGXXWZDL, B0DGXVBPMF, B0982TZHCF]",amzn1.campaign.116LPZFSFPTQK,Sweet Serve Campaign All,Sammray,2026-03-06,2026-12-31,15.00%,15000.0,11814.5,10,800,false
"[B0FSZZZ9FX, B0DJM4JC2D, B0DBSKCHZC, B0FLJWQMTZ, B0DK4J5T75, B0D4MJSG79, B0FBR1Y9GQ, B0FH1QRDPH, B0F53N9PBY, B0FWK9J3JX, B0D89THPLK, B0DMVZ2TYP, B0DRC4J4PW, B0D9LXX77Y, B0G4TBJP55, B0DQTMY7W6, B0DD6CWMJZ, B0DBH1SB4H, B0F637NXVC, B0DR2HG2HH, B0FDJH8JW2, B0DLVQ54K3, B0FBWKSF7K, B0DB88CDC4, B0D62V967V, B0FFM8SFJC, B0FGXNDDRV, B0F3WWRJDF, B0DFNXQNVN, B0DG8ZVDTH, B0FL1F9RC4, B0D7ZZKHG7, B0CQPJVXQJ, B0D9N2B61B, B0D6TV1JCT, B0DQKWY3RP, B0DRD25JSF, B0D7W2TJMH, B0DFW3V17B, B0D8JHP26H, B0CZP3P96X, B0DBPV65G7, B0FP545PD1, B0G4M9XSXT, B0DWMZ7VR5, B0FS6Y6HDL, B0D9H463N8, B0FZFKK2WL, B0DX1V5FTQ, B0G4TBHFSB, B0DJKL2H8X, B0DK4HLLR9, B0G41L7NT6, B0F638SGBJ, B0D62N7TL4, B0DQPK6BYN, B0DKTK4GN8, B0DP884NXF, B0FRQRJ5CM, B0DLVVHHMD, B0FG6QSGMC, B0FGCPGNJP, B0DB8DQ2H7, B0DLNSQ91C, B0CLV2JGWF, B0DK4GPWCT, B0FS65RTKS, B0DQTRDV3G, B0F7K333KY, B0FS66PD5H, B0FP5D15SV, B0DBCCW7TB, B0F53VYPC7, B0D9N3FK62, B0DFNMW5PQ, B0D2RHC862, B0DD775TLX, B0D73M5CNM, B0D89Y48QN, B0DMVXH9WL, B0DPZYZ3BH, B0FMFD2RMF, B0G4MDGRTN, B0F8NRTFVN, B0G3WSQW43, B0FFLS5QCQ, B0FP6MN3ZX, B0CP7T58BM, B0DSP9L7B8, B0DNT8D3ZW, B0DJ1CHCV7, B0FX22HF1N, B0DRZJNP8N, B0DLKX1CVD, B0DBPP7SPR, B0DB894M2Q, B0DKXC8HZM, B0FBRYLX8C, B0FSJXBV7S, B0FMDHGXKV, B0DRFDBW1B, B0DRFFTD5K, B0D73LQVJY, B0FFSXVXH9, B0F7L8C72T, B0G4LC6R3J, B0F7H16VYW, B0FP53YT6J, B0FG266T4R, B0F53WQZ7W]",amzn1.campaign.3732U1VUVVULL,Party Planning Made Easy ✨ Yingoto All-in-One Set,Yingoto,2026-03-06,2026-11-20,10.00%,5000.0,5000.0,74,800,false
"[B0FSZZZ9FX, B0DBSKCHZC, B0DJM4JC2D, B0FLJWQMTZ, B0D4MJSG79, B0DK4J5T75, B0FBR1Y9GQ, B0FH1QRDPH, B0F53N9PBY, B0FWK9J3JX, B0D89THPLK, B0DMVZ2TYP, B0G4TBJP55, B0DRC4J4PW, B0D9LXX77Y, B0DQTMY7W6, B0DD6CWMJZ, B0F637NXVC, B0DR2HG2HH, B0FDJH8JW2, B0DLVQ54K3, B0G4Q22KBW, B0FBWKSF7K, B0FMRQ3G2D, B0D62V967V, B0DB88CDC4, B0FFM8SFJC, B0DG8ZVDTH, B0DFNXQNVN, B0F3WWRJDF, B0FGXNDDRV, B0FL1F9RC4, B0D7ZZKHG7, B0CQPJVXQJ, B0D9N2B61B, B0DBC6LL74, B0D6TV1JCT, B0D5HGZ27P, B0DQKWY3RP, B0DFWSD1VH, B0D7W2TJMH, B0DFW3V17B, B0D8JHP26H, B0CZP3P96X, B0DBPV65G7, B0FP545PD1, B0G4Q98BBV, B0DWMZ7VR5, B0FS6Y6HDL, B0F3WYM25B, B0FZFKK2WL, B0DX1V5FTQ, B0DP8J6SVN, B0DJKL2H8X, B0G41L7NT6, B0DK4HLLR9, B0D8JFT12N, B0F638SGBJ, B0FMXZRXZD, B0D62N7TL4, B0DQPK6BYN, B0DKTK4GN8, B0DFB2BTRX, B0DP884NXF, B0FRQRJ5CM, B0FG6QSGMC, B0DLVVHHMD, B0FGCPGNJP, B0DB8DQ2H7, B0DLNSQ91C, B0DB8KMNJ6, B0DK4GPWCT, B0FRG6HZH8, B0FS65RTKS, B0DQTRDV3G, B0F7K333KY, B0FS66PD5H, B0FP5D15SV, B0DBCCW7TB, B0F53VYPC7, B0GBWXJ2C6, B0DFNMW5PQ, B0D9N3FK62, B0D2RHC862, B0DD775TLX, B0D73M5CNM, B0D89Y48QN, B0DMVXH9WL, B0DPZYZ3BH, B0FMFD2RMF, B0G4MDGRTN, B0F8NRTFVN, B0G3WSQW43, B0FFLS5QCQ, B0FP6MN3ZX, B0CP7T58BM, B0DSP9L7B8, B0DNT8D3ZW, B0DJ1CHCV7, B0FX22HF1N, B0DRZJNP8N, B0DLKX1CVD, B0DBPP7SPR, B0DB894M2Q, B0DKXC8HZM, B0FSJXBV7S, B0FBRYLX8C, B0FMDHGXKV, B0DRFDBW1B, B0DRFFTD5K, B0D73LQVJY, B0G4QDZF7Q, B0FFSXVXH9, B0DBC9QT3N, B0F7L8C72T, B0G4LC6R3J, B0F7H16VYW, B0FP53YT6J, B0FG266T4R, B0DNT8242Z, B0F53WQZ7W]",amzn1.campaign.3P1685RMWIAAZ,🥳Turn Every Party into a Celebration! 🎉 Premium Tableware Sets Campaign,Yingoto,2026-03-06,2026-11-10,10.00%,5000.0,4992.9,62,800,false
[B0GGRNTM55],amzn1.campaign.11VZWJIHZDS6R,"Smart Relief, Heat and Cold Temp: The 3-in-1 Massage Revolution",Naplor,2026-03-06,2026-12-31,12.00%,10000.0,9885.61,20,800,false
"[B0FWK81GVQ, B0DGKPV5M7, B0D9GRWVCB, B0FR4LKQDG, B0DQNH8W5R, B0F9W9521Q, B0DGKRCQ82]",amzn1.campaign.2UXXA6BGODU75,KSH-DGPU09V,KarSpareHub,2026-03-06,2027-03-06,10.00%,5000.0,4909.71,41,800,false
"[B0DMNNXXMX, B0F9PCTS8V, B0F9PB4T9T, B0D7BR6WKY, B0DGKZQD5M, B0DSKTMTLQ, B0DSKSBJ13, B0DMNNDB4R]",amzn1.campaign.27S0ICGMV1TNZ,KSH-TYTC16,KarSpareHub,2026-03-06,2027-01-01,10.00%,5000.0,4925.42,40,800,false
"[B0D2SS1GMQ, B0FSZZZ9FX, B0DBSKCHZC, B0DJM4JC2D, B0FLJWQMTZ, B0D4MJSG79, B0DK4J5T75, B0FBR1Y9GQ, B0FH1QRDPH, B0F53N9PBY, B0DHFT6C3T, B0FWK9J3JX, B0D89THPLK, B0DMVZ2TYP, B0DRC4J4PW, B0G4TBJP55, B0D9LXX77Y, B0DQTMY7W6, B0DD6CWMJZ, B0F637NXVC, B0DR2HG2HH, B0FDJH8JW2, B0DLVQ54K3, B0G4Q22KBW, B0FBWKSF7K, B0FMRQ3G2D, B0D62V967V, B0DB88CDC4, B0FFM8SFJC, B0DG8ZVDTH, B0DFNXQNVN, B0F3WWRJDF, B0FGXNDDRV, B0FL1F9RC4, B0D7ZZKHG7, B0CQPJVXQJ, B0D9N2B61B, B0DBC6LL74, B0CN6LSSX3, B0D6TV1JCT, B0D5HGZ27P, B0DFWSD1VH, B0DQKWY3RP, B0D7W2TJMH, B0DFW3V17B, B0D8JHP26H, B0CZP3P96X, B0DBPV65G7, B0FP545PD1, B0G4Q98BBV, B0DWMZ7VR5, B0FS6Y6HDL, B0CYGP71BW, B0F3WYM25B, B0FZFKK2WL, B0DX1V5FTQ, B0DP8J6SVN, B0DJKL2H8X, B0G41L7NT6, B0DK4HLLR9, B0F638SGBJ, B0FMXZRXZD, B0DQPK6BYN, B0D62N7TL4, B0DKTK4GN8, B0DFB2BTRX, B0DP884NXF, B0FRQRJ5CM, B0DLVVHHMD, B0FG6QSGMC, B0FGCPGNJP, B0DB8DQ2H7, B0DLNSQ91C, B0DB8KMNJ6, B0DK4GPWCT, B0FRG6HZH8, B0FS65RTKS, B0DQTRDV3G, B0F7K333KY, B0FS66PD5H, B0FP5D15SV, B0F53VYPC7, B0DBCCW7TB, B0GBWXJ2C6, B0DFNMW5PQ, B0D9N3FK62, B0D2RHC862, B0DD775TLX, B0D73M5CNM, B0D89Y48QN, B0DMVXH9WL, B0DPZYZ3BH, B0FMFD2RMF, B0G4MDGRTN, B0F8NRTFVN, B0G3WSQW43, B0FFLS5QCQ, B0FP6MN3ZX, B0CP7T58BM, B0DSP9L7B8, B0DNT8D3ZW, B0DJ1CHCV7, B0FX22HF1N, B0D4YDX467, B0DRZJNP8N, B0DLKX1CVD, B0DBPP7SPR, B0DB894M2Q, B0DKXC8HZM, B0FSJXBV7S, B0FBRYLX8C, B0FMDHGXKV, B0DRFDBW1B, B0DRFFTD5K, B0D73LQVJY, B0G4QDZF7Q, B0FFSXVXH9, B0DBC9QT3N, B0F7L8C72T, B0G4LC6R3J, B0F7H16VYW, B0FP53YT6J, B0FG266T4R, B0DNT8242Z, B0F53WQZ7W, B0DKTGNYR3]",amzn1.campaign.2N9BMUGV2ACFZ,Yingoto🥳 Every Party into a Celebration! 🎉Complete Tableware Sets Campaign,Yingoto,2026-03-06,2026-10-30,10.00%,5000.0,5000.0,60,800,false
[B0FJXM8P4P],amzn1.campaign.27CVT5QDOH7DJ,👀Look!💸💸500+ Sales Amazon's Choice RV Jacks & Stabilizers#TFX,GARVEETECH,2026-03-06,2027-01-01,11.00%,20000.0,20000.0,25,800,false
"[B0FSZZZ9FX, B0DJM4JC2D, B0DBSKCHZC, B0FLJWQMTZ, B0DK4J5T75, B0D4MJSG79, B0FBR1Y9GQ, B0FH1QRDPH, B0F53N9PBY, B0FWK9J3JX, B0D89THPLK, B0DMVZ2TYP, B0DRC4J4PW, B0D9LXX77Y, B0G4TBJP55, B0DQTMY7W6, B0DD6CWMJZ, B0DBH1SB4H, B0F637NXVC, B0DR2HG2HH, B0FDJH8JW2, B0DLVQ54K3, B0G4Q22KBW, B0FBWKSF7K, B0FMRQ3G2D, B0DB88CDC4, B0D62V967V, B0FFM8SFJC, B0FGXNDDRV, B0F3WWRJDF, B0DFNXQNVN, B0DG8ZVDTH, B0FL1F9RC4, B0D7ZZKHG7, B0CQPJVXQJ, B0D9N2B61B, B0DBC6LL74, B0D6TV1JCT, B0D5HGZ27P, B0DQKWY3RP, B0DRD25JSF, B0DFWSD1VH, B0D7W2TJMH, B0DFW3V17B, B0D8JHP26H, B0CZP3P96X, B0DBPV65G7, B0FP545PD1, B0G4Q98BBV, B0G4M9XSXT, B0DWMZ7VR5, B0FS6Y6HDL, B0D9H463N8, B0F3WYM25B, B0FZFKK2WL, B0DX1V5FTQ, B0G4TBHFSB, B0DP8J6SVN, B0DJKL2H8X, B0DK4HLLR9, B0G41L7NT6, B0F638SGBJ, B0FMXZRXZD, B0D62N7TL4, B0DQPK6BYN, B0DKTK4GN8, B0DFB2BTRX, B0DP884NXF, B0FRQRJ5CM, B0DLVVHHMD, B0FG6QSGMC, B0FGCPGNJP, B0DB8DQ2H7, B0DLNSQ91C, B0CLV2JGWF, B0DB8KMNJ6, B0DK4GPWCT, B0FRG6HZH8, B0FS65RTKS, B0DQTRDV3G, B0F7K333KY, B0FS66PD5H, B0FP5D15SV, B0DBCCW7TB, B0F53VYPC7, B0GBWXJ2C6, B0D9N3FK62, B0DFNMW5PQ, B0D2RHC862, B0DD775TLX, B0D73M5CNM, B0D89Y48QN, B0DMVXH9WL, B0DPZYZ3BH, B0FMFD2RMF, B0G4MDGRTN, B0F8NRTFVN, B0G3WSQW43, B0FFLS5QCQ, B0FP6MN3ZX, B0CP7T58BM, B0DSP9L7B8, B0DNT8D3ZW, B0DJ1CHCV7, B0FX22HF1N, B0DRZJNP8N, B0DLKX1CVD, B0DBPP7SPR, B0DB894M2Q, B0DKXC8HZM, B0FBRYLX8C, B0FSJXBV7S, B0FMDHGXKV, B0DRFDBW1B, B0DRFFTD5K, B0D73LQVJY, B0G4QDZF7Q, B0FFSXVXH9, B0DBC9QT3N, B0F7L8C72T, B0G4LC6R3J, B0F7H16VYW, B0FP53YT6J, B0FG266T4R, B0DNT8242Z, B0F53WQZ7W]",amzn1.campaign.6NJ7JS6VFWUM,"One Set, Endless Celebrations | Yingoto Party Supplies",Yingoto,2026-03-06,2026-10-30,10.00%,5000.0,4997.5,68,800,false
[B0GG93SS77],amzn1.campaign.1O90LKHZVN67P,"Collaboration Invitation: YCTEL IoT Data-Only SIM Card, 20% Commission",YCTEL,2026-03-06,2027-03-06,20.00%,5000.0,5000.0,48,800,false
"[B0DG4QHS4L, B0DG4G3BMT, B0DXKPY3Y8, B0D9GRGBZF, B0DXKJSQN4, B0D9GS5KYD]",amzn1.campaign.2WFDA6OLR0MGG,KSH-TYTC12,KarSpareHub,2026-03-06,2027-01-01,10.00%,5000.0,4798.01,40,800,false
"[B0DR1CZDZK, B0DR1CT5ZX, B0DR1K7XQ1, B0DR1J6JM6]",amzn1.campaign.2LDY2TX5XJTVU,10% Monthly sales of 1000+ pieces，Kid Sun Hat B0DR1K7XQ1,Seektop,2026-03-06,2027-03-06,10.00%,5000.0,4972.09,25,800,false
"[B0FX9CQV8H, B0FX97RXRN]",amzn1.campaign.2Y4NE5G95R4W4,Planetary Gear Guillotine Cigar Cutter Built-in Cigar Stand – 2 Colors Available,LIHTUN,2026-03-06,2026-09-30,10.00%,5000.0,4982.53,49,800,false
"[B0FSZZZ9FX, B0DJM4JC2D, B0DBSKCHZC, B0FLJWQMTZ, B0DK4J5T75, B0D4MJSG79, B0FBR1Y9GQ, B0FH1QRDPH, B0F53N9PBY, B0FWK9J3JX, B0D89THPLK, B0DMVZ2TYP, B0DRC4J4PW, B0D9LXX77Y, B0G4TBJP55, B0DQTMY7W6, B0DD6CWMJZ, B0DBH1SB4H, B0F637NXVC, B0DR2HG2HH, B0FDJH8JW2, B0DLVQ54K3, B0G4Q22KBW, B0FBWKSF7K, B0FMRQ3G2D, B0DB88CDC4, B0D62V967V, B0FFM8SFJC, B0FGXNDDRV, B0F3WWRJDF, B0DFNXQNVN, B0DG8ZVDTH, B0FL1F9RC4, B0D7ZZKHG7, B0CQPJVXQJ, B0D9N2B61B, B0DBC6LL74, B0D6TV1JCT, B0D5HGZ27P, B0DQKWY3RP, B0DRD25JSF, B0DFWSD1VH, B0D7W2TJMH, B0DFW3V17B, B0D8JHP26H, B0CZP3P96X, B0DBPV65G7, B0FP545PD1, B0G4Q98BBV, B0G4M9XSXT, B0DWMZ7VR5, B0FS6Y6HDL, B0D9H463N8, B0F3WYM25B, B0FZFKK2WL, B0DX1V5FTQ, B0G4TBHFSB, B0DP8J6SVN, B0DJKL2H8X, B0DK4HLLR9, B0G41L7NT6, B0F638SGBJ, B0FMXZRXZD, B0D62N7TL4, B0DQPK6BYN, B0DKTK4GN8, B0DFB2BTRX, B0DP884NXF, B0FRQRJ5CM, B0DLVVHHMD, B0FG6QSGMC, B0FGCPGNJP, B0DB8DQ2H7, B0DLNSQ91C, B0CLV2JGWF, B0DB8KMNJ6, B0DK4GPWCT, B0FRG6HZH8, B0FS65RTKS, B0DQTRDV3G, B0F7K333KY, B0FS66PD5H, B0FP5D15SV, B0DBCCW7TB, B0F53VYPC7, B0GBWXJ2C6, B0D9N3FK62, B0DFNMW5PQ, B0D2RHC862, B0DD775TLX, B0D73M5CNM, B0D89Y48QN, B0DMVXH9WL, B0DPZYZ3BH, B0FMFD2RMF, B0G4MDGRTN, B0F8NRTFVN, B0G3WSQW43, B0FFLS5QCQ, B0FP6MN3ZX, B0CP7T58BM, B0DSP9L7B8, B0DNT8D3ZW, B0DJ1CHCV7, B0FX22HF1N, B0DRZJNP8N, B0DLKX1CVD, B0DBPP7SPR, B0DB894M2Q, B0DKXC8HZM, B0FBRYLX8C, B0FSJXBV7S, B0FMDHGXKV, B0DRFDBW1B, B0DRFFTD5K, B0D73LQVJY, B0G4QDZF7Q, B0FFSXVXH9, B0DBC9QT3N, B0F7L8C72T, B0G4LC6R3J, B0F7H16VYW, B0FP53YT6J, B0FG266T4R, B0DNT8242Z, B0F53WQZ7W]",amzn1.campaign.35HM8YBPJRJXM,All-in-One Party Magic ✨ Yingoto Tableware & Decor Campaign,Yingoto,2026-03-06,2026-11-30,10.00%,5000.0,4995.3,57,800,false
[B0B178GLWR],amzn1.campaign.N35TNVKU1KT4,Flat Top Feast: Outdoor Griddle Campaign,Uniflasy,2026-03-06,2026-11-28,10.00%,5000.0,4979.4,80,800,false
"[B0G5MVJ511, B0GC58KBHC, B0GK13JKRS]",amzn1.campaign.24NSHGI4MPZPF,🐣 Easter Egg-stravaganza: Hop to It! Earn 15% + Fans Save 40% 🥚💰,SERPENT WARRIOR,2026-03-06,2026-09-30,15.00%,5000.0,4988.87,66,800,false
"[B0D48MWVJD, B0D2CZP713, B0CTQDMRJ4, B0DQNKVXFM]",amzn1.campaign.1FT1PPMPSEIZH,KSH-DGPU09,KarSpareHub,2026-03-06,2027-03-06,10.00%,5000.0,4906.85,39,800,false
"[B0G8Z6R8TJ, B0G8YFHJWS, B0G8Z2RXMY, B0G8Z1KS2J, B0G8ZK9GHH, B0G8ZJPHBH, B0G8Z4CLJB, B0G8Z2XBF2]",amzn1.campaign.3U7I41PFNF4WC,10% B0G8Z1KS2J Miipat Girls Denim Jacket,Miipat,2026-03-06,2027-03-06,10.00%,5000.0,4990.99,30,800,false
"[B0FSZZZ9FX, B0DJM4JC2D, B0DBSKCHZC, B0FLJWQMTZ, B0DK4J5T75, B0D4MJSG79, B0FBR1Y9GQ, B0FH1QRDPH, B0F53N9PBY, B0FWK9J3JX, B0D89THPLK, B0DMVZ2TYP, B0DRC4J4PW, B0D9LXX77Y, B0G4TBJP55, B0DQTMY7W6, B0DD6CWMJZ, B0DBH1SB4H, B0F637NXVC, B0DR2HG2HH, B0FDJH8JW2, B0DLVQ54K3, B0G4Q22KBW, B0FBWKSF7K, B0FMRQ3G2D, B0DB88CDC4, B0D62V967V, B0FFM8SFJC, B0FGXNDDRV, B0F3WWRJDF, B0DFNXQNVN, B0DG8ZVDTH, B0FL1F9RC4, B0D7ZZKHG7, B0CQPJVXQJ, B0D9N2B61B, B0DBC6LL74, B0D6TV1JCT, B0D5HGZ27P, B0DQKWY3RP, B0DRD25JSF, B0DFWSD1VH, B0D7W2TJMH, B0DFW3V17B, B0D8JHP26H, B0CZP3P96X, B0DBPV65G7, B0FP545PD1, B0G4Q98BBV, B0G4M9XSXT, B0DWMZ7VR5, B0FS6Y6HDL, B0D9H463N8, B0F3WYM25B, B0FZFKK2WL, B0DX1V5FTQ, B0G4TBHFSB, B0DP8J6SVN, B0DJKL2H8X, B0DK4HLLR9, B0G41L7NT6, B0F638SGBJ, B0FMXZRXZD, B0D62N7TL4, B0DQPK6BYN, B0DKTK4GN8, B0DFB2BTRX, B0DP884NXF, B0FRQRJ5CM, B0DLVVHHMD, B0FG6QSGMC, B0FGCPGNJP, B0DB8DQ2H7, B0DLNSQ91C, B0CLV2JGWF, B0DB8KMNJ6, B0DK4GPWCT, B0FRG6HZH8, B0FS65RTKS, B0DQTRDV3G, B0F7K333KY, B0FS66PD5H, B0FP5D15SV, B0DBCCW7TB, B0F53VYPC7, B0GBWXJ2C6, B0D9N3FK62, B0DFNMW5PQ, B0D2RHC862, B0DD775TLX, B0D73M5CNM, B0D89Y48QN, B0DMVXH9WL, B0DPZYZ3BH, B0FMFD2RMF, B0G4MDGRTN, B0F8NRTFVN, B0G3WSQW43, B0FFLS5QCQ, B0FP6MN3ZX, B0CP7T58BM, B0DSP9L7B8, B0DNT8D3ZW, B0DJ1CHCV7, B0FX22HF1N, B0DRZJNP8N, B0DLKX1CVD, B0DBPP7SPR, B0DB894M2Q, B0DKXC8HZM, B0FBRYLX8C, B0FSJXBV7S, B0FMDHGXKV, B0DRFDBW1B, B0DRFFTD5K, B0D73LQVJY, B0G4QDZF7Q, B0FFSXVXH9, B0DBC9QT3N, B0F7L8C72T, B0G4LC6R3J, B0F7H16VYW, B0FP53YT6J, B0FG266T4R, B0DNT8242Z, B0F53WQZ7W]",amzn1.campaign.1LKHAGEKSNJIQ,✨ All-in-One Party Magic: Your Celebration Just Got Easier! ✨,Yingoto,2026-03-06,2026-09-30,10.00%,5000.0,4988.57,63,800,false
"[B0CTQ4N9SK, B0CTQ683GT, B0DCZ5FZPT, B0F9PBG4MC, B0F9P8JW7N, B0DCBVS3MH, B0DCB6YQHK, B0DCZ9X3FJ]",amzn1.campaign.2NNVS0VWX5SI8,KSH-TYTC05,KarSpareHub,2026-03-06,2027-01-01,10.00%,5000.0,4570.45,38,800,false
[B0GBTTHFVN],amzn1.campaign.2BOZZ84AE99KK,"Tire Repair Rubber Nail, Tire Screw Plug Repair Kit",Sonku,2026-03-06,2026-09-30,10.00%,5000.0,5000.0,47,800,false
[B0FDW2DGGN],amzn1.campaign.QUMG8MNM740B,Earn Commission Promoting a Large Camp Chef Griddle–,Uniflasy,2026-03-06,2026-12-31,10.00%,5000.0,4930.77,37,800,false
"[B0FB7QQQ53, B0CTQDSVLJ, B0DCBDGMRJ, B0CTQH1WNP]",amzn1.campaign.S1ISCFAM11FU,KSH-TYTC01,KarSpareHub,2026-03-06,2027-01-01,10.00%,5000.0,4921.6,48,800,false
"[B0DH2FRR6V, B0G8HNCMXH, B0F9KVMR3S, B0G8HPSC99]",amzn1.campaign.2G8FVCUV237I0,"GEVEELIFE - Better tools, better life. - Leaf Blower Cordless",GEVEELIFE,2026-03-06,2026-12-31,10.00%,10000.0,8739.8,0,800,false
[B0GKDQ6VKM],amzn1.campaign.173TMHP4F41TW,AAC Communication Device Creator Program – Let Every Voice Be Heard,HuLiPaLi,2026-03-09,2026-12-31,10.00%,5000.0,4948.61,32,800,false
"[B0DPMCD1L7, B0C1NQZD7S, B0C1NR1R4F, B0C1NQT42T]",amzn1.campaign.2BMZ3W2VG4ZZF,10% Monthly sales of 1000+ pieces，Surf Hat B0DQ142CJH,Seektop,2026-03-06,2027-03-06,10.00%,5000.0,4967.1,30,800,false
[B0G1S6NCVN],amzn1.campaign.1F9HKAUN55M06,9 Brightness Levels for Every Golf Night In with Your Golf Neon Sign.,LIANGTUKING,2026-03-06,2027-01-05,10.00%,5000.0,5000.0,83,800,false
[B0G1S6NCVN],amzn1.campaign.1MQ548GDWR1OA,"The Secret Sign for Golf Lovers: Those Who Know, Recognize This Golf Neon.",LIANGTUKING,2026-03-08,2027-01-03,10.00%,5000.0,5000.0,87,800,false
[B0G1S6NCVN],amzn1.campaign.1U2LV382SJT4L,"On Days Off the Course, Let Golf Neon Speak Your Love for Golf.",LIANGTUKING,2026-03-07,2027-01-03,10.00%,5000.0,5000.0,86,800,false
[B0G1S6NCVN],amzn1.campaign.1OEGXBC5IFXNW,For the Golf Lover: Bring Their Passion to Light with This Golf Neon Sign.,LIANGTUKING,2026-03-06,2027-01-03,10.00%,5000.0,5000.0,86,800,false
[B0G1S6NCVN],amzn1.campaign.1BB4XVNZL2J99,Can't Play at Night? Let Golf Neon Sign Keep the Course Memories Alive.,LIANGTUKING,2026-03-10,2027-01-02,10.00%,5000.0,5000.0,91,800,false
[B0B4JN24D8],amzn1.campaign.2NVLLUKZJG99J,Keep Your Grill Clean – The Grease Catch Upgrade Your BBQ Needs,Uniflasy,2026-03-06,2027-03-06,10.00%,5000.0,4956.42,38,800,false
"[B0FNVXV4TK, B0FNVYHRTS, B0FNWBHQQT, B0FNW37D37, B0FNW3Q48L]",amzn1.campaign.3LRPCK47DSSE0,置物架,CypBed,2026-03-06,2026-12-31,10.00%,50000.0,49686.12,18,800,false
"[B0FB95VC27, B0G1M9NL58, B0FNJ4S52G, B0F93P7ZN4, B0FD3JKDT6, B0FNJMWFK1, B0FWCGC91P, B0DFBYR6QC, B0G1M8PK2Z, B0FDB7QHGT, B0FQ2HTNM4, B0DDXRRY33]",amzn1.campaign.QIKOCF1COHE1,🔥 Hot Deal Alert: You Earn 12% – They Save 44%! Double the Win 💰🎁,SKYFIRE,2026-03-06,2026-10-31,12.00%,5000.0,4976.84,55,800,false
[B0G1S6NCVN],amzn1.campaign.ZZ9WBBI103BS,"Swing the Perfect Arc, Light Up Your Golf Neon Moment.",LIANGTUKING,2026-03-09,2027-01-02,10.00%,5000.0,5000.0,96,800,false
"[B0D9GP6LQB, B0D2CQJ7CY]",amzn1.campaign.2BNNQ1HYY95Y5,KSH-TYRV06,KarSpareHub,2026-03-06,2027-01-01,10.00%,5000.0,4989.21,41,800,false
[B0G1S6NCVN],amzn1.campaign.17K8RGTBOK15P,"Eagles Are Rare, But This Golf Neon Glow Is Everyday.",LIANGTUKING,2026-03-08,2027-01-02,10.00%,5000.0,5000.0,89,800,false
"[B0DSB5928M, B0G9KFGX3Y, B0DSB6G75K, B0G9HQW6D9, B0G9KXCJDT, B0DSB72Q6C, B0G9KMB9ZY, B0G9KC69JB, B0DSB5GNBT, B0G9JLG3JX, B0DSB61L72, B0DSB5VD52, B0G9KMKNP2, B0DSB3NJ3H, B0G9KBH7RX, B0G9KLLM1L, B0DSB52Y6B, B0G9KN453Q, B0G9KQMZTS, B0G9KDCS3T]",amzn1.campaign.DVXK4EFX32XO,Experience the Elegear Arc-Chill 3.0 Cooling Blanket,Elegear,2026-03-06,2027-03-06,12.00%,10000.0,9595.06,9,800,false
[B0G1S6NCVN],amzn1.campaign.116M3P5IR0P33,"From Tee to Green, Let Golf Neon Light Follow Every Stroke.",LIANGTUKING,2026-03-07,2027-01-02,10.00%,5000.0,5000.0,86,800,false
[B0G1S6NCVN],amzn1.campaign.2F9JDHPQI40YB,"Under Par Performance, Above Par Golf Neon Sign.",LIANGTUKING,2026-03-06,2027-01-02,10.00%,5000.0,5000.0,95,800,false
"[B0F4XLNR2K, B0DR7Y37MN]",amzn1.campaign.15FHZR0ADGJQM,JA-JA001U-2VAR-Airbrush Kit-0305,BriSunshine,2026-03-06,2026-09-30,10.00%,5000.0,4971.1,37,800,false
"[B0D4767S94, B0DCNXGH4J, B0DXKMRJQV, B0DCZ8FJJ3, B0DGKQZP19, B0DXKN2H87]",amzn1.campaign.1ZPFAC1AJ37YL,KSH-TYCR09,KarSpareHub,2026-03-06,2027-01-01,10.00%,5000.0,4976.8,40,800,false
[B0FR4Q3F74],amzn1.campaign.3ASKSTJGPOFTL,W11314648 Washer Door Boot Seal 10% Commission,Alinwirsy,2026-03-06,2026-10-26,10.00%,5000.0,5000.0,67,800,false
"[B0FBR46XP7, B0FR4S2WJG, B0FBQWY4QB, B0FBGS17JQ, B0FWB8R4C7, B0FX9GM4QJ, B0FNMK26LR, B0GF2HP28F, B0G44PSRBZ, B0FWBCKHB1, B0GGZXHFLV, B0FBGRVVZM, B0FBGST6SW, B0FBR8J3CC, B0G44DZYLP, B0FXZVL8FZ, B0GPWLTMBD, B0FBGRKLSR, B0GPW5JZ2D, B0FBGRJ5MP, B0FCRHZSSS, B0FBQW41QP, B0FW9ZSMND, B0FNN3VM95, B0FR4WV999, B0FP4FLZLZ, B0FBGV6Q4J, B0FL6VLPY4, B0FBGTLRMK, B0FL6MXWNW, B0FWB5NLHC, B0FR4X1SK4, B0FL6KBRCH, B0FBGSH92K, B0GPWDYGNF, B0FBGRXWKB, B0FBGRPKKG, B0FBGR9QHF, B0G44NHR7J, B0FCRQCDQL, B0GF2KGVXB]",amzn1.campaign.17XQA4UN6T1AU,🏆🏆Co12% 2026 Top Selling Auto Parts Tools 10%off #TFX,GARVEETECH,2026-03-06,2027-01-01,12.00%,20000.0,19918.04,0,800,false
"[B0F9PBQ51P, B0DCZ955H2, B0DCZ4QKRK, B0D2CPKYBK, B0F9PD42GM, B0D2CXQ78B, B0DCBB6C46, B0F9P9RBJ9]",amzn1.campaign.2QUTDTK7GYEI,KSH-TYCR05,KarSpareHub,2026-03-06,2027-01-01,10.00%,5000.0,4900.97,39,800,false
[B0GKD8ZSW5],amzn1.campaign.1UNV8I2K0SMRO,Creator Collaboration Invitation – Heated Ice Cream Scoop,ZEZUCUN,2026-03-06,2027-03-06,10.00%,1000000.0,999932.1,9,800,false
[B08G8BZC7V],amzn1.campaign.AV9T0N1S47VO,JA-CA041U-Burnishing Machine-0305,BriSunshine,2026-03-06,2026-09-30,10.00%,5000.0,4983.22,50,800,false
"[B0D2CZGFR2, B0F9PC7BS2, B0F9PCB5Y8, B0D2CVZ25H]",amzn1.campaign.QVAGLJ9YKGJC,KSH-TYCM12,KarSpareHub,2026-03-06,2027-01-01,10.00%,5000.0,4799.65,46,800,false
"[B0FSRKKFDS, B0FSRLMSS8, B0FN7JM4T5]",amzn1.campaign.C30V9C1SPSQP,laapee | Exclusive Modular Kids Play Couch Campaign,laapee,2026-03-06,2027-01-31,10.00%,5000.0,4625.41,9,800,false
"[B0FC2MN8W2, B0G6DHYHSG, B0CPLXZ7W2, B0G7GKLNCR, B0GGGTWCBC, B0GBTZ2ZT9, B0GGGWHCQV, B0FG35YX99, B0D87CS4FV, B0CNXQHTDZ, B0GQ8V4GQR]",amzn1.campaign.3KS9LR4S2NQ9D,🏅Amazon's Choice #9 in Three-Point Accessories 15%off #TFX,GARVEETECH,2026-03-06,2026-11-01,11.00%,20000.0,19947.81,58,800,false
"[B0D474RM5K, B0F9PCXTLH]",amzn1.campaign.25B3BVVVNH65I,KSH-TYCM10,KarSpareHub,2026-03-06,2027-01-01,10.00%,5000.0,4916.02,44,800,false
[B0BWF31RBD],amzn1.campaign.38G8O4AAXAW2T,JA-CA169U-Automatic Tape Dispenser-0305,BriSunshine,2026-03-06,2026-09-30,10.00%,5000.0,4979.66,48,800,false
"[B0DPZT34Y6, B0DPZRWJ4F, B0DPZWMKKQ, B0DPZSTX3S, B0DPZT7B78, B0DPZVGMTK, B0DPZSD9YT, B0DPZS19XW, B0DPZT5YZL, B0DPZVJJHD, B0DPZS67MC]",amzn1.campaign.2MSKMLC0R5Q3E,Washable Kraft Paper Fabric | Sew & Wash DIY Bag Tutorial Campaign,Gongzitem,2026-03-06,2026-09-30,10.00%,5000.0,4968.54,49,800,false
"[B0CTQ97S2S, B0DGKXNTYZ, B0DHTH2ZLN, B0D9GPX97L]",amzn1.campaign.WG1OGGGP4RO8,KSH-DGPU06,KarSpareHub,2026-03-06,2027-03-06,10.00%,5000.0,4970.0,51,800,false
[B089SPGP26],amzn1.campaign.27L9WUOQ9HA1K,Revive Your Grill – Bring Your Kenmore BBQ Back to Life,Uniflasy,2026-03-06,2027-03-06,10.00%,5000.0,4964.9,48,800,false
"[B0CTQ6MZTH, B0DGL3HWQV, B0F9P65C36, B0CTQDGS5P]",amzn1.campaign.LOOEE6PI980,KSH-TYCM07,KarSpareHub,2026-03-06,2027-01-01,10.00%,5000.0,4646.77,44,800,false
"[B0DJSVVW31, B0DJSVTRJ8, B0FK516RGL, B0FQ5F2BHW, B0FX9G1C7J, B0GHDHL6HP]",amzn1.campaign.32HREH5ZQN28U,🎯Good Reviews🚦16%off Top #15 in Fuel Transfer Tanks #TFX,GARVEETECH,2026-03-06,2026-12-31,11.00%,20000.0,20000.0,33,800,false
[B0DB16TWKY],amzn1.campaign.25NGC1H1VYE8B,JA-JA005U-20 Trays Food dehydrator-0305,BriSunshine,2026-03-06,2026-09-30,10.00%,5000.0,4896.22,37,800,false
"[B0D9GT2CZN, B0DXK2Y2SY, B0DQNGSN3B, B0D2CT4DKP, B0DGL9RD25]",amzn1.campaign.2BPKV4KKJ9XGW,KSH-DGPU02,KarSpareHub,2026-03-06,2027-03-06,10.00%,5000.0,4982.58,42,800,false
"[B0FPFYYG57, B0FZ7VMCST, B0FZ8SLP8N]",amzn1.campaign.1NBMOLUZZFCNK,😄Let's Relaxation!🚀Good Sale Portable Steam Sauna Tent 10%off#TFX,GARVEETECH,2026-03-06,2026-12-31,11.00%,20000.0,20000.0,55,800,false
[B07FC7TD8S],amzn1.campaign.3VQJ8FTZHLQIE,Revive Your Grill – Bring Your Kenmore BBQ Back to Life,Uniflasy,2026-03-06,2027-03-06,10.00%,5000.0,4977.19,51,800,false
"[B0CTQL8H5P, B0D7HHM32C]",amzn1.campaign.1JA280GBU5PW7,KSH-DGPU9400-10,KarSpareHub,2026-03-06,2027-03-06,10.00%,5000.0,4983.9,43,800,false
[B0CQ71ZTZV],amzn1.campaign.16CFH96N3UUX2,1155-New Noise Machine 05-03-2026,Calm Me,2026-03-06,2027-03-05,10.00%,50000.0,50000.0,61,800,false
[B0CQ71ZTZV],amzn1.campaign.3B0DKOELE21YZ,1154-New Noise Machine 05-03-2026,Calm Me,2026-03-06,2027-03-06,10.00%,50000.0,50000.0,62,800,false
"[B0DGKQ23LT, B0D9GQCK58]",amzn1.campaign.3NYEA5J5HHYJ5,KSH-DGJN09,KarSpareHub,2026-03-06,2027-03-06,10.00%,5000.0,5000.0,46,800,false
"[B0GJCXZKK2, B0GJD35J97, B0GJD332HF, B0GJD7JDMM, B0GJD2WXFD, B0GJDDHBGS, B0GJD21QWC, B0GJCNGC44, B0GJCSHW8Y, B0GJDH49L2, B0GJCPPH5Z, B0GJCYQCQ2]",amzn1.campaign.VYS05EK3JBA5,10% B0GJCNGC44 Miipat Baby Girl Tights,Miipat,2026-03-06,2027-03-06,10.00%,5000.0,4983.53,37,800,false
"[B0GFCZGJCR, B0GFCYRMRL, B0CWFGCBXM, B0GFCZW8J5]",amzn1.campaign.2LB46JUCVBYHL,🪣🪣Let's Pool Party 200+ Sales Robotic Pool Cleaners 10%off#TFX,GARVEETECH,2026-03-06,2026-10-31,11.00%,20000.0,20000.0,50,800,false
"[B0FX3J44S9, B0FX3LDCMG, B0FX3QJ7DV, B0FX3JZPQM, B0FX3N2YLF, B0FX3PT4XD, B0FX3PKLJC, B0FX3NJ8L6]",amzn1.campaign.3FWOEMF6FN9LC,15% Commission + 15% Code for Your Fans-133,EYWOL,2026-03-06,2026-10-16,15.00%,54000.0,54000.0,28,800,false
"[B0FDG96KGX, B0FDG9GFBG, B0FDGB2HKD, B0FDG9FJCB, B0FDGCT3DC, B0FDG9HRJR, B0FDGB249T, B0FDGB27MD, B0FDG9BR1H, B0FDGBX819]",amzn1.campaign.3783GOQLU66PV,Glass Pitcher,Glabotoil,2026-03-06,2027-03-04,11.00%,5000.0,4997.91,66,800,false
[B0F9P4WTXK],amzn1.campaign.2FHR6P8UIFA5W,KSH-DGDK9700-10,KarSpareHub,2026-03-06,2027-03-06,10.00%,5000.0,4990.0,49,800,false
"[B0FXM163YS, B0FXM5921W, B0FXLXDSYT, B0FXM1ZBQP, B0FXM1P8Q4, B0FXM3SJHC, B0FXM25JNJ]",amzn1.campaign.3N3902ZLUKPEC,Caulk Tape,Glabotoil,2026-03-06,2027-03-04,11.00%,5000.0,4999.01,87,800,false
[B0GJCX364T],amzn1.campaign.13AMLHF4AQK85,reading floor lamp,Radiovix,2026-03-06,2027-03-06,10.00%,10000.0,9817.5,34,800,false
"[B0BFF4WFTD, B0BX8N78XF, B0BFF3VKG5, B0BFF53K4M, B0BX8JKW5G, B0BFF3CTNF, B0BX8J47L3, B0BX8HY5CJ, B0BFF2V9B8, B0BFF4FZZ5, B0BFF1GXPV, B0BFF2X7LN, B0BFF6TC1D, B0BFF5X2MD]",amzn1.campaign.JSOCI7RHP7Q9,"🎁 Free Sample – ChainsProMax Shiny, beautiful and sturdy Necklace ✨ B0BFF55VYN",ChainsProMax,2026-03-06,2027-03-06,15.00%,5000.0,4993.69,44,800,false
"[B0DK4Z4YQ9, B0DK4YVJ4P, B0DK4Y5T49]",amzn1.campaign.30MQS3XKGRB59,JA-JA007U-3VAR-Firepit Glass Wind Guard-0305,BriSunshine,2026-03-06,2026-09-30,10.00%,5000.0,4685.6,37,800,false
"[B0F8Q1F6KW, B0F8Q49XRT]",amzn1.campaign.I9014NVCM5HE,KSH-DGDG04,KarSpareHub,2026-03-06,2027-03-06,10.00%,5000.0,4989.2,50,800,false
"[B0D474V7B8, B0FVXBQMC8, B0FXWX781M, B0D474LLGK]",amzn1.campaign.1YIKBO48L0311,KSH-DGCR11,KarSpareHub,2026-03-06,2027-03-06,10.00%,5000.0,4833.95,42,800,false
"[B0D4767KVZ, B0DNMH4BG5]",amzn1.campaign.1YOHGTJDM31VB,KSH-DGCR0800,KarSpareHub,2026-03-06,2027-03-06,10.00%,5000.0,5000.0,41,800,false
"[B0GFMN17XW, B0GFMZX5SH, B0GFMXK1DN, B0GFN3LMGP, B0GFMTCDDY, B0GFMQ49GJ, B0GFMX7WK7, B0GFMSQ2Y3, B0GFN257WT, B0GFMY84G3, B0GFN2BF83, B0GFN1LDYT, B0GFMSJS68, B0GFMQPLJS, B0GFMQM71J, B0GFMQVX42]",amzn1.campaign.1N7V5G42ZCROE,10% B0GFMN17XW Miipat Toddler Girls Rain Jacket,Miipat,2026-03-06,2027-03-06,10.00%,5000.0,4997.01,22,800,false
"[B0DGL144NX, B0CTQ9QPMH]",amzn1.campaign.3LJMXOYW22V23,KSH-DGCR00,KarSpareHub,2026-03-06,2027-03-06,10.00%,5000.0,4992.11,44,800,false
"[B0G8KJHJXY, B0G8K7461H, B0G8K22Z8M, B0G8KY49CV, B0G8KK4R84, B0G8KGP2SB, B0G8KR4R93, B0G8KF3JHH, B0G8K4KGY1, B0G8K86286, B0G8KJDWQZ, B0G8K9J7C6, B0G8KHZD5X, B0G8JYVJPC, B0G8KDFF1J]",amzn1.campaign.3MZZEOQFLVY3B,10% B0G8K6NNYM Miipat Girls Tulle Skirt,Miipat,2026-03-06,2027-03-06,10.00%,5000.0,4964.98,29,800,false
"[B08VF2KYQ2, B076YJP6YD, B0784FG735, B01MDV0A0V]",amzn1.campaign.2206KOUGYGHXD,Azmall Bluetooth Mouse – Silent & Rechargeable for Apple & All Your Devices,Azmall,2026-03-06,2026-09-30,10.00%,10000.0,9809.22,6,800,false
"[B0FMKDFYG7, B0FMKC74K9, B0F8HXF9KV, B0FMK8DP21, B0FMK7TN5N, B0FMK87RDV, B0FMKBFKRH, B0F8HWBPD6, B0FMKCNR3S, B0FMQCFKXS, B0FMKC6K32, B0F8HY1VQ1, B0F8J1W966, B0F8HZYFD8]",amzn1.campaign.1U68W84HDETTC,🎯 Top Creator Deal 💸 | Promote Avytronx Floating Shelf Today 🚀,Avytronx,2026-03-08,2026-09-20,10.00%,5000.0,5000.0,97,800,false
"[B0FMKDFYG7, B0FMKC74K9, B0F8HXF9KV, B0FMK8DP21, B0FMK7TN5N, B0FMK87RDV, B0FMKBFKRH, B0F8HWBPD6, B0FMKCNR3S, B0FMQCFKXS, B0FMKC6K32, B0F8HY1VQ1, B0F8J1W966, B0F8HZYFD8]",amzn1.campaign.3RMT7UJOEGTNE,💰 15%+ Commission! Partner with Avytronx Home Style Brand 🌿,Avytronx,2026-03-08,2026-09-19,10.00%,5000.0,5000.0,102,800,false
"[B0FMKDFYG7, B0FMKC74K9, B0F8HXF9KV, B0FMK8DP21, B0FMK7TN5N, B0FMK87RDV, B0FMKBFKRH, B0F8HWBPD6, B0FMKCNR3S, B0FMQCFKXS, B0FMKC6K32, B0F8HY1VQ1, B0F8J1W966, B0F8HZYFD8]",amzn1.campaign.1AYTQ03T6B3NQ,🛋️ Style + Commission = Win 💰 | Join Avytronx Floating Shelf Promo 🌿,Avytronx,2026-03-08,2026-09-18,10.00%,5000.0,5000.0,96,800,false
"[B0FMKDFYG7, B0FMKC74K9, B0F8HXF9KV, B0FMK8DP21, B0FMK7TN5N, B0FMK87RDV, B0FMKBFKRH, B0F8HWBPD6, B0FMKCNR3S, B0FMQCFKXS, B0FMKC6K32, B0F8HY1VQ1, B0F8J1W966, B0F8HZYFD8]",amzn1.campaign.17FYJ9ECSPRU3,💼 High-Earning Collab 💸 | Avytronx Home Decor for Creators 🏡,Avytronx,2026-03-08,2026-09-17,10.00%,5000.0,5000.0,98,800,false
"[B0FMKDFYG7, B0FMKC74K9, B0F8HXF9KV, B0FMK8DP21, B0FMK7TN5N, B0FMK87RDV, B0FMKBFKRH, B0F8HWBPD6, B0FMKCNR3S, B0FMQCFKXS, B0FMKC6K32, B0F8HY1VQ1, B0F8J1W966, B0F8HZYFD8]",amzn1.campaign.1F4YHCHUBMTSB,🌟 Creator Wanted! Promote Avytronx Real-Wood Shelves 💰,Avytronx,2026-03-08,2026-09-16,10.00%,5000.0,5000.0,100,800,false
"[B0F9P3B2QF, B0F9PB6CKN]",amzn1.campaign.1QXC44RB4BEH1,KSH-DGCL07,KarSpareHub,2026-03-06,2027-03-06,10.00%,5000.0,5000.0,40,800,false
"[B0FMKDFYG7, B0FMKC74K9, B0F8HXF9KV, B0FMK8DP21, B0FMK7TN5N, B0FMK87RDV, B0FMKBFKRH, B0F8HWBPD6, B0FMKCNR3S, B0FMQCFKXS, B0FMKC6K32, B0F8HY1VQ1, B0F8J1W966, B0F8HZYFD8]",amzn1.campaign.2SS1RQJYVNCGC,⚡ 15% OFF + High Payout 💥 | Avytronx Floating Shelf Campaign 🛠️,Avytronx,2026-03-08,2026-09-15,10.00%,5000.0,5000.0,94,800,false
"[B0FMKDFYG7, B0FMKC74K9, B0F8HXF9KV, B0FMK8DP21, B0FMK7TN5N, B0FMK87RDV, B0FMKBFKRH, B0F8HWBPD6, B0FMKCNR3S, B0FMQCFKXS, B0FMKC6K32, B0F8HY1VQ1, B0F8J1W966, B0F8HZYFD8]",amzn1.campaign.1Z8L2JS0NL0R3,🎉 Influencer Bonus Inside 💰 | Premium Home Decor Collab 🌿,Avytronx,2026-03-08,2026-09-14,10.00%,5000.0,5000.0,97,800,false
"[B0FMKDFYG7, B0FMKC74K9, B0F8HXF9KV, B0FMK8DP21, B0FMK7TN5N, B0FMK87RDV, B0FMKBFKRH, B0F8HWBPD6, B0FMKCNR3S, B0FMQCFKXS, B0FMKC6K32, B0F8HY1VQ1, B0F8J1W966, B0F8HZYFD8]",amzn1.campaign.3QR4ZC5R9RQOQ,🚀 Earn More! Partner with Avytronx Real Wood Floating Shelves 🌳,Avytronx,2026-03-08,2026-09-13,10.00%,5000.0,5000.0,99,800,false
"[B0FX3J44S9, B0FX3LDCMG, B0FX3QJ7DV, B0FX3JZPQM, B0FX3N2YLF, B0FX3PT4XD, B0FX3PKLJC, B0FX3NJ8L6]",amzn1.campaign.2A7X154FQTEBR,Plus Size Cocktail Dress + 15% Code & 15% Commission-133,EYWOL,2026-03-06,2026-10-15,15.00%,50000.0,49999.37,63,800,false
"[B0G6Z88WHX, B0G6ZMX9GF, B0G6ZGPR7D, B0G6ZBZWL6, B0G6ZDPTYX, B0G6ZG6Y73, B0G6Z869M1, B0G6ZPBH7Y, B0G6ZK2C8B, B0G6ZDD3WX]",amzn1.campaign.1O9PDW06XY4W2,Suwarble 儿童书包创作者计划  (15% Commission),suwarble,2026-03-06,2027-03-02,15.00%,70000.0,69997.6,36,800,false
"[B0FMKDFYG7, B0FMKC74K9, B0F8HXF9KV, B0FMK8DP21, B0FMK7TN5N, B0FMK87RDV, B0FMKBFKRH, B0F8HWBPD6, B0FMKCNR3S, B0FMQCFKXS, B0FMKC6K32, B0F8HY1VQ1, B0F8J1W966, B0F8HZYFD8]",amzn1.campaign.2T0XSGGGCLULK,🔥 Big Earnings for Creators 💸 | Promote Avytronx Floating Shelves 🏡,Avytronx,2026-03-08,2026-09-12,10.00%,5000.0,5000.0,93,800,false
"[B0FMKDFYG7, B0FMKC74K9, B0F8HXF9KV, B0FMK8DP21, B0FMK7TN5N, B0FMK87RDV, B0FMKBFKRH, B0F8HWBPD6, B0FMKCNR3S, B0FMQCFKXS, B0FMKC6K32, B0F8HY1VQ1, B0F8J1W966, B0F8HZYFD8]",amzn1.campaign.37C80CCPH0S1Y,💥 15%+ Commission Alert 💰 | Join Avytronx Creator Campaign 🌿,Avytronx,2026-03-08,2026-09-11,10.00%,5000.0,5000.0,102,800,false
"[B0FMDYYP4Y, B0FMDTVGW9, B0FLD7Z9DC]",amzn1.campaign.XSMYUGFBWE4V,"Dancing Giraffe Toy Stuffed Plush, Cute Interactive Talking Giraffe",LUKETURE,2026-03-06,2027-01-31,15.00%,5000.0,4987.0,0,800,false
"[B0DL9QJMGN, B0F9PBK8Y4, B0DL9JDH6S, B0F9P8WTTC]",amzn1.campaign.3NRARY2NIQ3V3,KSH-DGCG06,KarSpareHub,2026-03-06,2027-03-06,10.00%,5000.0,4980.42,43,800,false
[B0FMP13XS4],amzn1.campaign.3GI002AMB9I26,"LEDMO awareness, product sales for 350W led parking lot light LED1514-M",ledmo,2026-03-06,2026-09-30,30.00%,5000.0,5000.0,23,800,false
"[B0DZHJD4GH, B0GD28BMFK, B0GD1Q184N, B0GD1LWYXB, B0DZHHNMZK, B0GD1WHRNS, B0DNK3SJM9, B0DZHCX7SH, B0GD22C4XW, B0DZHDRSPZ, B0GD1YY5CV, B0DNK3L22B, B0GD1FK9Z5, B0GD1R76ST, B0DNK3Z3KM, B0GD1WJ97V, B0DNK5ZNZ6, B0DZHDVQ8M, B0GD28PNP4, B0DZHBBF44, B0GD1VJX99, B0GD1VJCXD, B0DNK5L1RW, B0GD1LS792, B0DZHD8YGQ, B0DZH9SS3Q, B0GD1W2CBD, B0DZHDNLPJ, B0GD1RDV42, B0GD1ZZ1NG, B0GD1TXKVP, B0DNK43LKF, B0DNK53YXW, B0DNK5F26G, B0DNK4L52R, B0DZHCYWN5, B0GD1X4NN4, B0DZHG5RWY, B0DZHDKLN4, B0DNK4M2MZ, B0DNK619CG, B0DNK37J8Y, B0DNK7BQ3P, B0DZHCD4C1, B0DZHDDGD3, B0DZH9GGBX, B0GD1SJ6QY, B0GD1SZ465, B0DNK4VG3J, B0DNK3GW3T, B0DNK332N8, B0GD215W6T, B0DZHG4WDY, B0DZHBY19X, B0DZHJCFX9, B0DZHBY19Z, B0DNK5QCDJ, B0GD2TW1B4, B0DZHD14F7, B0DZHC5P4B, B0GD1QL35T, B0DNK3SJNC, B0GD1LLCKT, B0DNK2WJ79, B0GD1PGZF7, B0DZHD5S6J, B0DNK5XKH8, B0GD1QXC22, B0DNK2KFKH, B0DNK4ZBN3, B0GD2714K5, B0DNK4NG1W, B0GD281JQM, B0GD1MXWC8, B0GD1LVG5F, B0GD1Q29WY, B0GD1V7NCH, B0DZHCZ6CM, B0DNK4M7FD, B0DNK2H99Q, B0DJ7L8KNV, B0DNK87WT1, B0DNK3NLTD, B0DNK5ZDYY, B0DNK39KGM, B0DNK51HB9, B0GD21HDPL, B0DZHJB9BY, B0GD1YVYGT, B0DNK6VZMC, B0DNK4432X, B0GD1LK1PF, B0DNK3XG4C, B0DZHCL67T, B0GD1FMMFR, B0GD1W2B2X, B0GD2KDB1W, B0GD1SWP7Z, B0DZHG3475, B0DNK33ZXN, B0DZHHF4L6, B0GD1Y4BVS, B0GD1LLNWW, B0GD1LLNX7, B0GD1FL9QV, B0DZHCJM2L, B0DNK4XK75, B0GD21BVFV, B0GD243RFC, B0GD1FM3BD, B0GD2727JX, B0GD1N81YL, B0DNK2Y919, B0DZHD3JLV, B0GD2FQQBM, B0DZHC1SYJ, B0GD1RX9CK, B0DNK4QF59, B0DNK3S1B3, B0GD1SVQH3, B0DZHD994P, B0DZHDTYY4, B0DNK2R3CW, B0GD24HCV5, B0GD1LZBTB, B0DNK3WYLP, B0GD1LQ8JX, B0DNK3TZX9, B0DZH9W7XD, B0GD1Q3M67, B0GD1W32X6, B0DNK5NTJY, B0DZHG57FW, B0DZHGRTR4, B0DZHGF8FC, B0GD22HQY1, B0GD21LSDR, B0GD22Z52M, B0DZHJ56MV, B0DZHCN767, B0GD1RRRY1, B0GD265X4C, B0DZHBN4T2, B0DZHD1T8G, B0DZHBN4T1, B0GD1XT5XB, B0GD2CLWLR, B0GD1SGQJX, B0GD1LD9DF, B0GD1N7W4G, B0GD25HGY3, B0GD299Z89, B0GD22KL68]",amzn1.campaign.26MP7ANDZNPQN,PinBaoLaLa windshield sunshade,PinBaoLaLa,2026-03-06,2026-12-31,10.00%,30000.0,29354.92,23,800,false
[B09PL65F4T],amzn1.campaign.2DRW0WPJYBMQD,Camp Chef Stove Griddle,Uniflasy,2026-03-06,2027-01-31,10.00%,5000.0,4744.53,26,800,false
"[B0FX3J44S9, B0FX3LDCMG, B0FX3QJ7DV, B0FX3JZPQM, B0FX3N2YLF, B0FX3PT4XD, B0FX3PKLJC, B0FX3NJ8L6]",amzn1.campaign.55TATQAU91PT,lus Size Dress 20% Off Code + 10% Commission,EYWOL,2026-03-06,2026-10-31,10.00%,30000.0,30000.0,82,800,false
"[B0FX3J44S9, B0FX3LDCMG, B0FX3QJ7DV, B0FX3JZPQM, B0FX3N2YLF, B0FX3PT4XD, B0FX3PKLJC, B0FX3NJ8L6]",amzn1.campaign.1UYGNHDJQ76U3,Flattering Plus Size Dress + 20% OFF Code,EYWOL,2026-03-06,2026-09-30,10.00%,20000.0,20000.0,76,800,false
[B0F7LFN3K6],amzn1.campaign.YL5OZMHR8UQF,Fixed Headrest Baby Mirror Easy Install Adjust Angles Freely+10% commission,TAZENI,2026-03-06,2026-10-31,10.00%,5000.0,4686.23,37,800,false
"[B0DQKXVWT3, B0DQKXLF6W, B0DQKT591L, B0B4JNSSLR, B0CSCKVSXF, B0B2PG2FVV, B0DQKXMM1J, B0CDNWRXG8, B0DQL1G23C, B0DQL11QVC, B0DQKZ7G14, B0DQKVQNNQ, B0DQKWL2G5, B0B2PGFTQF, B0DQKZ6XBX, B0DQKS5GZL, B0DQKT1RSW, B0DQKV9H7C]",amzn1.campaign.U2EJMJKDGITE,"DS Charm Bracelets for girls,exquisite cute cartoon friendship bracelets(3/4)",DS,2026-03-06,2026-12-31,10.00%,5000.0,4872.66,29,800,false
"[B0DQKTYPLQ, B0DQKXJBCT, B0CDNY4KRX, B0CL9BGGZQ, B0CDNP66X7, B0DQKWNPH2, B0DQKVVDQ7, B0DQKX1965, B0B4JSPWCL]",amzn1.campaign.2IYAX1QDT21QW,"DS Charm Bracelets for girls,exquisite cute cartoon friendship bracelets(2)",DS,2026-03-06,2026-12-31,10.00%,5000.0,4891.16,25,800,false
"[B09ZHQS6MB, B0BVYND3DQ, B0BN1MLXSH, B0C4XF6KHZ, B0BM377574, B0C4XF57HJ, B0DQKTH8LF, B0CX42QC7W, B0DQKW6BC1, B09QKCNQHB, B09ZHJY1ZN, B09QSJK48L, B0BXSRH7FD, B09QSLR8PD, B09X513XBK, B0CL9CQ3XG, B0DQKWFXF3, B0B748P2NP, B0DQKVN71R, B09Z7SHV59, B0C4XF9VS8, B0BVYMNQ64, B0BVYB1B4T]",amzn1.campaign.1MFC0B1016N1B,"DS Charm Bracelets for girls,exquisite cute cartoon friendship bracelets(1)",DS,2026-03-06,2026-12-31,10.00%,5000.0,4950.96,26,800,false
"[B0DNYWVVXM, B0DNYXNVLC, B0DNYXL64D, B0C9LDGB9Q, B0DNYWYMGD, B0C9LMYTQQ, B0DNYVYTJJ, B0DRG4R1LS, B0D4HTVL8C, B0C9LDYT84, B0DNYX465R, B0DNYXH2B3, B0DNYWG8VT, B0C9LJ51BW, B0DNYWM9BC, B0D832ZWK2, B0D4HW3R8J, B0DNYYPZ9C, B0D4HTYCWX, B0CNL7BP7G, B0DNYX2V24, B0DRG2SD3R, B0C9LHH56Q, B0CNL8C6VB, B0DP7456CX, B0C9L8SBQP, B0C9L8MMC5, B0DNYX484M, B0D4HSRB82]",amzn1.campaign.1TTRBOGH9EIY2,DS 4PCS String beads Charm Bracelets for Teen Girls,DS,2026-03-06,2026-12-31,10.00%,5000.0,4663.37,17,800,false
"[B0F376YFKV, B0FWWQZ2ZS, B0F3765WN7, B0F37H7JMF, B0F37BFWBC, B0F375VGZZ, B0FWWNS8C8, B0DQ4MY2D9, B0FRXVXDM1, B0FWW767P7, B0F371CQJW, B0DQ4Q5ZLS, B0FWW9X1QW, B0F36WZKF4, B0DQ4N8Z2T, B0F377D3LN, B0F37QV79Y, B0F373G6KH, B0F371HM5Z, B0F376Y751, B0F36VWMW3, B0F37D6GTY, B0FRXZNZ75, B0DQ4MMDDP, B0FRXSGPTC]",amzn1.campaign.143OGAL0C138J,Christian Cross Necklace for Men Women-Stainless Steel Crucifix Necklaces,DS,2026-03-06,2026-12-31,10.00%,5000.0,4965.47,29,800,false
"[B0F5Q2WL7K, B0F5Q33W4X, B0G2B8Y5NH, B0F5Q2VYYF, B0F5Q1SWXT, B0G2G1SZPF, B0G2B9G3T8, B0G2G2ZJ6T, B0G2BB4Q3Y, B0F5Q36GR9, B0G2B9GX37, B0F5Q22RBK, B0G2B8YB53, B0G2BG372D]",amzn1.campaign.RG3HFBIFY6SL,"DS Mother Daughter Bracelets Set, Stainless Steel Heart Jewelry for Women Girls",DS,2026-03-06,2026-12-31,10.00%,5000.0,4553.45,23,800,false
"[B0FTWS1X13, B0F7XNM419, B0GKVH3FT5, B0F7XMS3NR, B0FVSHNCJ1, B0GKV9C73R, B0FTWS4ZHS, B0FVSN2V4Q, B0FVSMZ1F5, B0FVSJ5BB1, B0F7XMH43L, B0FTWSCDKJ, B0FY19ZLX8, B0FY1CNY1V, B0FTXC4SQQ, B0FVSKJRPY, B0FVSL2QG4, B0FVSGQ79J, B0FVSF8W7D, B0FY1FR6G2, B0F7XQLTGS, B0F7XPMHJ6]",amzn1.campaign.LMG5KMAEZJPX,DS Boho Beaded Necklace for Women– Adjustable Long Chunky Bohemian Jewelry,DS,2026-03-06,2026-12-31,10.00%,5000.0,4659.61,18,800,false
[B0FS1NS254],amzn1.campaign.26HOPLPUCE421,SZ02 Gaming Headset,YPBDAN,2026-03-06,2027-03-06,10.00%,5000.0,4858.5,0,800,false
"[B0FLVDH8PN, B0FVTYB8BC, B0FLVCDPT7, B0FLVDDNG7, B0FVTZLTT7, B0FLVG62NM, B0FVTXN8Y1, B0FLVG7W3B, B0FVTX98ZK, B0FVTYNCKV, B0FVV49P6M, B0FLVDF2G9]",amzn1.campaign.1WC7AO6GSOLQN,DS Bangle Bracelets for Women 18K Gold Plated Stainless Steel Round Wire Bangle,DS,2026-03-06,2026-12-31,10.00%,5000.0,4992.82,30,800,false
"[B0F7XH7N68, B0F59BZF53, B0F8W12GNQ, B0F7XL4DYS, B0F7WVQTRX, B0DY19D5YS, B0F7X37464, B0F7WYYNDM, B0G6LRFW1P, B0F8VYR9M4, B0F59458DT, B0DXZNLHZP, B0F8VFDQMJ, B0DXZW2RWQ, B0F8W2N38M, B0DXZWTC7M, B0F7XDJQF6, B0G6L7XSQQ, B0DY16SFRN, B0DXZDCCVP, B0DXZSSY29, B0F8VHWX8B, B0G6LDC4V6, B0DY14KN21, B0F8W21WC6, B0DY142KK1, B0DY16Q1S7, B0DXZWQ8W6, B0G6L64SJ4, B0F8W3KZSL, B0F8W2F15W, B0F8VH1ZZB, B0DXZZJFGP, B0G6LQ96VF, B0F8W2CCNW, B0DY11PPVN, B0DY15PBLQ, B0F8VH1RFC, B0F8VZJVGT, B0F8W1QHL5, B0F59JPHT4, B0DXZZMRFY, B0F7X6FQ28, B0FVWVFHRW, B0G6LTPJZ6, B0DXZQWY5F, B0G6L43JN7, B0F59BWNYB, B0FK2RQVVL, B0DY19C94H, B0DY1DQ9B8, B0G6L7MYHC, B0DXZZ1J62, B0G6L23Q43, B0DXZXGGSG, B0F8VKGZLK, B0DY187YTD, B0DY162KGX]",amzn1.campaign.2UF60HLBGGK1A,Showcase the Versatile Elegance of Our Detachable Rose Flower Chiffon Scarves,COTHESUMAY,2026-03-06,2027-03-06,10.00%,10000.0,9976.16,24,800,false
"[B0DG5P68D5, B0D6YXVBZ2, B0DBHSP5J1, B0D6YVBK7M, B0D878JJLJ, B0DBHSC7LZ, B0DBHSG61B, B0DG5NK1Z1, B0DG5PR95C, B0D8BGPJBQ, B0DG5RGX8P, B0D892F84J, B0F6JMH6HK, B0DG5QW1JH, B0DG5PGW93]",amzn1.campaign.3IB1DSCO99PRT,DS Religious Gift for Her Christian Cross Charm Bracelet,DS,2026-03-06,2026-12-31,10.00%,5000.0,4890.3,31,800,false
"[B0GD5LXGY1, B0G51GLH94, B0G4G56WB9, B0FWJLZWW8, B0F3NWJ2T9, B0G4G4TKH3, B0GD5YZ838, B0F299XS4M, B0GD5SZYQC, B0G4G2RD2Y, B0DC4YQLKC, B0F2985Z73, B0GD4PV15D, B0G4G263R2, B0GD5T1LFZ, B0FWJRVSGJ, B0GD5PV8C9, B0GD5MFR5R, B0DKBRBDQW, B0GD5PVYVG, B0DKBSD49S, B0F29B4Y63, B0G4G26FY3, B0FWJLSQMP, B0FWJQBBZ1, B0DC4Y66WM, B0GD5C1KPK, B0G51DHK5H, B0GD58C6VM]",amzn1.campaign.1H1GJIU20BLFX,DS Religious Gift for Her Christian Bible Verse Cross Bracelet,DS,2026-03-06,2026-12-31,10.00%,5000.0,4788.26,16,800,false
"[B0FX4SP4TY, B0FX4ZFB7B]",amzn1.campaign.1XZXD7QVFHBYH,High-value Goods-20% Commission-DooGooCoo Car Baby Sun Shades - 2Packs,DooGooCoo,2026-03-06,2026-09-30,20.00%,100000.0,99942.6,22,800,false
"[B0DN59Z71L, B0F4QW5BG4, B0GKMSQ6QB, B0FYX6THHV, B0GKNS6C8X, B0DS1ZFZT6, B0GKLPS7ZX, B0DMW2DZG7, B0DP1XZQNJ, B0DMW1DHBY, B0F4QQXP6H, B0DS216V4C, B0DS226WXR, B0GKM9J974]",amzn1.campaign.2GWT3HOCM2D2S,DS Religious Gifts for her Faith Cross Necklace for Women,DS,2026-03-06,2026-12-31,10.00%,5000.0,4944.18,26,800,false
"[B0FS81THGH, B0G7XJ6R5C]",amzn1.campaign.2SK80M8TRN8ZV,High-value Goods-20% Commission-DooGooCoo Upgrade Portable Travel Mini Fan,DooGooCoo,2026-03-06,2026-09-30,20.00%,100000.0,99517.06,0,800,false
"[B0FF4D4C31, B0FF4FQ1BP, B0FF4FJYVR, B0FF4FDJFY, B0FF4F2T9H, B0FF4F8SB8, B0FF4CSKF7, B0FF4GPS27, B0FF4GBMD8, B0FF4CP3R6]",amzn1.campaign.2IVG07MK7LSEB,INDEPANDIA Ankle Wrist Weight (2lb&4lb Pair) 25009 10%,INDEPANDIA,2026-03-06,2027-03-06,10.00%,5000.0,4918.41,11,800,false
"[B0FJCR54QH, B0FMF349H6, B0DLGRMKSH, B0DWZZV9MX, B0FMDYYGZD, B0F4XJMH4V, B0F4XKSJ2J, B0FMF1K57Z, B0FMF1353Q, B0FJDFJLBJ, B0DWZLMF2S, B0DLGPSWYL, B0DLGS5H6V, B0F8B4B5F9, B0DX1HFR7M, B0FJRWSZZ4, B0DX1RPT66, B0FMF37FPM, B0DLGQ7VMF, B0FMF37FPN, B0FJD7PCC2, B0F8B53LTQ]",amzn1.campaign.IRJIPOXS4KY4,INDEPANDIA Ankle Weights for Women or Men (2lb&4lb Pair)  24055 10%,INDEPANDIA,2026-03-06,2027-03-06,10.00%,5000.0,4929.47,8,800,false
"[B0GFVT2DFJ, B0GFW2R1PM, B0GFW3ZBMY, B0GFV78VLJ, B0GFVY6P1P, B0GFVQKFJH, B0GFW4FQM2, B0GFVRHSV9, B0GFW71LC3, B0GFVCKKW3, B0GFWNRJX7, B0GFVL84JF, B0GPVFMY6J, B0GFVLM8R1, B0GFVDCC85, B0GFW7TDW7, B0GFVR9W2D, B0GFVV4Z8Z, B0GFVJGBLK, B0GPVJ3CXF, B0GFVK9SNG]",amzn1.campaign.32W3BALK4IYGL,High-value Goods-20% Commission-DMJN Car Summer Accessories Windshield Sunshade,DMJN,2026-03-06,2026-09-30,20.00%,200000.0,198874.6,8,800,false
"[B0F9Y4CKLK, B0F9Y526R1]",amzn1.campaign.VMY55GCT3EKE,Multi Collagen Peptides /10% commission,NutraNourish,2026-03-11,2026-12-31,10.00%,8000.0,7983.2,48,800,false
"[B0F9Y4CKLK, B0F9Y526R1]",amzn1.campaign.35DJLLA32K907,Multi Collagen Peptides /10% commission,NutraNourish,2026-03-06,2026-12-31,10.00%,5000.0,5000.0,54,800,false
"[B0G4MCF9XH, B0G4M8YYSP, B0G4MC3CM2]",amzn1.campaign.THXLHRZP4GTW,"ZELVOT Kids Hydration Vest Backpack – Lightweight, No-Bounce, Water Bladder",Zelvot,2026-03-06,2026-10-06,10.00%,6000.0,5927.47,33,800,false
[B08HVFD61Z],amzn1.campaign.J405WFS6Z5I0,10%Commission Pink Pig Bathroom Rug B08HVFD61Z,FANSSMILE,2026-03-06,2027-03-06,10.00%,5000.0,4988.96,32,800,false
"[B0DR2CYTDX, B0DR2BD3Y3, B0DR2959ZZ, B0DR288RKK]",amzn1.campaign.2N4H0HN3WBZ01,15% Monthly sales of 1000+ pieces，Surf Hat B0DR288RKK,Seektop,2026-03-06,2027-03-06,15.00%,5000.0,4997.67,40,800,false
[B0FKZ4YXQX],amzn1.campaign.2Q1AZHGSTNBHY,"Potential product, new product launched 10%Commission Beach Bathroom Rug",FANSSMILE,2026-03-07,2027-03-07,10.00%,200000.0,199981.91,19,800,false
"[B0G6S7CF6S, B0G6SFJF9B, B0G6T7B6YH, B0G6RKKXV6, B0G6RTBCN7, B0G6SR7KYQ]",amzn1.campaign.1MA3TE7YOHMP1,Sun Hats for Women+ B0G6RTBCN7,Bebila,2026-03-06,2026-10-31,10.00%,5000.0,4666.2,14,800,false
"[B0FLNWSDLZ, B0FLNLCX6D]",amzn1.campaign.ZMJRI98L6F18,20% Commission! Malbella Essentials Luxury Candle – Rose Oud Amour & Sage Noir,Malbella Essentials,2026-03-06,2026-11-30,20.00%,5000.0,4890.0,17,800,false
"[B0D9BP4H2D, B0D9BPJ5FZ]",amzn1.campaign.3FSUQ043V0RQ3,Earn 10% Commission – Promote the CIARRA 30/36 inch Induction Cooktop !,CIARRA,2026-03-06,2026-12-31,10.00%,5000.0,4964.33,32,800,false
[B08QDYGT8J],amzn1.campaign.2NQKEB82UFJIJ,20% Commission! Natural Nail Glow – Just Like Jane Buff & Wax Kit,Just Like Jane,2026-03-06,2026-10-31,20.00%,5000.0,4992.0,25,800,false
[B0B17K64WH],amzn1.campaign.A3344WKIS68D,Sizzle & Serve: The Griddle That Rules the Grill! Change grill to blackstone,Uniflasy,2026-03-06,2027-02-25,10.00%,5000.0,4992.44,42,800,false
[B0DZX56NYT],amzn1.campaign.G7P8BHC1N2NE,Earn 10% Commission – Promote CIARRA’s 25.4QT 12-IN-1 Convection Oven,CIARRA,2026-03-06,2026-12-31,10.00%,5000.0,4464.08,3,800,false
[B085ZTGGQ4],amzn1.campaign.30669D89KN6KI,"Weber 18""/18.5"" Smokey Mountain Charcoal Grills Grate",Uniflasy,2026-03-06,2027-01-31,10.00%,5000.0,4900.64,44,800,false
[B0B17K64WH],amzn1.campaign.9GFIH9KD5OH5,Griddle Everything – Uniflasy Cast Iron BBQ Takeover,Uniflasy,2026-03-06,2027-01-30,10.00%,5000.0,4906.02,74,800,false
"[B0DPWQTN9C, B0DZMMQV5X, B0DPWSR8ZT, B0DPWRTBL5, B0DZ1W19GD, B0DPWS7K89, B0DZG8HPHW, B0F5QBLJ24, B0F5QD7FN2, B0DPWQ4D3G, B0F5QBF6RC, B0DPWQ46P6, B0DPWQLX6Y, B0DPWQJYS2, B0DPWQP91B, B0DPWSS9G8, B0F5QFS6LW, B0F5Q9RJZ6, B0F5QC56C1, B0DPWRM85S, B0F5QCL176]",amzn1.campaign.2LQ70AIKT3ZW5,SHAPSHE High Waisted Shapewear Shorts Tummy Control/10% commission,SHAPSHE,2026-03-06,2026-10-31,10.00%,5000.0,4406.94,23,800,false
[B0B4JMVYRW],amzn1.campaign.3J3V5ATGAM6LV,From Breakfast to Campfire Dinner – Cook Anywhere with Weber Traveler Griddle,Uniflasy,2026-03-06,2027-01-31,10.00%,5000.0,4991.6,40,800,false
[B0C5LMD6JK],amzn1.campaign.14IPUJFQ0AQGC,Blaze It Up: Unleash the Flame with Our Ooni-Compatible Gas Burner,Uniflasy,2026-03-06,2026-11-14,10.00%,5000.0,4905.06,33,800,false
[B08229PS5Z],amzn1.campaign.NV2HIYKTYQR3,BBQ Whirlpool for Weber Vortex Grilling Cone | 10% Commi | ASIN: B08229PS5Z,Uniflasy,2026-03-06,2026-11-28,10.00%,5000.0,4957.99,47,800,false
[B07CZGSKK8],amzn1.campaign.34C7RW606Z2HR,Weber Grill Parts Bring Your spirit E-310 Back to Life—One Sear Mark at a Time,Uniflasy,2026-03-06,2026-12-31,10.00%,5000.0,4627.8,45,800,false
"[B07DC4LYQK, B09LQHDF99]",amzn1.campaign.3UBKE03TQ1MKW,"Earn 10% Commission – Promote CIARRA’s 30"" Wall Mount Curved Glass Range Hood!",CIARRA,2026-03-06,2026-12-31,10.00%,5000.0,4970.12,33,800,false
[B0DP4YHWLC],amzn1.campaign.21UIJCTY3CSJT,Brother,Asmallgf,2026-03-06,2027-03-06,15.00%,10000.0,9973.61,33,800,false
[B07V3BPYK7],amzn1.campaign.YXTCOSBJS2W6,Spirit e310 Grill Parts – Bring Your Weber BBQ Back from the Dead,Uniflasy,2026-03-06,2026-12-31,10.00%,5000.0,4648.01,47,800,false
"[B0F8J3WN3T, B0F8J4K18P, B0F8HYMQ6M, B0F8HYMJY8, B0F8J77K56, B0F8J3DBCP, B0F8J3Z5W2, B0F8J4ZJ5H, B0F8J47SGP, B0F8J7SWP7]",amzn1.campaign.CGE8P6ANL22T,💰Co 12%🛍️2026 Automobile Interior Products On Sale 10%off#TFX,GARVEETECH,2026-03-06,2026-10-01,12.00%,20000.0,20000.0,40,800,false
"[B0F4XS3TR9, B0FC626FMW, B0F4XP61T2, B0F4XPRTB7, B0F4XPRLC1, B0F4XPH66F]",amzn1.campaign.3AQH8VY64ENEI,Azmall LED Wireless Mouse with Built-in Jiggler Mode,Azmall,2026-03-06,2026-10-31,10.00%,100000.0,99311.16,11,800,false
[B085XRLVJ1],amzn1.campaign.2JVGDI2MG2KU7,Grill Replacement Parts for Char-Broil 5 Burner | ASIN: B085XRLVJ1 10% commi,Uniflasy,2026-03-06,2027-02-28,10.00%,5000.0,4551.98,36,800,false
[B0798N6Y9W],amzn1.campaign.3MUQD50BLECCK,"17"" Burner Tube – Give Your Weber Baby Q a Fiery Comeback!",Uniflasy,2026-03-06,2026-12-31,10.00%,5000.0,4944.42,45,800,false
[B0DP4WTSVT],amzn1.campaign.26CW9YGM5IO9G,DAD,Asmallgf,2026-03-06,2027-03-06,15.00%,10000.0,9945.1,34,800,false
[B0D9YL24HS],amzn1.campaign.AXZVGQADH8IT,KI-KI002U-3L Brake Bleeder Kit-0305,BreeRainz,2026-03-06,2026-09-06,10.00%,5000.0,4838.07,48,800,false
[B0B1757B3Y],amzn1.campaign.30E670ZCJKOLZ,Flat Out Delicious: The Mighty 17-Inch Griddle Takeover,Uniflasy,2026-03-06,2027-02-28,10.00%,5000.0,4906.66,27,800,false
"[B0GFHNZSJ7, B0G9F7YZBJ, B0FZQZKZHQ, B0FLDM7BZ6, B0G9H9F2DT, B0FZR8XNSZ, B0G9FGCNHK, B0FLPL6GLP, B0CC57KDHD, B0FLPGP7Y2, B0FLPB8BYG, B0CC54QK4F]",amzn1.campaign.OG7X1K9TDDNA,"Create Your Own Book Nook for Bookshelf Home Decoration, DIY Craft Kit for Adult",ISSEVE,2026-03-06,2027-03-06,10.00%,100000.0,99922.96,22,800,false
[B0GGZXLYNB],amzn1.campaign.2X37S0BVGSDLY,Hey! We'd love to send you something 🍿 (15% commission inside),Vminno,2026-03-06,2027-03-06,15.00%,5000.0,5000.0,38,800,false
[B0B4JMVYRW],amzn1.campaign.2WD66ZZFS1AYJ,Cast Iron Griddle for Weber Traveler Griddle Campaign 10% Commi｜ASIN: B0B4JMVYRW,Uniflasy,2026-03-06,2026-11-28,10.00%,50001.0,49914.74,61,800,false
[B0DHRV3LLX],amzn1.campaign.YMUX3XJKPGPE,10th 3D birthday card,Asmallgf,2026-03-06,2027-03-06,15.00%,10000.0,9959.44,36,800,false
[B0FY573RXC],amzn1.campaign.12WXNA90PDYLQ,"Earn 10% Commission – Promote CIARRA’s Powerful 30"" Under Cabinet Range Hood !",CIARRA,2026-03-06,2026-12-31,10.00%,5000.0,5000.0,34,800,false
[B0798LL4DB],amzn1.campaign.7QG41644V8BB,Bring the Heat Back – Weber Q2000/Q2200 Grill Burner Tube,Uniflasy,2026-03-06,2026-10-31,10.00%,5000.0,4926.17,48,800,false
"[B0GF1B189W, B0GF1CHK5L, B0GDZW2L39]",amzn1.campaign.2C30UJR9M5Q46,boho goddess locs,Flyteng,2026-03-06,2026-09-30,10.00%,5000.0,4980.52,30,800,false
[B07V3BPYK7],amzn1.campaign.3UK9VIVIKXBBV,Weber Spirit E310 Grill Parts Kit 10% Commission｜ASIN: B07V3BPYK7｜1K+ sold,Uniflasy,2026-03-06,2026-10-30,10.00%,5000.0,4488.3,82,800,false
[B0CFXRSL3X],amzn1.campaign.2GOJZVUTDKI7M,15th 3D birthday card,Asmallgf,2026-03-06,2027-03-06,15.00%,10000.0,9963.28,27,800,false
[B0G6JXSDNH],amzn1.campaign.16LJH2QB6RRPG,🏅🏅5 Stars📣Good Sale Multi-Purpose Work Tool Bags 10%off#TFX,GARVEETECH,2026-03-06,2026-09-30,11.00%,20000.0,20000.0,57,800,false
"[B0GJBWXB2S, B0GJBXB9T9, B0GJBLLPRR, B0GJBS9QQQ]",amzn1.campaign.1EV2BFA9CR32S,🔥【High Commissions】Stop Kids’ Bike Falls! Pro-Secure Training Wheels!,EMPATHECH,2026-03-06,2027-03-06,19.00%,1000000.0,998795.13,0,800,false
"[B0FV8HH2DH, B0FV8HR2WP]",amzn1.campaign.30OTPFG5TS2OS,"Earn 10% Commission – Promote CIARRA’s Wall Mount 30"" Range Hood Gesture & Touch",CIARRA,2026-03-06,2026-12-31,10.00%,5000.0,4935.0,34,800,false
[B0CFXPWB5D],amzn1.campaign.2KL0Z3TUN6D6X,12th 3D birthday card,Asmallgf,2026-03-06,2027-03-06,15.00%,10000.0,9929.23,29,800,false
[B0CJC519LH],amzn1.campaign.1T6281ETBNZTP,JA-AL203-Canning Pot-0305,BriSunshine,2026-03-06,2026-09-30,10.00%,5000.0,4764.97,17,800,false
[B0CFXSGY36],amzn1.campaign.ML3K23BO32BN,11th 3d birthday card,Asmallgf,2026-03-06,2027-03-06,15.00%,10000.0,9900.22,33,800,false
[B09PN72QFN],amzn1.campaign.AC6MYDEJMXN2,Turn Your Camp Chef Stove Into a Flat Top Kitchen,Uniflasy,2026-03-06,2026-10-31,10.00%,5000.0,4977.8,32,800,false
[B0CSXXX8TL],amzn1.campaign.3V6YBGQII8DGO,📌 Co12%💖100+ Sales Multi-function Drain Cleaner Machine 10%off#TFX,GARVEETECH,2026-03-06,2026-09-30,12.00%,20000.0,20000.0,70,800,false
"[B09NDLPNNQ, B09NDLZ7HV, B09L7L5JMQ]",amzn1.campaign.2OTA6DKFD4A16,"Earn 10% Commission – Promote CIARRA’s Ultra-Slim 30"" Under Cabinet Range Hood!",CIARRA,2026-03-06,2026-12-31,10.00%,5000.0,4491.86,13,800,false
"[B0G4D6GMHN, B0FS61VSXZ, B0G4D5F5XW, B0FWK9S6FH, B0G19JM9QK, B0FVX6N9B3, B0FVX51XPB, B0FVX7VGJR, B0G14JF7F2, B0FVX5G8PW, B0GCYW863R, B0FJ81DBGY, B0FS649FBT, B0FSYSMJY8, B0FVX62K6M, B0FSZFXJ6R, B0FWK6W3WH, B0FVXB414C, B0FSZHBGYZ, B0FS62YS4H, B0G3WY5HH2, B0FJ7YH5JZ, B0G351B88M, B0G1CT2K77, B0G3WVVHFR, B0G19LPKCX, B0FSZ9F3V7, B0FSZBR4L3, B0G3WWS2XF, B0G4968N87, B0G3WRQ1VN, B0FSZ6R44L, B0FWKBWH5S, B0G48ZGV2J, B0FVX4SYX3, B0FSZ73T6D, B0FS61Y51S, B0FSZ8PH9J, B0G34XZLK5, B0G352NFC9, B0FVSW21LK, B0FVSX65ZK, B0FY2TFTNC, B0FS5P61BJ, B0FY2SQJVL, B0G3WWNWNR, B0FWK9PKXJ, B0FSZDDJ53, B0FWK8N8CY, B0FSZ9PRC7, B0G4D4GXHV, B0G3WVK851, B0G3WWGR8M, B0G19CJLNY, B0FSZ8JNZ3, B0FSYSLSNV, B0FSZG4Q57, B0FS5H6GHM, B0G3WV59ZD, B0G3531TXR, B0G3WSTJD1, B0FVX62DVS, B0FVSS4W9H, B0FVX4Z356, B0FSZCXHYJ, B0G352D66V, B0G3WW2MDK, B0FS6896GN, B0FSZDG6M6, B0G1D42KWF, B0FVX4PC1G, B0G19LPG94, B0G352QJ7X, B0G14DL75Z, B0FSZ8RK96, B0G14D8FP4, B0FSZ9Z7NK, B0FS5RMJP7, B0FSZCB9MC, B0G48YBNY1, B0G3535NWC, B0FSZ8WWS2, B0FVX8CD5K, B0FVX3HD94, B0G353WCKN, B0G3578NGN, B0FVX4S7PK, B0FVSX941Z, B0G3WTPSY6, B0FSYSM8RM, B0FSYSLR89, B0G1D3XDB5, B0FSZ913M5, B0G19J3HYP, B0G3WT5ZF4, B0G5WYY7X2, B0FSYSNMXD, B0FVX6JBHZ, B0FSZ58J76, B0G4D5KPCR, B0G4D6D4F7, B0G3WV51MB, B0FY2TJC3W, B0G34WW27T, B0FWK8WHTR, B0FWK9X4MQ, B0FS5S737C, B0FSZ9WYG7, B0FSZ9QGDT, B0G19M76D6, B0G4D6TVJV, B0GCZVP9S5, B0G352QZDR, B0G3WSYDLL, B0G1CVPKXL, B0G3WVJ6HR, B0G5X631NK, B0G19KZKMP, B0G3WSCZK3, B0FVX6LBBH, B0G34WNR3D, B0GCZMVSCH, B0FVSWVCGG, B0FY2S3FKH, B0G19LNZQK, B0G3527HNW, B0FS5XW734, B0FJ7ZK7SX, B0G352PP3V, B0G19FFCWS, B0FVSYPSQ1, B0GCZRXNDQ, B0G4D1GNM7, B0G4D5ZVF9, B0G3WXYQQK, B0G3518WKH, B0FS69XF47, B0FVSWGYT8, B0G19PLYV6, B0G19PLYV8, B0G5WHGRL8, B0G4D51BXQ, B0G3WTQJYJ, B0G4D2H82L, B0FSZ8S5VZ, B0FS679DD3, B0FSZ8S5VY, B0FWK953QW, B0FSYSM2PB, B0G3WSKT8Y, B0FSZ9QGDS, B0G1CY5993, B0G3WWTG66, B0G3WV52VN, B0FJ7ZD7W3, B0G1CY96GC, B0G5WZJ6K5, B0FVX8LNCT, B0FVX77MGM, B0G34YQN4W, B0FSYSNL22, B0FY2SDYB1, B0G1D2LXQ4, B0G1D1H7WC, B0FS61S8B8, B0G3WWC78B, B0G5X4JNN8, B0G19Q12NG, B0FS683DH7, B0FWKCLQSG, B0G48ZSGZZ, B0FSZ9VKJJ, B0FSZD1JG9, B0G5XCBDP4, B0G19KK9QB, B0FSZHG99X, B0FSZB9QTK, B0FSZ7D84Q, B0G5WMZMQJ, B0G3WX3RQ2, B0FS68BTKS, B0G34ZYH52, B0G3WSPP2B, B0GHHZ5XQX, B0FVSX5FX3, B0G3WSVL8W, B0FVSVTJKW, B0FSZC8RN9, B0G19JMQWZ, B0FSZ7QNYM, B0FSZFCVGL, B0G19TQYWG, B0FWK86QV4, B0G34ZZL9Y, B0G1D2Q9G2, B0FSZ8XWF8, B0G5WX2Z3P, B0G3WRTNT8, B0G3X1C7PB, B0FY2QXWPK, B0FS64371R, B0FSZC5HY6, B0FVX4PMNN, B0G3WX29YN, B0FS5N4RVG, B0FSZ7KYL4, B0FS6KNM2V, B0FS6QHXLS, B0G353SYKM, B0FJ81RP5C, B0G4935K7R, B0G354Y6SC, B0FSYSMV3Q, B0G19VKY4R, B0FVSWX6B3, B0G14D5Y4Q, B0FVSSJNHX, B0G491TVK6, B0FVX4PYW5, B0G492Q4G1, B0FVX6WX66, B0G1D3WPTT, B0FSZBBMVC, B0G3WV4H59, B0G14J6FQ3, B0G1D43SZG, B0FSZ837VH, B0G4D5WVDF, B0FSZD7J8Q, B0G34SYXX4, B0G493BC4S, B0G1D33X1H, B0FSZ9LPMY, B0FVSVHB3F, B0G3WS3R1Q, B0FSZCX5YB, B0GK18B9KV, B0G356YLX9, B0FS66V1G7, B0FVX6HC7X, B0FSYSP5LL, B0G1D2TCRS, B0FVX79NNS, B0FVSXFWZM, B0FVX4R45D, B0GCZS3CYJ, B0FSCYM8ZF, B0FVX64583, B0G351R9VF, B0G34XBRSB, B0FY2S1MWC, B0G3WRMHMG, B0G19FJ32V, B0G3X1CSJ3, B0G5W9X8RQ, B0G19L9TLN]",amzn1.campaign.14BOEP3SPMO6L,octoswave Spring Promotion,octoswave,2026-03-06,2027-03-05,10.00%,56789.0,56780.31,6,800,false
[B0DNJ321JD],amzn1.campaign.38PB9U0P1UZWL,10% Commission  MOUNTUP 27 inch Extra Long Monitor Arm YMU6021B,MOUNTUP,2026-03-06,2026-12-31,10.00%,5000.0,4922.82,26,800,false
[B0GDY4H74L],amzn1.campaign.PWXPSK66EW1E,IG150 Sheet Holders 10% Commission 6th Mar - 6th Nov,IGIYI,2026-03-06,2026-11-06,10.00%,5000.0,4987.05,45,800,false
[B0CMPY927L],amzn1.campaign.J8LDFDDQJX63,90th birthday card,Asmallgf,2026-03-06,2026-12-31,15.00%,10000.0,9983.5,34,800,false
[B0DNDQJ9XS],amzn1.campaign.CAXCQXPRJHHY,"Fruit Bowl for Kitchen Counter, Large Decorative Glass Bowls with Pedestal",ZOOFOX,2026-03-06,2027-03-06,10.00%,5000.0,4989.6,24,800,false
"[B0D9LZ35S1, B0F6DDVHRV, B0DYXWYNSV, B0GJPLHXFG, B0D9KK75L1, B0D9KK9319, B0DYXWPBW6, B09QHX2C7P, B08W2BQV8F, B0D55PV3NF, B08W2271VP, B0BXF9THXR, B0BXFG3MB4, B0D72XTHPV, B0CJQ271R1, B0CVQK65GK, B0CJPYBYD9, B0CJPYNVJK, B0D9M24LFD, B0BZ52CG1B, B0GJPN7K64, B0BYSZ2MGG, B0GJPQ9N5C, B0GJPQ9N5D, B09QHV9KZP, B08W2P89XQ, B0BXDGKC6V, B0BXDVR573, B0CZHT2WTK, B0CJPYW7BN, B0CJQ16D6Q, B0BXDGDYWN, B0D72N73T8, B0BXDFX3MH, B09VB722QS, B0GJPKZZ1X, B0DYXZL4RF, B0F6D9YVFN, B0D55JC6PT, B0BGQ3KYY2, B09WL8WXKJ, B09WL9YGXZ, B0F2HTJFDC, B08W2FKTJX, B0CJPZ9JSB, B0CBMSVPZP, B0BZ7KTNZP, B0BJZGK3ZX, B0F6DB13PP, B09QHVZ18G, B0BXDHMQQH, B0CVQD93NF, B0DYY3MKYH, B0D55WQQJD, B0BXFBFFWB, B0BXDJ8SKL, B0BXFF9J41, B0DYXYJXKX, B0D9M2Y9T4, B08W2D29QN, B0BJYLC1R9, B0BZ4ZSJR9, B0D55F3Z7R, B0D73D5YM4, B0BXDHF17G, B08W2T1QLR, B0BXDXMWNN, B08W2K248C, B09QHVZ47L, B0GJPP38C3, B0DYXZPHKS, B0BXDGL3WL, B0F6D9Y2QZ, B0D568451L, B0GJPQ4WQV, B0D72Q8VM1, B0BXF75FT4, B0BXF4N7WV, B0BJZMVJ7F, B09V9WBQ42, B0D72J4D6B, B0BZ52TJ7D, B08W24KVHW, B0C3H6WRV9, B0DYXWQYKQ, B08W27C2VK, B0BXFC9RKK, B09QHY7Z7P, B0GJPPBN34, B0CJPZ5VTX, B0F6DB5G4C, B0CBMP7FMQ, B08W26P1HY, B0BZ4XV7JB, B08W1L57HG, B0BGQ7GZP1, B0F6DDFDTG, B0CVQNQDR6, B0DYY17RSL, B0BXFMNSRN, B08W1Y3GJZ, B09WLBZQLY, B0BZ543J3Z, B08W2LVP49, B0FCXWVRQD, B0BXFHM6ZY, B0BYSYJR2T, B0C3H5D2NX, B0BXF8YJ7B, B0GJPGXJG9, B09VB73J8H, B0DYXWSV1R, B0BYT1LMDJ, B0F6D9ZN6K, B0BXF1KJHW, B0F2HSC868, B0BXFFQWZ1, B0BXFCVXQV, B0D72VGP36, B0GJPTK4Q7, B0D73255R6, B0CJTM1DSL, B0GJPSQ1VP, B09QHTZNGV, B0BZ521J34, B08W21RB4N, B08W23ZYJL, B0F6DCNR15, B08W1VHRCF, B0GJPMX6PR, B09QHV7LJT, B0BXDVTTG2, B0D55HVK1R, B0D9KHLZQG, B0C3H8FND6, B0CBMSNQ9J, B0CVQQ9NSY, B0CBMTZWVW, B09QHW78Y3, B0D55ST39T, B0BXDZWWDX, B08W1YQCYG, B08W2D4Y5B, B0DYY6NNS9, B0BZ7K8M3J, B08W22X89M, B09WL9H1VN, B0D736BSVP, B0BXF7LL7W, B0BYSY67B1, B0BJZC38SK, B0BXF9RSKM, B0BJZN27WF, B09QHVSR22, B08W2933NV, B0F2HVMJ79, B09WL7WB1Z, B0D737WVDR, B0F6DCB23P, B0F6D5ZHNM, B09QHVVBMH, B08W1WG9K8, B0F2HRW969, B0BXDGVVDN, B0BXFH5QNF, B0BXDH655Z, B0BXFG37LM, B0GJPPBTXB, B08W1ZX9S6, B09WLBXSBL, B09V9QLYQW, B0BXFBY448, B0BXDJ7CXC, B0CBMRS7V3, B0BGQ3927L, B0CJPXQH6Q, B0BXDG9D6Q, B0D9M1HW4B, B0CJQ158GD, B0CJPZ3FCW, B0D731XYZQ, B0BXDJWRFG, B0D734X1KY, B0CJQ1BRCR, B0BXF4NW82, B0D9KKBQMM, B0BGQ4YGFL, B0BGQ463HP, B0BZ7KH6FS, B0GJPY5LWP, B08W2BGYCK, B0F2HS6YZ8, B08W265GSC, B08W1XTJG9, B0CBMTF29H, B08W2CLNB8, B0CJPYC8FG, B08W1KSVKX, B0BYSXN97G, B09QHTHH5D, B0GJPKXP6C, B0BZ5488YB, B0BXFC9CFL, B0F2HT9QRW, B0D55DH928, B0BZ4ZQGBH, B08W263WT5, B0F6DDRT99, B0BXFPS28Z, B0BZ7JXHSP, B0BZ7JWY97, B0D72VNJYN, B08W25GGSQ, B0BXFCHWQ8, B0BXF3K2ZM, B08W22TW5R, B0D9M1L34G, B09VB2GK5J, B0CJPYLH8W, B08W1XJVK4, B08W1WFCMV, B0CJPYLH8V, B0BXF73BJZ, B0BXFCXXW5, B09QHWVH8D, B0BXFF3B3D, B08W2JC3BV, B0CJQ1CQ1V, B0CVQJ259G, B0BXF9N5KC, B0BZ51L13Z, B09QHVXHP7, B08W26Q239, B0BZ7GQF8R, B0BYSZ5TRC, B0BXFBM9F9, B0BXF3KRVH, B0F6DB2W82, B0BXFG6WWP, B0D9M1HF6W, B0D9M13MCR, B0GJPHSM8Q, B0BZ51NQMY, B08W2GSKJK, B0DYXSJW8F, B0BJZWCN2M, B0D9LZWH1P, B0D9M2ZH9C, B08W2GR3M7, B0BZ513M7R, B0CVQF7DZS, B0DYXSH9SW, B0BXFHYSHN, B0GJPNTSVP, B0BXF9KW5L, B0GJPSCSK3, B0BXFPNQRJ, B0BXFH9Y45, B08W2FZZNQ]",amzn1.campaign.10QRSKW19G06Y,Rainoop Plus-Size Women's Tops · Long-Term Creator Recruitment Plan,Rainoop,2026-03-06,2026-10-31,15.00%,5000.0,2436.52,2,800,false
[B0BKSM4NV1],amzn1.campaign.28KDVAIV1SWXH,CPE366 5.8G Gigabit Wireless Bridge with Mounts 3KM Network Extension,AdaLov,2026-03-06,2027-03-06,10.00%,99999.0,99999.0,34,800,false
[B0CMPZJD5L],amzn1.campaign.1FZ9LL6C3GOAH,70th birthday card,Asmallgf,2026-03-06,2026-12-31,15.00%,10000.0,9943.45,27,800,false
[B0CMPYBZPZ],amzn1.campaign.2BV59FIM1IV8Z,50th birthday card,Asmallgf,2026-03-06,2026-12-31,15.00%,10000.0,9945.68,21,800,false
[B09ZV7MWC4],amzn1.campaign.3GJ8JQRMUXYYR,10% Commission  MOUNTUP Dual Monitor and Laptop Mount YMU4005,MOUNTUP,2026-03-06,2026-12-31,10.00%,5000.0,4796.86,22,800,false
[B0B4JNGL3Y],amzn1.campaign.9ZQQ7Q3ELQYZ,Nexgrill Grease Tray – The Ultimate Upgrade for Backyard Grilling,Uniflasy,2026-04-15,2027-04-15,10.00%,5000.0,4812.54,46,800,false
"[B0FXGP44LN, B0FXGPJF2T]",amzn1.campaign.2RHZ5RKEU4P1I,💡Good 5 Stars!✅Buy Top Shower Bases &Pans 10%off #TFX,GARVEETECH,2026-03-06,2026-09-30,11.00%,20000.0,20000.0,67,800,false
[B0CMPYJTCJ],amzn1.campaign.2YMQOI6BX0NLU,40th birthday card,Asmallgf,2026-03-06,2026-12-31,15.00%,10000.0,9973.45,22,800,false
[B0F1DJ25J4],amzn1.campaign.1JLI8VAZNM67H,Clean Beauty Essential: Natulogique Hyaluronic Acid Serum,Natulogique,2026-03-06,2027-03-06,10.00%,10000.0,10000.0,24,800,false
[B0CKNBLJS1],amzn1.campaign.1T5BVDGF0FM23,CPE881 3 Pack Point to Point Gigabit WiFi Bridge for Network Extend,AdaLov,2026-03-06,2027-03-06,10.00%,99999.0,99999.0,28,800,false
[B08XLX3JMP],amzn1.campaign.WKDF1R955W0I,"10% Commission  MOUNTUP Adjustable Monitor Stand for Max 32""  YMU4003-A",MOUNTUP,2026-03-06,2026-12-31,10.00%,5000.0,4973.8,32,800,false
"[B0G3XVQBSK, B0G3XX413R, B0G3XXTL29, B0GMXD4P2T, B0GMWSYMJ4, B0G3XWWD1J, B0G3XXLP9Q, B0G3XT85ND, B0G3XVYKMS, B0G3Y1Z7LB, B0G3XYFL4D, B0G3XSDYMK, B0G3Y1GTZL, B0G3XXN9RR, B0G3XXTK3F, B0GMX5R4Z5, B0G3XYW2T1, B0G3XQWL3J, B0GMX7YSGJ, B0GMWT1WNW, B0G3XSTHPD, B0G3XX71VX, B0G3XQYQKW, B0G3XWWWVV, B0G3XZK7B2, B0G3Y277DQ, B0G3XSZLJ7, B0G3Y3CSXF, B0GMX7GJSX, B0G3XQX1X5, B0GMXBZBF9, B0G3XV54NY, B0G3XRVVZ9, B0G3XPRDSC, B0G3XS7P4V, B0G3XYCWDM, B0GMX7GJST, B0G3XWZPWT, B0G3XXTZTT, B0GPQ4F84D, B0G3XZ2L1J, B0G3XQ8TY5, B0GMWQL1VD, B0G3XVYLZ2, B0G3XV3Q6Z, B0GMX4XV3S, B0G3XY28ND, B0G3XXQQSJ, B0G3XVYLYY, B0G3XXXQSP, B0G3XTCW69, B0G3XWJZF6, B0GMX4NS3R, B0G3XXWTLM, B0GMWTGW8N, B0GMXJL3CB, B0G3XT2G4S, B0GMX44TRL, B0GMX1KGT5, B0GMXGQ6Q4, B0G3XWTVKD, B0G3XQBWB2, B0G3XVS1QJ, B0GMWQKG55, B0G3XVC434, B0G3XZNN7C, B0G3Y11MQR, B0GMWXYSM7, B0G3XQDKPC, B0G3XVDK58, B0G3Y26T6Y, B0G3XX9GQV]",amzn1.campaign.1ZLHYVTMD0IRL,"CUGOAO Oversized 2 in 1 Modular Sofa Bed, Sectional Couch for Living Room",CUGOAO,2026-03-06,2027-03-06,10.00%,30000.0,29572.65,0,800,false
"[B0GBV949VR, B0GBV6LL3P, B0GBVF5JT6, B0GBTZW6PS, B0GBVTK244, B0GBV8G7FK, B0GBTCSB4X, B0GBVVX8H2, B0GBWQG2MD, B0GBW1HSJM, B0GBW489VQ, B0GBV12MKL]",amzn1.campaign.28PGJHAU4CO2Z,MASVIS Cooling blanket for Hot Sleepers high Commission,MASVIS,2026-03-06,2026-09-30,10.00%,5000.0,4771.38,15,800,false
"[B0F1XGYR6Z, B0F1XFN3RX, B0F1XG5N93, B0F1XJT9B3, B0F1XHFKPD, B0FXX8FVP7, B0F63YNPDF, B0FXDG38VC, B0F1XJV8FW, B0F1XK2CJK, B0F1XWPB7F, B0F1XHPD9S, B0F1XDJM49, B0F1XV39QL, B0F1XFH4X6]",amzn1.campaign.28TNP1DGOJEBF,"""Mom"" Heart Birthstone Necklace 🦋🌹 | Best Emotional Gift for Mom Mother's Day",Molenia,2026-03-06,2027-03-06,20.00%,5000.0,5000.0,17,800,false
[B0FGPTJ9KG],amzn1.campaign.XTC0B55Z8OJM,25L Electric Cigar Cabinet,LIHTUN,2026-03-16,2026-09-30,10.00%,5000.0,3992.93,28,800,false
[B0FG2JTSTD],amzn1.campaign.2NU9JHZDC3QYD,35L Electric Cigar Cabinet,LIHTUN,2026-03-16,2026-10-31,10.00%,5000.0,4575.37,30,800,false
[B0B58R4CM9],amzn1.campaign.3JAU59D4RZCAR,"10% Commission  MOUNTUP Dual Monitor Wall Mount for Max 32"" Monitor YMU2004",MOUNTUP,2026-03-06,2026-12-31,10.00%,5000.0,4956.02,33,800,false
"[B0GJCXXD29, B0FLDHX5Z3, B0GJDFBFX9]",amzn1.campaign.JRQKCVCMNPP9,🥳5 Stars!🔊Look #10 in Trailer Tires 15%off #TFX,GARVEETECH,2026-03-06,2026-09-30,11.00%,20000.0,20000.0,76,800,false
[B0B5XSP7JT],amzn1.campaign.QGMUJSM9WWD4,"Grill Clean, Grill Smart – The Grease Tray Your Nexgrill Deserves",Uniflasy,2026-03-06,2027-03-06,10.00%,5000.0,4850.66,41,800,false
"[B0BTZZNXLN, B097SC3C2V, B0F6NYH4GW, B0C3SCM76F]",amzn1.campaign.1WDJ6FET0C5E9,Aromasong Natural Dishwasher Salt – Better Washing Results,Aromasong,2026-03-15,2027-03-10,15.00%,1000000.0,1000000.0,42,800,false
"[B0FB2MXFWL, B0FB2X27WT, B0FG8JL7DL, B0FG915ZYR, B0FB2XL5HF, B0FB2PD2BP, B0FB2XKXTG, B0FB295RQV, B0FG8Q957X, B0FB2VMDFV, B0FB2MDQ49, B0FB2KXJFK, B0FG8HPTMP]",amzn1.campaign.1MVHBS3OGAFBD,30% Commission on Single Ingredient Freeze Dried Dog Treats!,Heckova!,2026-04-01,2027-04-01,30.00%,10000.0,9535.73,0,800,false
"[B0BTZZNXLN, B097SC3C2V, B0F6NYH4GW, B0C3SCM76F]",amzn1.campaign.BEJ6YYQLB0RK,Aromasong Natural Dishwasher Salt – Spotless Dishwashing,Aromasong,2026-03-14,2027-03-10,15.00%,1000000.0,1000000.0,57,800,false
"[B0GBRTYX36, B0GBVDZKZ7]",amzn1.campaign.4DD0DS1XIBD7,量雨器🌧️ RAIN DATA + SOLAR NIGHTS = YOUR GARDEN’S BRAIN!,Manortang,2026-03-06,2027-03-06,10.00%,5000.0,4978.4,69,800,false
[B0BWW325KC],amzn1.campaign.1NCOJW69SF3MB,mini hydroponic system,HORTHERO,2026-03-20,2027-03-20,15.00%,5000.0,5000.0,40,800,false
"[B0BTZZNXLN, B097SC3C2V, B0F6NYH4GW, B0C3SCM76F]",amzn1.campaign.P8LMWOIKGHAC,Aromasong Dishwasher Salt – Reliable Water Softening Care,Aromasong,2026-03-13,2027-03-10,15.00%,1000000.0,1000000.0,57,800,false
[B0B58MDJRR],amzn1.campaign.3BTB3MPRANHV3,"10% Commission  MOUNTUP Single Monitor Wall Mount for Max 32"" Monitor YMU2003",MOUNTUP,2026-03-06,2026-12-31,10.00%,5000.0,4995.3,70,800,false
"[B0FZ84KL9P, B0G1333BLY, B0FZ81K9MF, B0FZ85PL8J, B0G41K5WHR, B0FZ83VR33, B0FZ84SVJV, B0FZ81Y9KZ, B0FZ84F41P, B0G41GSTZX, B0G41HDDVY, B0FZ8961K6, B0FZ87N4VK, B0FZ82NMGP]",amzn1.campaign.2KSMQB3O3S9R0,YYC-209 妈妈生日 and变体系列,MOROLURU,2026-03-06,2027-03-06,15.00%,5000.0,4832.16,29,800,false
[B0BWW325KC],amzn1.campaign.2BG5Q2OE7E5KQ,hydroponics supplies,HORTHERO,2026-03-19,2027-03-19,15.00%,5000.0,5000.0,84,800,false
"[B0GBT7QWBP, B0GBTDWJRT]",amzn1.campaign.2L535EMMEIDSH,复活节兔子花园桩🐰 EASTER MAGIC BLOOMS IN YOUR GARDEN!,Manortang,2026-03-06,2027-03-06,10.00%,5000.0,5000.0,68,800,false
"[B0BTZZNXLN, B097SC3C2V, B0F6NYH4GW, B0C3SCM76F]",amzn1.campaign.2SVEYTPCW5BKO,Aromasong Dishwasher Salt – Professional Dishwashing Support,Aromasong,2026-03-11,2027-03-10,15.00%,1000000.0,1000000.0,46,800,false
[B0BWW325KC],amzn1.campaign.1EV5USNY9H9SR,aerogarden replacement parts,HORTHERO,2026-03-18,2027-03-18,15.00%,5000.0,5000.0,82,800,false
"[B0BTZZNXLN, B097SC3C2V, B0F6NYH4GW, B0C3SCM76F]",amzn1.campaign.29LFZPHZ5VTZH,Aromasong Dishwasher Salt – Dishwasher Maintenance Essential,Aromasong,2026-03-12,2027-03-11,15.00%,1000000.0,999996.85,42,800,false
"[B0GJCXXD29, B0FLDHX5Z3, B0GJDFBFX9]",amzn1.campaign.1UGBD6ZD396V9,💪Over 200+ Sales✔️Snap Up #10 in Trailer Tires 15%off #TFX,GARVEETECH,2026-03-06,2026-10-01,11.00%,20000.0,20000.0,73,800,false
[B0G7YTJM4V],amzn1.campaign.1PSBKM3C99Q7F,Bluetooth speak 30% commision,Giocanto,2026-03-05,2026-10-08,30.00%,60000.0,59880.6,17,800,false
"[B0GBSP23F6, B0GCZGLRBD, B0GBTTQ6S7]",amzn1.campaign.2ZWMP5HYTAFC1,花朵地插🧠 NEURO-DECOR: SPINNING SEROTONIN,Manortang,2026-03-06,2027-03-06,10.00%,5000.0,4989.5,68,800,false
"[B0BTZZNXLN, B097SC3C2V, B0F6NYH4GW, B0C3SCM76F]",amzn1.campaign.25PMXLYRAOFAB,Aromasong Natural Dishwasher Salt – Sparkling Clean Dishes,Aromasong,2026-03-09,2027-03-08,15.00%,1000000.0,1000000.0,52,800,false
[B0BWW325KC],amzn1.campaign.24K0U4149ZZDX,aerogarden pump replacement,HORTHERO,2026-03-17,2027-03-17,15.00%,5000.0,5000.0,82,800,false
"[B0BTZZNXLN, B097SC3C2V, B0F6NYH4GW, B0C3SCM76F]",amzn1.campaign.13CLQZUX23X4V,Aromasong Dishwasher Salt – Powerful Water Softening Agent,Aromasong,2026-03-10,2027-03-09,15.00%,1000000.0,1000000.0,36,800,false
"[B0FT3D3ZLT, B0G5F8LW4C, B0FT3FTWNH, B0G5FD1MZF, B0G5GK7NB8, B0FT3DY1D9, B0G5FS81PX, B0FT3FQ6RD, B0FT3FHC9Z, B0G5FTFK1G, B0G5G868QK, B0G5FGKC73, B0G5FDBSKD, B0G5G4C1Y4, B0G5FSG9TW, B0G5FM2JZ2, B0G5FWL6YZ, B0FT3H23XS, B0FT381LVB, B0G5GGWBMJ, B0FT3B62X5, B0G5GH9J37, B0G5GKLKBG, B0FT3DGDWP, B0FT39BZNT, B0FT3FDGMH, B0FT34LN82, B0FT3HMVGD, B0FT3GKBVQ, B0FT3F4882, B0G5FWGTTR, B0G5GK8HDM, B0FT3GFBHR, B0G5GGP6YJ, B0FT3HMVGS, B0G5GK5V99, B0FT39X8VF, B0FT3GK7Q3, B0FT3GZZDD, B0G5G23YKM, B0FT3FZZ3G, B0FT3GJQS6, B0G5GKGP8L, B0G5FZ369X, B0G5G1RB9T, B0FT3D273K, B0G5FRXC34, B0G5FTPGG5, B0G5FC2ZJ1, B0G5F8WHQ6, B0G5GC4MWK, B0FT3B18ZB, B0FT3CBX97, B0FT3DZZKK, B0FT3BLCJX, B0FT3G6RJF, B0G5GK92D1, B0FT3DF48J, B0G5GL5KN2, B0FT3BW2TM, B0FT3FZ5JB, B0G5FYNPYY, B0FT3FQ8P2, B0G5FRGV4H, B0G5FWWRJV, B0FT3GB8X6, B0FT34JWMS, B0G5FRVSB5, B0G5FS3PPM, B0FT3F9NJF, B0G5FYKBRL, B0FT3D4N1J]",amzn1.campaign.28KDK59U09YUO,🌊 My Amazon Wall Art Ocean Resort Plan,JUDASJART,2026-03-06,2027-03-06,15.00%,5000.0,5000.0,81,800,false
[B0BWW325KC],amzn1.campaign.U8AJJ87QQWNI,aerogarden bounty elite,HORTHERO,2026-03-16,2027-03-16,15.00%,5000.0,5000.0,91,800,false
"[B0BTZZNXLN, B097SC3C2V, B0F6NYH4GW, B0C3SCM76F]",amzn1.campaign.1LGRLCOX9MY8S,Aromasong Premium Dishwasher Salt – Spot-Free Dishwashing,Aromasong,2026-03-09,2027-03-07,15.00%,1000000.0,1000000.0,50,800,false
"[B0GCZMBLP3, B0GCYZNKTT, B0GCYQQ6FW]",amzn1.campaign.3GKUFGJAOIYP5,"太阳能十字架地插✅ NO WIRES, ONLY WORSHIP",Manortang,2026-03-06,2027-03-06,10.00%,5000.0,5000.0,77,800,false
"[B0BTZZNXLN, B097SC3C2V, B0F6NYH4GW, B0C3SCM76F]",amzn1.campaign.3VC9N1DBCF8IF,Aromasong Natural Dishwasher Salt – Hard Water Solution,Aromasong,2026-03-08,2027-03-07,15.00%,1000000.0,1000000.0,59,800,false
"[B0BTZZNXLN, B097SC3C2V, B0F6NYH4GW, B0C3SCM76F]",amzn1.campaign.1CFQRXMDSF4QU,Aromasong Dishwasher Salt – Cleaner Dishes Every Wash,Aromasong,2026-03-07,2027-03-07,15.00%,1000000.0,1000000.0,53,800,false
"[B0BTZZNXLN, B097SC3C2V, B0F6NYH4GW, B0C3SCM76F]",amzn1.campaign.2CDDU5L94S5ZY,Aromasong Dishwasher Salt – Natural Water Softening Solution,Aromasong,2026-03-06,2027-03-06,15.00%,1000000.0,999996.85,53,800,false
"[B07Z7ZWC6S, B0F6W9MMD9]",amzn1.campaign.3D0HY4ELV3U0A,"10% Commission MOUNTUP Triple Monitor Mount Fit Max 27"" Screen YMU0006＆YMU0006-W",MOUNTUP,2026-03-06,2026-12-31,10.00%,5000.0,4693.79,20,800,false
"[B0FMDL7LKF, B0FP2KVLNY, B0FQ4WF447, B0FQ4YQ5FS, B0FPX9GR1Z, B0FPXBP5XW, B0FPX9VX2G, B0FMDXNHJY, B0FQ4XD3XY]",amzn1.campaign.1CPRT9F18A7L0,Collaborate with Us for Thumb Up Lazy Phone Holder Launch to Get 10% Commission!,YuCool,2026-03-06,2026-10-31,10.00%,5000.0,4997.42,43,800,false
"[B0FCC3923P, B0FCC2RM6X, B0FCC6QD6C, B0FCC3B4K3, B0FCC4WNXR, B0FCC1CCJS]",amzn1.campaign.SHTMWFRNG0TF,Ram creator,Chee Lyee,2026-03-06,2027-03-06,10.00%,5000.0,4956.59,52,800,false
"[B0GPQ18BJV, B0GPQ97LHN]",amzn1.campaign.36X479OG8X0PG,双杠606S,MESHUBA,2026-03-06,2026-11-30,20.00%,5000.0,4970.0,41,800,false
"[B0CNPCVVBG, B0DRHZLZD8, B0FND7BN76, B0DRJL3ZN1, B0CNPBH97H, B0DRJJ3CRQ]",amzn1.campaign.26VDDZIVE868Q,Earn 10% commission 🌸 Promoting Real Hydrangea Petals,Gifugi,2026-03-06,2027-03-06,10.00%,50000.0,49674.23,7,800,false
"[B0CZYN3Y37, B0F2GNTXL1, B0F2GFS8BW, B0BSXWXDHJ, B0CL7SGHT2, B0CL7LCQF5, B0F2GJJHQL, B0F2GG9DG9, B0CL57SWCJ]",amzn1.campaign.3BWKDFJ4MSLXG,Aromasong Extra Strength Magnesium Spray – Daily Recovery Spray,Aromasong,2026-03-14,2027-03-12,15.00%,1000000.0,1000000.0,33,800,false
"[B0CZYN3Y37, B0F2GNTXL1, B0F2GFS8BW, B0BSXWXDHJ, B0CL7SGHT2, B0CL7LCQF5, B0F2GJJHQL, B0F2GG9DG9, B0CL57SWCJ]",amzn1.campaign.2JYEO96ERJ65G,Aromasong Extra Strength Magnesium Oil – Daily Wellness Essential,Aromasong,2026-03-12,2027-03-10,15.00%,1000000.0,1000000.0,40,800,false
"[B0CZYN3Y37, B0F2GNTXL1, B0F2GFS8BW, B0BSXWXDHJ, B0CL7SGHT2, B0CL7LCQF5, B0F2GJJHQL, B0F2GG9DG9, B0CL57SWCJ]",amzn1.campaign.1X3XB31DBPDFU,Aromasong Magnesium Spray – Premium Relaxation Therapy,Aromasong,2026-03-13,2027-03-10,15.00%,1000000.0,1000000.0,35,800,false
"[B09GFHN5DN, B0B4D85T4M, B0BTSJKTD8, B0BWDR1WBB, B0CD22QC3B, B0BN2Y17ST, B0915CVR2S, B0915FV97Z, B0BTSLD1YN, B0BB2QZR15, B0BB2MSGPN, B0CHJD2DMV, B0CHJDDNXB, B0BB2Q39HK, B0BN2XX5DX]",amzn1.campaign.1AWXWBHYCVGC3,💥💥Over 2000+ Sales😱Snap Up  15%off Bathroom Sink Faucet!!#TFX,GARVEETECH,2026-03-06,2026-10-01,11.00%,20000.0,20000.0,54,800,false
"[B0CZYN3Y37, B0F2GNTXL1, B0F2GFS8BW, B0BSXWXDHJ, B0CL7SGHT2, B0CL7LCQF5, B0F2GJJHQL, B0F2GG9DG9, B0CL57SWCJ]",amzn1.campaign.34XN07ZZVWIRN,Aromasong Aromatherapy Magnesium Spray – Relax & Unwind,Aromasong,2026-03-11,2027-03-10,15.00%,1000000.0,1000000.0,42,800,false
"[B0CZYN3Y37, B0F2GNTXL1, B0F2GFS8BW, B0BSXWXDHJ, B0CL7SGHT2, B0CL7LCQF5, B0F2GJJHQL, B0F2GG9DG9, B0CL57SWCJ]",amzn1.campaign.2JPEFHQB4N7RR,Aromasong Magnesium Body Spray – Recovery & Relaxation Care,Aromasong,2026-03-10,2027-03-08,15.00%,1000000.0,1000000.0,43,800,false
[B0FF95F4QF],amzn1.campaign.5NJKW4A7WDIG,声卡耳机,FUNNYPANDA,2026-03-06,2027-03-06,10.00%,5000.0,4958.5,48,800,false
"[B0FFMVN5BQ, B0FFMRGN8N, B0FFMTNLKN, B0FM3F4Y1Z, B0FM3DZ191, B0FFMSLP96, B0FFMTHVS3, B0FFMT7ZV8, B0FWK3SQKV, B0FM39532H, B0FM38R5NQ, B0FFMTWCWD, B0FM39G4WL, B0FM38XMPG, B0FFMWP965, B0FFMSMW41, B0FFMW9QW1, B0FM39GDLS, B0FFMVXKW8, B0FM3B5J14, B0FFMQP5NF, B0FFMVM8JP, B0FM39626P, B0FFMVLQLS, B0FFMVDSJK, B0FFMT9JFF, B0FM395N78, B0FM39GD8L, B0FM38ZQSS, B0FFMTF4FD, B0FFMVXKWQ, B0FFMSXSYH, B0FFMR9J7L, B0FFMV13VX, B0FM3CNR57, B0FM3BT371, B0FM3C1H7S]",amzn1.campaign.2DZ125257Y34M,🌊 My Amazon Wall Art Ocean Resort Plan,QIYILEXWART,2026-03-06,2027-03-06,15.00%,5000.0,4998.05,77,800,false
"[B0CZYN3Y37, B0F2GNTXL1, B0F2GFS8BW, B0BSXWXDHJ, B0CL7SGHT2, B0CL7LCQF5, B0F2GJJHQL, B0F2GG9DG9, B0CL57SWCJ]",amzn1.campaign.1QRK2AYETCROS,Aromasong Extra Strength Magnesium Spray – Daily Recovery Spray,Aromasong,2026-03-09,2027-03-08,15.00%,1000000.0,1000000.0,49,800,false
[B0G64C5X37],amzn1.campaign.30Q1WCDFKFLHB,9686-4支水枪,Doviden,2026-03-06,2026-09-30,10.00%,9999.0,9177.75,25,800,false
[B0FPCNF81R],amzn1.campaign.1D58RDM769898,YYC-183 60岁粉色杯子,MOROLURU,2026-03-06,2027-03-06,15.00%,5000.0,4964.65,41,800,false
"[B0CZYN3Y37, B0F2GNTXL1, B0F2GFS8BW, B0BSXWXDHJ, B0CL7SGHT2, B0CL7LCQF5, B0F2GJJHQL, B0F2GG9DG9, B0CL57SWCJ]",amzn1.campaign.Z7CQ28VDN6KF,Aromasong Magnesium Spray – Calm Sleep Wellness Support,Aromasong,2026-03-08,2027-03-08,15.00%,1000000.0,1000000.0,57,800,false
[B0BWW325KC],amzn1.campaign.2RSEFHAOWYL7S,hydroponics pump,HORTHERO,2026-03-15,2027-03-15,15.00%,5000.0,5000.0,84,800,false
"[B0CZYN3Y37, B0F2GNTXL1, B0F2GFS8BW, B0BSXWXDHJ, B0CL7SGHT2, B0CL7LCQF5, B0F2GJJHQL, B0F2GG9DG9, B0CL57SWCJ]",amzn1.campaign.16S6E2DFTBSVI,Aromasong Ultra-Pure Magnesium Spray – Relax & Restore Body Care,Aromasong,2026-03-07,2027-03-06,15.00%,1000000.0,999998.05,39,800,false
"[B0F9P1SP6M, B0F3WSLLCC, B0F3WQ44HP, B0F3WS19NH, B0F3WRPVKH, B0F9P1SBXB, B0F3WS4LG3, B0F3WRCRXQ, B0F3WRXC6Y, B0F3WT7RW4, B0F9NZ8XJN, B0F9P2M6JR, B0F9P2B25L, B0F9P1MZTJ, B0F9P2GJ24, B0F9P1SWXH, B0F9P29ZBX, B0F3WST5H4, B0F3WRXC72, B0F9P1M4DT, B0F9NZ8TR2, B0F3WSRHSR, B0F9P2LT2X, B0F3WRDWNC, B0F3WQZW3T, B0F9P54NHD]",amzn1.campaign.2YVEFWHK5TP5E,🍵 My Amazon Wall Art Wabi-Sabi Zen Plan,QIYILEXWART,2026-03-06,2027-03-06,15.00%,5000.0,5000.0,80,800,false
[B0BWW325KC],amzn1.campaign.1ATDUZXWHKP7G,aerogarden accessories,HORTHERO,2026-03-14,2027-03-14,15.00%,5000.0,5000.0,87,800,false
"[B0G1XRX2Y3, B0G1XT5B4H, B0G1XLYYWK]",amzn1.campaign.2RH3E4IW96H4P,10% OFF Exclusive Deal for 7 inch E-paper Display,SkuDock,2026-03-06,2026-09-09,15.00%,5000.0,4970.3,35,800,false
[B0GGY3LBRS],amzn1.campaign.2LV5SU9TMIX1U,Kindle Holder with Remote Page Turner,PlusAcc,2026-03-06,2026-12-31,10.00%,5000.0,4987.92,23,800,false
"[B0CZYN3Y37, B0F2GNTXL1, B0F2GFS8BW, B0BSXWXDHJ, B0CL7SGHT2, B0CL7LCQF5, B0F2GJJHQL, B0F2GG9DG9, B0CL57SWCJ]",amzn1.campaign.16ORB90VWHVGY,Aromasong Magnesium Oil Spray – Extra Strength Recovery Support,Aromasong,2026-03-06,2027-03-06,15.00%,1000000.0,999996.28,42,800,false
"[B09GFHN5DN, B0B4D85T4M, B0BTSJKTD8, B0BWDR1WBB, B0CD22QC3B, B0BN2Y17ST, B0915CVR2S, B0915FV97Z, B0BTSLD1YN, B0BB2QZR15, B0BB2MSGPN, B0CHJD2DMV, B0CHJDDNXB, B0BB2Q39HK, B0BN2XX5DX]",amzn1.campaign.2FDLTKS1QQNU8,🤩🤩Don't Miss Good Reviews 2300+ Bathroom Sink Faucet 10%off#TFX,GARVEETECH,2026-03-06,2026-12-31,11.00%,20000.0,20000.0,46,800,false
"[B0F18M8W45, B0GJCLT94N]",amzn1.campaign.37SUFSR6DL6XM,Wirsh Home Barista Plus Affiliate Program-NEW,wirsh,2026-03-06,2026-12-31,15.00%,5000.0,4143.59,0,800,false
[B0BWW325KC],amzn1.campaign.LJHUJ7766G2S,aerogarden farm,HORTHERO,2026-03-13,2027-03-12,15.00%,5000.0,5000.0,94,800,false
[B0CGDFVGPX],amzn1.campaign.UBLGHL5HSQ7P,Lid It Up – Your Solo Stove Bonfire’s New Best Friend,Uniflasy,2026-04-16,2027-04-16,10.00%,5000.0,4744.01,46,800,false
[B0BWW325KC],amzn1.campaign.16NZRNWVC4BYF,aerogarden clearance,HORTHERO,2026-03-12,2027-03-11,15.00%,5000.0,5000.0,87,800,false
[B0BWW325KC],amzn1.campaign.3Q9IAZ6NYSMSG,large hydroponics growing system,HORTHERO,2026-03-11,2027-03-10,15.00%,5000.0,5000.0,96,800,false
[B0GR3P6GM7],amzn1.campaign.1OD8W0O55FLLU,Geimori T38 Coffee Grinder Affiliate Program-NEW,wirsh,2026-03-06,2026-12-31,15.00%,5000.0,5000.0,21,800,false
"[B0CRQY9QF3, B08DG3TZY6, B08DG2BS8Y, B09PH3P5TM, B0CF5TBF64, B0CJFCSLGK, B0CJFBYDKG, B09PH424QK, B0CYZVR59N, B08DG1QRQ1, B09PH3PMSM, B08DG2MTNV, B0CJFB2XMY, B0DXBQXSSJ, B0CRQZ5364, B09PH3GNTN, B08DG31NQN, B08DG25FY5, B08DF5J9X3, B0CF5RRNQC, B09PH435DF, B0DXBBT632, B093C63RXF, B0CYZV3RMQ, B08DG2P4XB, B0CYZVB63D, B0CYZT26Q2, B0CF5SB3CF, B08DG2Z1B9, B0DXB5FRK4, B0CJF9P6GM, B0DXBKNNR4, B0CJF98LR6, B0CYZT87SN, B0DXBFYF91, B0CRQYGPQL, B08DG37GDN, B0CJFBKRJY]",amzn1.campaign.ZS5XFG3L4GR1,SLARMOR Long Gardening Gloves for Women,SLARMOR,2026-03-06,2027-03-06,10.00%,10000.0,9969.29,48,800,false
[B0BWW325KC],amzn1.campaign.2SMVLPGVFBPS2,aerogarden harvest,HORTHERO,2026-03-10,2027-03-09,15.00%,5000.0,5000.0,92,800,false
[B0BWW325KC],amzn1.campaign.6KORNFCR0VIT,aerogarden bounty,HORTHERO,2026-03-09,2027-03-08,15.00%,5000.0,5000.0,99,800,false
[B0BWW325KC],amzn1.campaign.2BHXDH33FIYEL,aerogarden,HORTHERO,2026-03-08,2027-03-08,15.00%,5000.0,5000.0,96,800,false
"[B0GFVM6NL3, B0GFVBJ1FX, B0GFV4P2QK, B0GFV7HJF5, B0GFV4MXM8, B0GFVBPYLB, B0GFV7BS55, B0GFVN7MP4, B0GFTZCT44, B0GFVQCFP7, B0GFV4Z8KG, B0GFVSYGMT, B0GFVJFZP5, B0GFVN8SKZ, B0GFVDBXDG, B0GFVJC5B2, B0GFV4F3D5, B0GFVRP8S7, B0GFVJGK51, B0GFVN3669, B0GFVTPPLX, B0GFV4NDMQ, B0GFVN3665, B0GFVV2MS4, B0GFVQGR3J, B0GFW1B3P3, B0GFV4T5JW, B0GFV48ZW3, B0GFW7YWC7, B0GFVMRQPL, B0GFVD81NP, B0GFVHF95W, B0GFW1PF1V, B0GFVGV459, B0GFVT7C8Z, B0GFVXK2JL, B0GFVT2JTX, B0GFVM3XJH, B0GFVK8XWD, B0GFVWHJ89, B0GFVJXZ36, B0GFVSZFZM, B0GFVY59HQ, B0GFV7JRM7, B0GFVQFGG8, B0GFVSXQ5Q, B0GFVHGWD2, B0GFVRLJRS, B0GFWBWTY4, B0GFVBVQLC, B0GFVXM8F4, B0GFVMQ8KM, B0GFVN4G2N, B0GFVPR75G, B0GFV7JFJQ, B0GFVQFGGH, B0GFVJFZPC, B0GFVK9F6J, B0GFVBJ53K, B0GFVFRNJT, B0GFVBQ971, B0GFVV4QS7, B0GFV784QD, B0GFVRM9G4, B0GFVKBRYF, B0GFVFWDDS, B0GFVDK9D5, B0GFW2WYPY, B0GFVC1NFX, B0GFV32WYY, B0GFW7YWDH, B0GFVSXXC2]",amzn1.campaign.3R7NYMGEO9I3C,CW9H3 10%,COFACE,2026-03-06,2026-12-31,10.00%,5000.0,4018.29,5,800,false
[B0BWW325KC],amzn1.campaign.1ONQBPVB1UVJP,aero garden,HORTHERO,2026-03-07,2027-03-07,15.00%,5000.0,5000.0,96,800,false
[B0BWW325KC],amzn1.campaign.N8L59L0EZY65,hydroponic pump,HORTHERO,2026-03-06,2027-03-06,15.00%,5000.0,5000.0,100,800,false
[B0G8F4NJ1S],amzn1.campaign.1QYROMBPT0FGW,DIY Rolled Ice Cream Tray: Make Frozen Treats for Family Fun-20% OFF,Wdabolu,2026-03-06,2026-10-31,15.00%,5000.0,4756.32,41,800,false
"[B0D8BD1542, B0D8B9YYMR, B0G3T9VY4F, B0FFMZ8357, B0FZ9WLCZ3, B0GFMK9JZC, B0FXWR9Z1Z, B0FFN4RH1T, B0DYJZ29GH, B0D8B6F1VV, B0D737CST4, B0GGBJFPYD, B0FFMZM2VL, B0G6YMGG16, B0FZ9XDNYC, B0FH4LSXP3, B0G6Y6J38S, B0FY267K89, B0FXWQKM6N, B0F8B8PJR5, B0FD3J9YPZ, B0D8B9B996]",amzn1.campaign.1NJH73ITRYBEY,📢Come Co 12%💡Multi-function Portable Wheelchair Ramps 10%off#TFX,GARVEETECH,2026-03-06,2026-11-01,12.00%,20000.0,19737.35,0,800,false
"[B0G64B4W6W, B0G64CB1SX]",amzn1.campaign.37MKWAKFU871V,[NEW TRENDING]: BougeRV 100W/200W IP65 Foldable Solar Panel (XT60/DC7909/DC5521),BougeRV,2026-03-06,2026-09-30,12.00%,500000.0,499748.0,0,800,false
"[B0DHXN782N, B0DHXP8CLX, B078RKN4H1, B078RKYBVB, B078RDRBLQ, B0DHP8CKKT, B07PHNMBQZ, B0DHXL2525, B0DHP49G4J, B0DHXLC1VH, B0DHP2Z37X, B078RK8Y42, B078RKMKTQ, B0DHXP1SS4, B078RKDCB4, B0DHP2N4XC, B078RLRXCR, B0DHXLPZKD, B078RL4QP7, B078RKDSB9, B078RKJHJQ, B0DHXL1PCX]",amzn1.campaign.Z6CVOF1JCH56,🏋️Lightweight & Secure! Taisheng Fushi Apple Watch Band 40/41mm ⌚,U191U,2026-03-06,2027-03-02,10.00%,5000.0,5000.0,96,800,false
"[B0DHXN782N, B0DHXP8CLX, B078RKN4H1, B078RKYBVB, B078RDRBLQ, B0DHP8CKKT, B07PHNMBQZ, B0DHXL2525, B0DHP49G4J, B0DHXLC1VH, B0DHP2Z37X, B078RK8Y42, B078RKMKTQ, B0DHXP1SS4, B078RKDCB4, B0DHP2N4XC, B078RLRXCR, B0DHXLPZKD, B078RL4QP7, B078RKDSB9, B078RKJHJQ, B0DHXL1PCX]",amzn1.campaign.1NKEHKHKMPRFG,💎Durable Luxury! Taisheng Fushi Apple Watch Band 41/42/38mm ⌚,U191U,2026-03-06,2027-03-03,10.00%,5000.0,5000.0,86,800,false
[B0GJRMTGHG],amzn1.campaign.3MRTMLPO46PEL,Collab Invite: (50% Off) AI Earbuds | 180 Languages | 90h Battery,plubedo,2026-03-09,2027-03-08,50.00%,5000.0,5000.0,5,800,false
"[B0D984L629, B0D986HCG4, B0D985S58S, B0D98668B1, B0D986F2XJ]",amzn1.campaign.36KLY6GIK0PRZ,UCANBE GLOW BLUSH,UCANBE,2026-03-06,2026-12-31,10.00%,5000.0,4922.68,7,800,false
"[B0DHXN782N, B0DHXP8CLX, B078RKN4H1, B078RKYBVB, B078RDRBLQ, B0DHP8CKKT, B07PHNMBQZ, B0DHXL2525, B0DHP49G4J, B0DHXLC1VH, B0DHP2Z37X, B078RK8Y42, B078RKMKTQ, B0DHXP1SS4, B078RKDCB4, B0DHP2N4XC, B078RLRXCR, B0DHXLPZKD, B078RL4QP7, B078RKDSB9, B078RKJHJQ, B0DHXL1PCX]",amzn1.campaign.1M0WA1N80IPZ,🎁Perfect Gift! Taisheng Fushi Apple Watch Band 41/42/40mm ⌚,U191U,2026-03-07,2027-03-04,11.00%,5000.0,4998.02,75,800,false
"[B0DHXN782N, B0DHXP8CLX, B078RKN4H1, B078RKYBVB, B078RDRBLQ, B0DHP8CKKT, B07PHNMBQZ, B0DHXL2525, B0DHP49G4J, B0DHXLC1VH, B0DHP2Z37X, B078RK8Y42, B078RKMKTQ, B0DHXP1SS4, B078RKDCB4, B0DHP2N4XC, B078RLRXCR, B0DHXLPZKD, B078RL4QP7, B078RKDSB9, B078RKJHJQ, B0DHXL1PCX]",amzn1.campaign.1879AUXYLKNMP,✨Stylish & Versatile! Taisheng Fushi Apple Watch Band 40/41/42mm 🌚,U191U,2026-03-06,2027-03-05,11.00%,5000.0,4987.07,75,800,false
"[B0DHXN782N, B0DHXP8CLX, B078RKN4H1, B078RKYBVB, B078RDRBLQ, B0DHP8CKKT, B07PHNMBQZ, B0DHXL2525, B0DHP49G4J, B0DHXLC1VH, B0DHP2Z37X, B078RK8Y42, B078RKMKTQ, B0DHXP1SS4, B078RKDCB4, B0DHP2N4XC, B078RLRXCR, B0DHXLPZKD, B078RL4QP7, B078RKDSB9, B078RKJHJQ, B0DHXL1PCX]",amzn1.campaign.548S4WWTK7JB,⌚Elegant Stainless Steel Band! Taisheng Fushi for Apple Watch 41/40/42mm✨,U191U,2026-03-06,2027-03-06,10.00%,5000.0,5000.0,92,800,false
[B0GHHB58ZS],amzn1.campaign.2CITRRWUV0JY8,24'' 黄杨木创作者连接,Erealmirror,2026-03-06,2026-10-31,10.00%,8000.0,7701.68,69,800,false
[B0GJRMTGHG],amzn1.campaign.3NHLRZ9THLHLW,Collab: 50% Off Ultimate Travel Essential - AI Translator Earbuds,plubedo,2026-03-08,2027-03-04,50.00%,5000.0,5000.0,53,800,false
"[B0FB8VCJKX, B0G257QCHZ]",amzn1.campaign.S9JXT71DZ45F,📣📣100+ Sales 15%off Top Portable Car Refrigerator On Sale#TFX,GARVEETECH,2026-03-06,2026-10-01,11.00%,20000.0,19989.11,61,800,false
"[B0GJBVP2CM, B0G9CZBBCB, B0GJCJC48M, B0G9CJYF7Q, B0GJBMBRGD, B0GGGM5VVL, B0GJCF2VF2]",amzn1.campaign.36X5ROJV230VQ,Hollow Floorboards,VPZMT,2026-03-07,2027-01-31,10.00%,5000.0,4988.12,47,800,false
[B0GJRMTGHG],amzn1.campaign.3VXSZNGQM3WVH,Limited Time Collab: 50% OFF Amazon Top 10 Translator Earbuds,plubedo,2026-03-08,2027-03-05,50.00%,5000.0,5000.0,57,800,false
"[B09NXM7F9Z, B0FXXNQ592, B0FQ67LQ5M, B0FQ6QZD5T, B0FL7ZZXXH, B09NX4Q6SW, B09NXRFJCL, B09NX399YM, B0FSLDCXB5, B0FL7X54QL, B0FL82PLBK, B0FL7VMV11, B0C2HLK47M, B0FQC9LXNC, B0FL81BQ4C, B098QMKQZL, B0FL7VT378, B0FQ68TSCZ, B0FQCBHGM9, B0FSLBRCW3, B0FX5GN5ZT, B0FL7Y3V7C, B0FL7VPVJW, B0FL81WQD2, B097XLKVXW, B0FX5R4H2W, B0BRSHF23P, B0C2HM7CW4, B0FQC37FV8, B08GCC96HV, B0FLQ9RGYN, B0FQ69B4HF, B0FXXPTWFS, B0FL8121K1, B0FXXQ4DHN, B0C2HN549M, B0BRSHN7ZQ, B0FSQ3NJGR, B0FL83VZJL, B0FL82SZFV, B0FL7Y4FVX, B0FXXMH62S, B0C2HL45PW, B0FL7WX2L8, B098QKXFXK, B0FQCBH3SD, B0FMXKP41W, B0FL7THGCQ, B09NXMQVNS, B08GCC8ZMS, B09NXB3LCG, B098QJZMJW, B0FXXRW1HD, B0FL7XSFP3, B098QK4D8T, B0FSLDXSDL, B0FXXSP2KD, B0FL83KSM5, B0FX5QGT3W, B0FX5MN46V, B0FQCMV9MC, B0FXXVBXMP, B0FXXVBBG1, B0FSQMG87T, B098QLL9KK, B0FQ69GRW5, B0FQ6CQS9H, B0FSLC4RJD]",amzn1.campaign.X124N8NNEIJ8,📚Online Class Essential! Pepkoo iPad 9/8/7/Air3 Case | Safe & Durable 🛡️,pepkoo,2026-03-07,2027-03-03,11.00%,5000.0,5000.0,93,800,false
"[B0F8ZM3LVF, B0FRFMSKRF, B0FRFQS5W5, B0FRFLFS49, B0F8ZVKLZG, B0F8ZPVG9M, B0F8ZBBBJG, B0F8ZMQW5V, B0FRFRJQWF, B0FRFPB2L2, B0F8ZD1NNQ, B0F8ZHQ5BJ, B0F8ZGW152, B0FRFPCT3P, B0F8ZD9NML]",amzn1.campaign.1VVS002FWIL8N,Flared into the 2000s: The Ultra-Low Rise Jeans Women Rewind,WAISUNZLM,2026-03-06,2026-10-31,10.00%,6500.0,6285.84,20,800,false
"[B09NXM7F9Z, B0FXXNQ592, B0FQ67LQ5M, B0FQ6QZD5T, B0FL7ZZXXH, B09NX4Q6SW, B09NXRFJCL, B09NX399YM, B0FSLDCXB5, B0FL7X54QL, B0FL82PLBK, B0FL7VMV11, B0C2HLK47M, B0FQC9LXNC, B0FL81BQ4C, B098QMKQZL, B0FL7VT378, B0FQ68TSCZ, B0FQCBHGM9, B0FSLBRCW3, B0FX5GN5ZT, B0FL7Y3V7C, B0FL7VPVJW, B0FL81WQD2, B097XLKVXW, B0FX5R4H2W, B0BRSHF23P, B0C2HM7CW4, B0FQC37FV8, B08GCC96HV, B0FLQ9RGYN, B0FQ69B4HF, B0FXXPTWFS, B0FL8121K1, B0FXXQ4DHN, B0C2HN549M, B0BRSHN7ZQ, B0FSQ3NJGR, B0FL83VZJL, B0FL82SZFV, B0FL7Y4FVX, B0FXXMH62S, B0C2HL45PW, B0FL7WX2L8, B098QKXFXK, B0FQCBH3SD, B0FMXKP41W, B0FL7THGCQ, B09NXMQVNS, B08GCC8ZMS, B09NXB3LCG, B098QJZMJW, B0FXXRW1HD, B0FL7XSFP3, B098QK4D8T, B0FSLDXSDL, B0FXXSP2KD, B0FL83KSM5, B0FX5QGT3W, B0FX5MN46V, B0FQCMV9MC, B0FXXVBXMP, B0FXXVBBG1, B0FSQMG87T, B098QLL9KK, B0FQ69GRW5, B0FQ6CQS9H, B0FSLC4RJD]",amzn1.campaign.1TS6YKXM92274,🎒Outdoor Ready! Pepkoo iPad 9/8/7/Air3 Case | Anti-Fall & Portable 🛡️,pepkoo,2026-03-07,2027-03-04,11.00%,5000.0,5000.0,84,800,false
"[B09NXM7F9Z, B0FXXNQ592, B0FQ67LQ5M, B0FQ6QZD5T, B0FL7ZZXXH, B09NX4Q6SW, B09NXRFJCL, B09NX399YM, B0FSLDCXB5, B0FL7X54QL, B0FL82PLBK, B0FL7VMV11, B0C2HLK47M, B0FQC9LXNC, B0FL81BQ4C, B098QMKQZL, B0FL7VT378, B0FQ68TSCZ, B0FQCBHGM9, B0FSLBRCW3, B0FX5GN5ZT, B0FL7Y3V7C, B0FL7VPVJW, B0FL81WQD2, B097XLKVXW, B0FX5R4H2W, B0BRSHF23P, B0C2HM7CW4, B0FQC37FV8, B08GCC96HV, B0FLQ9RGYN, B0FQ69B4HF, B0FXXPTWFS, B0FL8121K1, B0FXXQ4DHN, B0C2HN549M, B0BRSHN7ZQ, B0FSQ3NJGR, B0FL83VZJL, B0FL82SZFV, B0FL7Y4FVX, B0FXXMH62S, B0C2HL45PW, B0FL7WX2L8, B098QKXFXK, B0FQCBH3SD, B0FMXKP41W, B0FL7THGCQ, B09NXMQVNS, B08GCC8ZMS, B09NXB3LCG, B098QJZMJW, B0FXXRW1HD, B0FL7XSFP3, B098QK4D8T, B0FSLDXSDL, B0FXXSP2KD, B0FL83KSM5, B0FX5QGT3W, B0FX5MN46V, B0FQCMV9MC, B0FXXVBXMP, B0FXXVBBG1, B0FSQMG87T, B098QLL9KK, B0FQ69GRW5, B0FQ6CQS9H, B0FSLC4RJD]",amzn1.campaign.16V8R45YK1R3Q,✨Stylish & Durable! Pepkoo iPad 9/8/7/Air3 Case | Anti-Fall & Chic 🛡️,pepkoo,2026-03-07,2027-03-05,11.00%,5000.0,5000.0,85,800,false
"[B09NXM7F9Z, B0FXXNQ592, B0FQ67LQ5M, B0FQ6QZD5T, B0FL7ZZXXH, B09NX4Q6SW, B09NXRFJCL, B09NX399YM, B0FSLDCXB5, B0FL7X54QL, B0FL82PLBK, B0FL7VMV11, B0C2HLK47M, B0FQC9LXNC, B0FL81BQ4C, B098QMKQZL, B0FL7VT378, B0FQ68TSCZ, B0FQCBHGM9, B0FSLBRCW3, B0FX5GN5ZT, B0FL7Y3V7C, B0FL7VPVJW, B0FL81WQD2, B097XLKVXW, B0FX5R4H2W, B0BRSHF23P, B0C2HM7CW4, B0FQC37FV8, B08GCC96HV, B0FLQ9RGYN, B0FQ69B4HF, B0FXXPTWFS, B0FL8121K1, B0FXXQ4DHN, B0C2HN549M, B0BRSHN7ZQ, B0FSQ3NJGR, B0FL83VZJL, B0FL82SZFV, B0FL7Y4FVX, B0FXXMH62S, B0C2HL45PW, B0FL7WX2L8, B098QKXFXK, B0FQCBH3SD, B0FMXKP41W, B0FL7THGCQ, B09NXMQVNS, B08GCC8ZMS, B09NXB3LCG, B098QJZMJW, B0FXXRW1HD, B0FL7XSFP3, B098QK4D8T, B0FSLDXSDL, B0FXXSP2KD, B0FL83KSM5, B0FX5QGT3W, B0FX5MN46V, B0FQCMV9MC, B0FXXVBXMP, B0FXXVBBG1, B0FSQMG87T, B098QLL9KK, B0FQ69GRW5, B0FQ6CQS9H, B0FSLC4RJD]",amzn1.campaign.1J8IWRCUXX4R9,"👨‍👩‍👧‍👦Pepkoo iPad 9/8/7/Air3 Case: Safe for Kids, Durable for Daily Use 🛡️",pepkoo,2026-03-07,2027-03-06,11.00%,5000.0,5000.0,87,800,false
"[B09NXM7F9Z, B0FXXNQ592, B0FQ67LQ5M, B0FQ6QZD5T, B0FL7ZZXXH, B09NX4Q6SW, B09NXRFJCL, B09NX399YM, B0FSLDCXB5, B0FL7X54QL, B0FL82PLBK, B0FL7VMV11, B0C2HLK47M, B0FQC9LXNC, B0FL81BQ4C, B098QMKQZL, B0FL7VT378, B0FQ68TSCZ, B0FQCBHGM9, B0FSLBRCW3, B0FX5GN5ZT, B0FL7Y3V7C, B0FL7VPVJW, B0FL81WQD2, B097XLKVXW, B0FX5R4H2W, B0BRSHF23P, B0C2HM7CW4, B0FQC37FV8, B08GCC96HV, B0FLQ9RGYN, B0FQ69B4HF, B0FXXPTWFS, B0FL8121K1, B0FXXQ4DHN, B0C2HN549M, B0BRSHN7ZQ, B0FSQ3NJGR, B0FL83VZJL, B0FL82SZFV, B0FL7Y4FVX, B0FXXMH62S, B0C2HL45PW, B0FL7WX2L8, B098QKXFXK, B0FQCBH3SD, B0FMXKP41W, B0FL7THGCQ, B09NXMQVNS, B08GCC8ZMS, B09NXB3LCG, B098QJZMJW, B0FXXRW1HD, B0FL7XSFP3, B098QK4D8T, B0FSLDXSDL, B0FXXSP2KD, B0FL83KSM5, B0FX5QGT3W, B0FX5MN46V, B0FQCMV9MC, B0FXXVBXMP, B0FXXVBBG1, B0FSQMG87T, B098QLL9KK, B0FQ69GRW5, B0FQ6CQS9H, B0FSLC4RJD]",amzn1.campaign.GO5TNX5ZU5F,🛡️Super Anti-Fall! Pepkoo iPad 9/8/7/Air3 Case | Safe & Durable ✨,pepkoo,2026-03-07,2027-03-07,11.00%,5000.0,4994.87,88,800,false
"[B0FK4VNHT9, B0CW2YYVXR, B0FK4YYG6C, B0FWBH4NJT, B0FK4S7JQX, B0FWB7M69N]",amzn1.campaign.2X932KQECXSQ5,👍Good Reviews🛍️🛍️Top #10 in Trailer Tire & Wheel Assemblies #TFX,GARVEETECH,2026-03-06,2026-12-31,11.00%,20000.0,20000.0,32,800,false
[B0CSRVL67R],amzn1.campaign.1PEMKEWZMS2RY,Medoca Professional Hair Clips Salon-Grade Tools for Every Styling Need,Medoca,2026-03-12,2027-03-11,10.00%,5000.0,4965.98,0,800,false
[B0GJRMTGHG],amzn1.campaign.2XQOMLIYRSTSW,Break Language Barriers: 50% Off Plubedo Translator Earbuds Collab,plubedo,2026-03-07,2027-03-06,50.00%,5000.0,5000.0,48,800,false
"[B0GPQCC44K, B0GPQDQ7FH, B0GPPRRBNN]",amzn1.campaign.1D7P76K9AZ6UT,🤑Snap Up Hot Deals Top #4 in Transmission Jacks #TFX,GARVEETECH,2026-03-06,2026-10-01,11.00%,20000.0,20000.0,63,800,false
"[B0G7T2DT17, B0G7VFG4SH, B0G7T2ZZ42]",amzn1.campaign.2RW6LPH2YUOOY,High-Ticket Smart Toilet – 10% Commission,EchosLife,2026-03-06,2026-11-30,10.00%,50000.0,50000.0,67,800,false
"[B0FCL76XHZ, B0DTK5GCV4, B0FCLQ75WV, B0DTK3XYL3]",amzn1.campaign.Z5ZZMCBLLEGW,😱😱Wow 500+ bought!! Amazon's Choice Top #6 in Stabilizer Jacks #TFX,GARVEETECH,2026-03-06,2026-10-01,11.00%,20000.0,20000.0,67,800,false
"[B0DQTLKBMX, B0F994V91T, B0DQTT2KCJ, B0DZ2MXS7Y, B0F9973PLL, B0F995TBWX, B0F993YMTX, B0DYYQLHJQ, B0DQTFD6MD, B0F98XJ7QR, B0DYYSQNNM, B0DYYWC2R5, B0F9953SPH, B0F993PBZ7, B0DYYQ8RBC, B0F996C7TJ]",amzn1.campaign.QYPXJEPYQPS4,鞋凳005-15%佣金,IUNVR,2026-03-06,2027-01-31,15.00%,5000.0,3465.09,0,800,false
[B0GJRMTGHG],amzn1.campaign.3DTICZED1HN2A,Treat your audience: 50% OFF Prime Deal on AI Translator Earbuds,plubedo,2026-03-07,2027-03-05,50.00%,5000.0,5000.0,53,800,false
"[B0GL7882GT, B0DG59K7RN, B09ZKXJNP4]",amzn1.campaign.1X7C65IICHYFN,"15.6"" Smart Calendar & Photo Frame - Creator Connections 10% Campaign",Changingtouch,2026-03-06,2026-09-30,10.00%,5000.0,4314.04,8,800,false
"[B0FF352W2T, B0FF34BJZK, B0FF3372SG, B0FF34BJZG, B0FF32M7P5, B0F9THJLRT, B0FF32F2J1, B0FF2YR5DF, B0FF31FRZ4, B0FF338NJJ, B0FF349SC1, B0FF32GSBZ, B0FF32Y32G, B0FF33XG6Y, B0FF33ZB7D, B0FF32Y9RV, B0FF33W41C, B0FF34VTC6, B0FF36C3VT, B0FF345QTC, B0FF327Z3T, B0FF2Z6LS3, B0F9TJKRQT, B0F9TJKQCG, B0FF357FZ6, B0FF31WZXK, B0F9TFS2YH, B0FF2Z78PT, B0FF32V55V, B0FF32CHPK, B0FF32Y9Z3, B0FF2Z6557, B0FF33FQK1, B0FF353ZV6, B0FF32RHX2, B0FF32RHX3, B0FF2Z6XYN, B0FF32MXQX, B0FF34717P, B0FF32BX1H, B0F9TGZTZ8, B0FF323L2G, B0FF332BJ6, B0FF2Z64VZ, B0FF32HTP7, B0FF348L71, B0FF35QLTC, B0F9TDZ23K, B0F9TH3XZC]",amzn1.campaign.1RFC89J9WUGZW,TopCrazy Womens Wide Leg Palazzo Pants,TopCrazy,2026-03-06,2027-03-06,10.00%,10000.0,9809.45,7,800,false
"[B0GFK7439G, B0G4MDG1V5, B0G58VDB3D, B0G3WR795M, B0GFJCDVCS, B0G4RDKDVP, B0G4QYK4BM, B0G4RC8K3L, B0G4MBHNSL, B0GKDJZTL7, B0G4QWCRNQ, B0G447TDFB, B0G43CMS1X, B0GJZTXZSV, B0GKDQB2K6, B0GFJSS84Q, B0G4RD1RHF, B0G48YMYNG, B0G4M78R3N, B0G4QYJK45, B0GKFT4FWR, B0G43DMPZF, B0G5GSCZ3X, B0G43F5DJV, B0G5H3JM9B, B0GKT96SQ8, B0G4MB9BVQ, B0G4MB9BVT, B0GKFP8L68, B0GKT365GR, B0G442MCZ9, B0G58TWWSJ, B0G5H3LHL1, B0G4RHBVLM, B0G4449125, B0GKG2HCLC, B0GG6G7DPD, B0GJZVH68G, B0G4M739WN, B0GK11J4K1]",amzn1.campaign.398R8BW8BZUF3,18%LUMAZO,LUMAZO,2026-03-06,2026-12-31,18.00%,20000.0,19830.69,18,800,false
"[B0DS2HKHB7, B0DNQB11L1, B0FMK9F3RR, B0G6SKGM61, B0FMK8GXDD, B0DS2KNCWX, B0DNQ9C3RM]",amzn1.campaign.IWOH310UB6RM,🌱Energy-Saving AMAPO Bathtub | Spring Warm Bath Essential 🛁,AMAPO,2026-03-07,2027-02-25,11.00%,5000.0,5000.0,100,800,false
"[B0DS2HKHB7, B0DNQB11L1, B0FMK9F3RR, B0G6SKGM61, B0FMK8GXDD, B0DS2KNCWX, B0DNQ9C3RM]",amzn1.campaign.15XG38ZXVNA9A,⏳50-Year Durability! AMAPO Square Bathtub | Spring Investment 🛁,AMAPO,2026-03-07,2027-02-26,11.00%,5000.0,5000.0,91,800,false
"[B0DS2HKHB7, B0DNQB11L1, B0FMK9F3RR, B0G6SKGM61, B0FMK8GXDD, B0DS2KNCWX, B0DNQ9C3RM]",amzn1.campaign.2IO7LX6HGRHP5,💎Luxury AMAPO Square Bathtub | Spring Relaxation Essential 🛁,AMAPO,2026-03-07,2027-02-27,11.00%,5000.0,5000.0,98,800,false
"[B0DS2HKHB7, B0DNQB11L1, B0FMK9F3RR, B0G6SKGM61, B0FMK8GXDD, B0DS2KNCWX, B0DNQ9C3RM]",amzn1.campaign.3K04SWOTITV4D,🧓Elderly-Friendly AMAPO Bathtub | Spring Bathroom Essential 🛁,AMAPO,2026-03-07,2027-02-28,11.00%,5000.0,5000.0,96,800,false
[B0FZT1HT1K],amzn1.campaign.22FTJ3UO7R1AZ,翻译机大库存,FUNNYPANDA,2026-03-06,2027-03-06,10.00%,5000.0,4784.93,34,800,false
"[B0DS2HKHB7, B0DNQB11L1, B0FMK9F3RR, B0G6SKGM61, B0FMK8GXDD, B0DS2KNCWX, B0DNQ9C3RM]",amzn1.campaign.17FGWBED6J8J8,🛁Spring Renovation! AMAPO Square Bathtub Healthy & Eco-Friendly ✨,AMAPO,2026-03-07,2027-03-01,11.00%,5000.0,5000.0,90,800,false
[B0FZFYBXR6],amzn1.campaign.32LIHI26S7HIA,Aerlien Creator Campaign | Red Light Therapy for Ears & Nose,Aerlien,2026-03-06,2026-09-30,15.00%,5000.0,4985.78,28,800,false
"[B0FY2KJD35, B0F6Y2NPFW, B0G2M4PTFW, B0G2M5VSN3, B0F4JZM7YB, B0G2LY9JXH, B0F6Y31WHP, B0G2LF52JV, B0F6Y25NTT, B0F6Y2Y5L7, B0FY2MFNGF, B0G2LDWRQ9, B0F4JQCD2P, B0G2M4K55T, B0FY2NY8CM, B0FY2LR7MW, B0G2M4XJTZ, B0G2LDTC1W, B0G2M46M8P, B0F6Y4GM6Y, B0G2M4MNFX, B0FY2MCMT6, B0F4JLYM2R, B0G2M3C1QM, B0F4JR9HW5, B0F4JRKL58, B0F4JLBJNG, B0F4JPM9KV, B0G2M53WZD, B0F6XTQM7M, B0F4JRKZP6]",amzn1.campaign.1GVLWEWBZ9I1T,🛡️Damage-Free Delivery! AMAPO Shower Door | Spring Renovation 🚿,AMAPO,2026-03-07,2027-03-03,11.00%,5000.0,5000.0,93,800,false
"[B0FY2KJD35, B0F6Y2NPFW, B0G2M4PTFW, B0G2M5VSN3, B0F4JZM7YB, B0G2LY9JXH, B0F6Y31WHP, B0G2LF52JV, B0F6Y25NTT, B0F6Y2Y5L7, B0FY2MFNGF, B0G2LDWRQ9, B0F4JQCD2P, B0G2M4K55T, B0FY2NY8CM, B0FY2LR7MW, B0G2M4XJTZ, B0G2LDTC1W, B0G2M46M8P, B0F6Y4GM6Y, B0G2M4MNFX, B0FY2MCMT6, B0F4JLYM2R, B0G2M3C1QM, B0F4JR9HW5, B0F4JRKL58, B0F4JLBJNG, B0F4JPM9KV, B0G2M53WZD, B0F6XTQM7M, B0F4JRKZP6]",amzn1.campaign.28VTC3ECQN1UI,✨Minimalist AMAPO Shower Door | Spring Bathroom Decor Must-Have 🚿,AMAPO,2026-03-07,2027-03-04,11.00%,5000.0,5000.0,95,800,false
"[B0FZG4D7L5, B0FZG4HJMJ, B0FF4NZW7J, B0F9LBVVS3, B0FZGC878Z, B0F9L6ZHF8, B0FZG85X1M, B0FF4N6Q6F, B0CX8J69DW, B0F9L9WV6W, B0CX7TZT1R, B0FF4MQZSL, B0FZG466B7, B0FF4NN9WZ, B0CX86XK4B, B0FF4KZRRQ, B0FZG748KS, B0FZG8VQC3, B0FZG4LCKB, B0CX7SX6Z5, B0FZGB6TT6, B0FZG69QB4, B0FF4NN9X2, B0FZGB328S, B0CX7SL4HY, B0F9L91BZV, B0CX7WHDPJ, B0F9L9962J, B0FZG26T2S, B0CX7SZ2B4, B0CX81D5GW, B0CX8F9WL2, B0CX81H9L5, B0F9L99KM1, B0FZG4G6FH, B0FZG6GC4N, B0FZG55ZFT, B0F9LC1MKX, B0F9LCYS21, B0FZG6L64Q, B0CX7X1PHZ, B0CX7XJ5ZC, B0CX82SZ4J, B0FF4NP6B4, B0FF4MJR79, B0F9LBT74C, B0FZG4D55L, B0FF4MJR7C, B0FZGB2NVT, B0FZGB6RZV, B0FF4MK5B7, B0CX7T9P1G, B0FZG4S225, B0FF4MP653, B0F9L86NZR, B0CX7X894Q, B0FF4P2P3W, B0FZGB7X8Z, B0FZG6JLFZ, B0FF4MJ391, B0F9LBJSZZ, B0FZGBSZBG, B0F9LD6761, B0CX7SWWKF, B0CX7V3NWL, B0FF4MRHSF, B0FF4M2YD7, B0FZG6QT23, B0FZG7FJC8, B0F9L95C9W, B0FZGCPS4W, B0CX87M2CL, B0FZG7H8JY, B0FZG3VRKN, B0FF4NB7LL, B0FF4PFWQ4, B0FZG3FSCT, B0FZGD2PDX, B0F9L7ZZR2, B0CX85SWQN, B0F9L6ZHZX, B0FF4NVCGW, B0CX86XMLK, B0FZG35J5G, B0F9LC46QK, B0CX8J5Q47, B0F9LC9TMW, B0FF4P545T, B0FZG7YY1M, B0F9LDDW5B, B0F9L7X54V, B0CX7WNGVR, B0CX8J5R5N, B0F9LFHRKC, B0CX7WT1YX, B0FF4N7M6M, B0CX838PZ1, B0FF4PY8DN, B0FZG9LMT2, B0FZGFNNLV, B0FZG753SJ, B0F9LDC867, B0FF4MP29T, B0FZG31J5R, B0FZG3TYN1, B0FZG2BFHQ, B0FZGF422J, B0CX7RM6WW, B0F9LB2HH7, B0FF4MLGW8, B0FZGB69CG, B0FZG91PPC, B0FZG39TSS, B0FZG63DH7, B0CX83FTPH, B0FZG1ZKXS, B0FF4NV2L2, B0F9LHD6LQ, B0F9L9YJHK, B0CX843Y61]",amzn1.campaign.33RRIUWV0SQOI,✨15% commission，Mens Tactical Pants,MOURCE,2026-03-06,2027-03-05,15.00%,5000.0,5000.0,96,800,false
[B0F2HYN6H1],amzn1.campaign.1U0ELUKYWRSTL,Propane Gauge 2pcs | High Conversion | 10% Commissioncs,HICOOI,2026-03-06,2026-12-31,10.00%,5000.0,4524.48,31,800,false
"[B0FZG4D7L5, B0FZG4HJMJ, B0FF4NZW7J, B0F9LBVVS3, B0FZGC878Z, B0F9L6ZHF8, B0FZG85X1M, B0FF4N6Q6F, B0CX8J69DW, B0F9L9WV6W, B0CX7TZT1R, B0FF4MQZSL, B0FZG466B7, B0FF4NN9WZ, B0CX86XK4B, B0FF4KZRRQ, B0FZG748KS, B0FZG8VQC3, B0FZG4LCKB, B0CX7SX6Z5, B0FZGB6TT6, B0FZG69QB4, B0FF4NN9X2, B0FZGB328S, B0CX7SL4HY, B0F9L91BZV, B0CX7WHDPJ, B0F9L9962J, B0FZG26T2S, B0CX7SZ2B4, B0CX81D5GW, B0CX8F9WL2, B0CX81H9L5, B0F9L99KM1, B0FZG4G6FH, B0FZG6GC4N, B0FZG55ZFT, B0F9LC1MKX, B0F9LCYS21, B0FZG6L64Q, B0CX7X1PHZ, B0CX7XJ5ZC, B0CX82SZ4J, B0FF4NP6B4, B0FF4MJR79, B0F9LBT74C, B0FZG4D55L, B0FF4MJR7C, B0FZGB2NVT, B0FZGB6RZV, B0FF4MK5B7, B0CX7T9P1G, B0FZG4S225, B0FF4MP653, B0F9L86NZR, B0CX7X894Q, B0FF4P2P3W, B0FZGB7X8Z, B0FZG6JLFZ, B0FF4MJ391, B0F9LBJSZZ, B0FZGBSZBG, B0F9LD6761, B0CX7SWWKF, B0CX7V3NWL, B0FF4MRHSF, B0FF4M2YD7, B0FZG6QT23, B0FZG7FJC8, B0F9L95C9W, B0FZGCPS4W, B0CX87M2CL, B0FZG7H8JY, B0FZG3VRKN, B0FF4NB7LL, B0FF4PFWQ4, B0FZG3FSCT, B0FZGD2PDX, B0F9L7ZZR2, B0CX85SWQN, B0F9L6ZHZX, B0FF4NVCGW, B0CX86XMLK, B0FZG35J5G, B0F9LC46QK, B0CX8J5Q47, B0F9LC9TMW, B0FF4P545T, B0FZG7YY1M, B0F9LDDW5B, B0F9L7X54V, B0CX7WNGVR, B0CX8J5R5N, B0F9LFHRKC, B0CX7WT1YX, B0FF4N7M6M, B0CX838PZ1, B0FF4PY8DN, B0FZG9LMT2, B0FZGFNNLV, B0FZG753SJ, B0F9LDC867, B0FF4MP29T, B0FZG31J5R, B0FZG3TYN1, B0FZG2BFHQ, B0FZGF422J, B0CX7RM6WW, B0F9LB2HH7, B0FF4MLGW8, B0FZGB69CG, B0FZG91PPC, B0FZG39TSS, B0FZG63DH7, B0CX83FTPH, B0FZG1ZKXS, B0FF4NV2L2, B0F9LHD6LQ, B0F9L9YJHK, B0CX843Y61]",amzn1.campaign.2UCKUJM1RDKV6,✨15% commission，Mens Tactical Pants,MOURCE,2026-03-06,2027-03-06,15.00%,5000.0,5000.0,94,800,false
"[B0FY2KJD35, B0F6Y2NPFW, B0G2M4PTFW, B0G2M5VSN3, B0F4JZM7YB, B0G2LY9JXH, B0F6Y31WHP, B0G2LF52JV, B0F6Y25NTT, B0F6Y2Y5L7, B0FY2MFNGF, B0G2LDWRQ9, B0F4JQCD2P, B0G2M4K55T, B0FY2NY8CM, B0FY2LR7MW, B0G2M4XJTZ, B0G2LDTC1W, B0G2M46M8P, B0F6Y4GM6Y, B0G2M4MNFX, B0FY2MCMT6, B0F4JLYM2R, B0G2M3C1QM, B0F4JR9HW5, B0F4JRKL58, B0F4JLBJNG, B0F4JPM9KV, B0G2M53WZD, B0F6XTQM7M, B0F4JRKZP6]",amzn1.campaign.3SYL5LAB51C8J,💎Durable AMAPO Shower Door | Industrial-Grade Glass Spring Upgrade 🚿,AMAPO,2026-03-07,2027-03-05,11.00%,5000.0,5000.0,101,800,false
"[B0FZG4D7L5, B0FZG4HJMJ, B0FF4NZW7J, B0F9LBVVS3, B0FZGC878Z, B0F9L6ZHF8, B0FZG85X1M, B0FF4N6Q6F, B0CX8J69DW, B0F9L9WV6W, B0CX7TZT1R, B0FF4MQZSL, B0FZG466B7, B0FF4NN9WZ, B0CX86XK4B, B0FF4KZRRQ, B0FZG748KS, B0FZG8VQC3, B0FZG4LCKB, B0CX7SX6Z5, B0FZGB6TT6, B0FZG69QB4, B0FF4NN9X2, B0FZGB328S, B0CX7SL4HY, B0F9L91BZV, B0CX7WHDPJ, B0F9L9962J, B0FZG26T2S, B0CX7SZ2B4, B0CX81D5GW, B0CX8F9WL2, B0CX81H9L5, B0F9L99KM1, B0FZG4G6FH, B0FZG6GC4N, B0FZG55ZFT, B0F9LC1MKX, B0F9LCYS21, B0FZG6L64Q, B0CX7X1PHZ, B0CX7XJ5ZC, B0CX82SZ4J, B0FF4NP6B4, B0FF4MJR79, B0F9LBT74C, B0FZG4D55L, B0FF4MJR7C, B0FZGB2NVT, B0FZGB6RZV, B0FF4MK5B7, B0CX7T9P1G, B0FZG4S225, B0FF4MP653, B0F9L86NZR, B0CX7X894Q, B0FF4P2P3W, B0FZGB7X8Z, B0FZG6JLFZ, B0FF4MJ391, B0F9LBJSZZ, B0FZGBSZBG, B0F9LD6761, B0CX7SWWKF, B0CX7V3NWL, B0FF4MRHSF, B0FF4M2YD7, B0FZG6QT23, B0FZG7FJC8, B0F9L95C9W, B0FZGCPS4W, B0CX87M2CL, B0FZG7H8JY, B0FZG3VRKN, B0FF4NB7LL, B0FF4PFWQ4, B0FZG3FSCT, B0FZGD2PDX, B0F9L7ZZR2, B0CX85SWQN, B0F9L6ZHZX, B0FF4NVCGW, B0CX86XMLK, B0FZG35J5G, B0F9LC46QK, B0CX8J5Q47, B0F9LC9TMW, B0FF4P545T, B0FZG7YY1M, B0F9LDDW5B, B0F9L7X54V, B0CX7WNGVR, B0CX8J5R5N, B0F9LFHRKC, B0CX7WT1YX, B0FF4N7M6M, B0CX838PZ1, B0FF4PY8DN, B0FZG9LMT2, B0FZGFNNLV, B0FZG753SJ, B0F9LDC867, B0FF4MP29T, B0FZG31J5R, B0FZG3TYN1, B0FZG2BFHQ, B0FZGF422J, B0CX7RM6WW, B0F9LB2HH7, B0FF4MLGW8, B0FZGB69CG, B0FZG91PPC, B0FZG39TSS, B0FZG63DH7, B0CX83FTPH, B0FZG1ZKXS, B0FF4NV2L2, B0F9LHD6LQ, B0F9L9YJHK, B0CX843Y61]",amzn1.campaign.UFFWIC8AMY7Z,✨15% commission，Mens Tactical Pants,MOURCE,2026-03-06,2027-02-14,15.00%,5000.0,5000.0,103,800,false
"[B0FZG4D7L5, B0FZG4HJMJ, B0FF4NZW7J, B0F9LBVVS3, B0FZGC878Z, B0F9L6ZHF8, B0FZG85X1M, B0FF4N6Q6F, B0CX8J69DW, B0F9L9WV6W, B0CX7TZT1R, B0FF4MQZSL, B0FZG466B7, B0FF4NN9WZ, B0CX86XK4B, B0FF4KZRRQ, B0FZG748KS, B0FZG8VQC3, B0FZG4LCKB, B0CX7SX6Z5, B0FZGB6TT6, B0FZG69QB4, B0FF4NN9X2, B0FZGB328S, B0CX7SL4HY, B0F9L91BZV, B0CX7WHDPJ, B0F9L9962J, B0FZG26T2S, B0CX7SZ2B4, B0CX81D5GW, B0CX8F9WL2, B0CX81H9L5, B0F9L99KM1, B0FZG4G6FH, B0FZG6GC4N, B0FZG55ZFT, B0F9LC1MKX, B0F9LCYS21, B0FZG6L64Q, B0CX7X1PHZ, B0CX7XJ5ZC, B0CX82SZ4J, B0FF4NP6B4, B0FF4MJR79, B0F9LBT74C, B0FZG4D55L, B0FF4MJR7C, B0FZGB2NVT, B0FZGB6RZV, B0FF4MK5B7, B0CX7T9P1G, B0FZG4S225, B0FF4MP653, B0F9L86NZR, B0CX7X894Q, B0FF4P2P3W, B0FZGB7X8Z, B0FZG6JLFZ, B0FF4MJ391, B0F9LBJSZZ, B0FZGBSZBG, B0F9LD6761, B0CX7SWWKF, B0CX7V3NWL, B0FF4MRHSF, B0FF4M2YD7, B0FZG6QT23, B0FZG7FJC8, B0F9L95C9W, B0FZGCPS4W, B0CX87M2CL, B0FZG7H8JY, B0FZG3VRKN, B0FF4NB7LL, B0FF4PFWQ4, B0FZG3FSCT, B0FZGD2PDX, B0F9L7ZZR2, B0CX85SWQN, B0F9L6ZHZX, B0FF4NVCGW, B0CX86XMLK, B0FZG35J5G, B0F9LC46QK, B0CX8J5Q47, B0F9LC9TMW, B0FF4P545T, B0FZG7YY1M, B0F9LDDW5B, B0F9L7X54V, B0CX7WNGVR, B0CX8J5R5N, B0F9LFHRKC, B0CX7WT1YX, B0FF4N7M6M, B0CX838PZ1, B0FF4PY8DN, B0FZG9LMT2, B0FZGFNNLV, B0FZG753SJ, B0F9LDC867, B0FF4MP29T, B0FZG31J5R, B0FZG3TYN1, B0FZG2BFHQ, B0FZGF422J, B0CX7RM6WW, B0F9LB2HH7, B0FF4MLGW8, B0FZGB69CG, B0FZG91PPC, B0FZG39TSS, B0FZG63DH7, B0CX83FTPH, B0FZG1ZKXS, B0FF4NV2L2, B0F9LHD6LQ, B0F9L9YJHK, B0CX843Y61]",amzn1.campaign.1DK7G4UNQCN6M,✨15% commission，Mens Tactical Pants,MOURCE,2026-03-06,2027-01-06,15.00%,5000.0,5000.0,96,800,false
"[B0FY2KJD35, B0F6Y2NPFW, B0G2M4PTFW, B0G2M5VSN3, B0F4JZM7YB, B0G2LY9JXH, B0F6Y31WHP, B0G2LF52JV, B0F6Y25NTT, B0F6Y2Y5L7, B0FY2MFNGF, B0G2LDWRQ9, B0F4JQCD2P, B0G2M4K55T, B0FY2NY8CM, B0FY2LR7MW, B0G2M4XJTZ, B0G2LDTC1W, B0G2M46M8P, B0F6Y4GM6Y, B0G2M4MNFX, B0FY2MCMT6, B0F4JLYM2R, B0G2M3C1QM, B0F4JR9HW5, B0F4JRKL58, B0F4JLBJNG, B0F4JPM9KV, B0G2M53WZD, B0F6XTQM7M, B0F4JRKZP6]",amzn1.campaign.18H6LUQI2V25Q,🔧Easy Install AMAPO Shower Door | Spring DIY Bathroom Must-Have 🚿,AMAPO,2026-03-07,2027-03-06,11.00%,5000.0,5000.0,95,800,false
[B0GJRMTGHG],amzn1.campaign.UZ6RDVQIU1CJ,Collaboration: 50% Off Top 10 Amazon Travel Earbuds,plubedo,2026-03-06,2027-03-05,50.00%,5000.0,5000.0,58,800,false
"[B0GDY4BVT4, B0GDXXBY9Z, B0G91TMRQG, B0GDTPKHS5, B0G3PLPCW9, B0GDXLX2KX, B0GDY1N4L5, B0G921W437, B0FY5DHV3M, B0FXV41S48, B0GFCTSKC7, B0GDXLLWN4, B0FY4Z1B8X, B0GF7HN2QD, B0GDTNSZ26, B0GDXV597Q, B0GFCND9T7, B0FY5H8BT4]",amzn1.campaign.3UT7M2XS7ZJRV,New Product Promotion Plan,LJY,2026-03-06,2026-10-16,10.00%,5000.0,4976.44,15,800,false
[B0F1CMRZ8R],amzn1.campaign.141LKIR5DRAOL,Propane Gauge | High Conversion | 10% Commission,HICOOI,2026-03-06,2026-12-31,10.00%,5000.0,4684.06,28,800,false
"[B0FZG4D7L5, B0FZG4HJMJ, B0FF4NZW7J, B0F9LBVVS3, B0FZGC878Z, B0F9L6ZHF8, B0FZG85X1M, B0FF4N6Q6F, B0CX8J69DW, B0F9L9WV6W, B0CX7TZT1R, B0FF4MQZSL, B0FZG466B7, B0FF4NN9WZ, B0CX86XK4B, B0FF4KZRRQ, B0FZG748KS, B0FZG8VQC3, B0FZG4LCKB, B0CX7SX6Z5, B0FZGB6TT6, B0FZG69QB4, B0FF4NN9X2, B0FZGB328S, B0CX7SL4HY, B0F9L91BZV, B0CX7WHDPJ, B0F9L9962J, B0FZG26T2S, B0CX7SZ2B4, B0CX81D5GW, B0CX8F9WL2, B0CX81H9L5, B0F9L99KM1, B0FZG4G6FH, B0FZG6GC4N, B0FZG55ZFT, B0F9LC1MKX, B0F9LCYS21, B0FZG6L64Q, B0CX7X1PHZ, B0CX7XJ5ZC, B0CX82SZ4J, B0FF4NP6B4, B0FF4MJR79, B0F9LBT74C, B0FZG4D55L, B0FF4MJR7C, B0FZGB2NVT, B0FZGB6RZV, B0FF4MK5B7, B0CX7T9P1G, B0FZG4S225, B0FF4MP653, B0F9L86NZR, B0CX7X894Q, B0FF4P2P3W, B0FZGB7X8Z, B0FZG6JLFZ, B0FF4MJ391, B0F9LBJSZZ, B0FZGBSZBG, B0F9LD6761, B0CX7SWWKF, B0CX7V3NWL, B0FF4MRHSF, B0FF4M2YD7, B0FZG6QT23, B0FZG7FJC8, B0F9L95C9W, B0FZGCPS4W, B0CX87M2CL, B0FZG7H8JY, B0FZG3VRKN, B0FF4NB7LL, B0FF4PFWQ4, B0FZG3FSCT, B0FZGD2PDX, B0F9L7ZZR2, B0CX85SWQN, B0F9L6ZHZX, B0FF4NVCGW, B0CX86XMLK, B0FZG35J5G, B0F9LC46QK, B0CX8J5Q47, B0F9LC9TMW, B0FF4P545T, B0FZG7YY1M, B0F9LDDW5B, B0F9L7X54V, B0CX7WNGVR, B0CX8J5R5N, B0F9LFHRKC, B0CX7WT1YX, B0FF4N7M6M, B0CX838PZ1, B0FF4PY8DN, B0FZG9LMT2, B0FZGFNNLV, B0FZG753SJ, B0F9LDC867, B0FF4MP29T, B0FZG31J5R, B0FZG3TYN1, B0FZG2BFHQ, B0FZGF422J, B0CX7RM6WW, B0F9LB2HH7, B0FF4MLGW8, B0FZGB69CG, B0FZG91PPC, B0FZG39TSS, B0FZG63DH7, B0CX83FTPH, B0FZG1ZKXS, B0FF4NV2L2, B0F9LHD6LQ, B0F9L9YJHK, B0CX843Y61]",amzn1.campaign.E453FPXK6BMS,✨15% commission，Mens Tactical Pants,MOURCE,2026-03-06,2027-01-18,15.00%,5000.0,5000.0,104,800,false
"[B0FY2KJD35, B0F6Y2NPFW, B0G2M4PTFW, B0G2M5VSN3, B0F4JZM7YB, B0G2LY9JXH, B0F6Y31WHP, B0G2LF52JV, B0F6Y25NTT, B0F6Y2Y5L7, B0FY2MFNGF, B0G2LDWRQ9, B0F4JQCD2P, B0G2M4K55T, B0FY2NY8CM, B0FY2LR7MW, B0G2M4XJTZ, B0G2LDTC1W, B0G2M46M8P, B0F6Y4GM6Y, B0G2M4MNFX, B0FY2MCMT6, B0F4JLYM2R, B0G2M3C1QM, B0F4JR9HW5, B0F4JRKL58, B0F4JLBJNG, B0F4JPM9KV, B0G2M53WZD, B0F6XTQM7M, B0F4JRKZP6]",amzn1.campaign.1IYLKER8SRB3D,🚿Spring Renovation! AMAPO Shower Door Saves Compact Bathroom Space✨,AMAPO,2026-03-07,2027-03-07,11.00%,5000.0,5000.0,92,800,false
"[B0FZG4D7L5, B0FZG4HJMJ, B0FF4NZW7J, B0F9LBVVS3, B0FZGC878Z, B0F9L6ZHF8, B0FZG85X1M, B0FF4N6Q6F, B0CX8J69DW, B0F9L9WV6W, B0CX7TZT1R, B0FF4MQZSL, B0FZG466B7, B0FF4NN9WZ, B0CX86XK4B, B0FF4KZRRQ, B0FZG748KS, B0FZG8VQC3, B0FZG4LCKB, B0CX7SX6Z5, B0FZGB6TT6, B0FZG69QB4, B0FF4NN9X2, B0FZGB328S, B0CX7SL4HY, B0F9L91BZV, B0CX7WHDPJ, B0F9L9962J, B0FZG26T2S, B0CX7SZ2B4, B0CX81D5GW, B0CX8F9WL2, B0CX81H9L5, B0F9L99KM1, B0FZG4G6FH, B0FZG6GC4N, B0FZG55ZFT, B0F9LC1MKX, B0F9LCYS21, B0FZG6L64Q, B0CX7X1PHZ, B0CX7XJ5ZC, B0CX82SZ4J, B0FF4NP6B4, B0FF4MJR79, B0F9LBT74C, B0FZG4D55L, B0FF4MJR7C, B0FZGB2NVT, B0FZGB6RZV, B0FF4MK5B7, B0CX7T9P1G, B0FZG4S225, B0FF4MP653, B0F9L86NZR, B0CX7X894Q, B0FF4P2P3W, B0FZGB7X8Z, B0FZG6JLFZ, B0FF4MJ391, B0F9LBJSZZ, B0FZGBSZBG, B0F9LD6761, B0CX7SWWKF, B0CX7V3NWL, B0FF4MRHSF, B0FF4M2YD7, B0FZG6QT23, B0FZG7FJC8, B0F9L95C9W, B0FZGCPS4W, B0CX87M2CL, B0FZG7H8JY, B0FZG3VRKN, B0FF4NB7LL, B0FF4PFWQ4, B0FZG3FSCT, B0FZGD2PDX, B0F9L7ZZR2, B0CX85SWQN, B0F9L6ZHZX, B0FF4NVCGW, B0CX86XMLK, B0FZG35J5G, B0F9LC46QK, B0CX8J5Q47, B0F9LC9TMW, B0FF4P545T, B0FZG7YY1M, B0F9LDDW5B, B0F9L7X54V, B0CX7WNGVR, B0CX8J5R5N, B0F9LFHRKC, B0CX7WT1YX, B0FF4N7M6M, B0CX838PZ1, B0FF4PY8DN, B0FZG9LMT2, B0FZGFNNLV, B0FZG753SJ, B0F9LDC867, B0FF4MP29T, B0FZG31J5R, B0FZG3TYN1, B0FZG2BFHQ, B0FZGF422J, B0CX7RM6WW, B0F9LB2HH7, B0FF4MLGW8, B0FZGB69CG, B0FZG91PPC, B0FZG39TSS, B0FZG63DH7, B0CX83FTPH, B0FZG1ZKXS, B0FF4NV2L2, B0F9LHD6LQ, B0F9L9YJHK, B0CX843Y61]",amzn1.campaign.37VV0HOK2T5XU,✨15% commission，Mens Tactical Pants,MOURCE,2026-03-06,2026-12-16,15.00%,5000.0,5000.0,103,800,false
"[B0FZG4D7L5, B0FZG4HJMJ, B0FF4NZW7J, B0F9LBVVS3, B0FZGC878Z, B0F9L6ZHF8, B0FZG85X1M, B0FF4N6Q6F, B0CX8J69DW, B0F9L9WV6W, B0CX7TZT1R, B0FF4MQZSL, B0FZG466B7, B0FF4NN9WZ, B0CX86XK4B, B0FF4KZRRQ, B0FZG748KS, B0FZG8VQC3, B0FZG4LCKB, B0CX7SX6Z5, B0FZGB6TT6, B0FZG69QB4, B0FF4NN9X2, B0FZGB328S, B0CX7SL4HY, B0F9L91BZV, B0CX7WHDPJ, B0F9L9962J, B0FZG26T2S, B0CX7SZ2B4, B0CX81D5GW, B0CX8F9WL2, B0CX81H9L5, B0F9L99KM1, B0FZG4G6FH, B0FZG6GC4N, B0FZG55ZFT, B0F9LC1MKX, B0F9LCYS21, B0FZG6L64Q, B0CX7X1PHZ, B0CX7XJ5ZC, B0CX82SZ4J, B0FF4NP6B4, B0FF4MJR79, B0F9LBT74C, B0FZG4D55L, B0FF4MJR7C, B0FZGB2NVT, B0FZGB6RZV, B0FF4MK5B7, B0CX7T9P1G, B0FZG4S225, B0FF4MP653, B0F9L86NZR, B0CX7X894Q, B0FF4P2P3W, B0FZGB7X8Z, B0FZG6JLFZ, B0FF4MJ391, B0F9LBJSZZ, B0FZGBSZBG, B0F9LD6761, B0CX7SWWKF, B0CX7V3NWL, B0FF4MRHSF, B0FF4M2YD7, B0FZG6QT23, B0FZG7FJC8, B0F9L95C9W, B0FZGCPS4W, B0CX87M2CL, B0FZG7H8JY, B0FZG3VRKN, B0FF4NB7LL, B0FF4PFWQ4, B0FZG3FSCT, B0FZGD2PDX, B0F9L7ZZR2, B0CX85SWQN, B0F9L6ZHZX, B0FF4NVCGW, B0CX86XMLK, B0FZG35J5G, B0F9LC46QK, B0CX8J5Q47, B0F9LC9TMW, B0FF4P545T, B0FZG7YY1M, B0F9LDDW5B, B0F9L7X54V, B0CX7WNGVR, B0CX8J5R5N, B0F9LFHRKC, B0CX7WT1YX, B0FF4N7M6M, B0CX838PZ1, B0FF4PY8DN, B0FZG9LMT2, B0FZGFNNLV, B0FZG753SJ, B0F9LDC867, B0FF4MP29T, B0FZG31J5R, B0FZG3TYN1, B0FZG2BFHQ, B0FZGF422J, B0CX7RM6WW, B0F9LB2HH7, B0FF4MLGW8, B0FZGB69CG, B0FZG91PPC, B0FZG39TSS, B0FZG63DH7, B0CX83FTPH, B0FZG1ZKXS, B0FF4NV2L2, B0F9LHD6LQ, B0F9L9YJHK, B0CX843Y61]",amzn1.campaign.1HIFP44ZG1KEH,✨15% commission，Mens Tactical Pants,MOURCE,2026-03-06,2026-12-04,15.00%,5000.0,5000.0,99,800,false
"[B0FZG4D7L5, B0FZG4HJMJ, B0FF4NZW7J, B0F9LBVVS3, B0FZGC878Z, B0F9L6ZHF8, B0FZG85X1M, B0FF4N6Q6F, B0CX8J69DW, B0F9L9WV6W, B0CX7TZT1R, B0FF4MQZSL, B0FZG466B7, B0FF4NN9WZ, B0CX86XK4B, B0FF4KZRRQ, B0FZG748KS, B0FZG8VQC3, B0FZG4LCKB, B0CX7SX6Z5, B0FZGB6TT6, B0FZG69QB4, B0FF4NN9X2, B0FZGB328S, B0CX7SL4HY, B0F9L91BZV, B0CX7WHDPJ, B0F9L9962J, B0FZG26T2S, B0CX7SZ2B4, B0CX81D5GW, B0CX8F9WL2, B0CX81H9L5, B0F9L99KM1, B0FZG4G6FH, B0FZG6GC4N, B0FZG55ZFT, B0F9LC1MKX, B0F9LCYS21, B0FZG6L64Q, B0CX7X1PHZ, B0CX7XJ5ZC, B0CX82SZ4J, B0FF4NP6B4, B0FF4MJR79, B0F9LBT74C, B0FZG4D55L, B0FF4MJR7C, B0FZGB2NVT, B0FZGB6RZV, B0FF4MK5B7, B0CX7T9P1G, B0FZG4S225, B0FF4MP653, B0F9L86NZR, B0CX7X894Q, B0FF4P2P3W, B0FZGB7X8Z, B0FZG6JLFZ, B0FF4MJ391, B0F9LBJSZZ, B0FZGBSZBG, B0F9LD6761, B0CX7SWWKF, B0CX7V3NWL, B0FF4MRHSF, B0FF4M2YD7, B0FZG6QT23, B0FZG7FJC8, B0F9L95C9W, B0FZGCPS4W, B0CX87M2CL, B0FZG7H8JY, B0FZG3VRKN, B0FF4NB7LL, B0FF4PFWQ4, B0FZG3FSCT, B0FZGD2PDX, B0F9L7ZZR2, B0CX85SWQN, B0F9L6ZHZX, B0FF4NVCGW, B0CX86XMLK, B0FZG35J5G, B0F9LC46QK, B0CX8J5Q47, B0F9LC9TMW, B0FF4P545T, B0FZG7YY1M, B0F9LDDW5B, B0F9L7X54V, B0CX7WNGVR, B0CX8J5R5N, B0F9LFHRKC, B0CX7WT1YX, B0FF4N7M6M, B0CX838PZ1, B0FF4PY8DN, B0FZG9LMT2, B0FZGFNNLV, B0FZG753SJ, B0F9LDC867, B0FF4MP29T, B0FZG31J5R, B0FZG3TYN1, B0FZG2BFHQ, B0FZGF422J, B0CX7RM6WW, B0F9LB2HH7, B0FF4MLGW8, B0FZGB69CG, B0FZG91PPC, B0FZG39TSS, B0FZG63DH7, B0CX83FTPH, B0FZG1ZKXS, B0FF4NV2L2, B0F9LHD6LQ, B0F9L9YJHK, B0CX843Y61]",amzn1.campaign.2DY8KZDYAJ740,✨15% commission，Mens Tactical Pants,MOURCE,2026-03-06,2026-09-06,15.00%,5000.0,5000.0,100,800,false
"[B0FZG4D7L5, B0FZG4HJMJ, B0FF4NZW7J, B0F9LBVVS3, B0FZGC878Z, B0F9L6ZHF8, B0FZG85X1M, B0FF4N6Q6F, B0CX8J69DW, B0F9L9WV6W, B0CX7TZT1R, B0FF4MQZSL, B0FZG466B7, B0FF4NN9WZ, B0CX86XK4B, B0FF4KZRRQ, B0FZG748KS, B0FZG8VQC3, B0FZG4LCKB, B0CX7SX6Z5, B0FZGB6TT6, B0FZG69QB4, B0FF4NN9X2, B0FZGB328S, B0CX7SL4HY, B0F9L91BZV, B0CX7WHDPJ, B0F9L9962J, B0FZG26T2S, B0CX7SZ2B4, B0CX81D5GW, B0CX8F9WL2, B0CX81H9L5, B0F9L99KM1, B0FZG4G6FH, B0FZG6GC4N, B0FZG55ZFT, B0F9LC1MKX, B0F9LCYS21, B0FZG6L64Q, B0CX7X1PHZ, B0CX7XJ5ZC, B0CX82SZ4J, B0FF4NP6B4, B0FF4MJR79, B0F9LBT74C, B0FZG4D55L, B0FF4MJR7C, B0FZGB2NVT, B0FZGB6RZV, B0FF4MK5B7, B0CX7T9P1G, B0FZG4S225, B0FF4MP653, B0F9L86NZR, B0CX7X894Q, B0FF4P2P3W, B0FZGB7X8Z, B0FZG6JLFZ, B0FF4MJ391, B0F9LBJSZZ, B0FZGBSZBG, B0F9LD6761, B0CX7SWWKF, B0CX7V3NWL, B0FF4MRHSF, B0FF4M2YD7, B0FZG6QT23, B0FZG7FJC8, B0F9L95C9W, B0FZGCPS4W, B0CX87M2CL, B0FZG7H8JY, B0FZG3VRKN, B0FF4NB7LL, B0FF4PFWQ4, B0FZG3FSCT, B0FZGD2PDX, B0F9L7ZZR2, B0CX85SWQN, B0F9L6ZHZX, B0FF4NVCGW, B0CX86XMLK, B0FZG35J5G, B0F9LC46QK, B0CX8J5Q47, B0F9LC9TMW, B0FF4P545T, B0FZG7YY1M, B0F9LDDW5B, B0F9L7X54V, B0CX7WNGVR, B0CX8J5R5N, B0F9LFHRKC, B0CX7WT1YX, B0FF4N7M6M, B0CX838PZ1, B0FF4PY8DN, B0FZG9LMT2, B0FZGFNNLV, B0FZG753SJ, B0F9LDC867, B0FF4MP29T, B0FZG31J5R, B0FZG3TYN1, B0FZG2BFHQ, B0FZGF422J, B0CX7RM6WW, B0F9LB2HH7, B0FF4MLGW8, B0FZGB69CG, B0FZG91PPC, B0FZG39TSS, B0FZG63DH7, B0CX83FTPH, B0FZG1ZKXS, B0FF4NV2L2, B0F9LHD6LQ, B0F9L9YJHK, B0CX843Y61]",amzn1.campaign.2ZEMDCHMEDEY7,✨15% commission，Mens Tactical Pants,MOURCE,2026-03-06,2027-01-02,15.00%,5000.0,5000.0,100,800,false
"[B0FZG4D7L5, B0FZG4HJMJ, B0FF4NZW7J, B0F9LBVVS3, B0FZGC878Z, B0F9L6ZHF8, B0FZG85X1M, B0FF4N6Q6F, B0CX8J69DW, B0F9L9WV6W, B0CX7TZT1R, B0FF4MQZSL, B0FZG466B7, B0FF4NN9WZ, B0CX86XK4B, B0FF4KZRRQ, B0FZG748KS, B0FZG8VQC3, B0FZG4LCKB, B0CX7SX6Z5, B0FZGB6TT6, B0FZG69QB4, B0FF4NN9X2, B0FZGB328S, B0CX7SL4HY, B0F9L91BZV, B0CX7WHDPJ, B0F9L9962J, B0FZG26T2S, B0CX7SZ2B4, B0CX81D5GW, B0CX8F9WL2, B0CX81H9L5, B0F9L99KM1, B0FZG4G6FH, B0FZG6GC4N, B0FZG55ZFT, B0F9LC1MKX, B0F9LCYS21, B0FZG6L64Q, B0CX7X1PHZ, B0CX7XJ5ZC, B0CX82SZ4J, B0FF4NP6B4, B0FF4MJR79, B0F9LBT74C, B0FZG4D55L, B0FF4MJR7C, B0FZGB2NVT, B0FZGB6RZV, B0FF4MK5B7, B0CX7T9P1G, B0FZG4S225, B0FF4MP653, B0F9L86NZR, B0CX7X894Q, B0FF4P2P3W, B0FZGB7X8Z, B0FZG6JLFZ, B0FF4MJ391, B0F9LBJSZZ, B0FZGBSZBG, B0F9LD6761, B0CX7SWWKF, B0CX7V3NWL, B0FF4MRHSF, B0FF4M2YD7, B0FZG6QT23, B0FZG7FJC8, B0F9L95C9W, B0FZGCPS4W, B0CX87M2CL, B0FZG7H8JY, B0FZG3VRKN, B0FF4NB7LL, B0FF4PFWQ4, B0FZG3FSCT, B0FZGD2PDX, B0F9L7ZZR2, B0CX85SWQN, B0F9L6ZHZX, B0FF4NVCGW, B0CX86XMLK, B0FZG35J5G, B0F9LC46QK, B0CX8J5Q47, B0F9LC9TMW, B0FF4P545T, B0FZG7YY1M, B0F9LDDW5B, B0F9L7X54V, B0CX7WNGVR, B0CX8J5R5N, B0F9LFHRKC, B0CX7WT1YX, B0FF4N7M6M, B0CX838PZ1, B0FF4PY8DN, B0FZG9LMT2, B0FZGFNNLV, B0FZG753SJ, B0F9LDC867, B0FF4MP29T, B0FZG31J5R, B0FZG3TYN1, B0FZG2BFHQ, B0FZGF422J, B0CX7RM6WW, B0F9LB2HH7, B0FF4MLGW8, B0FZGB69CG, B0FZG91PPC, B0FZG39TSS, B0FZG63DH7, B0CX83FTPH, B0FZG1ZKXS, B0FF4NV2L2, B0F9LHD6LQ, B0F9L9YJHK, B0CX843Y61]",amzn1.campaign.1GY3V3OB7G5DH,✨15% commission，Mens Tactical Pants,MOURCE,2026-03-06,2027-01-01,15.00%,5000.0,5000.0,95,800,false
"[B0FC1XT955, B0F3VN7PHX, B0FBRB7WXQ, B0FC1G8M45, B0F82V7DQT, B0FQNPK7DC, B0F37TCFQJ, B0FL85DB4W, B0DYTSP2FR, B0F6MLWMVD, B0FRLVPXB6, B0FBFM7844, B0F32PLY9N, B0FBG2QMKD, B0F835WQM6, B0FR2Y9TCJ, B0FJ5FKMWS, B0F1MZGRT6, B0DXL2RG52, B0DXD426FP, B0F2YSRQ99, B0F1CCQ7XC, B0FH6KSDKM, B0DXD3NX6C, B0F832WXW5]",amzn1.campaign.BHS85WP00CKB,Monthly sales $80000 commission 10% Quilting rulers  for half year,HUIFARI,2026-03-06,2026-12-01,10.00%,5000.0,5000.0,115,800,false
[B0FN7DJGK1],amzn1.campaign.3S37EY2RIWZRM,Let’s Collaborate – Pistachio Extract (10% Commission),Rylenor,2026-03-06,2026-09-30,10.00%,5000.0,4953.04,38,800,false
[B0GJRMTGHG],amzn1.campaign.16EFG5LNSV08T,Collab Invite: 50% OFF Prime Deal - AI Translator Earbuds,plubedo,2026-03-06,2027-03-06,50.00%,5000.0,5000.0,13,800,false
"[B0FC1XT955, B0F3VN7PHX, B0FBRB7WXQ, B0FC1G8M45, B0F82V7DQT, B0FQNPK7DC, B0F37TCFQJ, B0FL85DB4W, B0DYTSP2FR, B0F6MLWMVD, B0FRLVPXB6, B0FBFM7844, B0F32PLY9N, B0FBG2QMKD, B0F835WQM6, B0FR2Y9TCJ, B0FJ5FKMWS, B0F1MZGRT6, B0DXL2RG52, B0DXD426FP, B0F2YSRQ99, B0F1CCQ7XC, B0FH6KSDKM, B0DXD3NX6C, B0F832WXW5]",amzn1.campaign.CLV3GMUG78X2,Monthly sales $80000 commission 10% Quilting rulers  for half year,HUIFARI,2026-03-06,2026-12-02,10.00%,5000.0,5000.0,114,800,false
"[B0GCWVY16W, B0G3QRC8FN, B0GCXFVN1M, B0GCWK23MG]",amzn1.campaign.3OEYBZ9PLE4ZF,dtr,Goseek,2026-03-06,2026-12-31,10.00%,10000.0,9867.54,40,800,false
"[B0FC1XT955, B0F3VN7PHX, B0FBRB7WXQ, B0FC1G8M45, B0F82V7DQT, B0FQNPK7DC, B0F37TCFQJ, B0FL85DB4W, B0DYTSP2FR, B0F6MLWMVD, B0FRLVPXB6, B0FBFM7844, B0F32PLY9N, B0FBG2QMKD, B0F835WQM6, B0FR2Y9TCJ, B0FJ5FKMWS, B0F1MZGRT6, B0DXL2RG52, B0DXD426FP, B0F2YSRQ99, B0F1CCQ7XC, B0FH6KSDKM, B0DXD3NX6C, B0F832WXW5]",amzn1.campaign.NRQ1BEGTJBBL,Monthly sales $80000 commission 10% Quilting rulers  for half year,HUIFARI,2026-03-06,2026-12-03,10.00%,5000.0,5000.0,114,800,false
"[B0FC1XT955, B0F3VN7PHX, B0FBRB7WXQ, B0FC1G8M45, B0F82V7DQT, B0FQNPK7DC, B0F37TCFQJ, B0FL85DB4W, B0DYTSP2FR, B0F6MLWMVD, B0FRLVPXB6, B0FBFM7844, B0F32PLY9N, B0FBG2QMKD, B0F835WQM6, B0FR2Y9TCJ, B0FJ5FKMWS, B0F1MZGRT6, B0DXL2RG52, B0DXD426FP, B0F2YSRQ99, B0F1CCQ7XC, B0FH6KSDKM, B0DXD3NX6C, B0F832WXW5]",amzn1.campaign.2HIOFRZ76WHFX,Monthly sales $80000 commission 10% Quilting rulers  for half year,HUIFARI,2026-03-06,2026-12-04,10.00%,5000.0,5000.0,107,800,false
"[B0DJP9RPNQ, B0DJP8YHBH, B0DJP7ZRYW, B0DJPB5XZ6, B0DJPBWX65]",amzn1.campaign.IS9NSSI8PQ3S,10% LOLANTA Unisex Baby Cow Costumes for Halloween,Lolanta,2026-03-06,2027-03-01,10.00%,5000.0,5000.0,25,800,false
[B0F8BH188Z],amzn1.campaign.NBRA103CSML3,胡桃木-蓝色包,Ajedrez,2026-03-06,2026-10-31,10.00%,5000.0,4996.6,55,800,false
"[B0G1T47V98, B0FYLL42WH]",amzn1.campaign.2VH70UPD7G11H,Flagship E-ink Smart Display - 4-in-1 Productivity Hub ($169),SkuDock,2026-03-06,2026-09-06,15.00%,5000.0,5000.0,41,800,false
"[B0FC1XT955, B0F3VN7PHX, B0FBRB7WXQ, B0FC1G8M45, B0F82V7DQT, B0FQNPK7DC, B0F37TCFQJ, B0FL85DB4W, B0DYTSP2FR, B0F6MLWMVD, B0FRLVPXB6, B0FBFM7844, B0F32PLY9N, B0FBG2QMKD, B0F835WQM6, B0FR2Y9TCJ, B0FJ5FKMWS, B0F1MZGRT6, B0DXL2RG52, B0DXD426FP, B0F2YSRQ99, B0F1CCQ7XC, B0FH6KSDKM, B0DXD3NX6C, B0F832WXW5]",amzn1.campaign.1LPFOIBEFT66D,Monthly sales $80000 commission 10% Quilting rulers  for half year,HUIFARI,2026-03-06,2026-12-05,10.00%,5000.0,5000.0,107,800,false
"[B0FC1XT955, B0F3VN7PHX, B0FBRB7WXQ, B0FC1G8M45, B0F82V7DQT, B0FQNPK7DC, B0F37TCFQJ, B0FL85DB4W, B0DYTSP2FR, B0F6MLWMVD, B0FRLVPXB6, B0FBFM7844, B0F32PLY9N, B0FBG2QMKD, B0F835WQM6, B0FR2Y9TCJ, B0FJ5FKMWS, B0F1MZGRT6, B0DXL2RG52, B0DXD426FP, B0F2YSRQ99, B0F1CCQ7XC, B0FH6KSDKM, B0DXD3NX6C, B0F832WXW5]",amzn1.campaign.2CVWKX1MLKR9Q,Monthly sales $80000 commission 10% Quilting rulers  for half year,HUIFARI,2026-03-06,2026-12-06,10.00%,5000.0,5000.0,106,800,false
"[B0FLXSJKQM, B0FBX6RZH6, B0FBX6N8LK, B0FBX9KB1Z, B0FJR386Z9, B0FBX7XKHS, B0FJR55STY, B0FLXZFV4Q, B0FJR58P5C, B0FLXQPYBF, B0FBX946W1, B0FLXWNWGD, B0FJR5Z8S6, B0FJR3JM66, B0FLXZ25TZ, B0FBX7DXVR, B0FLXW247C, B0FJR3DNLS, B0FLXS3PCV, B0FBX8KYG7, B0FBX615DH, B0FJR629T4, B0FJR1DKCH, B0FLXRTZB2, B0FLXYXFKP, B0FJR3PN2G, B0FJR892ZN, B0FJR5NPTB, B0FBX7Z6NT, B0FLXW642V, B0FJR385RT, B0FJR8DLYB, B0FBX7N2FC, B0FBX7R9LW, B0FLXRZSBP, B0FJR8J83H, B0FJR4D7B3, B0FBXB44BN, B0FJR3P7RK, B0FJR39K9V, B0FJR5QJCN, B0FJR664Q6, B0FBX6HBDN, B0FLXS1Q8G, B0FLXW9CP2, B0FJR9JF7Y, B0FBX796Z3, B0FJR3HZT1, B0FLXV4J2T, B0FJR3ZRFG, B0FLXSJCCC, B0FLXTFX8H, B0FJR5FMLF, B0FBXC8YB8, B0FLXWQBNN, B0FLXQQ8CS, B0FBX7MF5H, B0FLXY8KBC, B0FLXXB1R2, B0FLXS9SJ4, B0FLXTWZP1, B0FJR6R9W2, B0FJR8BC26, B0FBX76HYD, B0FLXSS1R3, B0FLXV11CC, B0FLXTM5TX, B0FBX5W61V, B0FJR3D9HZ, B0FLXVTN7C, B0FLXTM5TV, B0FLXTJ62J, B0FLXQQDT1, B0FLXQPXMW, B0FBXB3HCT, B0FJR3NFT8, B0FLXSR47C, B0FLXS3V5L, B0FBX9QR8V, B0FBX6MS4N, B0FBX92XF9, B0FLXQPWFX, B0FLXTVB9N, B0FJR3JXBW, B0FJR2Y5W5, B0FBXC2TZ6, B0FJR7TMRH, B0FBX7Y4TF, B0FBX9KW56, B0FLXS6R9G, B0FLXTZDBF]",amzn1.campaign.2FIFHJDTPEW2L,"Men's UPF 50+ 7"" Inseam Hiking Shorts with 3 Zipper Pockets",UVSAI,2026-03-06,2027-03-06,15.00%,5000.0,5000.0,77,800,false
"[B0FC1XT955, B0F3VN7PHX, B0FBRB7WXQ, B0FC1G8M45, B0F82V7DQT, B0FQNPK7DC, B0F37TCFQJ, B0FL85DB4W, B0DYTSP2FR, B0F6MLWMVD, B0FRLVPXB6, B0FBFM7844, B0F32PLY9N, B0FBG2QMKD, B0F835WQM6, B0FR2Y9TCJ, B0FJ5FKMWS, B0F1MZGRT6, B0DXL2RG52, B0DXD426FP, B0F2YSRQ99, B0F1CCQ7XC, B0FH6KSDKM, B0DXD3NX6C, B0F832WXW5]",amzn1.campaign.1UMTI15UQ3TDO,Monthly sales $80000 commission 10% Quilting rulers  for half year,HUIFARI,2026-03-06,2026-12-07,10.00%,5000.0,5000.0,108,800,false
"[B0FC1XT955, B0F3VN7PHX, B0FBRB7WXQ, B0FC1G8M45, B0F82V7DQT, B0FQNPK7DC, B0F37TCFQJ, B0FL85DB4W, B0DYTSP2FR, B0F6MLWMVD, B0FRLVPXB6, B0FBFM7844, B0F32PLY9N, B0FBG2QMKD, B0F835WQM6, B0FR2Y9TCJ, B0FJ5FKMWS, B0F1MZGRT6, B0DXL2RG52, B0DXD426FP, B0F2YSRQ99, B0F1CCQ7XC, B0FH6KSDKM, B0DXD3NX6C, B0F832WXW5]",amzn1.campaign.5N3LO9FZ4IXO,Monthly sales $80000 commission 10% Quilting rulers  for half year,HUIFARI,2026-03-06,2026-12-08,10.00%,5000.0,5000.0,115,800,false
[B0GF26F1H7],amzn1.campaign.139SJ00G3CW2J,L LOHAS LED Brand New Arrivals products! Egg Night Light for Baby Kids!,L LOHAS LED,2026-03-06,2027-03-06,10.00%,50000.0,49971.2,0,800,false
"[B0FPQNMCNC, B0FDRGLXWQ, B0FPQQMGX5, B0FDKZW76W, B0FDR9QWVK, B0FDKZVP4Y, B0FPQQV6Y1, B0FDRB77VR]",amzn1.campaign.2TSNF3S4AMUVT,10,Rutanshenn,2026-03-06,2027-02-28,10.00%,5000.0,4844.61,29,800,false
"[B0DKBNSPGQ, B0DKBMZFWQ, B0DKBNQRCV]",amzn1.campaign.1ZEELVFJSZ6Q1,10% B0DKBMNLN2 LOLANTA Kids Halloween Cow Costume Flannel Bathrobes,Lolanta,2026-03-06,2027-03-01,10.00%,5000.0,4997.75,16,800,false
"[B0FC1XT955, B0F3VN7PHX, B0FBRB7WXQ, B0FC1G8M45, B0F82V7DQT, B0FQNPK7DC, B0F37TCFQJ, B0FL85DB4W, B0DYTSP2FR, B0F6MLWMVD, B0FRLVPXB6, B0FBFM7844, B0F32PLY9N, B0FBG2QMKD, B0F835WQM6, B0FR2Y9TCJ, B0FJ5FKMWS, B0F1MZGRT6, B0DXL2RG52, B0DXD426FP, B0F2YSRQ99, B0F1CCQ7XC, B0FH6KSDKM, B0DXD3NX6C, B0F832WXW5]",amzn1.campaign.2AL7O63DDGD1P,Monthly sales $80000 commission 10% Quilting rulers  for half year,HUIFARI,2026-03-06,2026-12-09,10.00%,5000.0,5000.0,108,800,false
"[B0FY2H2L4T, B0FY2BDQXL, B0FY2HMXG7]",amzn1.campaign.11WNYHFIML0LD,Ansi Z87.1 Safety Sunglasses Bestseller!!🔥 🔥🔥 SG1104,SODQW,2026-03-07,2027-03-06,10.00%,999999.0,999999.0,76,800,false
[B0FQTXSG8Q],amzn1.campaign.2KYELDTJAGEMX,Let’s Collaborate – Dried Rosemary Sprigs (10% Commission),Rylenor,2026-03-06,2027-01-01,10.00%,5000.0,4953.66,35,800,false
"[B0FC1XT955, B0F3VN7PHX, B0FBRB7WXQ, B0FC1G8M45, B0F82V7DQT, B0FQNPK7DC, B0F37TCFQJ, B0FL85DB4W, B0DYTSP2FR, B0F6MLWMVD, B0FRLVPXB6, B0FBFM7844, B0F32PLY9N, B0FBG2QMKD, B0F835WQM6, B0FR2Y9TCJ, B0FJ5FKMWS, B0F1MZGRT6, B0DXL2RG52, B0DXD426FP, B0F2YSRQ99, B0F1CCQ7XC, B0FH6KSDKM, B0DXD3NX6C, B0F832WXW5]",amzn1.campaign.1KMTB9XRKI1M9,Monthly sales $80000 commission 10% Quilting rulers  for half year,HUIFARI,2026-03-06,2026-12-10,10.00%,5000.0,5000.0,107,800,false
[B0GD5QKNJ9],amzn1.campaign.2OON7X5ZQXMUP,"COVERTIFY Winch Cover – Protect Your Winch, Earn 10% Commission",COVERTIFY,2026-03-06,2026-09-09,10.00%,5000.0,4990.55,56,800,false
"[B0DXPLWBNX, B0FHB3M85T, B0FHB3X17J, B0DXPRZ5NY, B0FH9NW6KQ, B0DXPL6JJ8, B0FHB4DPS9, B0DXPLXJ2G, B0DXPNKH6T, B0DXPHFXNC, B0DXPL7GSV, B0DXPLSB3K, B0DXPJ4HJ7, B0DXPLTZM1, B0DXPD1F54, B0DXPJ249S, B0DXPKNMGJ, B0FH9NVVHR, B0DXPMGWM6, B0FHB1Z79T, B0FHB4R62H, B0DXPJX3ZS, B0DXPJBRNG, B0DXPDDTH4, B0DXPPJDRB, B0DXPHS63F, B0DXPJ3QQD, B0FHB33VC2, B0DXPPHQX8, B0FH9NVCGS, B0FH9NT2ZS, B0FHB5TSWP, B0FHB5P6CL, B0FH9NW18T, B0DXPJ9529, B0DXPJ6NY6, B0FH9NTMC6, B0FHB4BHGL]",amzn1.campaign.13VA67Y7FBEVF,💥12% commission，Men’s Hiking Pants,MOURCE,2026-03-06,2027-02-19,12.00%,5000.0,5000.0,102,800,false
"[B0F9P2NMNN, B0F3J8Z5QH, B0F3J7RLN8, B0F3J7VXN2, B0FM3989RS, B0FM38ZVLJ, B0F3J83FCH, B0F9P26LT9, B0FWK3Z6T4, B0FM3BF3RS, B0F3JC2J99, B0F3J96KSL, B0FM39R9MT, B0F3J972FF, B0F3J9PQBG, B0FM3FJVMG, B0F3J7SW3W, B0F9NZDFKY, B0FM3B8BYN, B0F9P4TK5V, B0F3J6ZY5Q, B0F3J6SMQJ, B0FM3CN7Q6, B0F3JCNF8X, B0FM3DLVH4, B0F3J7RR5Y, B0FM3FDWND, B0FM39FSSR, B0F3J7SNKH, B0FM3CP58F, B0F3J772YF, B0FM38L1FB, B0F3J7H2GH, B0F3J7X4ZP, B0FM3DKMHN, B0F9P1QWWV, B0FM3DX9XB, B0F9P4BKR3, B0FM3CN7ZS, B0F9P1XKSL, B0F3JCGXTJ, B0FM3F74MN, B0F9P16JPM, B0F9P25SK6, B0FM3BLKVQ]",amzn1.campaign.3ULBQFJ539SHP,🏡 My Amazon Wall Art American Vintage Plan,QIYILEXWART,2026-03-06,2027-03-06,15.00%,5000.0,5000.0,86,800,false
"[B0DXPLWBNX, B0FHB3M85T, B0FHB3X17J, B0DXPRZ5NY, B0FH9NW6KQ, B0DXPL6JJ8, B0FHB4DPS9, B0DXPLXJ2G, B0DXPNKH6T, B0DXPHFXNC, B0DXPL7GSV, B0DXPLSB3K, B0DXPJ4HJ7, B0DXPLTZM1, B0DXPD1F54, B0DXPJ249S, B0DXPKNMGJ, B0FH9NVVHR, B0DXPMGWM6, B0FHB1Z79T, B0FHB4R62H, B0DXPJX3ZS, B0DXPJBRNG, B0DXPDDTH4, B0DXPPJDRB, B0DXPHS63F, B0DXPJ3QQD, B0FHB33VC2, B0DXPPHQX8, B0FH9NVCGS, B0FH9NT2ZS, B0FHB5TSWP, B0FHB5P6CL, B0FH9NW18T, B0DXPJ9529, B0DXPJ6NY6, B0FH9NTMC6, B0FHB4BHGL]",amzn1.campaign.PQJ2WCM0A2VQ,💥12% commission，Men’s Hiking Pants,MOURCE,2026-03-06,2027-02-20,12.00%,5000.0,5000.0,109,800,false
"[B0FC1XT955, B0F3VN7PHX, B0FBRB7WXQ, B0FC1G8M45, B0F82V7DQT, B0FQNPK7DC, B0F37TCFQJ, B0FL85DB4W, B0DYTSP2FR, B0F6MLWMVD, B0FRLVPXB6, B0FBFM7844, B0F32PLY9N, B0FBG2QMKD, B0F835WQM6, B0FR2Y9TCJ, B0FJ5FKMWS, B0F1MZGRT6, B0DXL2RG52, B0DXD426FP, B0F2YSRQ99, B0F1CCQ7XC, B0FH6KSDKM, B0DXD3NX6C, B0F832WXW5]",amzn1.campaign.1JUV0A5S4IZIG,Monthly sales $80000 commission 10% Quilting rulers  for half year,HUIFARI,2026-03-06,2026-12-11,10.00%,5000.0,5000.0,108,800,false
"[B0GCZTWX2S, B0GCMVFSF4, B0GCZNTPX4, B0GCM3X2GL, B0GCMFFGFG]",amzn1.campaign.2C3ITS621WVLK,🔥Bestseller!!🔥Fashion Bayonetta Glasses Office Siren Glasses🔥🔥🔥 ABL1118,SODQW,2026-03-07,2027-03-06,10.00%,999999.0,999999.0,89,800,false
"[B0DXPLWBNX, B0FHB3M85T, B0FHB3X17J, B0DXPRZ5NY, B0FH9NW6KQ, B0DXPL6JJ8, B0FHB4DPS9, B0DXPLXJ2G, B0DXPNKH6T, B0DXPHFXNC, B0DXPL7GSV, B0DXPLSB3K, B0DXPJ4HJ7, B0DXPLTZM1, B0DXPD1F54, B0DXPJ249S, B0DXPKNMGJ, B0FH9NVVHR, B0DXPMGWM6, B0FHB1Z79T, B0FHB4R62H, B0DXPJX3ZS, B0DXPJBRNG, B0DXPDDTH4, B0DXPPJDRB, B0DXPHS63F, B0DXPJ3QQD, B0FHB33VC2, B0DXPPHQX8, B0FH9NVCGS, B0FH9NT2ZS, B0FHB5TSWP, B0FHB5P6CL, B0FH9NW18T, B0DXPJ9529, B0DXPJ6NY6, B0FH9NTMC6, B0FHB4BHGL]",amzn1.campaign.1BVWY0AT17ABW,💥12% commission，Men’s Hiking Pants,MOURCE,2026-03-06,2027-02-21,12.00%,5000.0,5000.0,102,800,false
"[B0DXPLWBNX, B0FHB3M85T, B0FHB3X17J, B0DXPRZ5NY, B0FH9NW6KQ, B0DXPL6JJ8, B0FHB4DPS9, B0DXPLXJ2G, B0DXPNKH6T, B0DXPHFXNC, B0DXPL7GSV, B0DXPLSB3K, B0DXPJ4HJ7, B0DXPLTZM1, B0DXPD1F54, B0DXPJ249S, B0DXPKNMGJ, B0FH9NVVHR, B0DXPMGWM6, B0FHB1Z79T, B0FHB4R62H, B0DXPJX3ZS, B0DXPJBRNG, B0DXPDDTH4, B0DXPPJDRB, B0DXPHS63F, B0DXPJ3QQD, B0FHB33VC2, B0DXPPHQX8, B0FH9NVCGS, B0FH9NT2ZS, B0FHB5TSWP, B0FHB5P6CL, B0FH9NW18T, B0DXPJ9529, B0DXPJ6NY6, B0FH9NTMC6, B0FHB4BHGL]",amzn1.campaign.3Q64ZYL88KXFI,💥12% commission，Men’s Hiking Pants,MOURCE,2026-03-06,2027-02-22,12.00%,5000.0,5000.0,105,800,false
"[B0FC1XT955, B0F3VN7PHX, B0FBRB7WXQ, B0FC1G8M45, B0F82V7DQT, B0FQNPK7DC, B0F37TCFQJ, B0FL85DB4W, B0DYTSP2FR, B0F6MLWMVD, B0FRLVPXB6, B0FBFM7844, B0F32PLY9N, B0FBG2QMKD, B0F835WQM6, B0FR2Y9TCJ, B0FJ5FKMWS, B0F1MZGRT6, B0DXL2RG52, B0DXD426FP, B0F2YSRQ99, B0F1CCQ7XC, B0FH6KSDKM, B0DXD3NX6C, B0F832WXW5]",amzn1.campaign.1JQLREOEB5MDQ,Monthly sales $80000 commission 10% Quilting rulers  for half year,HUIFARI,2026-03-06,2026-12-12,10.00%,5000.0,5000.0,108,800,false
"[B0DXPLWBNX, B0FHB3M85T, B0FHB3X17J, B0DXPRZ5NY, B0FH9NW6KQ, B0DXPL6JJ8, B0FHB4DPS9, B0DXPLXJ2G, B0DXPNKH6T, B0DXPHFXNC, B0DXPL7GSV, B0DXPLSB3K, B0DXPJ4HJ7, B0DXPLTZM1, B0DXPD1F54, B0DXPJ249S, B0DXPKNMGJ, B0FH9NVVHR, B0DXPMGWM6, B0FHB1Z79T, B0FHB4R62H, B0DXPJX3ZS, B0DXPJBRNG, B0DXPDDTH4, B0DXPPJDRB, B0DXPHS63F, B0DXPJ3QQD, B0FHB33VC2, B0DXPPHQX8, B0FH9NVCGS, B0FH9NT2ZS, B0FHB5TSWP, B0FHB5P6CL, B0FH9NW18T, B0DXPJ9529, B0DXPJ6NY6, B0FH9NTMC6, B0FHB4BHGL]",amzn1.campaign.1B68UU7MHLVNA,💥12% commission，Men’s Hiking Pants,MOURCE,2026-03-06,2027-02-23,12.00%,5000.0,5000.0,103,800,false
"[B0DXPLWBNX, B0FHB3M85T, B0FHB3X17J, B0DXPRZ5NY, B0FH9NW6KQ, B0DXPL6JJ8, B0FHB4DPS9, B0DXPLXJ2G, B0DXPNKH6T, B0DXPHFXNC, B0DXPL7GSV, B0DXPLSB3K, B0DXPJ4HJ7, B0DXPLTZM1, B0DXPD1F54, B0DXPJ249S, B0DXPKNMGJ, B0FH9NVVHR, B0DXPMGWM6, B0FHB1Z79T, B0FHB4R62H, B0DXPJX3ZS, B0DXPJBRNG, B0DXPDDTH4, B0DXPPJDRB, B0DXPHS63F, B0DXPJ3QQD, B0FHB33VC2, B0DXPPHQX8, B0FH9NVCGS, B0FH9NT2ZS, B0FHB5TSWP, B0FHB5P6CL, B0FH9NW18T, B0DXPJ9529, B0DXPJ6NY6, B0FH9NTMC6, B0FHB4BHGL]",amzn1.campaign.GYQVO86UFS0O,💥12% commission，Men’s Hiking Pants,MOURCE,2026-03-06,2027-02-24,12.00%,5000.0,5000.0,106,800,false
"[B0G41HQNWM, B0G41JT25D, B0G41K1PQR, B0G41L91MS, B0G41R6VYY, B0G42W12R5]",amzn1.campaign.BUZQ6CQPTTFQ,SO HOT！🔥🔥🔥Designer Aviator Sunglasses🔥🔥🔥SG1244,SODQW,2026-03-07,2027-03-07,10.00%,999999.0,999999.0,77,800,false
"[B09LYQSNZS, B09LYM3982, B09LYQ3CSB, B09MH7VZHR]",amzn1.campaign.1DUWPD1UPN3V1,10% B0F634PBRK LOLANTA Kids Halloween Dinosaur Costume Flannel Bathrobes,Lolanta,2026-03-06,2027-03-01,10.00%,5000.0,4997.24,20,800,false
"[B0DXPLWBNX, B0FHB3M85T, B0FHB3X17J, B0DXPRZ5NY, B0FH9NW6KQ, B0DXPL6JJ8, B0FHB4DPS9, B0DXPLXJ2G, B0DXPNKH6T, B0DXPHFXNC, B0DXPL7GSV, B0DXPLSB3K, B0DXPJ4HJ7, B0DXPLTZM1, B0DXPD1F54, B0DXPJ249S, B0DXPKNMGJ, B0FH9NVVHR, B0DXPMGWM6, B0FHB1Z79T, B0FHB4R62H, B0DXPJX3ZS, B0DXPJBRNG, B0DXPDDTH4, B0DXPPJDRB, B0DXPHS63F, B0DXPJ3QQD, B0FHB33VC2, B0DXPPHQX8, B0FH9NVCGS, B0FH9NT2ZS, B0FHB5TSWP, B0FHB5P6CL, B0FH9NW18T, B0DXPJ9529, B0DXPJ6NY6, B0FH9NTMC6, B0FHB4BHGL]",amzn1.campaign.179815L462ILE,💥12% commission，Men’s Hiking Pants,MOURCE,2026-03-06,2027-02-25,12.00%,5000.0,5000.0,101,800,false
"[B0FC1XT955, B0F3VN7PHX, B0FBRB7WXQ, B0FC1G8M45, B0F82V7DQT, B0FQNPK7DC, B0F37TCFQJ, B0FL85DB4W, B0DYTSP2FR, B0F6MLWMVD, B0FRLVPXB6, B0FBFM7844, B0F32PLY9N, B0FBG2QMKD, B0F835WQM6, B0FR2Y9TCJ, B0FJ5FKMWS, B0F1MZGRT6, B0DXL2RG52, B0DXD426FP, B0F2YSRQ99, B0F1CCQ7XC, B0FH6KSDKM, B0DXD3NX6C, B0F832WXW5]",amzn1.campaign.U1ZUZ5VJ7MSB,Monthly sales $80000 commission 10% Quilting rulers  for half year,HUIFARI,2026-03-06,2026-12-13,10.00%,5000.0,5000.0,115,800,false
"[B0DXPLWBNX, B0FHB3M85T, B0FHB3X17J, B0DXPRZ5NY, B0FH9NW6KQ, B0DXPL6JJ8, B0FHB4DPS9, B0DXPLXJ2G, B0DXPNKH6T, B0DXPHFXNC, B0DXPL7GSV, B0DXPLSB3K, B0DXPJ4HJ7, B0DXPLTZM1, B0DXPD1F54, B0DXPJ249S, B0DXPKNMGJ, B0FH9NVVHR, B0DXPMGWM6, B0FHB1Z79T, B0FHB4R62H, B0DXPJX3ZS, B0DXPJBRNG, B0DXPDDTH4, B0DXPPJDRB, B0DXPHS63F, B0DXPJ3QQD, B0FHB33VC2, B0DXPPHQX8, B0FH9NVCGS, B0FH9NT2ZS, B0FHB5TSWP, B0FHB5P6CL, B0FH9NW18T, B0DXPJ9529, B0DXPJ6NY6, B0FH9NTMC6, B0FHB4BHGL]",amzn1.campaign.1NCJFGICBIND6,💥12% commission，Men’s Hiking Pants,MOURCE,2026-03-06,2027-02-26,12.00%,5000.0,5000.0,101,800,false
"[B0FC1XT955, B0F3VN7PHX, B0FBRB7WXQ, B0FC1G8M45, B0F82V7DQT, B0FQNPK7DC, B0F37TCFQJ, B0FL85DB4W, B0DYTSP2FR, B0F6MLWMVD, B0FRLVPXB6, B0FBFM7844, B0F32PLY9N, B0FBG2QMKD, B0F835WQM6, B0FR2Y9TCJ, B0FJ5FKMWS, B0F1MZGRT6, B0DXL2RG52, B0DXD426FP, B0F2YSRQ99, B0F1CCQ7XC, B0FH6KSDKM, B0DXD3NX6C, B0F832WXW5]",amzn1.campaign.3C3KVNQIDQ873,Monthly sales $80000 commission 10% Quilting rulers  for half year,HUIFARI,2026-03-06,2026-12-14,10.00%,5000.0,5000.0,109,800,false
"[B0FZJSRMQM, B0FS72NPSN, B0FZJRPP8H, B0FZJW54VG]",amzn1.campaign.2R6GFOWKEBVEZ,🔥🔥🔥 Tangle Free Aviator Sunglasses! Bestseller!!🔥🔥SG8301,SODQW,2026-03-07,2027-03-07,10.00%,999999.0,999999.0,87,800,false
"[B0DXPLWBNX, B0FHB3M85T, B0FHB3X17J, B0DXPRZ5NY, B0FH9NW6KQ, B0DXPL6JJ8, B0FHB4DPS9, B0DXPLXJ2G, B0DXPNKH6T, B0DXPHFXNC, B0DXPL7GSV, B0DXPLSB3K, B0DXPJ4HJ7, B0DXPLTZM1, B0DXPD1F54, B0DXPJ249S, B0DXPKNMGJ, B0FH9NVVHR, B0DXPMGWM6, B0FHB1Z79T, B0FHB4R62H, B0DXPJX3ZS, B0DXPJBRNG, B0DXPDDTH4, B0DXPPJDRB, B0DXPHS63F, B0DXPJ3QQD, B0FHB33VC2, B0DXPPHQX8, B0FH9NVCGS, B0FH9NT2ZS, B0FHB5TSWP, B0FHB5P6CL, B0FH9NW18T, B0DXPJ9529, B0DXPJ6NY6, B0FH9NTMC6, B0FHB4BHGL]",amzn1.campaign.32A4DMMNHPSSQ,💥12% commission，Men’s Hiking Pants,MOURCE,2026-03-06,2027-02-28,12.00%,5000.0,5000.0,75,800,false
"[B0DXPLWBNX, B0FHB3M85T, B0FHB3X17J, B0DXPRZ5NY, B0FH9NW6KQ, B0DXPL6JJ8, B0FHB4DPS9, B0DXPLXJ2G, B0DXPNKH6T, B0DXPHFXNC, B0DXPL7GSV, B0DXPLSB3K, B0DXPJ4HJ7, B0DXPLTZM1, B0DXPD1F54, B0DXPJ249S, B0DXPKNMGJ, B0FH9NVVHR, B0DXPMGWM6, B0FHB1Z79T, B0FHB4R62H, B0DXPJX3ZS, B0DXPJBRNG, B0DXPDDTH4, B0DXPPJDRB, B0DXPHS63F, B0DXPJ3QQD, B0FHB33VC2, B0DXPPHQX8, B0FH9NVCGS, B0FH9NT2ZS, B0FHB5TSWP, B0FHB5P6CL, B0FH9NW18T, B0DXPJ9529, B0DXPJ6NY6, B0FH9NTMC6, B0FHB4BHGL]",amzn1.campaign.11Q3EJ5XUBL4E,💥12% commission，Men’s Hiking Pants,MOURCE,2026-03-06,2027-02-27,12.00%,5000.0,4998.68,95,800,false
"[B0FC1XT955, B0F3VN7PHX, B0FBRB7WXQ, B0FC1G8M45, B0F82V7DQT, B0FQNPK7DC, B0F37TCFQJ, B0FL85DB4W, B0DYTSP2FR, B0F6MLWMVD, B0FRLVPXB6, B0FBFM7844, B0F32PLY9N, B0FBG2QMKD, B0F835WQM6, B0FR2Y9TCJ, B0FJ5FKMWS, B0F1MZGRT6, B0DXL2RG52, B0DXD426FP, B0F2YSRQ99, B0F1CCQ7XC, B0FH6KSDKM, B0DXD3NX6C, B0F832WXW5]",amzn1.campaign.M1N02JUP67Q7,Monthly sales $80000 commission 10% Quilting rulers  for half year,HUIFARI,2026-03-06,2026-12-15,10.00%,5000.0,5000.0,115,800,false
"[B0FC1XT955, B0F3VN7PHX, B0FBRB7WXQ, B0FC1G8M45, B0F82V7DQT, B0FQNPK7DC, B0F37TCFQJ, B0FL85DB4W, B0DYTSP2FR, B0F6MLWMVD, B0FRLVPXB6, B0FBFM7844, B0F32PLY9N, B0FBG2QMKD, B0F835WQM6, B0FR2Y9TCJ, B0FJ5FKMWS, B0F1MZGRT6, B0DXL2RG52, B0DXD426FP, B0F2YSRQ99, B0F1CCQ7XC, B0FH6KSDKM, B0DXD3NX6C, B0F832WXW5]",amzn1.campaign.3FDM1RR1BI2TP,Monthly sales $80000 commission 10% Quilting rulers  for half year,HUIFARI,2026-03-06,2026-12-16,10.00%,5000.0,5000.0,112,800,false
"[B0FVLPVZDL, B0FVLTJ4F6, B0FVLWDK3L, B0FVLSD48M, B0FVLTRZ5T, B0FVLT2QYC, B0FVLT3VDF]",amzn1.campaign.3H2SQMAUDNJ68,SO HOT！🔥🔥🔥Designer Aviator Sunglasses🔥🔥🔥SG8303,SODQW,2026-03-07,2027-03-07,10.00%,999999.0,999994.85,60,800,false
"[B0FC1XT955, B0F3VN7PHX, B0FBRB7WXQ, B0FC1G8M45, B0F82V7DQT, B0FQNPK7DC, B0F37TCFQJ, B0FL85DB4W, B0DYTSP2FR, B0F6MLWMVD, B0FRLVPXB6, B0FBFM7844, B0F32PLY9N, B0FBG2QMKD, B0F835WQM6, B0FR2Y9TCJ, B0FJ5FKMWS, B0F1MZGRT6, B0DXL2RG52, B0DXD426FP, B0F2YSRQ99, B0F1CCQ7XC, B0FH6KSDKM, B0DXD3NX6C, B0F832WXW5]",amzn1.campaign.29AE1APR2KIRC,Monthly sales $80000 commission 10% Quilting rulers  for half year,HUIFARI,2026-03-06,2026-12-17,10.00%,5000.0,5000.0,109,800,false
"[B0FHJ3ZCLQ, B0FHKRDRZ9, B0FHKP392Y, B09LYPCWR8, B0FHJ434HS, B0DN95ZKX9, B0FHKNCT3J, B09LYTNC86, B0FHKPB991]",amzn1.campaign.146M0FP34Q10X,10% B09MCMLGFT LOLANTA Kids Halloween Dinosaur Costume Flannel Jumpsuits,Lolanta,2026-03-06,2027-03-01,10.00%,5000.0,4987.66,16,800,false
"[B0FC1XT955, B0F3VN7PHX, B0FBRB7WXQ, B0FC1G8M45, B0F82V7DQT, B0FQNPK7DC, B0F37TCFQJ, B0FL85DB4W, B0DYTSP2FR, B0F6MLWMVD, B0FRLVPXB6, B0FBFM7844, B0F32PLY9N, B0FBG2QMKD, B0F835WQM6, B0FR2Y9TCJ, B0FJ5FKMWS, B0F1MZGRT6, B0DXL2RG52, B0DXD426FP, B0F2YSRQ99, B0F1CCQ7XC, B0FH6KSDKM, B0DXD3NX6C, B0F832WXW5]",amzn1.campaign.20U6MK2LSHCE8,Monthly sales $80000 commission 10% Quilting rulers  for half year,HUIFARI,2026-03-06,2026-12-18,10.00%,5000.0,5000.0,108,800,false
[B0FCBNLMKT],amzn1.campaign.8DE134BZIL3T,Lifeworth Half-Off Creator Event – Grass-Fed Colostrum,LIFEWORTH,2026-03-06,2026-09-30,49.90%,10001.0,10001.0,34,800,false
"[B0FC1XT955, B0F3VN7PHX, B0FBRB7WXQ, B0FC1G8M45, B0F82V7DQT, B0FQNPK7DC, B0F37TCFQJ, B0FL85DB4W, B0DYTSP2FR, B0F6MLWMVD, B0FRLVPXB6, B0FBFM7844, B0F32PLY9N, B0FBG2QMKD, B0F835WQM6, B0FR2Y9TCJ, B0FJ5FKMWS, B0F1MZGRT6, B0DXL2RG52, B0DXD426FP, B0F2YSRQ99, B0F1CCQ7XC, B0FH6KSDKM, B0DXD3NX6C, B0F832WXW5]",amzn1.campaign.1JZ6ES18Y4Q26,Monthly sales $80000 commission 10% Quilting rulers  for half year,HUIFARI,2026-03-06,2026-12-19,10.00%,5000.0,5000.0,109,800,false
"[B0FC1XT955, B0F3VN7PHX, B0FBRB7WXQ, B0FC1G8M45, B0F82V7DQT, B0FQNPK7DC, B0F37TCFQJ, B0FL85DB4W, B0DYTSP2FR, B0F6MLWMVD, B0FRLVPXB6, B0FBFM7844, B0F32PLY9N, B0FBG2QMKD, B0F835WQM6, B0FR2Y9TCJ, B0FJ5FKMWS, B0F1MZGRT6, B0DXL2RG52, B0DXD426FP, B0F2YSRQ99, B0F1CCQ7XC, B0FH6KSDKM, B0DXD3NX6C, B0F832WXW5]",amzn1.campaign.64VYIK3Y1Y9M,Monthly sales $80000 commission 10% Quilting rulers  for half year,HUIFARI,2026-03-06,2026-12-20,10.00%,5000.0,5000.0,115,800,false
"[B0CX87M2CL, B0FF4NZW7J, B0FF4NB7LL, B0FF4PFWQ4, B0FF4N6Q6F, B0FF4NVCGW, B0CX86XMLK, B0FF4MQZSL, B0CX7TZT1R, B0FF4NN9WZ, B0CX8J5Q47, B0CX86XK4B, B0FF4KZRRQ, B0FF4P545T, B0CX7SX6Z5, B0FF4NN9X2, B0CX7WNGVR, B0CX7WT1YX, B0FF4N7M6M, B0CX7SL4HY, B0CX838PZ1, B0FF4PY8DN, B0CX7WHDPJ, B0CX7SZ2B4, B0CX81D5GW, B0CX8F9WL2, B0FF4MP29T, B0CX81H9L5, B0CX82SZ4J, B0CX7X1PHZ, B0CX7XJ5ZC, B0FF4NP6B4, B0FF4MJR79, B0FF4MJR7C, B0CX7RM6WW, B0FF4MK5B7, B0CX7T9P1G, B0FF4MP653, B0FF4MLGW8, B0CX7X894Q, B0FF4P2P3W, B0FF4MJ391, B0CX83FTPH, B0FF4NV2L2, B0CX7SWWKF, B0CX7V3NWL, B0FF4MRHSF, B0FF4M2YD7, B0CX843Y61]",amzn1.campaign.20K3QQYKHDN3P,Share the love—and a 15% commission !!!!!is our treat.,MOURCE,2026-03-06,2026-11-23,15.00%,5000.0,5000.0,101,800,false
"[B0CX87M2CL, B0FF4NZW7J, B0FF4NB7LL, B0FF4PFWQ4, B0FF4N6Q6F, B0FF4NVCGW, B0CX86XMLK, B0FF4MQZSL, B0CX7TZT1R, B0FF4NN9WZ, B0CX8J5Q47, B0CX86XK4B, B0FF4KZRRQ, B0FF4P545T, B0CX7SX6Z5, B0FF4NN9X2, B0CX7WNGVR, B0CX7WT1YX, B0FF4N7M6M, B0CX7SL4HY, B0CX838PZ1, B0FF4PY8DN, B0CX7WHDPJ, B0CX7SZ2B4, B0CX81D5GW, B0CX8F9WL2, B0FF4MP29T, B0CX81H9L5, B0CX82SZ4J, B0CX7X1PHZ, B0CX7XJ5ZC, B0FF4NP6B4, B0FF4MJR79, B0FF4MJR7C, B0CX7RM6WW, B0FF4MK5B7, B0CX7T9P1G, B0FF4MP653, B0FF4MLGW8, B0CX7X894Q, B0FF4P2P3W, B0FF4MJ391, B0CX83FTPH, B0FF4NV2L2, B0CX7SWWKF, B0CX7V3NWL, B0FF4MRHSF, B0FF4M2YD7, B0CX843Y61]",amzn1.campaign.2RDRB52PXLKOR,Share the love—and a 15% commission !!!!!is our treat.,MOURCE,2026-03-06,2026-11-22,15.00%,5000.0,5000.0,103,800,false
"[B0G2KZMSNV, B0G2KZ8R93, B0G2L28DD6, B0G2KYXYDZ, B0G2KZQX9H]",amzn1.campaign.1FQX92GQCPI31,SO HOT！🔥🔥🔥Designer Aviator Sunglasses🔥🔥🔥SG8211,SODQW,2026-03-07,2027-03-06,10.00%,999999.0,999999.0,61,800,false
"[B0CX87M2CL, B0FF4NZW7J, B0FF4NB7LL, B0FF4PFWQ4, B0FF4N6Q6F, B0FF4NVCGW, B0CX86XMLK, B0FF4MQZSL, B0CX7TZT1R, B0FF4NN9WZ, B0CX8J5Q47, B0CX86XK4B, B0FF4KZRRQ, B0FF4P545T, B0CX7SX6Z5, B0FF4NN9X2, B0CX7WNGVR, B0CX7WT1YX, B0FF4N7M6M, B0CX7SL4HY, B0CX838PZ1, B0FF4PY8DN, B0CX7WHDPJ, B0CX7SZ2B4, B0CX81D5GW, B0CX8F9WL2, B0FF4MP29T, B0CX81H9L5, B0CX82SZ4J, B0CX7X1PHZ, B0CX7XJ5ZC, B0FF4NP6B4, B0FF4MJR79, B0FF4MJR7C, B0CX7RM6WW, B0FF4MK5B7, B0CX7T9P1G, B0FF4MP653, B0FF4MLGW8, B0CX7X894Q, B0FF4P2P3W, B0FF4MJ391, B0CX83FTPH, B0FF4NV2L2, B0CX7SWWKF, B0CX7V3NWL, B0FF4MRHSF, B0FF4M2YD7, B0CX843Y61]",amzn1.campaign.3L95N267THBIW,Share the love—and a 15% commission !!!!!is our treat.,MOURCE,2026-03-06,2026-11-21,15.00%,5000.0,5000.0,107,800,false
"[B0FC1XT955, B0F3VN7PHX, B0FBRB7WXQ, B0FC1G8M45, B0F82V7DQT, B0FQNPK7DC, B0F37TCFQJ, B0FL85DB4W, B0DYTSP2FR, B0F6MLWMVD, B0FRLVPXB6, B0FBFM7844, B0F32PLY9N, B0FBG2QMKD, B0F835WQM6, B0FR2Y9TCJ, B0FJ5FKMWS, B0F1MZGRT6, B0DXL2RG52, B0DXD426FP, B0F2YSRQ99, B0F1CCQ7XC, B0FH6KSDKM, B0DXD3NX6C, B0F832WXW5]",amzn1.campaign.3JFH94RMONOL4,Monthly sales $80000 commission 10% Quilting rulers  for half year,HUIFARI,2026-03-06,2026-12-21,10.00%,5000.0,5000.0,111,800,false
"[B0CX87M2CL, B0FF4NZW7J, B0FF4NB7LL, B0FF4PFWQ4, B0FF4N6Q6F, B0FF4NVCGW, B0CX86XMLK, B0FF4MQZSL, B0CX7TZT1R, B0FF4NN9WZ, B0CX8J5Q47, B0CX86XK4B, B0FF4KZRRQ, B0FF4P545T, B0CX7SX6Z5, B0FF4NN9X2, B0CX7WNGVR, B0CX7WT1YX, B0FF4N7M6M, B0CX7SL4HY, B0CX838PZ1, B0FF4PY8DN, B0CX7WHDPJ, B0CX7SZ2B4, B0CX81D5GW, B0CX8F9WL2, B0FF4MP29T, B0CX81H9L5, B0CX82SZ4J, B0CX7X1PHZ, B0CX7XJ5ZC, B0FF4NP6B4, B0FF4MJR79, B0FF4MJR7C, B0CX7RM6WW, B0FF4MK5B7, B0CX7T9P1G, B0FF4MP653, B0FF4MLGW8, B0CX7X894Q, B0FF4P2P3W, B0FF4MJ391, B0CX83FTPH, B0FF4NV2L2, B0CX7SWWKF, B0CX7V3NWL, B0FF4MRHSF, B0FF4M2YD7, B0CX843Y61]",amzn1.campaign.2M1FU8ITDBFFA,Share the love—and a 15% commission !!!!!is our treat.,MOURCE,2026-03-06,2026-11-20,15.00%,5000.0,5000.0,102,800,false
"[B0CX87M2CL, B0FF4NZW7J, B0FF4NB7LL, B0FF4PFWQ4, B0FF4N6Q6F, B0FF4NVCGW, B0CX86XMLK, B0FF4MQZSL, B0CX7TZT1R, B0FF4NN9WZ, B0CX8J5Q47, B0CX86XK4B, B0FF4KZRRQ, B0FF4P545T, B0CX7SX6Z5, B0FF4NN9X2, B0CX7WNGVR, B0CX7WT1YX, B0FF4N7M6M, B0CX7SL4HY, B0CX838PZ1, B0FF4PY8DN, B0CX7WHDPJ, B0CX7SZ2B4, B0CX81D5GW, B0CX8F9WL2, B0FF4MP29T, B0CX81H9L5, B0CX82SZ4J, B0CX7X1PHZ, B0CX7XJ5ZC, B0FF4NP6B4, B0FF4MJR79, B0FF4MJR7C, B0CX7RM6WW, B0FF4MK5B7, B0CX7T9P1G, B0FF4MP653, B0FF4MLGW8, B0CX7X894Q, B0FF4P2P3W, B0FF4MJ391, B0CX83FTPH, B0FF4NV2L2, B0CX7SWWKF, B0CX7V3NWL, B0FF4MRHSF, B0FF4M2YD7, B0CX843Y61]",amzn1.campaign.23V4W0LWP20IC,Share the love—and a 15% commission !!!!!is our treat.,MOURCE,2026-03-06,2026-11-19,15.00%,5000.0,5000.0,102,800,false
"[B0GMGWSFPZ, B0GMGR7YNK, B0GMGPLVBW, B0GMGM4MY9, B0GMGNDH3P, B0GMH35JKB, B0GMH6DKWC, B0GMGVRFN1, B0GMGTGT7D, B0GMGWFYNK]",amzn1.campaign.35VZILYMVVTNU,Become a Stybee Brand Ambassador now and earn 20% rewards!,Stybee,2026-03-06,2026-12-31,20.00%,99999.0,99955.98,10,800,false
"[B0FC1XT955, B0F3VN7PHX, B0FBRB7WXQ, B0FC1G8M45, B0F82V7DQT, B0FQNPK7DC, B0F37TCFQJ, B0FL85DB4W, B0DYTSP2FR, B0F6MLWMVD, B0FRLVPXB6, B0FBFM7844, B0F32PLY9N, B0FBG2QMKD, B0F835WQM6, B0FR2Y9TCJ, B0FJ5FKMWS, B0F1MZGRT6, B0DXL2RG52, B0DXD426FP, B0F2YSRQ99, B0F1CCQ7XC, B0FH6KSDKM, B0DXD3NX6C, B0F832WXW5]",amzn1.campaign.14BBENTK7PPYL,Monthly sales $80000 commission 10% Quilting rulers  for half year,HUIFARI,2026-03-06,2026-12-22,11.00%,5000.0,4993.08,51,800,false
"[B0CX87M2CL, B0FF4NZW7J, B0FF4NB7LL, B0FF4PFWQ4, B0FF4N6Q6F, B0FF4NVCGW, B0CX86XMLK, B0FF4MQZSL, B0CX7TZT1R, B0FF4NN9WZ, B0CX8J5Q47, B0CX86XK4B, B0FF4KZRRQ, B0FF4P545T, B0CX7SX6Z5, B0FF4NN9X2, B0CX7WNGVR, B0CX7WT1YX, B0FF4N7M6M, B0CX7SL4HY, B0CX838PZ1, B0FF4PY8DN, B0CX7WHDPJ, B0CX7SZ2B4, B0CX81D5GW, B0CX8F9WL2, B0FF4MP29T, B0CX81H9L5, B0CX82SZ4J, B0CX7X1PHZ, B0CX7XJ5ZC, B0FF4NP6B4, B0FF4MJR79, B0FF4MJR7C, B0CX7RM6WW, B0FF4MK5B7, B0CX7T9P1G, B0FF4MP653, B0FF4MLGW8, B0CX7X894Q, B0FF4P2P3W, B0FF4MJ391, B0CX83FTPH, B0FF4NV2L2, B0CX7SWWKF, B0CX7V3NWL, B0FF4MRHSF, B0FF4M2YD7, B0CX843Y61]",amzn1.campaign.13NC4ZY3C617F,Share the love—and a 15% commission !!!!!is our treat.,MOURCE,2026-03-06,2026-11-18,15.00%,5000.0,5000.0,103,800,false
"[B0CX87M2CL, B0FF4NZW7J, B0FF4NB7LL, B0FF4PFWQ4, B0FF4N6Q6F, B0FF4NVCGW, B0CX86XMLK, B0FF4MQZSL, B0CX7TZT1R, B0FF4NN9WZ, B0CX8J5Q47, B0CX86XK4B, B0FF4KZRRQ, B0FF4P545T, B0CX7SX6Z5, B0FF4NN9X2, B0CX7WNGVR, B0CX7WT1YX, B0FF4N7M6M, B0CX7SL4HY, B0CX838PZ1, B0FF4PY8DN, B0CX7WHDPJ, B0CX7SZ2B4, B0CX81D5GW, B0CX8F9WL2, B0FF4MP29T, B0CX81H9L5, B0CX82SZ4J, B0CX7X1PHZ, B0CX7XJ5ZC, B0FF4NP6B4, B0FF4MJR79, B0FF4MJR7C, B0CX7RM6WW, B0FF4MK5B7, B0CX7T9P1G, B0FF4MP653, B0FF4MLGW8, B0CX7X894Q, B0FF4P2P3W, B0FF4MJ391, B0CX83FTPH, B0FF4NV2L2, B0CX7SWWKF, B0CX7V3NWL, B0FF4MRHSF, B0FF4M2YD7, B0CX843Y61]",amzn1.campaign.OTMGE2Q1N040,Share the love—and a 15% commission !!!!!is our treat.,MOURCE,2026-03-06,2026-11-17,15.00%,5000.0,5000.0,111,800,false
"[B0CS36KS2C, B0CS37BT7J, B0CS36T45N, B0D2KZ1YT6, B0CS36TD43]",amzn1.campaign.24UR9LQVKUB8B,HOT!! OVAL Office Siren Glasses🔥🔥🔥ABL13140,SODQW,2026-03-07,2027-03-07,10.00%,999999.0,999999.0,41,800,false
[B0GFVWGB7V],amzn1.campaign.3G2LP64KY2B7A,PVC Classic  Fashion Car keychain,YuCool,2026-03-06,2026-09-30,10.00%,5000.0,4997.72,49,800,false
"[B0DN8XMDRC, B0B9626NY3, B0DN8V8KH7, B07Y1DRMKC, B09P3S2YCZ, B0DN9MV3X7, B0CBS1LC8C, B0CBRZT2R9, B0CBRYLPWG, B0DN8LFS9W, B09P3PZ3HN, B0CBRYHF48, B0DN9J7CSZ, B0DN9D7HSM, B0CBS1DFL9, B08BL6NPCP]",amzn1.campaign.N8PRUXTQSLJN,10% B08BL78Y1X LOLANTA Kids Halloween Dinosaur Shark Costume Flannel Jumpsuits,Lolanta,2026-03-06,2027-03-01,10.00%,5000.0,4975.42,18,800,false
"[B0FC1XT955, B0F3VN7PHX, B0FBRB7WXQ, B0FC1G8M45, B0F82V7DQT, B0FQNPK7DC, B0F37TCFQJ, B0FL85DB4W, B0DYTSP2FR, B0F6MLWMVD, B0FRLVPXB6, B0FBFM7844, B0F32PLY9N, B0FBG2QMKD, B0F835WQM6, B0FR2Y9TCJ, B0FJ5FKMWS, B0F1MZGRT6, B0DXL2RG52, B0DXD426FP, B0F2YSRQ99, B0F1CCQ7XC, B0FH6KSDKM, B0DXD3NX6C, B0F832WXW5]",amzn1.campaign.1PKIIP4LJS452,Monthly sales $80000 commission 10% Quilting rulers  for half year,HUIFARI,2026-03-06,2026-12-23,10.00%,5000.0,5000.0,109,800,false
"[B0CX87M2CL, B0FF4NZW7J, B0FF4NB7LL, B0FF4PFWQ4, B0FF4N6Q6F, B0FF4NVCGW, B0CX86XMLK, B0FF4MQZSL, B0CX7TZT1R, B0FF4NN9WZ, B0CX8J5Q47, B0CX86XK4B, B0FF4KZRRQ, B0FF4P545T, B0CX7SX6Z5, B0FF4NN9X2, B0CX7WNGVR, B0CX7WT1YX, B0FF4N7M6M, B0CX7SL4HY, B0CX838PZ1, B0FF4PY8DN, B0CX7WHDPJ, B0CX7SZ2B4, B0CX81D5GW, B0CX8F9WL2, B0FF4MP29T, B0CX81H9L5, B0CX82SZ4J, B0CX7X1PHZ, B0CX7XJ5ZC, B0FF4NP6B4, B0FF4MJR79, B0FF4MJR7C, B0CX7RM6WW, B0FF4MK5B7, B0CX7T9P1G, B0FF4MP653, B0FF4MLGW8, B0CX7X894Q, B0FF4P2P3W, B0FF4MJ391, B0CX83FTPH, B0FF4NV2L2, B0CX7SWWKF, B0CX7V3NWL, B0FF4MRHSF, B0FF4M2YD7, B0CX843Y61]",amzn1.campaign.1Q6UFMZHXBI0P,Share the love—and a 15% commission !!!!!is our treat.,MOURCE,2026-03-06,2026-11-16,15.00%,5000.0,5000.0,103,800,false
"[B0CX87M2CL, B0FF4NZW7J, B0FF4NB7LL, B0FF4PFWQ4, B0FF4N6Q6F, B0FF4NVCGW, B0CX86XMLK, B0FF4MQZSL, B0CX7TZT1R, B0FF4NN9WZ, B0CX8J5Q47, B0CX86XK4B, B0FF4KZRRQ, B0FF4P545T, B0CX7SX6Z5, B0FF4NN9X2, B0CX7WNGVR, B0CX7WT1YX, B0FF4N7M6M, B0CX7SL4HY, B0CX838PZ1, B0FF4PY8DN, B0CX7WHDPJ, B0CX7SZ2B4, B0CX81D5GW, B0CX8F9WL2, B0FF4MP29T, B0CX81H9L5, B0CX82SZ4J, B0CX7X1PHZ, B0CX7XJ5ZC, B0FF4NP6B4, B0FF4MJR79, B0FF4MJR7C, B0CX7RM6WW, B0FF4MK5B7, B0CX7T9P1G, B0FF4MP653, B0FF4MLGW8, B0CX7X894Q, B0FF4P2P3W, B0FF4MJ391, B0CX83FTPH, B0FF4NV2L2, B0CX7SWWKF, B0CX7V3NWL, B0FF4MRHSF, B0FF4M2YD7, B0CX843Y61]",amzn1.campaign.25K3WYQT450XX,Share the love—and a 15% commission !!!!!is our treat.,MOURCE,2026-03-06,2026-11-15,15.00%,5000.0,5000.0,103,800,false
"[B0F4D7SBTZ, B0F4R6V5CG]",amzn1.campaign.1AK1Z7353V1R7,Pool light/JTT,JTT,2026-03-06,2026-09-30,15.00%,5000.0,4990.1,37,800,false
"[B0FC1XT955, B0F3VN7PHX, B0FBRB7WXQ, B0FC1G8M45, B0F82V7DQT, B0FQNPK7DC, B0F37TCFQJ, B0FL85DB4W, B0DYTSP2FR, B0F6MLWMVD, B0FRLVPXB6, B0FBFM7844, B0F32PLY9N, B0FBG2QMKD, B0F835WQM6, B0FR2Y9TCJ, B0FJ5FKMWS, B0F1MZGRT6, B0DXL2RG52, B0DXD426FP, B0F2YSRQ99, B0F1CCQ7XC, B0FH6KSDKM, B0DXD3NX6C, B0F832WXW5]",amzn1.campaign.2LYAHIUBKW2CQ,Monthly sales $80000 commission 10% Quilting rulers  for half year,HUIFARI,2026-03-06,2026-12-24,10.00%,5000.0,5000.0,108,800,false
"[B0CX87M2CL, B0FF4NZW7J, B0FF4NB7LL, B0FF4PFWQ4, B0FF4N6Q6F, B0FF4NVCGW, B0CX86XMLK, B0FF4MQZSL, B0CX7TZT1R, B0FF4NN9WZ, B0CX8J5Q47, B0CX86XK4B, B0FF4KZRRQ, B0FF4P545T, B0CX7SX6Z5, B0FF4NN9X2, B0CX7WNGVR, B0CX7WT1YX, B0FF4N7M6M, B0CX7SL4HY, B0CX838PZ1, B0FF4PY8DN, B0CX7WHDPJ, B0CX7SZ2B4, B0CX81D5GW, B0CX8F9WL2, B0FF4MP29T, B0CX81H9L5, B0CX82SZ4J, B0CX7X1PHZ, B0CX7XJ5ZC, B0FF4NP6B4, B0FF4MJR79, B0FF4MJR7C, B0CX7RM6WW, B0FF4MK5B7, B0CX7T9P1G, B0FF4MP653, B0FF4MLGW8, B0CX7X894Q, B0FF4P2P3W, B0FF4MJ391, B0CX83FTPH, B0FF4NV2L2, B0CX7SWWKF, B0CX7V3NWL, B0FF4MRHSF, B0FF4M2YD7, B0CX843Y61]",amzn1.campaign.1ZQZV6G37RFBU,Share the love—and a 15% commission !!!!!is our treat.,MOURCE,2026-03-06,2026-11-14,15.00%,5000.0,5000.0,103,800,false
"[B0FC1XT955, B0F3VN7PHX, B0FBRB7WXQ, B0FC1G8M45, B0F82V7DQT, B0FQNPK7DC, B0F37TCFQJ, B0FL85DB4W, B0DYTSP2FR, B0F6MLWMVD, B0FRLVPXB6, B0FBFM7844, B0F32PLY9N, B0FBG2QMKD, B0F835WQM6, B0FR2Y9TCJ, B0FJ5FKMWS, B0F1MZGRT6, B0DXL2RG52, B0DXD426FP, B0F2YSRQ99, B0F1CCQ7XC, B0FH6KSDKM, B0DXD3NX6C, B0F832WXW5]",amzn1.campaign.1E97GYB522RX0,Monthly sales $80000 commission 10% Quilting rulers  for half year,HUIFARI,2026-03-06,2026-12-25,10.00%,5000.0,5000.0,109,800,false
"[B0FC1XT955, B0F3VN7PHX, B0FBRB7WXQ, B0FC1G8M45, B0F82V7DQT, B0FQNPK7DC, B0F37TCFQJ, B0FL85DB4W, B0DYTSP2FR, B0F6MLWMVD, B0FRLVPXB6, B0FBFM7844, B0F32PLY9N, B0FBG2QMKD, B0F835WQM6, B0FR2Y9TCJ, B0FJ5FKMWS, B0F1MZGRT6, B0DXL2RG52, B0DXD426FP, B0F2YSRQ99, B0F1CCQ7XC, B0FH6KSDKM, B0DXD3NX6C, B0F832WXW5]",amzn1.campaign.2DRDPBAQMKGHC,Monthly sales $80000 commission 10% Quilting rulers  for half year,HUIFARI,2026-03-06,2026-12-26,10.00%,5000.0,5000.0,109,800,false
"[B0FC1XT955, B0F3VN7PHX, B0FBRB7WXQ, B0FC1G8M45, B0F82V7DQT, B0FQNPK7DC, B0F37TCFQJ, B0FL85DB4W, B0DYTSP2FR, B0F6MLWMVD, B0FRLVPXB6, B0FBFM7844, B0F32PLY9N, B0FBG2QMKD, B0F835WQM6, B0FR2Y9TCJ, B0FJ5FKMWS, B0F1MZGRT6, B0DXL2RG52, B0DXD426FP, B0F2YSRQ99, B0F1CCQ7XC, B0FH6KSDKM, B0DXD3NX6C, B0F832WXW5]",amzn1.campaign.4ICE8C8R9WST,Monthly sales $80000 commission 10% Quilting rulers  for half year,HUIFARI,2026-03-06,2026-12-27,10.00%,5000.0,5000.0,116,800,false
"[B0G2BZ28ZN, B0D2KYCHX7, B0G2BSYD8N, B0F8ZRGMX3, B0G2BVCMRM, B0G2BZ41RV, B0CSF938PB, B0CSF85XQT, B0G2BPNHWK, B0G2BRW6T1]",amzn1.campaign.28BBQYVR74A3U,🔥Bestseller!!🔥Fashion Bayonetta Glasses Office Siren Glasses🔥🔥🔥 ABL22512,SODQW,2026-03-07,2027-03-06,10.00%,999999.0,999999.0,82,800,false
"[B0GMGWSFPZ, B0GMGR7YNK, B0GMGPLVBW, B0GMGM4MY9, B0GMGNDH3P, B0GMH35JKB, B0GMH6DKWC, B0GMGVRFN1, B0GMGTGT7D, B0GMGWFYNK]",amzn1.campaign.CIZTLFYMR92K,Become a Stybee Brand Ambassador now and earn 10% rewards!,Stybee,2026-03-06,2026-12-31,10.00%,999999.0,999999.0,73,800,false
"[B0FC1XT955, B0F3VN7PHX, B0FBRB7WXQ, B0FC1G8M45, B0F82V7DQT, B0FQNPK7DC, B0F37TCFQJ, B0FL85DB4W, B0DYTSP2FR, B0F6MLWMVD, B0FRLVPXB6, B0FBFM7844, B0F32PLY9N, B0FBG2QMKD, B0F835WQM6, B0FR2Y9TCJ, B0FJ5FKMWS, B0F1MZGRT6, B0DXL2RG52, B0DXD426FP, B0F2YSRQ99, B0F1CCQ7XC, B0FH6KSDKM, B0DXD3NX6C, B0F832WXW5]",amzn1.campaign.I8WH83FBTTLY,Monthly sales $80000 commission 10% Quilting rulers  for half year,HUIFARI,2026-03-06,2026-12-28,10.00%,5000.0,5000.0,117,800,false
"[B0FC1XT955, B0F3VN7PHX, B0FBRB7WXQ, B0FC1G8M45, B0F82V7DQT, B0FQNPK7DC, B0F37TCFQJ, B0FL85DB4W, B0DYTSP2FR, B0F6MLWMVD, B0FRLVPXB6, B0FBFM7844, B0F32PLY9N, B0FBG2QMKD, B0F835WQM6, B0FR2Y9TCJ, B0FJ5FKMWS, B0F1MZGRT6, B0DXL2RG52, B0DXD426FP, B0F2YSRQ99, B0F1CCQ7XC, B0FH6KSDKM, B0DXD3NX6C, B0F832WXW5]",amzn1.campaign.ODM9JML06OMI,Monthly sales $80000 commission 10% Quilting rulers  for half year,HUIFARI,2026-03-06,2026-12-29,10.00%,5000.0,5000.0,116,800,false
"[B0FC1XT955, B0F3VN7PHX, B0FBRB7WXQ, B0FC1G8M45, B0F82V7DQT, B0FQNPK7DC, B0F37TCFQJ, B0FL85DB4W, B0DYTSP2FR, B0F6MLWMVD, B0FRLVPXB6, B0FBFM7844, B0F32PLY9N, B0FBG2QMKD, B0F835WQM6, B0FR2Y9TCJ, B0FJ5FKMWS, B0F1MZGRT6, B0DXL2RG52, B0DXD426FP, B0F2YSRQ99, B0F1CCQ7XC, B0FH6KSDKM, B0DXD3NX6C, B0F832WXW5]",amzn1.campaign.ZY9A9R90EMVL,Monthly sales $80000 commission 10% Quilting rulers  for half year,HUIFARI,2026-03-06,2026-12-30,10.00%,5000.0,5000.0,116,800,false
"[B0FZW1G2BQ, B0FZW3BTV3, B0FZW9XV9M]",amzn1.campaign.26SBDDQ96Z1UE,Transform Your Space with SODOCT Professional Acoustic Panels,SD SODOCT,2026-03-06,2027-02-28,10.00%,5000.0,4915.2,30,800,false
"[B0FC1XT955, B0F3VN7PHX, B0FBRB7WXQ, B0FC1G8M45, B0F82V7DQT, B0FQNPK7DC, B0F37TCFQJ, B0FL85DB4W, B0DYTSP2FR, B0F6MLWMVD, B0FRLVPXB6, B0FBFM7844, B0F32PLY9N, B0FBG2QMKD, B0F835WQM6, B0FR2Y9TCJ, B0FJ5FKMWS, B0F1MZGRT6, B0DXL2RG52, B0DXD426FP, B0F2YSRQ99, B0F1CCQ7XC, B0FH6KSDKM, B0DXD3NX6C, B0F832WXW5]",amzn1.campaign.2O4W34QPY52HY,Monthly sales $80000 commission 10% Quilting rulers  for half year,HUIFARI,2026-03-06,2026-12-31,10.00%,5000.0,5000.0,100,800,false
[B0FCBNLMKT],amzn1.campaign.5HNV9ASOQ266,Lifeworth 48% OFF Limited Drop – Grass-Fed Colostrum Capsules,LIFEWORTH,2026-03-06,2026-09-30,48.00%,10001.0,10001.0,36,800,false
"[B0GK18WH5R, B0GK133KW9, B0GK16X9JZ, B0GK16H4PT, B0GK1CTJRQ, B0GK1DH6NJ, B0GK197VWJ, B0GK1GYSF7, B0GK1CYBLN, B0GK19DSXN, B0GJZYHDJ3, B0GJZZ8S8K, B0GK1FV5K5, B0GK16WLQ8, B0GK1CS4W4, B0GK17BJ9L]",amzn1.campaign.KW40TRM6MOM2,10% B0GJSCDLW4 LOLANTA Boys Girls Dressy Suit Vest,Lolanta,2026-03-06,2027-03-01,10.00%,5000.0,5000.0,37,800,false
"[B0DJBTMBQZ, B0DQ5Q8CCN, B0F6VB77RK, B0DQDXSKFS, B0DWFT7KVQ, B0F3JMVHMY, B0DQ5XCJ8F, B0DPDJZ4D5, B0F21DNL86, B0DYSQ7WSJ, B0DQDYW5QQ, B0DPDHGVBZ, B0F37MXH1T, B0DQ4ZB63H, B0FBFPSZL1, B0FV7LR3NC, B0DWFQM1LB, B0F18D1HZT, B0DQHBLJYY, B0F6V67W2Z, B0F6V6F77D, B0FC267M7T]",amzn1.campaign.JQ1OJ2AP6I4Y,Monthly sales $100000 commission 10% quilting rulers for half year,BUZHIFF,2026-03-06,2026-12-01,10.00%,5000.0,5000.0,116,800,false
"[B0DJBTMBQZ, B0DQ5Q8CCN, B0F6VB77RK, B0DQDXSKFS, B0DWFT7KVQ, B0F3JMVHMY, B0DQ5XCJ8F, B0DPDJZ4D5, B0F21DNL86, B0DYSQ7WSJ, B0DQDYW5QQ, B0DPDHGVBZ, B0F37MXH1T, B0DQ4ZB63H, B0FBFPSZL1, B0FV7LR3NC, B0DWFQM1LB, B0F18D1HZT, B0DQHBLJYY, B0F6V67W2Z, B0F6V6F77D, B0FC267M7T]",amzn1.campaign.36VIB1RL4SHVC,Monthly sales $100000 commission 10% quilting rulers for half year,BUZHIFF,2026-03-06,2026-12-02,10.00%,5000.0,5000.0,109,800,false
"[B0DJBTMBQZ, B0DQ5Q8CCN, B0F6VB77RK, B0DQDXSKFS, B0DWFT7KVQ, B0F3JMVHMY, B0DQ5XCJ8F, B0DPDJZ4D5, B0F21DNL86, B0DYSQ7WSJ, B0DQDYW5QQ, B0DPDHGVBZ, B0F37MXH1T, B0DQ4ZB63H, B0FBFPSZL1, B0FV7LR3NC, B0DWFQM1LB, B0F18D1HZT, B0DQHBLJYY, B0F6V67W2Z, B0F6V6F77D, B0FC267M7T]",amzn1.campaign.1WYKBXM8Z0RH7,Monthly sales $100000 commission 10% quilting rulers for half year,BUZHIFF,2026-03-06,2026-12-03,10.00%,5000.0,5000.0,107,800,false
"[B0DJBTMBQZ, B0DQ5Q8CCN, B0F6VB77RK, B0DQDXSKFS, B0DWFT7KVQ, B0F3JMVHMY, B0DQ5XCJ8F, B0DPDJZ4D5, B0F21DNL86, B0DYSQ7WSJ, B0DQDYW5QQ, B0DPDHGVBZ, B0F37MXH1T, B0DQ4ZB63H, B0FBFPSZL1, B0FV7LR3NC, B0DWFQM1LB, B0F18D1HZT, B0DQHBLJYY, B0F6V67W2Z, B0F6V6F77D, B0FC267M7T]",amzn1.campaign.1X211N3QS7VSD,Monthly sales $100000 commission 10% quilting rulers for half year,BUZHIFF,2026-03-06,2026-12-04,10.00%,5000.0,5000.0,107,800,false
"[B0FJXLVYZW, B0G4CH49LR]",amzn1.campaign.HFEAWKSTWS26,A Must-Have for Every Home! Garage Door Rollers +10%+2026.3.5,EXERAUO,2026-03-06,2026-09-30,10.00%,5000.0,4980.03,49,800,false
"[B0DJBTMBQZ, B0DQ5Q8CCN, B0F6VB77RK, B0DQDXSKFS, B0DWFT7KVQ, B0F3JMVHMY, B0DQ5XCJ8F, B0DPDJZ4D5, B0F21DNL86, B0DYSQ7WSJ, B0DQDYW5QQ, B0DPDHGVBZ, B0F37MXH1T, B0DQ4ZB63H, B0FBFPSZL1, B0FV7LR3NC, B0DWFQM1LB, B0F18D1HZT, B0DQHBLJYY, B0F6V67W2Z, B0F6V6F77D, B0FC267M7T]",amzn1.campaign.3VUGD3MMDSDHZ,Monthly sales $100000 commission 10% quilting rulers for half year,BUZHIFF,2026-03-06,2026-12-05,10.00%,5000.0,5000.0,114,800,false
[B0FCBNLMKT],amzn1.campaign.20RC8OOQL4WLE,Lifeworth 45% OFF Wellness Boost – Capsule Edition,LIFEWORTH,2026-03-06,2026-09-30,45.00%,10000.0,10000.0,31,800,false
"[B0FZFVB25X, B0FPFTZ3YK]",amzn1.campaign.TCLUI80TDH3N,GoldenMars Wireless Microphone Collaboration Opportunities,GOLDEN MARS,2026-03-06,2026-12-31,10.00%,5000.0,4699.63,23,800,false
[B09GYGXHNL],amzn1.campaign.1S7UTI1HT256W,Join Now: Earn 10% Commission by Sharing the Tsomtto Baby Musical Light Up Duck,Tsomtto,2026-03-06,2026-09-30,10.00%,8888.0,8235.66,4,800,false
"[B0DJBTMBQZ, B0DQ5Q8CCN, B0F6VB77RK, B0DQDXSKFS, B0DWFT7KVQ, B0F3JMVHMY, B0DQ5XCJ8F, B0DPDJZ4D5, B0F21DNL86, B0DYSQ7WSJ, B0DQDYW5QQ, B0DPDHGVBZ, B0F37MXH1T, B0DQ4ZB63H, B0FBFPSZL1, B0FV7LR3NC, B0DWFQM1LB, B0F18D1HZT, B0DQHBLJYY, B0F6V67W2Z, B0F6V6F77D, B0FC267M7T]",amzn1.campaign.33TUCZ2DTQ7QR,Monthly sales $100000 commission 10% quilting rulers for half year,BUZHIFF,2026-03-06,2026-12-06,10.00%,5000.0,5000.0,108,800,false
[B0GBTTDJ44],amzn1.campaign.1HRKLPYMJUOUF,RC Car with LED Light,NewOpens,2026-03-06,2027-01-31,10.00%,5000.0,4986.0,33,800,false
"[B0DJBTMBQZ, B0DQ5Q8CCN, B0F6VB77RK, B0DQDXSKFS, B0DWFT7KVQ, B0F3JMVHMY, B0DQ5XCJ8F, B0DPDJZ4D5, B0F21DNL86, B0DYSQ7WSJ, B0DQDYW5QQ, B0DPDHGVBZ, B0F37MXH1T, B0DQ4ZB63H, B0FBFPSZL1, B0FV7LR3NC, B0DWFQM1LB, B0F18D1HZT, B0DQHBLJYY, B0F6V67W2Z, B0F6V6F77D, B0FC267M7T]",amzn1.campaign.2UH1W11XYY2BH,Monthly sales $100000 commission 10% quilting rulers for half year,BUZHIFF,2026-03-06,2026-12-07,10.00%,5000.0,5000.0,105,800,false
"[B0GH6Z59G3, B0GH6BKSHM]",amzn1.campaign.ZG8ZF24XR6XJ,MP9 realistic toy gun,Dreamplay,2026-03-06,2027-03-06,30.00%,1000000.0,999958.96,23,800,false
"[B0DJBTMBQZ, B0DQ5Q8CCN, B0F6VB77RK, B0DQDXSKFS, B0DWFT7KVQ, B0F3JMVHMY, B0DQ5XCJ8F, B0DPDJZ4D5, B0F21DNL86, B0DYSQ7WSJ, B0DQDYW5QQ, B0DPDHGVBZ, B0F37MXH1T, B0DQ4ZB63H, B0FBFPSZL1, B0FV7LR3NC, B0DWFQM1LB, B0F18D1HZT, B0DQHBLJYY, B0F6V67W2Z, B0F6V6F77D, B0FC267M7T]",amzn1.campaign.1R3IAALJCTFKP,Monthly sales $100000 commission 10% quilting rulers for half year,BUZHIFF,2026-03-06,2026-12-08,10.00%,5000.0,5000.0,106,800,false
"[B0CZL3JYXT, B0F5VRLTX3, B0CZL6WG1T, B0D8VKJVNG, B0DXKYZS5K, B0DLNR2D5B, B0DLNQ8M9V, B0CZKTCNQK, B0F1MDV79W, B0D3PS83TH, B0F5V1CDD8, B0CZKYY942]",amzn1.campaign.2O1EFA4QOO1NA,Hot！！🔥🔥Over Glasses Sunglasses！🔥🔥Fit over Sunglasses！🔥🔥SG5779,SODQW,2026-03-07,2027-03-07,10.00%,999999.0,999996.8,77,800,false
"[B0DJBTMBQZ, B0DQ5Q8CCN, B0F6VB77RK, B0DQDXSKFS, B0DWFT7KVQ, B0F3JMVHMY, B0DQ5XCJ8F, B0DPDJZ4D5, B0F21DNL86, B0DYSQ7WSJ, B0DQDYW5QQ, B0DPDHGVBZ, B0F37MXH1T, B0DQ4ZB63H, B0FBFPSZL1, B0FV7LR3NC, B0DWFQM1LB, B0F18D1HZT, B0DQHBLJYY, B0F6V67W2Z, B0F6V6F77D, B0FC267M7T]",amzn1.campaign.2RR6DSA20GO94,Monthly sales $100000 commission 10% quilting rulers for half year,BUZHIFF,2026-03-06,2026-12-09,10.00%,5000.0,5000.0,104,800,false
"[B0DJBTMBQZ, B0DQ5Q8CCN, B0F6VB77RK, B0DQDXSKFS, B0DWFT7KVQ, B0F3JMVHMY, B0DQ5XCJ8F, B0DPDJZ4D5, B0F21DNL86, B0DYSQ7WSJ, B0DQDYW5QQ, B0DPDHGVBZ, B0F37MXH1T, B0DQ4ZB63H, B0FBFPSZL1, B0FV7LR3NC, B0DWFQM1LB, B0F18D1HZT, B0DQHBLJYY, B0F6V67W2Z, B0F6V6F77D, B0FC267M7T]",amzn1.campaign.2PFEDYEXLFMN0,Monthly sales $100000 commission 10% quilting rulers for half year,BUZHIFF,2026-03-06,2026-12-10,10.00%,5000.0,5000.0,104,800,false
"[B0DJBTMBQZ, B0DQ5Q8CCN, B0F6VB77RK, B0DQDXSKFS, B0DWFT7KVQ, B0F3JMVHMY, B0DQ5XCJ8F, B0DPDJZ4D5, B0F21DNL86, B0DYSQ7WSJ, B0DQDYW5QQ, B0DPDHGVBZ, B0F37MXH1T, B0DQ4ZB63H, B0FBFPSZL1, B0FV7LR3NC, B0DWFQM1LB, B0F18D1HZT, B0DQHBLJYY, B0F6V67W2Z, B0F6V6F77D, B0FC267M7T]",amzn1.campaign.2J8HNX91F8QCR,Monthly sales $100000 commission 10% quilting rulers for half year,BUZHIFF,2026-03-06,2026-12-11,10.00%,5000.0,5000.0,105,800,false
[B0FCBNLMKT],amzn1.campaign.2JGTLW77MYPO3,Creator Exclusive – 43% OFF Colostrum Capsules,LIFEWORTH,2026-03-06,2026-09-30,43.00%,10001.0,10001.0,30,800,false
"[B0FMF5V2RN, B0GMQ9TCK8, B0GMQ52GFJ, B0FNJND1FG, B0GBX9CQDB, B0FLVD1NHZ, B0FLVDJNWZ, B0GMQMGDR5, B0GMQNPJMP]",amzn1.campaign.1DTTUH30FZD33,✨Minimalist LOHCEH Square Bathtub | Spring Bathroom Decor 🛁,LOHCEH,2026-03-07,2027-02-27,11.00%,5000.0,5000.0,93,800,false
"[B0DJBTMBQZ, B0DQ5Q8CCN, B0F6VB77RK, B0DQDXSKFS, B0DWFT7KVQ, B0F3JMVHMY, B0DQ5XCJ8F, B0DPDJZ4D5, B0F21DNL86, B0DYSQ7WSJ, B0DQDYW5QQ, B0DPDHGVBZ, B0F37MXH1T, B0DQ4ZB63H, B0FBFPSZL1, B0FV7LR3NC, B0DWFQM1LB, B0F18D1HZT, B0DQHBLJYY, B0F6V67W2Z, B0F6V6F77D, B0FC267M7T]",amzn1.campaign.2BT63H2YKG1TM,Monthly sales $100000 commission 10% quilting rulers for half year,BUZHIFF,2026-03-06,2026-12-12,10.00%,5000.0,5000.0,105,800,false
"[B0DJBTMBQZ, B0DQ5Q8CCN, B0F6VB77RK, B0DQDXSKFS, B0DWFT7KVQ, B0F3JMVHMY, B0DQ5XCJ8F, B0DPDJZ4D5, B0F21DNL86, B0DYSQ7WSJ, B0DQDYW5QQ, B0DPDHGVBZ, B0F37MXH1T, B0DQ4ZB63H, B0FBFPSZL1, B0FV7LR3NC, B0DWFQM1LB, B0F18D1HZT, B0DQHBLJYY, B0F6V67W2Z, B0F6V6F77D, B0FC267M7T]",amzn1.campaign.2ZWH2GRMMETTJ,Monthly sales $100000 commission 10% quilting rulers for half year,BUZHIFF,2026-03-06,2026-12-13,10.00%,5000.0,5000.0,104,800,false
"[B0FMF5V2RN, B0GMQ9TCK8, B0GMQ52GFJ, B0FNJND1FG, B0GBX9CQDB, B0FLVD1NHZ, B0FLVDJNWZ, B0GMQMGDR5, B0GMQNPJMP]",amzn1.campaign.18EJ5OJF877CS,🌱Eco-Friendly LOHCEH Square Bathtub | Energy-Saving Spring Bath 🛁,LOHCEH,2026-03-07,2027-02-28,11.00%,5000.0,5000.0,94,800,false
"[B0GBW6332J, B0GBTYBY4S]",amzn1.campaign.3OOA1G6UR94UO,Wall Climbing Spider Toy,NewOpens,2026-03-06,2026-09-30,10.00%,5000.0,4994.33,41,800,false
"[B0DJBTMBQZ, B0DQ5Q8CCN, B0F6VB77RK, B0DQDXSKFS, B0DWFT7KVQ, B0F3JMVHMY, B0DQ5XCJ8F, B0DPDJZ4D5, B0F21DNL86, B0DYSQ7WSJ, B0DQDYW5QQ, B0DPDHGVBZ, B0F37MXH1T, B0DQ4ZB63H, B0FBFPSZL1, B0FV7LR3NC, B0DWFQM1LB, B0F18D1HZT, B0DQHBLJYY, B0F6V67W2Z, B0F6V6F77D, B0FC267M7T]",amzn1.campaign.SXSDCVGJ7ENF,Monthly sales $100000 commission 10% quilting rulers for half year,BUZHIFF,2026-03-06,2026-12-14,10.00%,5000.0,5000.0,115,800,false
"[B0FMF5V2RN, B0GMQ9TCK8, B0GMQ52GFJ, B0FNJND1FG, B0GBX9CQDB, B0FLVD1NHZ, B0FLVDJNWZ, B0GMQMGDR5, B0GMQNPJMP]",amzn1.campaign.BVHIKB4DBY7Z,🛡️Safe & Stable LOHCEH Square Bathtub | Spring Family Essential 🛁,LOHCEH,2026-03-07,2027-03-01,11.00%,5000.0,5000.0,98,800,false
"[B0DJBTMBQZ, B0DQ5Q8CCN, B0F6VB77RK, B0DQDXSKFS, B0DWFT7KVQ, B0F3JMVHMY, B0DQ5XCJ8F, B0DPDJZ4D5, B0F21DNL86, B0DYSQ7WSJ, B0DQDYW5QQ, B0DPDHGVBZ, B0F37MXH1T, B0DQ4ZB63H, B0FBFPSZL1, B0FV7LR3NC, B0DWFQM1LB, B0F18D1HZT, B0DQHBLJYY, B0F6V67W2Z, B0F6V6F77D, B0FC267M7T]",amzn1.campaign.3FTMY1DBQ4JP,Monthly sales $100000 commission 10% quilting rulers for half year,BUZHIFF,2026-03-06,2026-12-15,10.00%,5000.0,5000.0,111,800,false
"[B0DJBTMBQZ, B0DQ5Q8CCN, B0F6VB77RK, B0DQDXSKFS, B0DWFT7KVQ, B0F3JMVHMY, B0DQ5XCJ8F, B0DPDJZ4D5, B0F21DNL86, B0DYSQ7WSJ, B0DQDYW5QQ, B0DPDHGVBZ, B0F37MXH1T, B0DQ4ZB63H, B0FBFPSZL1, B0FV7LR3NC, B0DWFQM1LB, B0F18D1HZT, B0DQHBLJYY, B0F6V67W2Z, B0F6V6F77D, B0FC267M7T]",amzn1.campaign.7SKUAPMJL2HJ,Monthly sales $100000 commission 10% quilting rulers for half year,BUZHIFF,2026-03-06,2026-12-16,10.00%,5000.0,5000.0,114,800,false
"[B0FMF5V2RN, B0GMQ9TCK8, B0GMQ52GFJ, B0FNJND1FG, B0GBX9CQDB, B0FLVD1NHZ, B0FLVDJNWZ, B0GMQMGDR5, B0GMQNPJMP]",amzn1.campaign.31VXW1POUSQE3,💎Luxury LOHCEH Square Bathtub | Spring Bathroom Investment 🛁,LOHCEH,2026-03-07,2027-03-02,11.00%,5000.0,5000.0,94,800,false
"[B0FG2FHMM3, B0FK5PMMSN]",amzn1.campaign.1G90SO90BJIKA,VP9 realistic toy gun,DITOON,2026-03-06,2027-03-06,30.00%,1000000.0,999543.4,2,800,false
"[B0D7PWLV7D, B0D7Q2WYDH, B0D7Q1VB8C, B0D7VK6PGD, B0D7VJ179W, B0D7Q3CZ57, B0D7Q5216Z, B0D7VJFDWV, B0D7Q2K7N7, B0D7PWKSJB, B0D7VJV782, B0D7Q3CZ4F, B0D7Q37MTL, B0D7Q1BZPB]",amzn1.campaign.3VGM66U8CKLYX,Unbreakable kids' sunglasses with premium polarization! Get 30% !-8444,EYEBUDDY,2026-03-06,2026-12-26,30.00%,5000.0,4955.91,55,800,false
"[B0DJBTMBQZ, B0DQ5Q8CCN, B0F6VB77RK, B0DQDXSKFS, B0DWFT7KVQ, B0F3JMVHMY, B0DQ5XCJ8F, B0DPDJZ4D5, B0F21DNL86, B0DYSQ7WSJ, B0DQDYW5QQ, B0DPDHGVBZ, B0F37MXH1T, B0DQ4ZB63H, B0FBFPSZL1, B0FV7LR3NC, B0DWFQM1LB, B0F18D1HZT, B0DQHBLJYY, B0F6V67W2Z, B0F6V6F77D, B0FC267M7T]",amzn1.campaign.3QGXHRVWMEC9C,Monthly sales $100000 commission 10% quilting rulers for half year,BUZHIFF,2026-03-06,2026-12-17,10.00%,5000.0,5000.0,113,800,false
"[B0DJBTMBQZ, B0DQ5Q8CCN, B0F6VB77RK, B0DQDXSKFS, B0DWFT7KVQ, B0F3JMVHMY, B0DQ5XCJ8F, B0DPDJZ4D5, B0F21DNL86, B0DYSQ7WSJ, B0DQDYW5QQ, B0DPDHGVBZ, B0F37MXH1T, B0DQ4ZB63H, B0FBFPSZL1, B0FV7LR3NC, B0DWFQM1LB, B0F18D1HZT, B0DQHBLJYY, B0F6V67W2Z, B0F6V6F77D, B0FC267M7T]",amzn1.campaign.18K4FJQODQCG2,Monthly sales $100000 commission 10% quilting rulers for half year,BUZHIFF,2026-03-06,2026-12-18,10.00%,5000.0,5000.0,109,800,false
"[B0F7KCKDF1, B0G1BZ8J55, B0DTHJRZYT, B0FG2TL13J, B0FVDNL2SD, B0CNCTVS4L, B0DBHMY2T2, B0DYHMSLR3, B0CP36CP32]",amzn1.campaign.3BLLS3DIFM1W0,🛠️ Creator Collaboration – Tool Organizer,POKIPO,2026-03-06,2027-02-25,10.00%,500000.0,500000.0,32,800,false
"[B0DJBTMBQZ, B0DQ5Q8CCN, B0F6VB77RK, B0DQDXSKFS, B0DWFT7KVQ, B0F3JMVHMY, B0DQ5XCJ8F, B0DPDJZ4D5, B0F21DNL86, B0DYSQ7WSJ, B0DQDYW5QQ, B0DPDHGVBZ, B0F37MXH1T, B0DQ4ZB63H, B0FBFPSZL1, B0FV7LR3NC, B0DWFQM1LB, B0F18D1HZT, B0DQHBLJYY, B0F6V67W2Z, B0F6V6F77D, B0FC267M7T]",amzn1.campaign.24URBKBRHO4BQ,Monthly sales $100000 commission 10% quilting rulers for half year,BUZHIFF,2026-03-06,2026-12-19,10.00%,5000.0,5000.0,106,800,false
"[B0D7PWLV7D, B0D7Q2WYDH, B0D7Q1VB8C, B0D7VK6PGD, B0D7VJ179W, B0D7Q3CZ57, B0D7Q5216Z, B0D7VJFDWV, B0D7Q2K7N7, B0D7PWKSJB, B0D7VJV782, B0D7Q3CZ4F, B0D7Q37MTL, B0D7Q1BZPB]",amzn1.campaign.BLE2OPBAHJVG,30% commission ! Safe polarized sunglasses for school-aged children !-8444,EYEBUDDY,2026-03-06,2026-12-27,30.00%,5000.0,5000.0,63,800,false
"[B0DJBTMBQZ, B0DQ5Q8CCN, B0F6VB77RK, B0DQDXSKFS, B0DWFT7KVQ, B0F3JMVHMY, B0DQ5XCJ8F, B0DPDJZ4D5, B0F21DNL86, B0DYSQ7WSJ, B0DQDYW5QQ, B0DPDHGVBZ, B0F37MXH1T, B0DQ4ZB63H, B0FBFPSZL1, B0FV7LR3NC, B0DWFQM1LB, B0F18D1HZT, B0DQHBLJYY, B0F6V67W2Z, B0F6V6F77D, B0FC267M7T]",amzn1.campaign.2685LUT19TMA1,Monthly sales $100000 commission 10% quilting rulers for half year,BUZHIFF,2026-03-06,2026-12-20,10.00%,5000.0,5000.0,106,800,false
"[B0F7KCKDF1, B0G1BZ8J55, B0DTHJRZYT, B0FG2TL13J, B0FVDNL2SD, B0CNCTVS4L, B0DBHMY2T2, B0DYHMSLR3, B0CP36CP32]",amzn1.campaign.3HDMSWO9JLT2U,🛠️ Garage Tool Storage Campaign,POKIPO,2026-03-06,2027-02-26,10.00%,500000.0,500000.0,32,800,false
"[B0DJBTMBQZ, B0DQ5Q8CCN, B0F6VB77RK, B0DQDXSKFS, B0DWFT7KVQ, B0F3JMVHMY, B0DQ5XCJ8F, B0DPDJZ4D5, B0F21DNL86, B0DYSQ7WSJ, B0DQDYW5QQ, B0DPDHGVBZ, B0F37MXH1T, B0DQ4ZB63H, B0FBFPSZL1, B0FV7LR3NC, B0DWFQM1LB, B0F18D1HZT, B0DQHBLJYY, B0F6V67W2Z, B0F6V6F77D, B0FC267M7T]",amzn1.campaign.ECWOJRZOH5E0,Monthly sales $100000 commission 10% quilting rulers for half year,BUZHIFF,2026-03-06,2026-12-21,10.00%,5000.0,5000.0,115,800,false
[B0G92RHX7Q],amzn1.campaign.FDL6N02NAO36,rc car with camera,NewOpens,2026-03-06,2026-09-30,10.00%,5000.0,4909.01,38,800,false
"[B0FLV5SYDM, B0FLV3H1PW, B0FLV8XMR4, B0FLV7QQS7, B0FLV63LSK, B0FLV5TDK1, B0FLV2RPMY, B0FLV628CX, B0FLV5YN24, B0FLV58H58, B0FLV3DS8G, B0FLV5G5N9, B0FLV5LNWP, B0FLV6YVDT, B0FLV5TW9S, B0FLV5JKYK, B0FLV55Y3H, B0FLV5T5CG, B0FLV3R6HM]",amzn1.campaign.1792ZN9FW5HDK,10% B0FLV67J3M Boys Semi Formal Slim Fit Linen Suit,Lolanta,2026-03-06,2027-03-01,10.00%,5000.0,4986.77,28,800,false
"[B0D7PWLV7D, B0D7Q2WYDH, B0D7Q1VB8C, B0D7VK6PGD, B0D7VJ179W, B0D7Q3CZ57, B0D7Q5216Z, B0D7VJFDWV, B0D7Q2K7N7, B0D7PWKSJB, B0D7VJV782, B0D7Q3CZ4F, B0D7Q37MTL, B0D7Q1BZPB]",amzn1.campaign.WU9P7QXBRQW4,Kids' sunglasses with flexible frames and polarized clarity ! 30% commission ! !,EYEBUDDY,2026-03-06,2026-12-28,30.00%,5000.0,4995.2,63,800,false
"[B0F7KCKDF1, B0G1BZ8J55, B0DTHJRZYT, B0FG2TL13J, B0FVDNL2SD, B0CNCTVS4L, B0DBHMY2T2, B0DYHMSLR3, B0CP36CP32]",amzn1.campaign.3S5Y04MMODGLH,🛠️ Workshop Organization Collaboration,POKIPO,2026-03-06,2027-02-27,10.00%,500000.0,500000.0,37,800,false
[B0FCBNLMKT],amzn1.campaign.293DNRB5JTJIF,Creator Exclusive – 40% OFF Colostrum Launch,LIFEWORTH,2026-03-06,2026-09-30,40.00%,10000.0,10000.0,31,800,false
"[B0F5WJ15T2, B0G198P53Z, B0G195DDG5, B0F5WHL1PH]",amzn1.campaign.7ZA89RN89PE7,HOT！！Office Siren Glasses🔥🔥🔥ABLt19,SODQW,2026-03-07,2027-03-06,10.00%,999999.0,999999.0,85,800,false
"[B0DJBTMBQZ, B0DQ5Q8CCN, B0F6VB77RK, B0DQDXSKFS, B0DWFT7KVQ, B0F3JMVHMY, B0DQ5XCJ8F, B0DPDJZ4D5, B0F21DNL86, B0DYSQ7WSJ, B0DQDYW5QQ, B0DPDHGVBZ, B0F37MXH1T, B0DQ4ZB63H, B0FBFPSZL1, B0FV7LR3NC, B0DWFQM1LB, B0F18D1HZT, B0DQHBLJYY, B0F6V67W2Z, B0F6V6F77D, B0FC267M7T]",amzn1.campaign.3NQWMHTT4TT92,Monthly sales $100000 commission 10% quilting rulers for half year,BUZHIFF,2026-03-06,2026-12-22,10.00%,5000.0,5000.0,111,800,false
"[B0F7KCKDF1, B0G1BZ8J55, B0DTHJRZYT, B0FG2TL13J, B0FVDNL2SD, B0CNCTVS4L, B0DBHMY2T2, B0DYHMSLR3, B0CP36CP32]",amzn1.campaign.32XY0KEUEOJQA,🛠️ Garage Upgrade Opportunity,POKIPO,2026-03-06,2027-02-28,10.00%,500000.0,500000.0,30,800,false
[B0FCLQ36TM],amzn1.campaign.146E8IL6G3W4U,GLACIER FRESH ULTRAWF Refrigerator Water Filter-GF82-20%,GLACIER FRESH,2026-03-06,2026-12-31,20.00%,5000.0,4540.0,16,800,false
"[B0FMF5V2RN, B0GMQ9TCK8, B0GMQ52GFJ, B0FNJND1FG, B0GBX9CQDB, B0FLVD1NHZ, B0FLVDJNWZ, B0GMQMGDR5, B0GMQNPJMP]",amzn1.campaign.37MGFWLI5C4XE,🛁Spring Relaxation! LOHCEH Square Bathtub for Cozy Deep Soak✨,LOHCEH,2026-03-07,2027-02-26,11.00%,5000.0,5000.0,94,800,false
"[B0DJBTMBQZ, B0DQ5Q8CCN, B0F6VB77RK, B0DQDXSKFS, B0DWFT7KVQ, B0F3JMVHMY, B0DQ5XCJ8F, B0DPDJZ4D5, B0F21DNL86, B0DYSQ7WSJ, B0DQDYW5QQ, B0DPDHGVBZ, B0F37MXH1T, B0DQ4ZB63H, B0FBFPSZL1, B0FV7LR3NC, B0DWFQM1LB, B0F18D1HZT, B0DQHBLJYY, B0F6V67W2Z, B0F6V6F77D, B0FC267M7T]",amzn1.campaign.2EBJY9E5NEO6W,Monthly sales $100000 commission 10% quilting rulers for half year,BUZHIFF,2026-03-06,2026-12-23,10.00%,5000.0,5000.0,105,800,false
"[B0D7PWLV7D, B0D7Q2WYDH, B0D7Q1VB8C, B0D7VK6PGD, B0D7VJ179W, B0D7Q3CZ57, B0D7Q5216Z, B0D7VJFDWV, B0D7Q2K7N7, B0D7PWKSJB, B0D7VJV782, B0D7Q3CZ4F, B0D7Q37MTL, B0D7Q1BZPB]",amzn1.campaign.32NG7UZD2TVW0,Durable polarized sunglasses for beach-loving kids! Earn 30% !-8444,EYEBUDDY,2026-03-06,2026-12-29,30.00%,5000.0,4964.91,52,800,false
[B0F5PVJJ9J],amzn1.campaign.3O3JEXRQVDL1W,Join Now: Earn 10% Commission by Sharing the Tsomtto Monster Truck Dinosaur Cars,Tsomtto,2026-03-06,2026-09-30,10.00%,8000.0,6674.11,14,800,false
"[B0DJBTMBQZ, B0DQ5Q8CCN, B0F6VB77RK, B0DQDXSKFS, B0DWFT7KVQ, B0F3JMVHMY, B0DQ5XCJ8F, B0DPDJZ4D5, B0F21DNL86, B0DYSQ7WSJ, B0DQDYW5QQ, B0DPDHGVBZ, B0F37MXH1T, B0DQ4ZB63H, B0FBFPSZL1, B0FV7LR3NC, B0DWFQM1LB, B0F18D1HZT, B0DQHBLJYY, B0F6V67W2Z, B0F6V6F77D, B0FC267M7T]",amzn1.campaign.33Q6ORRII3JX9,Monthly sales $100000 commission 10% quilting rulers for half year,BUZHIFF,2026-03-06,2026-12-24,10.00%,5000.0,5000.0,109,800,false
"[B0F7KCKDF1, B0G1BZ8J55, B0DTHJRZYT, B0FG2TL13J, B0FVDNL2SD, B0CNCTVS4L, B0DBHMY2T2, B0DYHMSLR3, B0CP36CP32]",amzn1.campaign.DCG5OHPDWTKN,🛠️ Creator Campaign – Garage Tool Setup,POKIPO,2026-03-06,2027-03-01,10.00%,500000.0,500000.0,37,800,false
[B0FMK64Y7H],amzn1.campaign.1497TNDE4L0RP,5% Minoxidil-3.5-20,BLISSMATE,2026-03-07,2027-02-16,10.00%,10000.0,10000.0,95,800,false
"[B0DJBTMBQZ, B0DQ5Q8CCN, B0F6VB77RK, B0DQDXSKFS, B0DWFT7KVQ, B0F3JMVHMY, B0DQ5XCJ8F, B0DPDJZ4D5, B0F21DNL86, B0DYSQ7WSJ, B0DQDYW5QQ, B0DPDHGVBZ, B0F37MXH1T, B0DQ4ZB63H, B0FBFPSZL1, B0FV7LR3NC, B0DWFQM1LB, B0F18D1HZT, B0DQHBLJYY, B0F6V67W2Z, B0F6V6F77D, B0FC267M7T]",amzn1.campaign.1K6J5V0D35IR6,Monthly sales $100000 commission 10% quilting rulers for half year,BUZHIFF,2026-03-06,2026-12-25,10.00%,5000.0,5000.0,109,800,false
"[B0GBVRN82J, B0GBTHHT6L]",amzn1.campaign.ONGVLPJJ94P,量雨器🎨 LIVING GLASS SCULPTURE,J-Fly,2026-03-06,2027-03-06,10.00%,5000.0,4982.0,72,800,false
"[B0F7KCKDF1, B0G1BZ8J55, B0DTHJRZYT, B0FG2TL13J, B0FVDNL2SD, B0CNCTVS4L, B0DBHMY2T2, B0DYHMSLR3, B0CP36CP32]",amzn1.campaign.EWWRUQS560T9,🛠️ Tool Organization Collaboration,POKIPO,2026-03-06,2027-03-02,10.00%,500000.0,500000.0,42,800,false
[B0FMK64Y7H],amzn1.campaign.15CU8Z5477BGD,5% Minoxidil-3.5-19,BLISSMATE,2026-03-07,2027-02-17,10.00%,10000.0,10000.0,95,800,false
"[B0DJBTMBQZ, B0DQ5Q8CCN, B0F6VB77RK, B0DQDXSKFS, B0DWFT7KVQ, B0F3JMVHMY, B0DQ5XCJ8F, B0DPDJZ4D5, B0F21DNL86, B0DYSQ7WSJ, B0DQDYW5QQ, B0DPDHGVBZ, B0F37MXH1T, B0DQ4ZB63H, B0FBFPSZL1, B0FV7LR3NC, B0DWFQM1LB, B0F18D1HZT, B0DQHBLJYY, B0F6V67W2Z, B0F6V6F77D, B0FC267M7T]",amzn1.campaign.2JTLKJ6ELMSVL,Monthly sales $100000 commission 10% quilting rulers for half year,BUZHIFF,2026-03-06,2026-12-26,10.00%,5000.0,5000.0,106,800,false
"[B0D7PWLV7D, B0D7Q2WYDH, B0D7Q1VB8C, B0D7VK6PGD, B0D7VJ179W, B0D7Q3CZ57, B0D7Q5216Z, B0D7VJFDWV, B0D7Q2K7N7, B0D7PWKSJB, B0D7VJV782, B0D7Q3CZ4F, B0D7Q37MTL, B0D7Q1BZPB]",amzn1.campaign.219XHC0WBWI4,30% commission promoting non-toxic sunglasses for little adventurers !-8444,EYEBUDDY,2026-03-06,2026-12-30,30.00%,5000.0,4995.2,54,800,false
[B0DQF7RBHW],amzn1.campaign.322DW7F3QXI2N,KBD – Premium OEM-Style Dash Cams | Seeking Top Amazon Creators,KBD,2026-03-06,2027-03-06,10.00%,9000.0,9000.0,23,800,false
"[B0DLNV2694, B0DLNQST23, B0DLNXSNBF, B0DLNSK8KJ, B0DLNV29CD, B0DLNR25BQ, B0DLNTYG4Y]",amzn1.campaign.1W85WF46S2HYK,Hot！！🔥🔥Over Glasses Sunglasses！🔥🔥Fit over Sunglasses！🔥🔥SG7511,SODQW,2026-03-07,2027-03-06,10.00%,999999.0,999999.0,80,800,false
"[B0GGQZ6S9C, B0GGQBKT4C, B0GGQD7SXY, B0GGQTH5YB, B0GGQMKZVR]",amzn1.campaign.19RJ66DVR9A0Z,10% Commission! Y25D Maternity active shorts Invites Amazon Creators to Collab!,Y25D,2026-03-06,2027-03-02,10.00%,5000.0,5000.0,81,800,false
"[B0DJBTMBQZ, B0DQ5Q8CCN, B0F6VB77RK, B0DQDXSKFS, B0DWFT7KVQ, B0F3JMVHMY, B0DQ5XCJ8F, B0DPDJZ4D5, B0F21DNL86, B0DYSQ7WSJ, B0DQDYW5QQ, B0DPDHGVBZ, B0F37MXH1T, B0DQ4ZB63H, B0FBFPSZL1, B0FV7LR3NC, B0DWFQM1LB, B0F18D1HZT, B0DQHBLJYY, B0F6V67W2Z, B0F6V6F77D, B0FC267M7T]",amzn1.campaign.JAKM24JR6J03,Monthly sales $100000 commission 10% quilting rulers for half year,BUZHIFF,2026-03-06,2026-12-27,10.00%,5000.0,5000.0,116,800,false
[B0FMK64Y7H],amzn1.campaign.1URJNQ5UIK9MF,5% Minoxidil-3.5-18,BLISSMATE,2026-03-07,2027-02-18,10.00%,10000.0,10000.0,93,800,false
"[B0GLNVPT6F, B0GLNV4ZTH, B0GLP3FZ49, B0GLNH4KF3, B0GLNHLHM2, B0GLNQ2115, B0GLP1L6FL, B0GLNZL2DL, B0GLNYYWCQ, B0GLNV9Q5R, B0GLNTMGPT, B0GLNPYFVT, B0GLNV4K2C, B0GLNQLLVX, B0GLP8M1H9]",amzn1.campaign.2Q7D37IVSO8Z8,Niidor Magnetic Strapless Silicone Bra – Breathable & Backless (20260305),niiDor,2026-03-06,2027-03-06,20.00%,5000.0,5000.0,0,800,false
"[B0GF7P8B5L, B0GF83813C, B0GF7YX9GD, B0GF7WG27Z]",amzn1.campaign.2A0M8VBB97B6W,WSKEN S26 Ultra Military-Grade Invisible Lens Shield – Clear Photos! 📸,WSKEN,2026-03-06,2026-11-30,10.00%,50000.0,49955.04,28,800,false
"[B0F9P6GGJZ, B0F3D5G6J7, B0F3D6WJLH, B0FT7GBS7Z, B0FT7FN996, B0F9P5N7PH, B0F9P8QD3L, B0F3D7DDGC, B0F9P7ZP1S, B0F9P56JBX, B0F9P5GY27, B0FT7FTKBH, B0FT7DHKGF, B0FT7DB2XM, B0F9P83BSM, B0F3D4N6J9, B0F3D6Z92C, B0F9P6TX8M, B0F3D5TQQ9, B0FT7GWTLV, B0F9P5398L, B0F3D5F9H4, B0F9P6X59M, B0F3D8Z1D2, B0F3D53MWZ, B0FT7CFJLD, B0F9P72ZR8, B0F3D5FC74, B0F3D84YKP, B0F3D798FD, B0FT7DYT8D, B0FT7BJX65, B0FT7FHJ2R, B0FT7GK7PW, B0F3D6HBSR]",amzn1.campaign.1N61C0N6SRBQ5,🌊 My Amazon Wall Art Ocean Resort Plan,ZUITINGHUA,2026-03-06,2027-03-06,15.00%,5000.0,5000.0,82,800,false
"[B0F7KCKDF1, B0G1BZ8J55, B0DTHJRZYT, B0FG2TL13J, B0FVDNL2SD, B0CNCTVS4L, B0DBHMY2T2, B0DYHMSLR3, B0CP36CP32]",amzn1.campaign.NMWWU832SRNY,🛠️ Garage Storage Campaign,POKIPO,2026-03-06,2027-03-03,10.00%,500000.0,500000.0,35,800,false
"[B0DJBTMBQZ, B0DQ5Q8CCN, B0F6VB77RK, B0DQDXSKFS, B0DWFT7KVQ, B0F3JMVHMY, B0DQ5XCJ8F, B0DPDJZ4D5, B0F21DNL86, B0DYSQ7WSJ, B0DQDYW5QQ, B0DPDHGVBZ, B0F37MXH1T, B0DQ4ZB63H, B0FBFPSZL1, B0FV7LR3NC, B0DWFQM1LB, B0F18D1HZT, B0DQHBLJYY, B0F6V67W2Z, B0F6V6F77D, B0FC267M7T]",amzn1.campaign.MU0GSC2KXYWU,Monthly sales $100000 commission 10% quilting rulers for half year,BUZHIFF,2026-03-06,2026-12-28,10.00%,5000.0,5000.0,116,800,false
[B0FMK64Y7H],amzn1.campaign.KR1V0N5HEBPO,5% Minoxidil-3.5-17,BLISSMATE,2026-03-07,2027-02-19,10.00%,10000.0,10000.0,103,800,false
"[B0DJBTMBQZ, B0DQ5Q8CCN, B0F6VB77RK, B0DQDXSKFS, B0DWFT7KVQ, B0F3JMVHMY, B0DQ5XCJ8F, B0DPDJZ4D5, B0F21DNL86, B0DYSQ7WSJ, B0DQDYW5QQ, B0DPDHGVBZ, B0F37MXH1T, B0DQ4ZB63H, B0FBFPSZL1, B0FV7LR3NC, B0DWFQM1LB, B0F18D1HZT, B0DQHBLJYY, B0F6V67W2Z, B0F6V6F77D, B0FC267M7T]",amzn1.campaign.2GTT8ZI1OVLW9,Monthly sales $100000 commission 10% quilting rulers for half year,BUZHIFF,2026-03-06,2026-12-29,10.00%,5000.0,5000.0,104,800,false
"[B0DJBTMBQZ, B0DQ5Q8CCN, B0F6VB77RK, B0DQDXSKFS, B0DWFT7KVQ, B0F3JMVHMY, B0DQ5XCJ8F, B0DPDJZ4D5, B0F21DNL86, B0DYSQ7WSJ, B0DQDYW5QQ, B0DPDHGVBZ, B0F37MXH1T, B0DQ4ZB63H, B0FBFPSZL1, B0FV7LR3NC, B0DWFQM1LB, B0F18D1HZT, B0DQHBLJYY, B0F6V67W2Z, B0F6V6F77D, B0FC267M7T]",amzn1.campaign.8L9SNMBK02KI,Monthly sales $100000 commission 10% quilting rulers for half year,BUZHIFF,2026-03-06,2026-12-30,10.00%,5000.0,5000.0,115,800,false
"[B0F7KCKDF1, B0G1BZ8J55, B0DTHJRZYT, B0FG2TL13J, B0FVDNL2SD, B0CNCTVS4L, B0DBHMY2T2, B0DYHMSLR3, B0CP36CP32]",amzn1.campaign.254DQYZO44KD9,🛠️ Workshop Setup Collaboration,POKIPO,2026-03-06,2027-03-04,10.00%,500000.0,500000.0,30,800,false
"[B0GGQZ6S9C, B0GGQBKT4C, B0GGQD7SXY, B0GGQTH5YB, B0GGQMKZVR]",amzn1.campaign.LVDLWNXTQACM,10% Commission! Y25D Maternity active shorts Invites Amazon Creators to Collab!,Y25D,2026-03-06,2027-03-03,10.00%,5000.0,5000.0,91,800,false
"[B0GBTHM1XX, B0GBRW76ZW]",amzn1.campaign.LSMG2EUKR0XX,春天复活节地插⏱️ BORING SPACE? → 10-SECOND SPRING GLOW-UP! 🌟,J-Fly,2026-03-06,2027-03-06,10.00%,5000.0,4998.32,77,800,false
"[B0DJBTMBQZ, B0DQ5Q8CCN, B0F6VB77RK, B0DQDXSKFS, B0DWFT7KVQ, B0F3JMVHMY, B0DQ5XCJ8F, B0DPDJZ4D5, B0F21DNL86, B0DYSQ7WSJ, B0DQDYW5QQ, B0DPDHGVBZ, B0F37MXH1T, B0DQ4ZB63H, B0FBFPSZL1, B0FV7LR3NC, B0DWFQM1LB, B0F18D1HZT, B0DQHBLJYY, B0F6V67W2Z, B0F6V6F77D, B0FC267M7T]",amzn1.campaign.2RYA6Y04Z4DCI,Monthly sales $100000 commission 10% quilting rulers for half year,BUZHIFF,2026-03-06,2026-12-31,10.00%,5000.0,5000.0,98,800,false
"[B0F7KCKDF1, B0G1BZ8J55, B0DTHJRZYT, B0FG2TL13J, B0FVDNL2SD, B0CNCTVS4L, B0DBHMY2T2, B0DYHMSLR3, B0CP36CP32]",amzn1.campaign.3LEJP9CY9BDKJ,🛠️ Creator Opportunity – Garage Tool Organizer,POKIPO,2026-03-06,2027-03-05,10.00%,500000.0,499970.57,31,800,false
"[B0D7PWLV7D, B0D7Q2WYDH, B0D7Q1VB8C, B0D7VK6PGD, B0D7VJ179W, B0D7Q3CZ57, B0D7Q5216Z, B0D7VJFDWV, B0D7Q2K7N7, B0D7PWKSJB, B0D7VJV782, B0D7Q3CZ4F, B0D7Q37MTL, B0D7Q1BZPB]",amzn1.campaign.J50TUE32PU7U,Kids' sunglasses with shatter-proof polarized lenses! 30% commission ! ! !-8444,EYEBUDDY,2026-03-06,2026-12-31,30.00%,5000.0,102.07,17,800,false
"[B0GKPBPXJ4, B0GKPB371S, B0GKPH56JY, B0GKP47R5G, B0FKYCJFM1, B0FY667NZ2, B0FJ6B57ZH, B0G4CVPT1Y, B0FX4W413F, B0G4CRVWLS, B0FK5363T3, B0FJ684YLZ, B0FKYP3BDD, B0FK56V8BT, B0FJ69NFWM, B0GFW4SNFR, B0FJ69SD86, B0G4CS3R81, B0FWK2L1S2, B0FWJZPBF2, B0GKPD9RZ7, B0FWK193KL, B0FWK24DPC, B0GKPLF414, B0G4CS7NPH, B0G5XYP18P, B0FWJSR77Z, B0FKY8RMKD, B0FKY8YY9L, B0FJ688BKH, B0GKPRWCGC, B0FKY3SC1H, B0GKPX9TB7, B0G4CV8T42, B0FY5RSVPB, B0GKPQ267K, B0GFW7R2HZ, B0GFVY6ZL6, B0FWK34266, B0G4CW6M9Y, B0FJ67WZNF, B0FX4VTVLH, B0GKP7VMB3, B0GKPL9RNK, B0GFW4DH2G, B0G4CS6N24, B0GKPJZD2P]",amzn1.campaign.2GJ0WI3MVVJCN,🔧Easy Install! LOHCEH Shower Door Multi Size Spring Renovation 🚿,LOHCEH,2026-03-07,2027-03-03,11.00%,5000.0,5000.0,95,800,false
"[B0GGQZ6S9C, B0GGQBKT4C, B0GGQD7SXY, B0GGQTH5YB, B0GGQMKZVR]",amzn1.campaign.G5ZCC1JFBNFP,10% Commission! Y25D Maternity active shorts Invites Amazon Creators to Collab!,Y25D,2026-03-06,2027-03-04,10.00%,5000.0,5000.0,90,800,false
[B0GK1F9VGP],amzn1.campaign.2EIRZ88ZL6H84,花朵地插💐 MEET YOUR GARDEN’S NEW BEST FRIENDS!,J-Fly,2026-03-06,2027-03-06,10.00%,5000.0,5000.0,73,800,false
"[B0DMJJXWS4, B0DMJ9KZ9D, B0DT3LXMGV, B0DMJNVDWY, B0DT3NQN82, B0DT3R3Z1X, B0DT3QHNNC, B0DKNCBBFW, B0DT3XZPR1, B0DT3Z21SR, B0DKN59PTQ, B0DT3JWYVZ, B0DT3ZPB25, B0DT3KBCM2, B0DMJG6WH4, B0FWK77SP5, B0DT3WBRMK, B0DMJF4P25]",amzn1.campaign.1GXJORWI9JBZE,🍵 My Amazon Wall Art Wabi-Sabi Zen Plan,ZUITINGHUA,2026-03-06,2027-03-06,15.00%,5000.0,5000.0,44,800,false
"[B0GKPBPXJ4, B0GKPB371S, B0GKPH56JY, B0GKP47R5G, B0FKYCJFM1, B0FY667NZ2, B0FJ6B57ZH, B0G4CVPT1Y, B0FX4W413F, B0G4CRVWLS, B0FK5363T3, B0FJ684YLZ, B0FKYP3BDD, B0FK56V8BT, B0FJ69NFWM, B0GFW4SNFR, B0FJ69SD86, B0G4CS3R81, B0FWK2L1S2, B0FWJZPBF2, B0GKPD9RZ7, B0FWK193KL, B0FWK24DPC, B0GKPLF414, B0G4CS7NPH, B0G5XYP18P, B0FWJSR77Z, B0FKY8RMKD, B0FKY8YY9L, B0FJ688BKH, B0GKPRWCGC, B0FKY3SC1H, B0GKPX9TB7, B0G4CV8T42, B0FY5RSVPB, B0GKPQ267K, B0GFW7R2HZ, B0GFVY6ZL6, B0FWK34266, B0G4CW6M9Y, B0FJ67WZNF, B0FX4VTVLH, B0GKP7VMB3, B0GKPL9RNK, B0GFW4DH2G, B0G4CS6N24, B0GKPJZD2P]",amzn1.campaign.NLZHEWLL3409,🎍Modern Minimalist LOHCEH Shower Door | Perfect Spring Bathroom Decor 🚿,LOHCEH,2026-03-07,2027-03-04,11.00%,5000.0,5000.0,102,800,false
"[B0GGQZ6S9C, B0GGQBKT4C, B0GGQD7SXY, B0GGQTH5YB, B0GGQMKZVR]",amzn1.campaign.1YHRV8860XY4W,10% Commission! Y25D Maternity active shorts Invites Amazon Creators to Collab!,Y25D,2026-03-06,2027-03-05,10.00%,5000.0,5000.0,83,800,false
"[B0GKPBPXJ4, B0GKPB371S, B0GKPH56JY, B0GKP47R5G, B0FKYCJFM1, B0FY667NZ2, B0FJ6B57ZH, B0G4CVPT1Y, B0FX4W413F, B0G4CRVWLS, B0FK5363T3, B0FJ684YLZ, B0FKYP3BDD, B0FK56V8BT, B0FJ69NFWM, B0GFW4SNFR, B0FJ69SD86, B0G4CS3R81, B0FWK2L1S2, B0FWJZPBF2, B0GKPD9RZ7, B0FWK193KL, B0FWK24DPC, B0GKPLF414, B0G4CS7NPH, B0G5XYP18P, B0FWJSR77Z, B0FKY8RMKD, B0FKY8YY9L, B0FJ688BKH, B0GKPRWCGC, B0FKY3SC1H, B0GKPX9TB7, B0G4CV8T42, B0FY5RSVPB, B0GKPQ267K, B0GFW7R2HZ, B0GFVY6ZL6, B0FWK34266, B0G4CW6M9Y, B0FJ67WZNF, B0FX4VTVLH, B0GKP7VMB3, B0GKPL9RNK, B0GFW4DH2G, B0G4CS6N24, B0GKPJZD2P]",amzn1.campaign.27QWV46YOBTAV,✨No Leaks! LOHCEH Shower Door Waterproof Spring Bathroom Essential 🚿,LOHCEH,2026-03-07,2027-03-05,11.00%,5000.0,5000.0,93,800,false
"[B0GGQZ6S9C, B0GGQBKT4C, B0GGQD7SXY, B0GGQTH5YB, B0GGQMKZVR]",amzn1.campaign.1J5YQ39R1ARD0,10% Commission! Y25D Maternity active shorts Invites Amazon Creators to Collab!,Y25D,2026-03-06,2027-03-06,10.00%,5000.0,4993.76,50,800,false
"[B0GKPBPXJ4, B0GKPB371S, B0GKPH56JY, B0GKP47R5G, B0FKYCJFM1, B0FY667NZ2, B0FJ6B57ZH, B0G4CVPT1Y, B0FX4W413F, B0G4CRVWLS, B0FK5363T3, B0FJ684YLZ, B0FKYP3BDD, B0FK56V8BT, B0FJ69NFWM, B0GFW4SNFR, B0FJ69SD86, B0G4CS3R81, B0FWK2L1S2, B0FWJZPBF2, B0GKPD9RZ7, B0FWK193KL, B0FWK24DPC, B0GKPLF414, B0G4CS7NPH, B0G5XYP18P, B0FWJSR77Z, B0FKY8RMKD, B0FKY8YY9L, B0FJ688BKH, B0GKPRWCGC, B0FKY3SC1H, B0GKPX9TB7, B0G4CV8T42, B0FY5RSVPB, B0GKPQ267K, B0GFW7R2HZ, B0GFVY6ZL6, B0FWK34266, B0G4CW6M9Y, B0FJ67WZNF, B0FX4VTVLH, B0GKP7VMB3, B0GKPL9RNK, B0GFW4DH2G, B0G4CS6N24, B0GKPJZD2P]",amzn1.campaign.E5GKLR6OM2J0,🛡️Safe & Sturdy LOHCEH Shower Door | Ideal Spring Bathroom Must-Have 🚿,LOHCEH,2026-03-07,2027-03-06,11.00%,5000.0,5000.0,98,800,false
"[B0GL3PXB5X, B0GL39SBCX]",amzn1.campaign.2NCFW7RHT2DTW,Dreamplay Toy Gun Compatible with Lego,Dreamplay,2026-03-06,2027-03-06,30.00%,1000000.0,999896.74,0,800,false
"[B0GK86CYS1, B0GK834NG9, B0GK879Q6S, B0GK8CGH13, B0GK8DJYM5]",amzn1.campaign.LXGPFTPEI747,CLL-海洋浴垫-创作者-3.5,Divtada,2026-03-06,2026-09-30,10.00%,5000.0,4944.35,55,800,false
[B0FMK64Y7H],amzn1.campaign.1K8B0R3U3L6CF,5% Minoxidil-3.5-16,BLISSMATE,2026-03-07,2027-02-20,10.00%,10000.0,10000.0,93,800,false
"[B0F7KCKDF1, B0G1BZ8J55, B0DTHJRZYT, B0FG2TL13J, B0FVDNL2SD, B0CNCTVS4L, B0DBHMY2T2, B0DYHMSLR3, B0CP36CP32]",amzn1.campaign.ZA9Y37IE6ZK7,🛠️ Garage Organization Campaign – Creator Collaboration,POKIPO,2026-03-06,2027-03-06,10.00%,500000.0,499988.4,35,800,false
[B0FMK64Y7H],amzn1.campaign.2RABEG7772VJO,5% Minoxidil-3.5-15,BLISSMATE,2026-03-07,2027-02-21,10.00%,10000.0,10000.0,92,800,false
"[B0GKPBPXJ4, B0GKPB371S, B0GKPH56JY, B0GKP47R5G, B0FKYCJFM1, B0FY667NZ2, B0FJ6B57ZH, B0G4CVPT1Y, B0FX4W413F, B0G4CRVWLS, B0FK5363T3, B0FJ684YLZ, B0FKYP3BDD, B0FK56V8BT, B0FJ69NFWM, B0GFW4SNFR, B0FJ69SD86, B0G4CS3R81, B0FWK2L1S2, B0FWJZPBF2, B0GKPD9RZ7, B0FWK193KL, B0FWK24DPC, B0GKPLF414, B0G4CS7NPH, B0G5XYP18P, B0FWJSR77Z, B0FKY8RMKD, B0FKY8YY9L, B0FJ688BKH, B0GKPRWCGC, B0FKY3SC1H, B0GKPX9TB7, B0G4CV8T42, B0FY5RSVPB, B0GKPQ267K, B0GFW7R2HZ, B0GFVY6ZL6, B0FWK34266, B0G4CW6M9Y, B0FJ67WZNF, B0FX4VTVLH, B0GKP7VMB3, B0GKPL9RNK, B0GFW4DH2G, B0G4CS6N24, B0GKPJZD2P]",amzn1.campaign.35XQNCD0MF8U6,🚿Spring Bathroom Upgrade! LOHCEH Shower Door Safe & Stylish 🛁,LOHCEH,2026-03-07,2027-03-07,11.00%,5000.0,5000.0,93,800,false
[B0FMK64Y7H],amzn1.campaign.1J6V39NOU0LJ0,5% Minoxidil-3.5-14,BLISSMATE,2026-03-07,2027-02-22,10.00%,10000.0,10000.0,94,800,false
"[B0DMCXZH2C, B0DMCW1Q52, B0DKNDQ46H, B0DKMVC894, B0DT3XS6L5, B0DT3W2T76, B0DT3QHNNB, B0DT3DLBGG, B0FJFFYNG4, B0DT3S7646, B0DKMWS5KV, B0DT3MC3YC, B0DKN9SJTW, B0DT3PNS55, B0DMD16KQ2, B0DT39SMN8, B0DT3F5L2L, B0DMDHCFWC, B0DMDJXV49, B0DT3MTJQS, B0DKN6THJZ, B0DKN8LJ8Y, B0DKNJ55DW, B0DMDG2KMN, B0DKN2MXR8, B0DMD8FYXX, B0DMCBMWS6, B0DKNC9JQX, B0DKN348K3, B0DKNGJJF5, B0DKNG59HJ, B0DMCRTS65, B0DMCK99CC, B0DMDH991F, B0DMCZ81MN]",amzn1.campaign.2X75OWCQ0R4OL,🏡 My Amazon Wall Art American Vintage Plan,ZUITINGHUA,2026-03-06,2027-03-06,15.00%,5000.0,4993.25,54,800,false
"[B0FC2F46GB, B0FC2F4RMM, B0FC2B8HSV, B0FSCYQ3HF, B0FT7B7WG2, B0FC2DXZZ7, B0GGGJGRKR, B0FC2H4C4X, B0FC2DKGBN, B0FC2HMWCB, B0FT76ZRZX, B0FC2JGCYH, B0FQTTZYL7, B0FC2GLFLR, B0FC2C71CX, B0FX2RHQRR, B0FC2C6RXH, B0GGH4SK3P]",amzn1.campaign.39J6Z0LMQN5WG,DD DEMOISELLE Bandeau Tube Tops for Womens with Built in Bra commission rate 10%,DD DEMOISELLE,2026-03-06,2027-03-06,10.00%,5000.0,5000.0,42,800,false
[B0FMK64Y7H],amzn1.campaign.2DZ48OSHEXL5J,5% Minoxidil-3.5-13,BLISSMATE,2026-03-07,2027-02-23,10.00%,10000.0,10000.0,94,800,false
[B0FMK64Y7H],amzn1.campaign.BYOM3S510DF2,5% Minoxidil-3.5-12,BLISSMATE,2026-03-07,2027-02-24,10.00%,10000.0,10000.0,101,800,false
"[B0DPCDCDXT, B0DD7B1ZDQ, B0D7Q99TR1, B0CXM5KXTJ, B0CXM254KD, B0CM611KYG, B0DF1KP3RJ, B0D7Q6Z27T]",amzn1.campaign.2ELJI37T320VT,"🏆 AMAZON'S CHOICE: 10% off 30"" bamboo board for BBQ!#Eva",GarveeHome,2026-03-06,2026-09-30,11.00%,30000.0,30000.0,39,800,false
"[B0F31SG6XQ, B0F31SHXR6, B0F31V975X]",amzn1.campaign.3ETJYCDYNP7AE,Redants Heat Manifold Replacement Kit,Redants,2026-03-06,2027-03-06,10.00%,10000.0,9983.3,46,800,false
[B0FCS5QFCR],amzn1.campaign.3MMIDGMTF5X5Z,Toy gun compatible with Legos,DITOON,2026-03-06,2027-03-06,30.00%,1000000.0,999252.58,1,800,false
[B0DSKD2731],amzn1.campaign.3R1IMM4OM9P1L,Collaboration Opportunity - S3213 Fuel Water Separator Marine - 15% Commission,Arbriaty,2026-03-06,2027-03-06,15.00%,5000.0,4996.44,76,800,false
[B0GF231J3R],amzn1.campaign.1DE0IIRSLIZW6,Set of 3 Easter Lighted Gift Boxes Outdoor Easter Home Yard Lawn Decor,BeePeep,2026-03-06,2026-09-30,10.00%,5000.0,5000.0,41,800,false
"[B0FN3N17X6, B0FR1WMGWN, B0FLPF16Q8, B0FLPNCXKN, B0FR923D14, B0FLPL1FY5, B0FLQ6SFR6, B0FN3Q322G, B0FN3RDQDN, B0FLPS66PK, B0GCPSC6KM]",amzn1.campaign.1Z7SDNIC3DG0,100% Balckout New Chenille Curtains - OY12 Series,Macochico,2026-03-06,2027-03-06,10.00%,5000.0,4913.04,17,800,false
"[B07QKWBS8T, B0F53K6FV2, B09JSYTVL3, B0B212PQ5V, B0B211FGWN, B0BYS3CFMC, B0B1ZZ7JJK, B09JSZ2HKF, B0BYS5QFGD, B0F53HPRSS, B0BYS7JCQN, B09JSZ5W1D, B07QLS177N, B0BYS5N8TZ, B09JSYBDJJ, B0B1ZZ1HFN]",amzn1.campaign.2K40OIZCLVBRF,Dsource Low Cut Cycling Soccer RunningTennis Copper Socks commission rate 10%,DSOURCE,2026-03-06,2027-03-06,10.00%,5000.0,4998.4,68,800,false
"[B0G12ZBQGB, B0G12ZCL8Y, B0G134VLTF, B0G12Z8MJ6, B0G1349B7C, B0G12ZBWQP, B0G1325SY6, B0G133Z8F3, B0G1394HFH, B0G138YVKR]",amzn1.campaign.186MNGPEZQJZO,HighSales+10%+  B0G12Z8MJ6+Dog Dresses for Large Dogs Girl,Zyvora,2026-03-06,2026-09-30,10.00%,5000.0,4997.96,36,800,false
[B09D2RJB9N],amzn1.campaign.JEMVS98L42UJ,9003542 Natural Gas Pilot Assembly,Dozont,2026-03-06,2027-03-06,10.00%,5000.0,4973.0,51,800,false
"[B0FDKQ85LH, B0GJJDQLQ8, B0FDKQQ63M, B0GJKC89P2, B0GJHX7YTL, B0FDKMVJHZ, B0FDKSC79Q, B0FDKQD5FH, B0GJJG8H4Y, B0GJJZWT19, B0FDKQTDDD, B0GJJ71CBN, B0GJJ9SF3C, B0FDKQDBDM, B0FDKQGGMB, B0FDKNTSL4, B0GJJVBXM2, B0FDKQNBS9, B0FDKMFCMY, B0GJJBVB3S, B0GJJZJZWH, B0GJJ6YGJK, B0FDKNX36Z, B0GJJ729PN, B0FDKQB58Y, B0FDKQKY42, B0FDKQYF6M, B0GJHX8LNT, B0GJJZKH8L, B0GJJMVHPK, B0GJKC49QB, B0FDKPNQT8, B0FDKPZRZF]",amzn1.campaign.12TX031JQJFV6,10% B0FDKQ7XB6 Lolanta Girls Metallic Shirts with Arm Sleeves,Lolanta,2026-03-06,2027-03-01,10.00%,5000.0,4983.5,27,800,false
[B0FT2N44CD],amzn1.campaign.1DB073FLWEHKP,Manicure Hand Rests commission: 20%,Klimonla,2026-03-06,2027-03-06,20.00%,5000.0,5000.0,33,800,false
"[B0DD79435W, B0FHKQPDCQ, B0FVM629VM, B0D8V6H474, B0FHJ3Z8ZP, B0FGJZFGYN, B0D8VP3YNX, B0FJF1PF8H, B0FGV95WL8, B0CPSKR6L5]",amzn1.campaign.11YNMAX6E7KCU,Big City. Small Flame. Endless Evenings. Because every apartment deserves a glow,HGD,2026-03-06,2027-02-01,10.03%,5000.0,4997.74,71,800,false
[B0C78G8QXC],amzn1.campaign.26VCMXL7682EG,BEEST - Creator Connection - Solar Sheen - 32 OZ - B0C78G8QXC,BEEST,2026-03-06,2026-12-31,15.00%,100000.0,99822.29,15,800,false
"[B0DB5HR1RQ, B0CXXDKXQW, B0CXX57KDW, B0DK3KBYPV, B0D5HNT5S8, B0CXWRC48R, B0DB54196W, B0CXWRMKMM, B0DB53T49K, B0D5HQXL4K, B0D5HR2CXX, B0D5HR3QBV, B0FK1QP7ZM, B0DK3KMRK5, B0FL6TCNPW, B0CXWZ8728, B0CXWXBHDK, B0DK3J3V3Q, B0D5HPCDH6, B0DK3H7YX1, B0D5HSHDF2, B0CXX4FW2D, B0D5HKYM3W, B0CXWYVXZN, B0FK1SMZV3, B0D5HRXQ7Y, B0CXWVCMGF, B0DB4Y4S6T, B0CXWXG5DS, B0DB5BN67W, B0D5HQVM44, B0D5HQT7G7, B0CXX9WNPV, B0CXWXWNLR, B0CXX231MF, B0CXX9WKHS, B0DK3HRK78, B0CXX7T37T, B0FK1M8X5S, B0CXWTNB3D, B0CXWN5N4G, B0CXWXGVDP, B0CXWL63B6, B0FK1MGX6N, B0CXWRBRTX]",amzn1.campaign.3EEMHA8U8IE3Z,10% B0CXWMZMST  LOLANTA Girls Metallic Jogger Pants,Lolanta,2026-03-06,2027-03-01,10.00%,5000.0,4940.44,26,800,false
"[B0DP2FW6WD, B0DP2G223P, B0DP2GFM8F, B0DP2H9NM8, B0DP2GBDKD]",amzn1.campaign.H81SGFPK09Y3,🔥🔥🔥 Tangle Free Aviator Sunglasses! Bestseller!!🔥🔥SG2415,SODQW,2026-03-07,2027-03-07,10.00%,999999.0,999999.0,88,800,false
[B0BTZ9BGGX],amzn1.campaign.34B71AS0P8OB7,BEEST - Creator Connection - Solar Sheen - 1 G - B0BTZ9BGGX,BEEST,2026-03-06,2026-12-31,15.00%,100000.0,99286.57,0,800,false
"[B0GJL3VCFK, B0CJP34HKH, B0GJL36TRZ, B0FD9TF9XD, B0FD9TTYQR, B0GJLK2TTJ, B0GJ5VGDCK, B0F33NSC27, B0FD9TKHRZ, B0FD9TZKXG, B0GJL9QJYR, B0GJL3Z1WK, B0GJL6LZB9, B0FD9W2MXC, B0GJLHBXHB, B0D8B8LCBC, B0FSJJ7MLL, B0GHWTXGJX, B0CJP1XZ1Y, B0GJL39RJV, B0GJL68DX2, B0GJKWP832, B0GJL6D2XP, B0FWXXRFV5, B0D8B8KYZL, B0FD9SHF4W, B0D8B9BCM8, B0FWXW61SY, B0GJL67VJF, B0FD9Y1C13, B0FD9SPMGJ, B0GJL6VFXB, B0FD9VM23G, B0FD9X2Q9F, B0FWXW9X4X, B0D8BBXH9Y, B0DSK8S4H8, B0FD9S6RMM, B0FD9V6HK1, B0DB5HFQ24, B0FD9TXWTW, B0FD9TN5SS, B0GJLGRT71, B0DSKB53HX, B0FD9VPZZ4, B0FD9VYCV9, B0D8B11H6W, B0GJL7J67W, B0F338GXBW, B0D8BD6DX8, B0FD9VGYNW, B0FD9VM2XF, B0FD9WYPG1, B0DSHXX686]",amzn1.campaign.Q7QTLST3QW4,"📚Reading & Daily Wear: DOERAYMI Blue Light Glasses, Comfort & Chic!",DOERAYMI,2026-03-07,2027-03-02,11.00%,5000.0,5000.0,86,800,false
"[B0FZ9H6XM4, B0FZ9GCJTM, B0FZ9L3H4P, B0FZ9KBBYS, B0FZ9GG38N, B0FZ9FVMV9, B0FZ9DRK9K, B0FZ9DKX2L, B0FZ9JZYR1]",amzn1.campaign.V0Y4S9RATS5P,Daules Highlight Hidden Strip Deep Wave Wig | 15% Commission,Daules,2026-03-06,2027-01-31,15.00%,5000.0,5000.0,41,800,false
"[B0GJL3VCFK, B0CJP34HKH, B0GJL36TRZ, B0FD9TF9XD, B0FD9TTYQR, B0GJLK2TTJ, B0GJ5VGDCK, B0F33NSC27, B0FD9TKHRZ, B0FD9TZKXG, B0GJL9QJYR, B0GJL3Z1WK, B0GJL6LZB9, B0FD9W2MXC, B0GJLHBXHB, B0D8B8LCBC, B0FSJJ7MLL, B0GHWTXGJX, B0CJP1XZ1Y, B0GJL39RJV, B0GJL68DX2, B0GJKWP832, B0GJL6D2XP, B0FWXXRFV5, B0D8B8KYZL, B0FD9SHF4W, B0D8B9BCM8, B0FWXW61SY, B0GJL67VJF, B0FD9Y1C13, B0FD9SPMGJ, B0GJL6VFXB, B0FD9VM23G, B0FD9X2Q9F, B0FWXW9X4X, B0D8BBXH9Y, B0DSK8S4H8, B0FD9S6RMM, B0FD9V6HK1, B0DB5HFQ24, B0FD9TXWTW, B0FD9TN5SS, B0GJLGRT71, B0DSKB53HX, B0FD9VPZZ4, B0FD9VYCV9, B0D8B11H6W, B0GJL7J67W, B0F338GXBW, B0D8BD6DX8, B0FD9VGYNW, B0FD9VM2XF, B0FD9WYPG1, B0DSHXX686]",amzn1.campaign.2H3RCCRESGIIW,💻Office Must-Have: DOERAYMI Blue Light Glasses for Comfort & Style!,DOERAYMI,2026-03-07,2027-03-03,11.00%,5000.0,5000.0,81,800,false
"[B0GJL3VCFK, B0CJP34HKH, B0GJL36TRZ, B0FD9TF9XD, B0FD9TTYQR, B0GJLK2TTJ, B0GJ5VGDCK, B0F33NSC27, B0FD9TKHRZ, B0FD9TZKXG, B0GJL9QJYR, B0GJL3Z1WK, B0GJL6LZB9, B0FD9W2MXC, B0GJLHBXHB, B0D8B8LCBC, B0FSJJ7MLL, B0GHWTXGJX, B0CJP1XZ1Y, B0GJL39RJV, B0GJL68DX2, B0GJKWP832, B0GJL6D2XP, B0FWXXRFV5, B0D8B8KYZL, B0FD9SHF4W, B0D8B9BCM8, B0FWXW61SY, B0GJL67VJF, B0FD9Y1C13, B0FD9SPMGJ, B0GJL6VFXB, B0FD9VM23G, B0FD9X2Q9F, B0FWXW9X4X, B0D8BBXH9Y, B0DSK8S4H8, B0FD9S6RMM, B0FD9V6HK1, B0DB5HFQ24, B0FD9TXWTW, B0FD9TN5SS, B0GJLGRT71, B0DSKB53HX, B0FD9VPZZ4, B0FD9VYCV9, B0D8B11H6W, B0GJL7J67W, B0F338GXBW, B0D8BD6DX8, B0FD9VGYNW, B0FD9VM2XF, B0FD9WYPG1, B0DSHXX686]",amzn1.campaign.2SRL8AFNXEIB3,🌴Vacation & Beach Ready: DOERAYMI Blue Light Glasses Protect Eyes in Style!,DOERAYMI,2026-03-07,2027-03-04,11.00%,5000.0,5000.0,74,800,false
"[B0GJL3VCFK, B0CJP34HKH, B0GJL36TRZ, B0FD9TF9XD, B0FD9TTYQR, B0GJLK2TTJ, B0GJ5VGDCK, B0F33NSC27, B0FD9TKHRZ, B0FD9TZKXG, B0GJL9QJYR, B0GJL3Z1WK, B0GJL6LZB9, B0FD9W2MXC, B0GJLHBXHB, B0D8B8LCBC, B0FSJJ7MLL, B0GHWTXGJX, B0CJP1XZ1Y, B0GJL39RJV, B0GJL68DX2, B0GJKWP832, B0GJL6D2XP, B0FWXXRFV5, B0D8B8KYZL, B0FD9SHF4W, B0D8B9BCM8, B0FWXW61SY, B0GJL67VJF, B0FD9Y1C13, B0FD9SPMGJ, B0GJL6VFXB, B0FD9VM23G, B0FD9X2Q9F, B0FWXW9X4X, B0D8BBXH9Y, B0DSK8S4H8, B0FD9S6RMM, B0FD9V6HK1, B0DB5HFQ24, B0FD9TXWTW, B0FD9TN5SS, B0GJLGRT71, B0DSKB53HX, B0FD9VPZZ4, B0FD9VYCV9, B0D8B11H6W, B0GJL7J67W, B0F338GXBW, B0D8BD6DX8, B0FD9VGYNW, B0FD9VM2XF, B0FD9WYPG1, B0DSHXX686]",amzn1.campaign.1K080CBTXIC0S,"👑DOERAYMI Blue Light Glasses: Anti-Fatigue, Eye Protection, Trendy Looks!",DOERAYMI,2026-03-07,2027-03-05,11.00%,5000.0,5000.0,84,800,false
"[B0FXLPP2C4, B0FXL2G8SG, B0FXLRYTLJ, B0FXLSGBLD, B0FXLQ344M, B0FXLRXTWQ, B0FXLQJGPZ, B0FXLQQFZW, B0FXLP262Z, B0FXLPKZVR, B0FXLP5P1G, B0FXLPM497, B0FXLSBQKY, B0FXLNNN9P, B0FXLQ6DJQ, B0FXLPKNB4, B0FXLQ5H51, B0FXL65NGT, B0FXLPTD4H, B0FXL6BF49, B0FXLNW6L5, B0FXLPZYBC, B0FXLPVJM5, B0FXLPLXPM, B0FXLS57NS]",amzn1.campaign.3GLAOA9T598YT,HighSales+10%+  B0FXLSBQKY+Gift Travel Jewelry Case,Zyvora,2026-03-06,2026-09-30,10.00%,5000.0,4980.41,29,800,false
"[B0GJL3VCFK, B0CJP34HKH, B0GJL36TRZ, B0FD9TF9XD, B0FD9TTYQR, B0GJLK2TTJ, B0GJ5VGDCK, B0F33NSC27, B0FD9TKHRZ, B0FD9TZKXG, B0GJL9QJYR, B0GJL3Z1WK, B0GJL6LZB9, B0FD9W2MXC, B0GJLHBXHB, B0D8B8LCBC, B0FSJJ7MLL, B0GHWTXGJX, B0CJP1XZ1Y, B0GJL39RJV, B0GJL68DX2, B0GJKWP832, B0GJL6D2XP, B0FWXXRFV5, B0D8B8KYZL, B0FD9SHF4W, B0D8B9BCM8, B0FWXW61SY, B0GJL67VJF, B0FD9Y1C13, B0FD9SPMGJ, B0GJL6VFXB, B0FD9VM23G, B0FD9X2Q9F, B0FWXW9X4X, B0D8BBXH9Y, B0DSK8S4H8, B0FD9S6RMM, B0FD9V6HK1, B0DB5HFQ24, B0FD9TXWTW, B0FD9TN5SS, B0GJLGRT71, B0DSKB53HX, B0FD9VPZZ4, B0FD9VYCV9, B0D8B11H6W, B0GJL7J67W, B0F338GXBW, B0D8BD6DX8, B0FD9VGYNW, B0FD9VM2XF, B0FD9WYPG1, B0DSHXX686]",amzn1.campaign.3J9MX01JSOQMB,✨Stylish Blue Light Glasses for Women: Eye Care + Perfect Outfit Match!,DOERAYMI,2026-03-07,2027-03-06,11.00%,5000.0,5000.0,80,800,false
"[B0FKGXDZ6F, B0FKGVHXG4, B0FKGXF2J2, B0FKGVWWWW]",amzn1.campaign.3DH273GTC509S,🔥🔥🔥 Tangle Free Aviator Sunglasses! Bestseller!!🔥🔥SG2415-N,SODQW,2026-03-07,2027-03-06,10.00%,999999.0,999999.0,89,800,false
"[B0D7VQB8G3, B0851C16MB, B0851CBCX5, B076ZPGMQB, B08DR9SC5P, B076ZKV75Q, B076ZW261C, B07BFR24Y3, B07BFQYMLT, B076ZM9GDH, B0CKHGMW83, B0G43PG2NG, B08DQX7PSY, B076Y1KGG6, B076ZHNTY7, B0851C8DZT, B07WTLYRTC]",amzn1.campaign.3SQVIFBHFF72W,Forfoot Fuzzy Warm Slippers Comfy Indoor Bedroom Slippers commission rate 10%,Forfoot,2026-03-06,2027-03-06,10.00%,5000.0,5000.0,76,800,false
"[B0GK929BTK, B0GK9BCPFP, B0GK96S9BC]",amzn1.campaign.OPA365E72TK8,14.5-15 inch universal fit leather steering wheel cover,ernica,2026-03-06,2026-11-30,15.00%,300000.0,299725.89,14,800,false
"[B0GJL3VCFK, B0CJP34HKH, B0GJL36TRZ, B0FD9TF9XD, B0FD9TTYQR, B0GJLK2TTJ, B0GJ5VGDCK, B0F33NSC27, B0FD9TKHRZ, B0FD9TZKXG, B0GJL9QJYR, B0GJL3Z1WK, B0GJL6LZB9, B0FD9W2MXC, B0GJLHBXHB, B0D8B8LCBC, B0FSJJ7MLL, B0GHWTXGJX, B0CJP1XZ1Y, B0GJL39RJV, B0GJL68DX2, B0GJKWP832, B0GJL6D2XP, B0FWXXRFV5, B0D8B8KYZL, B0FD9SHF4W, B0D8B9BCM8, B0FWXW61SY, B0GJL67VJF, B0FD9Y1C13, B0FD9SPMGJ, B0GJL6VFXB, B0FD9VM23G, B0FD9X2Q9F, B0FWXW9X4X, B0D8BBXH9Y, B0DSK8S4H8, B0FD9S6RMM, B0FD9V6HK1, B0DB5HFQ24, B0FD9TXWTW, B0FD9TN5SS, B0GJLGRT71, B0DSKB53HX, B0FD9VPZZ4, B0FD9VYCV9, B0D8B11H6W, B0GJL7J67W, B0F338GXBW, B0D8BD6DX8, B0FD9VGYNW, B0FD9VM2XF, B0FD9WYPG1, B0DSHXX686]",amzn1.campaign.2ADCXHQOXECY2,👓DOERAYMI Blue Light Glasses: Protect Eyes & Look Fashionable Every Day!,DOERAYMI,2026-03-07,2027-03-07,11.00%,5000.0,5000.0,80,800,false
"[B0DP8YWKF8, B0DP921BN2, B0DP8ZTSYJ, B0DP8ZRRHJ]",amzn1.campaign.4CCHFJI3R3JL,🔥🔥🔥 Tangle Free Aviator Sunglasses! Bestseller!!🔥🔥SG6002,SODQW,2026-03-07,2027-03-07,10.00%,999999.0,999999.0,72,800,false
"[B0FX4T2ZP7, B0F21CGJLW, B0FX4P3DN2, B0F21D241K, B0F21FLC96, B0FX4TTVMB, B0FX4WKLJ5, B0F21CHP95, B0F21C8JWQ, B0F21F6HCS, B0F21CQSN1, B0FX4Q4LR3, B0FX4W5X2Z, B0F21B4ZDF, B0F21D18N1, B0F21DSS73, B0F21CF9ZB, B0FX513NDZ, B0F21DXGJF, B0FX4WBDBR, B0F21D18NF, B0FX4STRBC, B0FX4V65BS, B0F21D3VKT, B0F21DWZRQ]",amzn1.campaign.WQTDD3CPAW14,10% B0F2125QYX LOLANTA Girls Hip Hop Dance Clothes 2 Piece,Lolanta,2026-03-06,2027-03-01,10.00%,5000.0,4974.7,33,800,false
"[B0FDVGY8KP, B0FDW1HKKG, B0FDVGDW6Z, B0FDWMW7S3, B0FDVG5VMM, B0FDVH7945, B0FDVHB6MV]",amzn1.campaign.OHCBU4O324WJ,🔥🔥🔥 Tangle Free Aviator Sunglasses! Bestseller!!🔥🔥SG6002-2pack,SODQW,2026-03-07,2027-03-06,10.00%,999999.0,999999.0,82,800,false
"[B0FGCNYRRZ, B0CR6G7GX4, B0FSL65DST, B0D7VJ99Z6, B0D7VJ56T8, B0CQ898S4B, B0D1C75G9L, B0D7VH28H5]",amzn1.campaign.34GOIUIDTZYUN,"Built for Hands. Passed Through Time. Your Fire, Reimagined – HGD Starters",HGD,2026-03-06,2027-01-01,10.03%,5000.0,4996.31,58,800,false
[B0FL9HTR3M],amzn1.campaign.1IGK42SZXDPMD,BEEST - Creator Connection - Dumpster Defender - 15 lbs - B0FL9HTR3M,BEEST,2026-03-06,2026-12-31,10.00%,100000.0,99987.5,25,800,false
"[B0GHR32G1V, B0GHQPS7BK, B0GHQQKF5L, B0GHQBCGLC, B0GHQGYLJZ, B0GHQJQ4HB, B0GHQR9Y4D, B0GHQZX4CQ, B0GHR32G2H, B0GHQBHY7J, B0GHQBCKQM, B0GHQN3YHY, B0GHR1XFJG, B0GHQQ82TG, B0GHQH3LLK, B0GHQG3LXS, B0GHQPH5ZP, B0GHQJG393, B0GHQBFKB5, B0GHR19Z5B, B0GHQRSSV4, B0GHR4HP93, B0GHQV7SG5, B0GHQSQBBS, B0GHR3ZZZJ, B0GHR1755W]",amzn1.campaign.LNZCLZ2CGGRV,Grey car cover NEW,Tozaroa,2026-03-06,2026-12-31,15.00%,20000.0,19830.76,43,800,false
"[B0D9LL9P1G, B0GFY5BFP9, B0D9LMR8WV, B09QM6F6SL, B0D9LLF3DR, B09QM3WL5H, B0D9LMJ478, B0D9LMHJMR, B0D9LLM4CP, B0GFYDN2SW, B0D9LLQYJQ, B0BQDWBXM9, B0GFYHJ3FW, B0GFYDCVPC, B0GFYHRVRP, B0D9LKD3JX]",amzn1.campaign.1V4BZGKNSUPU7,10% B09QM41M3J LOLANTA Girls Hip Hop Dance Clothes 3PCS,Lolanta,2026-03-06,2027-03-01,10.00%,5000.0,4944.94,23,800,false
"[B0DYJWHVQV, B0DYJRQ245, B0DYJW73SB, B0DYJTBKYS, B0DYJTGPK6, B0DYJTZYWS, B0DYJTV86B, B0DYJTK6B8, B0DYJVRRXW, B0DYJV3B5W, B0DYJR6C37, B0DYJV86K2]",amzn1.campaign.NSVH5F4IMUIB,BCT-4(3),Beauty Cry,2026-03-06,2026-12-31,10.00%,5000.0,5000.0,43,800,false
"[B0FWK3QRSY, B0FWK1CPJW]",amzn1.campaign.AJD6PCZQP4OW,HighSales+10%+  B0FWK1CPJW+Pilates Equipment Set,Zyvora,2026-03-06,2026-09-30,10.00%,5000.0,4960.16,27,800,false
[B0FL9QLHFX],amzn1.campaign.1XLLO0UG2W96Q,BEEST - Creator Connection - Dumpster Defender - 8 lbs - B0FL9QLHFX,BEEST,2026-03-06,2026-12-31,10.00%,100000.0,99985.0,28,800,false
"[B0DYJWHVQV, B0DYJRQ245, B0DYJW73SB, B0DYJTBKYS, B0DYJTGPK6, B0DYJTZYWS, B0DYJTV86B, B0DYJTK6B8, B0DYJVRRXW, B0DYJV3B5W, B0DYJR6C37, B0DYJV86K2]",amzn1.campaign.2LDIN3KJ63FFK,BCT-4(2),Beauty Cry,2026-03-06,2026-11-30,10.00%,5000.0,5000.0,79,800,false
[B0FMK64Y7H],amzn1.campaign.K60I7U4RGGSC,5% Minoxidil-3.5-11,BLISSMATE,2026-03-07,2027-02-25,10.00%,10000.0,10000.0,102,800,false
[B0DG5VPHQF],amzn1.campaign.TDHY55ZEI3XP,Your 2026 Blood Sugar Management Must-Have: The Diabetes Testing Kit G-425-2V,LinkSun,2026-03-06,2026-11-30,11.00%,5000.0,4948.88,30,800,false
"[B0DYJWHVQV, B0DYJRQ245, B0DYJW73SB, B0DYJTBKYS, B0DYJTGPK6, B0DYJTZYWS, B0DYJTV86B, B0DYJTK6B8, B0DYJVRRXW, B0DYJV3B5W, B0DYJR6C37, B0DYJV86K2]",amzn1.campaign.9QRY5VOBOV0X,BCT-4,Beauty Cry,2026-03-06,2026-12-01,10.00%,5000.0,4985.5,84,800,false
[B0DV1239JQ],amzn1.campaign.19HJ37UMDFCCT,BEEST - Creator Connection - Dumpster Defender - 3 lbs - B0DV1239JQ,BEEST,2026-03-06,2026-12-31,15.00%,100000.0,99379.0,8,800,false
[B0GJNJRPR6],amzn1.campaign.33N0JRZG4J1EK,[15% Sales Commission] JACYAO's Extractable Magnetic Wooden Bread Lame,JACYAO'S,2026-03-06,2027-03-06,15.00%,5000.0,4754.06,22,800,false
[B0FMK64Y7H],amzn1.campaign.221CNQKXTHRKX,5% Minoxidil-3.5-10,BLISSMATE,2026-03-07,2027-02-26,10.00%,10000.0,10000.0,93,800,false
[B0GF1MCJNW],amzn1.campaign.2X6HN7HDOGN7U,Beepee 38 Inch Lighted Easter Outdoor Decorations Yard with 120L,BeePeep,2026-03-06,2026-09-30,10.00%,5000.0,5000.0,44,800,false
[B0FSZ18RK3],amzn1.campaign.27DTJVELL4TXV,吹叶机,SOUSKY,2026-03-06,2027-02-28,10.00%,5000.0,4993.0,46,800,false
"[B0C1SGLF3Z, B0CGHN13K9, B0C27DMND6]",amzn1.campaign.3L9YSNTW7GMOW,"PLAY 10 Puzzle Play Mat, Baby Floor Play Mat commission rate 10%",PLAY 10,2026-03-06,2027-03-06,10.00%,5000.0,5000.0,83,800,false
[B0FMK64Y7H],amzn1.campaign.3H4OHEYIXD876,5% Minoxidil-3.5-9,BLISSMATE,2026-03-07,2027-02-27,10.00%,10000.0,10000.0,95,800,false
"[B0G6395RHT, B0G62M66C5]",amzn1.campaign.ZHB2MFFQVKV,152链接,ROOMFAVE,2026-03-06,2026-12-31,10.00%,100000.0,99826.56,19,800,false
"[B0FDVGY8KP, B0FDW1HKKG, B0FDVGDW6Z, B0FDWMW7S3, B0FDVG5VMM, B0FDVH7945, B0FDVHB6MV]",amzn1.campaign.2AAE64X9WXAZD,🔥🔥🔥 Tangle Free Aviator Sunglasses! Bestseller!!🔥🔥SG6002-2pack,SODQW,2026-03-07,2027-03-07,10.00%,999999.0,999996.4,78,800,false
"[B0CHDS24TV, B0CHDSR7R1, B0CHDSB1HB, B0CHDRTQ64, B0CHDS31BL]",amzn1.campaign.2TUZ80Y4SAJYW,The Secret to a Fire No One Forgets – HGD Color-Changing Packets,HGD,2026-03-06,2027-01-01,10.03%,5000.0,4996.73,52,800,false
[B0FMK64Y7H],amzn1.campaign.23EBO06BHKB71,5% Minoxidil-3.5-8,BLISSMATE,2026-03-07,2027-02-28,10.00%,10000.0,10000.0,93,800,false
"[B0DP8YWKF8, B0DP921BN2, B0DP8ZTSYJ, B0DP8ZRRHJ]",amzn1.campaign.2LLHT390H8ZCQ,🔥🔥🔥 Tangle Free Aviator Sunglasses! Bestseller!!🔥🔥SG6002,SODQW,2026-03-07,2027-03-06,10.00%,999999.0,999995.0,65,800,false
[B0FMK64Y7H],amzn1.campaign.601EYPLFNFZV,5% Minoxidil-3.5-7,BLISSMATE,2026-03-07,2027-03-01,10.00%,10000.0,10000.0,98,800,false
[B0FMK64Y7H],amzn1.campaign.3UWE9YX7LIIL1,5% Minoxidil-3.5-6,BLISSMATE,2026-03-07,2027-03-02,10.00%,10000.0,10000.0,99,800,false
"[B0F47G1Y12, B0F47J4FRS, B0F47PS6LH, B0F47HQYPT, B0F47MLJJ9, B0F47MLV7S, B0F47GX32S]",amzn1.campaign.3FWKOKU7UYQQD,🔥🔥🔥 Tangle Free Aviator Sunglasses! Bestseller!!🔥🔥SG2848,SODQW,2026-03-07,2027-03-06,10.00%,999999.0,999997.0,84,800,false
"[B0CBN5GHH8, B0CBN5ZQ4R]",amzn1.campaign.2QSNV9MMK0ZPZ,Automatic Door Closer,Houlibify,2026-03-06,2026-09-30,10.00%,9999.0,9998.0,56,800,false
"[B0FWZGFVZT, B0DKN6XZ77, B0FWZF2F49]",amzn1.campaign.2MSR853LKCJ7R,"Sewing Awl Kit, Portable Tool Stitching Leather Sewing Thread, Waxed Thread Kit",Houlibify,2026-03-06,2026-12-30,10.00%,9999.0,9992.7,60,800,false
[B0CBXK1X2H],amzn1.campaign.3IGOK8T5N5HAC,Leather Stamping Tools with Hammer,Houlibify,2026-03-06,2026-12-31,10.00%,9999.0,9999.0,61,800,false
[B0CBH32YQ3],amzn1.campaign.1DOY2F5Q5FKSV,Adjustable Paracord Jig Bracelet Maker DIY Hand Knitting Wristband Jig,Houlibify,2026-03-06,2026-10-31,10.00%,9999.0,9999.0,55,800,false
[B0DG5NVGK2],amzn1.campaign.3O44HKIA9R4D,7.3 Million People Can’t Be Wrong: The Most Trusted Blood Glucose Monitor 425-1,LinkSun,2026-03-06,2026-10-30,11.00%,5000.0,4809.96,19,800,false
"[B0FCFL5H9G, B0DYT16VLP, B0GFWH1MYF, B0G49TFWPQ, B0DM5X5PJ4, B0G4B38246, B0DM1P81YG, B0FCYMZWBT, B0G4CXQ8L3, B0G4B4BYR1, B0GFWM3MH9, B0G5G4H74L, B0FC6CV44J, B0GBCX2S9F]",amzn1.campaign.O344RNPCETQR,Crystal Candle Lamp+Related Content+Influencer+10% Commission,LUBITA,2026-03-06,2027-03-06,10.00%,20000.0,19878.03,0,800,false
"[B0GCZNXMLY, B0FWJFV4N1, B0FWJ4LWKQ, B0GCZGLT9T, B0GCZK8YH8, B0GCZVPC5D, B0GCZQVZQ9, B0FWHWTDSZ, B0FWHNSTKP, B0FWJBPZDK, B0FWHKVXVC, B0GCZJGMVB, B0GCZMLFMR, B0GQXKFZXH, B0FWJ6SNRX, B0FWHKM8X9, B0GCZW8NLW, B0FWK1QVQ9, B0GQYV46MT, B0GCZN2BFH]",amzn1.campaign.3PISF0OBCQG8V,BCT-28(3),Beauty Cry,2026-03-06,2026-11-30,10.00%,5000.0,5000.0,78,800,false
"[B0F6N4GCX4, B0FR8LGLHH, B0FR7P4CL2, B0F6N6FSBF, B0FR939X1L, B0FR8V4YF2, B0F6N3TGRC, B0FR7PX2YW, B0F6N4SSF3, B0F6N4BKYV, B0FR7NZB56, B0F6N3T6DH, B0FR7VNQRG, B0FR7QCXW4, B0FR8ZP211, B0FR7QBV98, B0F6N4GYV9, B0F6N8BDWJ, B0FR7NVDXB, B0F6N55BXT, B0FR94R97Q, B0F6N5DXLZ, B0F6N42BB5, B0FR8M5M23, B0F6N6KRQ2, B0F6N6JL8T, B0F6N2GTXD, B0FR7PJ6GL]",amzn1.campaign.2Z6MQEMAKKLAC,10% B0F6N6B1W7 LOLANTA Girls Party Metallic Dance Cropped Top,Lolanta,2026-03-06,2027-03-01,10.00%,5000.0,4970.44,26,800,false
"[B0GCZNXMLY, B0FWJFV4N1, B0FWJ4LWKQ, B0GCZGLT9T, B0GCZK8YH8, B0GCZVPC5D, B0GCZQVZQ9, B0FWHWTDSZ, B0FWHNSTKP, B0FWJBPZDK, B0FWHKVXVC, B0GCZJGMVB, B0GCZMLFMR, B0GQXKFZXH, B0FWJ6SNRX, B0FWHKM8X9, B0GCZW8NLW, B0FWK1QVQ9, B0GQYV46MT, B0GCZN2BFH]",amzn1.campaign.1Y2KCKQHBFYGU,BCT-28(2),Beauty Cry,2026-03-06,2026-12-01,10.00%,5000.0,5000.0,77,800,false
[B0DG5VPHQF],amzn1.campaign.MXEQRDXZO7CS,The Top Choice of 7.3 Million People_2026 New Glucose Meter Model G-425-2V,LinkSun,2026-03-06,2026-10-30,11.00%,5000.0,4607.2,77,800,false
"[B0GCZNXMLY, B0FWJFV4N1, B0FWJ4LWKQ, B0GCZGLT9T, B0GCZK8YH8, B0GCZVPC5D, B0GCZQVZQ9, B0FWHWTDSZ, B0FWHNSTKP, B0FWJBPZDK, B0FWHKVXVC, B0GCZJGMVB, B0GCZMLFMR, B0GQXKFZXH, B0FWJ6SNRX, B0FWHKM8X9, B0GCZW8NLW, B0FWK1QVQ9, B0GQYV46MT, B0GCZN2BFH]",amzn1.campaign.1VDZNF8EQ5VI1,BCT-28,Beauty Cry,2026-03-06,2026-12-31,10.00%,5000.0,4960.7,31,800,false
[B0GQF3ZDX1],amzn1.campaign.2TSQ67I1AFFND,GuuG 2 in 1 Hip Abductor Machine,GuuG,2026-03-06,2027-03-06,10.00%,5000.0,4863.52,42,800,false
[B0DJF7MYLJ],amzn1.campaign.FYEE0B93ZZGE,PrimeZone Outdoor Fire Pit with Grills - Sales 2000 PCS per Month-10% Commission,PrimeZone,2026-03-30,2026-09-30,10.00%,10000.0,9602.58,21,800,false
[B0GQ9LZ48S],amzn1.campaign.CVGU1DEWSS3M,"🔥 SMOKELESS GRILL, MAXIMUM FLAVOR: COWSAR INDOOR BBQ AWAITS!",COWSAR,2026-03-06,2026-09-30,10.00%,50000.0,49939.5,0,800,false
"[B0FC2VRW4H, B0FM6QH8YN, B0FM6W7SYN, B0FC2TLK7J, B0FM7L8HJY, B0FM6SMKNC, B0FM717V61, B0FRZZZQ12, B0FS13MCG2, B0FC2Y76XC, B0FS14C64P, B0FM7FJ826, B0FC2WQ78F, B0FM71SHZJ, B0FM6W9MVJ]",amzn1.campaign.32ERFN2UL1CM7,Coopay + Skinny Chenille Yarn for Crocheting and Knitting+ 10%off,Coopay,2026-03-06,2026-10-31,10.00%,5000.0,4876.22,26,800,false
[B0GCCNNXK7],amzn1.campaign.27ZU44BRCH6W0,CL15005016 SHUNLIAN Heavy duty stainless steel burger press,SHUNLIAN,2026-03-06,2026-12-31,10.00%,5000.0,4976.65,41,800,false
[B0FCDXBG9L],amzn1.campaign.12O0IW09QVWA,Earpanda Phone Ringer Connectors,earpanda,2026-03-06,2026-12-31,10.00%,5000.0,4903.76,29,800,false
[B0DQ968XW8],amzn1.campaign.6HITOE6Z99YT,BEEST - Creator Connection - RV Roof Coating - 32 OZ - B0DQ968XW8,BEEST,2026-03-06,2026-12-31,15.00%,100000.0,99990.9,31,800,false
[B0DQ2D4Z48],amzn1.campaign.1CZ7GZZFUULJB,BEEST - Creator Connection - RV Roof Coating - 32 OZ - Primer - B0DQ2D4Z48,BEEST,2026-03-06,2026-12-31,15.00%,100000.0,100000.0,18,800,false
[B0C7LTMFX5],amzn1.campaign.3FLB2TXNN5ZCQ,BEEST - Creator Connection - RV Roof Coating - 5 G - B0C7LTMFX5,BEEST,2026-03-06,2026-12-31,10.00%,100000.0,98835.33,29,800,false
[B0C79WF69B],amzn1.campaign.17SSULPM1HJ3,BEEST - Creator Connection - RV Roof Coating - 3.5 G - B0C79WF69B,BEEST,2026-03-06,2026-12-31,10.00%,100000.0,99177.17,23,800,false
[B0C7CV6KNV],amzn1.campaign.3KNHICNHA700J,BEEST - Creator Connection - RV Roof Coating - 1 G - Primer - B0C7CV6KNV,BEEST,2026-03-06,2026-12-31,15.00%,100000.0,99258.76,20,800,false
[B0C6NJWTFF],amzn1.campaign.YZ4VK03H4FMV,BEEST - Creator Connection - RV Roof Coating - 1 G - B0C6NJWTFF,BEEST,2026-03-06,2026-12-31,15.00%,100000.0,99162.7,13,800,false
[B0FMK64Y7H],amzn1.campaign.2CC8XJAFFOQX6,5% Minoxidil-3.5-5,BLISSMATE,2026-03-07,2027-03-03,10.00%,10000.0,10000.0,93,800,false
"[B0G4WK7TDT, B0G4WQFH51, B0G4WKJCQ5, B0G4WH5KN6]",amzn1.campaign.2GFYBDZTAXUNB,Solid Wood Whiskey Glass - A Unique Gift for the Man Who Has Everything,MXMAMK,2026-03-06,2026-12-31,10.00%,5000.0,4860.56,32,800,false
[B0FMK64Y7H],amzn1.campaign.12KB89AMZ22F7,5% Minoxidil-3.5-4,BLISSMATE,2026-03-07,2027-03-04,10.00%,10000.0,10000.0,95,800,false
[B0FMK64Y7H],amzn1.campaign.3DFX7PIFZLMW5,5% Minoxidil-3.5-3,BLISSMATE,2026-03-07,2027-03-05,10.00%,10000.0,10000.0,94,800,false
"[B0FK5CMXNP, B0GFMTFY8D, B0FK5D6Z2F, B0GFMTF1XQ, B0GFMY1X25, B0FK5CBTMS, B0GFMQ1Q4R, B0GFMT65L7, B0FK5BWW97, B0FK5D6Z28, B0GFMXCN27, B0GFMMY6GQ, B0GFN3CGRS, B0FK5FRRW1, B0GFMMZ4HR, B0GFMXB1RL, B0GFMTGR6M, B0GFMT5VXH, B0GFMQ5D8K, B0FK5G75G2, B0FK5BWLVT, B0GFMM9S5L, B0GFMY5PXN, B0GFNB3G8H, B0FK59TCVH, B0GFN1G9SX, B0GFMX4QCL]",amzn1.campaign.WJXXWWBB6W7R,Vertundy Women's Cute Ballet Pumps Low Chunky Block Heels,Vertundy,2026-03-06,2027-01-01,10.00%,5000.0,5000.0,31,800,false
[B0FMK64Y7H],amzn1.campaign.2HKW0W6II3WY0,5% Minoxidil-3.5-2,BLISSMATE,2026-03-07,2027-03-06,10.00%,10000.0,10000.0,92,800,false
[B0FMK64Y7H],amzn1.campaign.198RIJBVYLKNP,5% Minoxidil-3.5-1,BLISSMATE,2026-03-07,2027-03-07,10.00%,10000.0,10000.0,90,800,false
"[B0GLGG45SY, B0GLGP417V, B0GLGTZ4J5, B0GLGVRHHB, B0GLGQB4XP, B0GLGK111F]",amzn1.campaign.HIHQIMPY9UZJ,"Moissanite Wedding Ring Set for Women, Commission 10%",MystiqueMark,2026-03-06,2026-10-31,10.00%,5000.0,4961.95,40,800,false
"[B0FK5CMXNP, B0GFMTFY8D, B0FK5D6Z2F, B0GFMTF1XQ, B0GFMY1X25, B0FK5CBTMS, B0GFMQ1Q4R, B0GFMT65L7, B0FK5BWW97, B0FK5D6Z28, B0GFMXCN27, B0GFMMY6GQ, B0GFN3CGRS, B0FK5FRRW1, B0GFMMZ4HR, B0GFMXB1RL, B0GFMTGR6M, B0GFMT5VXH, B0GFMQ5D8K, B0FK5G75G2, B0FK5BWLVT, B0GFMM9S5L, B0GFMY5PXN, B0GFNB3G8H, B0FK59TCVH, B0GFN1G9SX, B0GFMX4QCL]",amzn1.campaign.3CD26WQIBGBDB,Vertundy Women's Ballet Pumps Low Chunky Block Heels Comfortable shoes,Vertundy,2026-03-06,2026-12-01,10.00%,5000.0,5000.0,71,800,false
"[B0DD2NCT3Q, B0DYMTJ7WN, B0G5Q61F7R]",amzn1.campaign.19J6BV6LARFEF,Gold Acrylic Jewelry Organizer: 10% Commission | 4.7-Star Top Seller,Jolboldy,2026-03-06,2027-03-06,10.00%,1000000.0,1000000.0,49,800,false
[B0G5VNCQCL],amzn1.campaign.29BAINT8ZI0M6,Creator Opportunity: Stylish Wireless Wall Light + 35% Commission,Evkcevla,2026-03-06,2026-11-27,35.00%,5000.0,5000.0,60,800,false
[B0G5VNCQCL],amzn1.campaign.2S91ZV5R4U3BN,Home Decor Creators: Elegant Wireless Wall Light Collaboration,Evkcevla,2026-03-06,2026-11-28,35.00%,5000.0,5000.0,47,800,false
"[B0F5B36297, B0FNML2D8L, B0CZ3D7NGJ, B0FT7G2JFK, B0D4YMXYFJ, B0FNMMYSMQ, B0CZ33KJ3P, B0FNMMR9MZ]",amzn1.campaign.3R5AR52VLYMRP,🕊️ Cute Bathroom Glow-Up in 30 Seconds – Collaborate with MENNTY!,MENNTY,2026-03-06,2027-02-25,10.00%,80000.0,80000.0,78,800,false
"[B0FL2HH9BB, B0FL2G312P]",amzn1.campaign.3GVKF6Z4O0NO5,"🍃 Easy Promote, Easy Earn! 32IN Plant Trellis 🌱 10% Commission | 500+/Mo",Coomin,2026-03-06,2026-09-09,10.00%,5000.0,4922.29,47,800,false
[B0G5VNCQCL],amzn1.campaign.1G2XXJKLJ70S3,Hey Creators! Try This Wireless Wall Light with 35% Commissio,Evkcevla,2026-03-06,2026-10-30,35.00%,5000.0,5000.0,64,800,false
[B0GD1877YD],amzn1.campaign.14TZCIB0ADN93,TELESIN 2-in-1 Magnetic Flash & Beauty Selfie Light（Sliver),TELESIN,2026-03-06,2027-02-28,15.00%,10000.0,9952.14,7,800,false
"[B09QKGS6QF, B0CY3PFM4W]",amzn1.campaign.1H55T50HXTGQF,"Toilet Flange Repair Kit with Wax Ring – Fix Leaks, Restore Stability 🛠️",MENNTY,2026-03-06,2027-02-13,11.00%,30000.0,30000.0,83,800,false
[B0G5VNCQCL],amzn1.campaign.3VWHW0Q4JJIUA,Upgrade Your Space with Evkcevla Wireless Battery Wall Light,Evkcevla,2026-03-06,2026-10-31,35.00%,5000.0,5000.0,69,800,false
[B0FJ2XXZXY],amzn1.campaign.3FSP5TEM6V0WH,BEEST - Creator Connection - Garage Door Insulation Kit - Double Door B0FJ2XXZXY,BEEST,2026-03-06,2026-12-31,10.00%,100000.0,98487.03,13,800,false
"[B0FK5CMXNP, B0GFMTFY8D, B0FK5D6Z2F, B0GFMTF1XQ, B0GFMY1X25, B0FK5CBTMS, B0GFMQ1Q4R, B0GFMT65L7, B0FK5BWW97, B0FK5D6Z28, B0GFMXCN27, B0GFMMY6GQ, B0GFN3CGRS, B0FK5FRRW1, B0GFMMZ4HR, B0GFMXB1RL, B0GFMTGR6M, B0GFMT5VXH, B0GFMQ5D8K, B0FK5G75G2, B0FK5BWLVT, B0GFMM9S5L, B0GFMY5PXN, B0GFNB3G8H, B0FK59TCVH, B0GFN1G9SX, B0GFMX4QCL]",amzn1.campaign.3S7OULKHWDJEF,Vertundy Women's Round Toe Ballet Pumps Low Chunky Block Heels,Vertundy,2026-03-06,2026-12-31,10.00%,5000.0,4986.23,70,800,false
"[B0DYJSL2FV, B0DYJ2V5F1]",amzn1.campaign.3A2JC6UIZSOR3,"🧘‍♂️ Calm Frog, Glow Bathroom – Light Up Your Toilet with Zen Vibes",MENNTY,2026-03-06,2027-02-13,15.00%,30000.0,30000.0,78,800,false
[B0FJYCVNCL],amzn1.campaign.124HN6A36PZTN,BEEST - Creator Connection - Garage Door Insulation Kit - Double Door B0FJYCVNCL,BEEST,2026-03-06,2026-12-31,10.00%,100000.0,99956.25,22,800,false
"[B0F5B36297, B0CZ3D7NGJ, B0D4YMXYFJ, B0CZ33KJ3P]",amzn1.campaign.CJYM7A34QEER,📌 Turn Bathroom Details into Sales – Join MENNTY’s Elegant Upgrade Campaign!,MENNTY,2026-03-06,2027-02-19,10.00%,30000.0,30000.0,84,800,false
[B0FJ2WNH74],amzn1.campaign.10MBUOMTQFZTX,BEEST - Creator Connection - Garage Door Insulation Kit - Single Door B0FJ2WNH74,BEEST,2026-03-06,2026-12-31,10.00%,100000.0,99423.42,3,800,false
[B0G5VNCQCL],amzn1.campaign.3SERBA88O7FVC,Creator Collaboration: Wireless Battery Wall Light for Modern Homes,Evkcevla,2026-03-06,2026-11-29,35.00%,5000.0,5000.0,63,800,false
"[B0F5B36297, B0FNML2D8L, B0CZ3D7NGJ, B0FT7G2JFK, B0D4YMXYFJ, B0FNMMYSMQ, B0CZ33KJ3P, B0FNMMR9MZ]",amzn1.campaign.3DZUTLJWCZVTU,🦆 11% Commission-#1 New Release Funny Gift! Duck Toilet Brush in Gift-Ready Box,MENNTY,2026-03-06,2027-02-23,11.00%,30000.0,29998.18,66,800,false
"[B0F5B36297, B0CZ3D7NGJ, B0D4YMXYFJ, B0CZ33KJ3P]",amzn1.campaign.2Q1PQN8FO99ZO,🕊️Best Seller Ceramic Birds Toilet Bolt Caps—Join MENNTY’s Elegant Upgrade！ !,MENNTY,2026-03-06,2027-02-20,10.00%,30000.0,30000.0,76,800,false
"[B0FCFJVGTJ, B0FCFF342N, B0FCFJ25YB, B0FCFGQK11, B0FCFDWSL4]",amzn1.campaign.136P07NFUYXZ2,🔥🔥Tangle Free Avaitor Sunglasses! Hot!!🔥🔥Designer Dupe Sunglasses SG8520,SODQW,2026-03-07,2027-03-06,10.00%,999999.0,999999.0,76,800,false
[B0G5VNCQCL],amzn1.campaign.2VOGQ9RQ6HZ4F,Wireless Battery Wall Light for Modern Interiors – Creator Collaboration,Evkcevla,2026-03-06,2026-11-30,35.00%,5000.0,4954.87,14,800,false
"[B0DFYPDH5G, B0DN4M2YQX, B0DFYMN6Q1, B0DFYN6383, B0FX9K36MF, B0FX9JL27N, B0DFYM7BRX]",amzn1.campaign.191I2W9VY2N0N,10% Commission: Premium Adjustable Acrylic Hat Stand (4.6 Stars),SHUNKAIZS,2026-03-06,2027-03-06,10.00%,100000.0,100000.0,60,800,false
"[B0FNML2D8L, B0FT7G2JFK, B0FNMMYSMQ, B0FNMMR9MZ]",amzn1.campaign.2E83HWW1HTR8G,Why Is There a Cute White Duck on My Toilet? Amazon Find (+10%),MENNTY,2026-03-06,2027-02-20,10.00%,300000.0,300000.0,73,800,false
"[B0FCFJVGTJ, B0FCFF342N, B0FCFJ25YB, B0FCFGQK11, B0FCFDWSL4]",amzn1.campaign.1RSMFYVAJEZ5Y,🔥🔥Tangle Free Avaitor Sunglasses! Hot!!🔥🔥Designer Dupe Sunglasses SG8520,SODQW,2026-03-07,2027-03-07,10.00%,999999.0,999995.4,71,800,false
"[B0FCXRMDYH, B0FHB27F6Z, B0FM73KGN8, B0FCY5DN1D, B0FK1JVCG5, B0FM76R336, B0FCXRJYHF, B0FCY4W22G, B0FM77BLF2, B0FCXYTLMY, B0FM7FS97K]",amzn1.campaign.2JEB4WEPXND1E,BV Designer Dupe Sunglasses! Hot!!!🔥🔥🔥 SGt27,SODQW,2026-03-07,2027-03-07,10.00%,999999.0,999999.0,71,800,false
"[B0F5B36297, B0CZ3D7NGJ, B0D4YMXYFJ, B0CZ33KJ3P]",amzn1.campaign.2VJXLPG4UB50K,My Mom Noticed the Birds on My Toilet… Mother’s Day Find (+10%),MENNTY,2026-03-06,2027-02-26,10.00%,30000.0,30000.0,77,800,false
"[B0D97BJSLK, B0D97FGKWJ, B0D97FK37H, B0D97HDVSM, B0D97FV3CN, B0D97FRY8W, B0D97F6XPJ, B0D97H6DMX, B0D97GJ2MB, B0D97FYKXL, B0D97DSZ48, B0D97FTW3Z, B0D97GKC5W, B0D97H9SRW, B0D97GT573, B0D97HSQBN, B0D97G7BZB, B0D97F5N7B, B0D97DXRNS, B0D97H598Y, B0D97DW3YM, B0D97GKQJX, B0D97GGM1Y, B0D97GBPK1]",amzn1.campaign.OH58U00XYO63,Share our hiking pants on your social media to get a 12% commission😉👍,MOURCE,2026-03-07,2027-01-10,12.00%,5000.0,5000.0,94,800,false
[B0FKBFWRSB],amzn1.campaign.2ZFTGF1MOTQQQ,18-Inch Electric  Garden Tiller-10% Commission,Steelite,2026-03-06,2027-03-06,10.00%,10000.0,9894.0,25,800,false
"[B0D97BJSLK, B0D97FGKWJ, B0D97FK37H, B0D97HDVSM, B0D97FV3CN, B0D97FRY8W, B0D97F6XPJ, B0D97H6DMX, B0D97GJ2MB, B0D97FYKXL, B0D97DSZ48, B0D97FTW3Z, B0D97GKC5W, B0D97H9SRW, B0D97GT573, B0D97HSQBN, B0D97G7BZB, B0D97F5N7B, B0D97DXRNS, B0D97H598Y, B0D97DW3YM, B0D97GKQJX, B0D97GGM1Y, B0D97GBPK1]",amzn1.campaign.FX6CJ2JEARPJ,Share our hiking pants on your social media to get a 12% commission😉👍,MOURCE,2026-03-07,2027-01-09,12.00%,5000.0,5000.0,98,800,false
"[B0DYJMZPH5, B0DYJKX5GZ, B0DYJN8SDY, B0DYJMK14S]",amzn1.campaign.137PFQQVD1J5J,Breathable & Adjustable Nylon CMC Thumb brace for Joint Pain Relief,FORTEMOTUS,2026-03-06,2026-12-31,10.00%,6000.0,5773.56,31,800,false
"[B0F5B36297, B0CZ3D7NGJ, B0D4YMXYFJ, B0CZ33KJ3P]",amzn1.campaign.2EFBC25QWXF8Y,Why Are There Cute Birds on My Toilet? Perfect Mother’s Day Gift (+10%),MENNTY,2026-03-06,2027-02-27,10.00%,30000.0,30000.0,78,800,false
"[B0D97BJSLK, B0D97FGKWJ, B0D97FK37H, B0D97HDVSM, B0D97FV3CN, B0D97FRY8W, B0D97F6XPJ, B0D97H6DMX, B0D97GJ2MB, B0D97FYKXL, B0D97DSZ48, B0D97FTW3Z, B0D97GKC5W, B0D97H9SRW, B0D97GT573, B0D97HSQBN, B0D97G7BZB, B0D97F5N7B, B0D97DXRNS, B0D97H598Y, B0D97DW3YM, B0D97GKQJX, B0D97GGM1Y, B0D97GBPK1]",amzn1.campaign.178TKIZ0HCVYL,Share our hiking pants on your social media to get a 12% commission😉👍,MOURCE,2026-03-07,2027-01-08,12.00%,5000.0,5000.0,92,800,false
[B0FS5LWVB6],amzn1.campaign.1B1AK56A3TSIY,Soil Loose More Easier 9-Inch Electric Tiller-10% Commission,Steelite,2026-03-06,2027-03-06,10.00%,10000.0,9889.1,36,800,false
"[B0D97BJSLK, B0D97FGKWJ, B0D97FK37H, B0D97HDVSM, B0D97FV3CN, B0D97FRY8W, B0D97F6XPJ, B0D97H6DMX, B0D97GJ2MB, B0D97FYKXL, B0D97DSZ48, B0D97FTW3Z, B0D97GKC5W, B0D97H9SRW, B0D97GT573, B0D97HSQBN, B0D97G7BZB, B0D97F5N7B, B0D97DXRNS, B0D97H598Y, B0D97DW3YM, B0D97GKQJX, B0D97GGM1Y, B0D97GBPK1]",amzn1.campaign.13Z7VKOKNE8UG,Share our hiking pants on your social media to get a 12% commission😉👍,MOURCE,2026-03-07,2027-01-07,12.00%,5000.0,5000.0,95,800,false
"[B0GLZJB1TX, B0GQDY1HG8, B0FVY96LB6, B0GFD68H5K, B0FKMS7JJS, B0GLYXGFRG, B0GF6N3T4S, B0FVY5XTRN, B0FKMX99GB, B0FKN115V2, B0FXG31KZH, B0GF691S1P, B0GKNSJLG2]",amzn1.campaign.1ZZ81ZG0KYC5Z,⏰ #GARVEEPRIMEDAY: 23% off lift recliner – ends 3/31!#Eva,GarveeHome,2026-03-06,2026-09-30,10.00%,30000.0,30000.0,20,800,false
"[B0D97BJSLK, B0D97FGKWJ, B0D97FK37H, B0D97HDVSM, B0D97FV3CN, B0D97FRY8W, B0D97F6XPJ, B0D97H6DMX, B0D97GJ2MB, B0D97FYKXL, B0D97DSZ48, B0D97FTW3Z, B0D97GKC5W, B0D97H9SRW, B0D97GT573, B0D97HSQBN, B0D97G7BZB, B0D97F5N7B, B0D97DXRNS, B0D97H598Y, B0D97DW3YM, B0D97GKQJX, B0D97GGM1Y, B0D97GBPK1]",amzn1.campaign.IL4ULXUJOIUJ,Share our hiking pants on your social media to get a 12% commission😉👍,MOURCE,2026-03-07,2027-01-06,12.00%,5000.0,5000.0,102,800,false
"[B0G4RCPNLP, B0G1SXKCVF, B0G1SZHPS1, B0G4RDCCN3, B0G1SZFS81, B0G1SY5WF5, B0G1SYVZ9V, B0G1SZXY9Y, B0G4RG28MJ, B0G1SWTZHX, B0G1SYRM3B]",amzn1.campaign.3ABHKTO8G05PR,IROK FE87 V2 Mechanical Keyboard,IROK,2026-03-06,2026-12-31,10.00%,5000.0,4995.0,25,800,false
"[B0D97BJSLK, B0D97FGKWJ, B0D97FK37H, B0D97HDVSM, B0D97FV3CN, B0D97FRY8W, B0D97F6XPJ, B0D97H6DMX, B0D97GJ2MB, B0D97FYKXL, B0D97DSZ48, B0D97FTW3Z, B0D97GKC5W, B0D97H9SRW, B0D97GT573, B0D97HSQBN, B0D97G7BZB, B0D97F5N7B, B0D97DXRNS, B0D97H598Y, B0D97DW3YM, B0D97GKQJX, B0D97GGM1Y, B0D97GBPK1]",amzn1.campaign.P0V8EFMERD0Z,Share our hiking pants on your social media to get a 12% commission😉👍,MOURCE,2026-03-07,2027-01-05,12.00%,5000.0,5000.0,102,800,false
"[B0D97BJSLK, B0D97FGKWJ, B0D97FK37H, B0D97HDVSM, B0D97FV3CN, B0D97FRY8W, B0D97F6XPJ, B0D97H6DMX, B0D97GJ2MB, B0D97FYKXL, B0D97DSZ48, B0D97FTW3Z, B0D97GKC5W, B0D97H9SRW, B0D97GT573, B0D97HSQBN, B0D97G7BZB, B0D97F5N7B, B0D97DXRNS, B0D97H598Y, B0D97DW3YM, B0D97GKQJX, B0D97GGM1Y, B0D97GBPK1]",amzn1.campaign.KO4RBLQYG70Q,Share our hiking pants on your social media to get a 12% commission😉👍,MOURCE,2026-03-07,2027-01-04,12.00%,5000.0,5000.0,102,800,false
"[B0FT7G2JFK, B0DYJ2V5F1, B0DYJSL2FV]",amzn1.campaign.2S76LYVEQ3GMF,Why Is There a Glowing Frog on My Toilet? Viral Amazon Find (+15%),MENNTY,2026-03-06,2027-02-27,15.00%,33333.0,33333.0,77,800,false
"[B0D97BJSLK, B0D97FGKWJ, B0D97FK37H, B0D97HDVSM, B0D97FV3CN, B0D97FRY8W, B0D97F6XPJ, B0D97H6DMX, B0D97GJ2MB, B0D97FYKXL, B0D97DSZ48, B0D97FTW3Z, B0D97GKC5W, B0D97H9SRW, B0D97GT573, B0D97HSQBN, B0D97G7BZB, B0D97F5N7B, B0D97DXRNS, B0D97H598Y, B0D97DW3YM, B0D97GKQJX, B0D97GGM1Y, B0D97GBPK1]",amzn1.campaign.1C7JNZXVWERP5,Share our hiking pants on your social media to get a 12% commission😉👍,MOURCE,2026-03-07,2027-01-03,12.00%,5000.0,4998.68,93,800,false
"[B0DCFPCNCM, B0DCFTTH51, B0DJ7CH87Q, B0DJ7C724F, B0DHKLSLTV, B0DCFF6GTG, B0DHJY2ZCQ, B0DCFPD14P, B0DJ7BWQ6S, B0DHKPPF45, B0DHKP473S, B0DJ7946BL, B0DJ796Z3G, B0DCF9M4ZK, B0DJ78X1LL, B0DHJZ6FCB, B0DJ7BXXHG, B0DCFHJ5P1, B0DHKKCXBG, B0DJ79DPFG, B0DJ7C5SNH, B0DCFGNW6J, B0DHKMLYGW, B0DJ7BZTJW, B0DHKN7LM9, B0DJ7BYYMN, B0DJ7D1MYY, B0DJ78PFHX, B0DHKPF578, B0DHKMR6BK, B0FWK12Z9Z, B0DCFR4W7N, B0DCF8Y9BS, B0DHKMXZD8]",amzn1.campaign.1YJGX44K2Z9V6,🌊 My Amazon Wall Art Ocean Resort Plan,FUHAIHUA,2026-03-06,2027-03-06,15.00%,5000.0,5000.0,73,800,false
[B0GFN7ZZ2V],amzn1.campaign.6RIDTYUJWM9Z,10% Comm | Luxury 2-Pack Acrylic Sunglasses Stand | 5-10% Fan Disc,SHUNKAIZS,2026-03-06,2027-03-03,10.00%,1000000.0,1000000.0,60,800,false
"[B0FZ9Q54MM, B0FZ9RQLW5, B0FZ9S448R, B0FZ9NMRHB, B0FZ9V2VXV]",amzn1.campaign.3GDSNLFRFVRXP,SO HOT！🔥🔥🔥Designer Aviator Sunglasses🔥🔥🔥SG9303,SODQW,2026-03-07,2027-03-07,10.00%,999999.0,999999.0,87,800,false
"[B0FT7G2JFK, B0DYJ2V5F1, B0DYJSL2FV]",amzn1.campaign.35NGX8O0DWBHR,Why Is There a Duck on My Toilet? Viral Amazon Find (+15%),MENNTY,2026-03-06,2027-03-01,15.00%,30000.0,30000.0,85,800,false
"[B0BFBF8ZPR, B0BFBL738L, B0BFBGJS1G, B0DK1NSPW9, B0DK1NSPWF, B0BFBKV4BP, B0BFBGX5F1, B0D6BW8B13, B0C286ZP2Q, B0BFBH27NM, B0BFBKRTVR, B0DK1QHXKN, B0D6BSVRVQ, B0D6BRBDJV, B0BFBKLP7K, B0D6BVP4SZ, B0BFBNG1FH, B0C285G5BR, B0C284LS8S, B0C2879TRT, B0DK1SS748, B0D6BWSZHJ, B0BFBLR4ZM, B0C285BH7C, B0DK1LFXS5, B0BFBMW37T, B0BFBNL97T, B0F7LQHMJL, B0DK1TLQVB, B0D6BTCCGV, B0BFBLTN1Z, B0DK1QHYXJ, B0BFBNQPLB, B0C2833B7W, B0D6BR46VK, B0C53CX5CP, B0D6BW16QF, B0BFBKL268, B0C283QQLV, B0BFBLC65C, B0DK1RB1T7, B0DK1LBWT1, B0D6BVY827, B0BFBHXVV1, B0D6BR7WNX, B0BFBJS3WD, B0D6BTC8C4, B0BFBJZPLX, B0C284RW16, B0DK1R7GXT, B0BFBLNKV7, B0DK1T51SX, B0DK1LFLZ6, B0BFBMLNKL, B0C284JKYR, B0D6BT2STR, B0BFBWQSRM, B0BFBN9GC1, B0C28621TS, B0D6BS1L5D, B0DK1QDV3N, B0F7LP6ZHG, B0DK1RMXYM, B0BFBLF479, B0BFBMQBN2, B0BFBMZVJH, B0C287RLCQ, B0DK1QP413, B0BFBLQ3Q2, B0DK1QMBF4, B0C28665DV, B0C2869WFW, B0BFBMDGJR, B0BFBJT1ZX, B0BFBJT1ZV, B0C285LT46, B0C284K6XK, B0BFBM3KCY, B0BFBLCC8B, B0DK1SQ3DY, B0DK1LBJ7H, B0D6BXGM1W, B0BFBM36S8, B0DK1SJ178, B0BFBNSKCL, B0F7LKZTLT, B0D6BW8CFG, B0D6BTN6QQ, B0DK1T52SG, B0D6BTVQFR, B0D6BQ9MNM, B0BFBL9XGB, B0BFBHNV5N, B0BFBLLTFD, B0C282VP19, B0D6BW1WCF, B0DK1LCMB7, B0DK1QQFD8, B0DK1LCGV3, B0BFBKKSG1, B0F7LNFTZX, B0D6BTF84Q, B0C285K8NG, B0D6BTHKMF, B0BFBNZSCB, B0C288CG96, B0C2855GQ1, B0BFBKLXF7, B0BFBL5Z1M, B0DK1PW4J9, B0BFBJSKZS, B0BFBK1YFM, B0BFBVNH4S, B0DK1PW4JG, B0DK1THCJT, B0D6BSVCJL, B0C2881C6B, B0BFBMW7QJ, B0D6BXSTM9, B0BFBLTSGK, B0BFBJDM3K, B0C2857Z74, B0BFBMY4MX, B0BFBLQ38P, B0BFBLWJ3Q, B0D6BRFDGR, B0C285N5YQ, B0D6BT4P43, B0C284YTZ8, B0C284545V, B0BFBKLYG1, B0BFBMN5YS, B0DK1LDF6N, B0BFBM661Y, B0DK1PZ522, B0D6BT55CS]",amzn1.campaign.5OIJ7FJKRWBD,TOP SELLER ！！ Throw Pillow Covers! 15% Commission + 10K+ Monthly Sales (30 Days),GAWAMAY,2026-03-06,2027-02-21,15.00%,5000.0,5000.0,58,800,false
[B0GFDP8J3W],amzn1.campaign.2N1NNB8NTR91N,Effortless yard cleanup-wood chipper 45L capacity–10% Commission,Steelite,2026-03-06,2027-03-06,10.00%,10000.0,9870.0,37,800,false
"[B0BFBL738L, B0FMXC23L6, B0FMXQDT4H, B0DK1NSPW9, B0FMXQ92SC, B0FMXQDT4G, B0DK1NSPWF, B0BFBGX5F1, B0D6BW8B13, B0FMXFYFKJ, B0C286ZP2Q, B0BFBH27NM, B0FMXPRB3R, B0FMX99H2Z, B0BFBKRTVR, B0D6BSVRVQ, B0FMY1MBSD, B0C285G5BR, B0C284LS8S, B0C2879TRT, B0FMXC4D86, B0BFBLR4ZM, B0FMXQFGWB, B0C285BH7C, B0FMXX2815, B0DK1LFXS5, B0FMXJ74MH, B0FMXCHBHN, B0FMXNT2TQ, B0FMXJJLSM, B0FMXG7MCB, B0FMXR4LWL, B0DK1TLQVB, B0D6BTCCGV, B0DK1QHYXJ, B0FMXX66DD, B0BFBNQPLB, B0FMXMLYH5, B0FMXQXD7X, B0D6BW16QF, B0BFBKL268, B0FMXQWH1Z, B0FMXX66D6, B0D6BTC8C4, B0C284RW16, B0DK1R7GXT, B0BFBLNKV7, B0FMX99THT, B0FMXNR2M7, B0FMXQS1BN, B0DK1LFLZ6, B0FMXQJNFD, B0FMY38WQZ, B0D6BT2STR, B0BFBN9GC1, B0D6BS1L5D, B0FMXPQKGZ, B0F7LP6ZHG, B0DK1RMXYM, B0BFBMQBN2, B0FMXTVRM2, B0BFBMZVJH, B0FMXLXC4C, B0FMX5QNVT, B0FMXH4J7N, B0FMXQKT3Y, B0C2869WFW, B0FMXVDBSV, B0FMY18L8B, B0BFBMDGJR, B0C285LT46, B0FMX3F2SZ, B0C284K6XK, B0FMXQCW14, B0BFBM3KCY, B0FMXNKTGQ, B0FMXCJ8ZP, B0FMXLM1TY, B0FMXLS9S5, B0F7LKZTLT, B0FMXTFKGY, B0FMXWYBYX, B0DK1T52SG, B0D6BTVQFR, B0D6BQ9MNM, B0FMXTHW9N, B0BFBL9XGB, B0BFBHNV5N, B0BFBLLTFD, B0C282VP19, B0DK1LCMB7, B0FMXFV981, B0FMXCX7P8, B0DK1LCGV3, B0FMXJ1TY8, B0FMXMF328, B0BFBKKSG1, B0D6BTF84Q, B0C285K8NG, B0BFBNZSCB, B0FMXRKJ2M, B0C2855GQ1, B0FMX98RDC, B0FMXHT9RW, B0FMXLHQSD, B0BFBJSKZS, B0FMXJ6P1H, B0DK1THCJT, B0D6BSVCJL, B0BFBMW7QJ, B0FMXXNQN9, B0FMX8R2SY, B0FMX922VX, B0FMX3GNZ8, B0BFBLQ38P, B0FMXP2Z64, B0FMXJJ7TY, B0FMX8ZVBC, B0BFBLWJ3Q, B0D6BRFDGR, B0C284YTZ8, B0FMXN3V35, B0C284545V, B0BFBMN5YS, B0BFBM661Y, B0FMXFWCG2, B0FMXNCLPM, B0D6BT55CS, B0BFBF8ZPR, B0FMY3T9MG, B0BFBGJS1G, B0FMY3T9MF, B0BFBKV4BP, B0FMXQD6S1, B0DK1QHXKN, B0D6BRBDJV, B0FMY3T9ML, B0FMXH6ZZZ, B0BFBKLP7K, B0D6BVP4SZ, B0BFBNG1FH, B0FMXCZ1HX, B0FMX96H3H, B0DK1SS748, B0FMXX9Z6Y, B0FMXWG6RP, B0D6BWSZHJ, B0FMX5VR9G, B0FMY1N96Z, B0FMXN9HXN, B0FMXTH76L, B0FMXWGG3P, B0BFBMW37T, B0BFBNL97T, B0F7LQHMJL, B0FMXT32GP, B0BFBLTN1Z, B0FMXXMWYR, B0C2833B7W, B0D6BR46VK, B0C53CX5CP, B0C283QQLV, B0BFBLC65C, B0DK1RB1T7, B0DK1LBWT1, B0D6BVY827, B0FMXH9LCK, B0BFBHXVV1, B0FMXH8T5Z, B0D6BR7WNX, B0BFBJS3WD, B0FMXNW7PR, B0BFBJZPLX, B0DK1T51SX, B0FMXZVJK9, B0BFBMLNKL, B0FMXXTKL8, B0FMXZVJJY, B0C284JKYR, B0FMXQ74SL, B0BFBWQSRM, B0C28621TS, B0FMX5RLWQ, B0DK1QDV3N, B0FMY3LJTF, B0BFBLF479, B0FMXLBP7R, B0FMXLCRZQ, B0C287RLCQ, B0DK1QP413, B0FMXK6DHP, B0BFBLQ3Q2, B0DK1QMBF4, B0C28665DV, B0FMXFZTH7, B0BFBJT1ZX, B0BFBJT1ZV, B0FMXWPG6J, B0BFBLCC8B, B0DK1SQ3DY, B0DK1LBJ7H, B0D6BXGM1W, B0BFBM36S8, B0FMXWXS58, B0FMXHVQ71, B0DK1SJ178, B0BFBNSKCL, B0FMXRFKMF, B0D6BW8CFG, B0FMXP4JJ2, B0D6BTN6QQ, B0D6BW1WCF, B0FMY3PV54, B0DK1QQFD8, B0FMXRD45S, B0FMY3VNRY, B0F7LNFTZX, B0FMXF8G3R, B0FMXPYKKD, B0D6BTHKMF, B0FMXMYSR7, B0C288CG96, B0BFBKLXF7, B0FMXWG6RH, B0BFBL5Z1M, B0DK1PW4J9, B0BFBK1YFM, B0FMXTL5TN, B0BFBVNH4S, B0DK1PW4JG, B0C2881C6B, B0D6BXSTM9, B0FMXR1JHY, B0BFBLTSGK, B0BFBJDM3K, B0C2857Z74, B0BFBMY4MX, B0FMX8JTVG, B0FMXWJ314, B0FMX97FFQ, B0C285N5YQ, B0D6BT4P43, B0FMXHDGW4, B0FMXF9LJ7, B0BFBKLYG1, B0DK1LDF6N, B0DK1PZ522, B0FMXTL5V4]",amzn1.campaign.3QFK4W8MQJ8MG,🔥Top Seller🔥 Throw Pillow Covers! 10K+ Monthly Sales！15% Comm - Hot Deal Now!,GAWAMAY,2026-03-06,2027-02-22,15.00%,5000.0,5000.0,65,800,false
[B0FT7G2JFK],amzn1.campaign.PG1SIY941IYT,The Cutest Duck Bathroom Upgrade on Amazon (+15%),MENNTY,2026-03-06,2027-03-02,15.00%,30000.0,30000.0,88,800,false
[B0GDDTL8QB],amzn1.campaign.19IPAEDUANIPV,HAIDOLIANG Candle Warmer Lamp with Timer (15% Commission),HAIDOLIANG,2026-03-06,2027-03-06,15.00%,5000.0,4926.37,0,800,false
"[B0DMDWZ7GQ, B0D95ZQTC9, B0DMDVB1JF, B0DDPR6WJR, B0D9623YLD, B0D95Z7YD6, B0DMDL1MRD, B0D961GKPN, B0DMDJPT48, B0DMDZ9RB8, B0DDPLCHFT, B0DMDXPXVL, B0DJ7CL6YL, B0D961KNFP, B0D9615XCS, B0DJ7CMNHZ, B0D95ZD8P8, B0DJ79NQM7, B0DJ7C354T, B0D961QD66, B0DJ7C4LN6, B0D95ZD8P2, B0DMDVVYGB, B0DDP9LZLG, B0DMDYV2SL, B0DDN8D5T2, B0DMDX393Z, B0DDPH4T1F, B0D961Z7VJ, B0DJ7B35PR, B0DMDVSN93, B0DDPLPGHT, B0DDPC7BH3, B0DMDLH7CG, B0DJ7BZPSV]",amzn1.campaign.34533HB1KNHYP,🍵 My Amazon Wall Art Wabi-Sabi Zen Plan,FUHAIHUA,2026-03-06,2027-03-06,15.00%,5000.0,5000.0,85,800,false
"[B0BFBF8ZPR, B0BFBL738L, B0BFBGJS1G, B0DK1NSPW9, B0DK1NSPWF, B0BFBKV4BP, B0BFBGX5F1, B0D6BW8B13, B0C286ZP2Q, B0BFBH27NM, B0BFBKRTVR, B0DK1QHXKN, B0D6BSVRVQ, B0D6BRBDJV, B0BFBKLP7K, B0D6BVP4SZ, B0BFBNG1FH, B0C285G5BR, B0C284LS8S, B0C2879TRT, B0DK1SS748, B0D6BWSZHJ, B0BFBLR4ZM, B0C285BH7C, B0DK1LFXS5, B0BFBMW37T, B0BFBNL97T, B0DK1TLQVB, B0D6BTCCGV, B0BFBLTN1Z, B0DK1QHYXJ, B0BFBNQPLB, B0C2833B7W, B0D6BR46VK, B0C53CX5CP, B0D6BW16QF, B0BFBKL268, B0C283QQLV, B0BFBLC65C, B0DK1RB1T7, B0DK1LBWT1, B0D6BVY827, B0BFBHXVV1, B0D6BR7WNX, B0BFBJS3WD, B0D6BTC8C4, B0BFBJZPLX, B0C284RW16, B0DK1R7GXT, B0BFBLNKV7, B0DK1T51SX, B0DK1LFLZ6, B0BFBMLNKL, B0C284JKYR, B0D6BT2STR, B0BFBWQSRM, B0BFBN9GC1, B0C28621TS, B0D6BS1L5D, B0DK1QDV3N, B0DK1RMXYM, B0BFBLF479, B0BFBMQBN2, B0BFBMZVJH, B0C287RLCQ, B0DK1QP413, B0BFBLQ3Q2, B0DK1QMBF4, B0C28665DV, B0C2869WFW, B0BFBMDGJR, B0BFBJT1ZX, B0BFBJT1ZV, B0C285LT46, B0C284K6XK, B0BFBM3KCY, B0BFBLCC8B, B0DK1SQ3DY, B0DK1LBJ7H, B0D6BXGM1W, B0BFBM36S8, B0DK1SJ178, B0BFBNSKCL, B0D6BW8CFG, B0D6BTN6QQ, B0DK1T52SG, B0D6BTVQFR, B0D6BQ9MNM, B0BFBL9XGB, B0BFBHNV5N, B0BFBLLTFD, B0C282VP19, B0D6BW1WCF, B0DK1LCMB7, B0DK1QQFD8, B0DK1LCGV3, B0BFBKKSG1, B0D6BTF84Q, B0C285K8NG, B0D6BTHKMF, B0BFBNZSCB, B0C288CG96, B0C2855GQ1, B0BFBKLXF7, B0BFBL5Z1M, B0DK1PW4J9, B0BFBJSKZS, B0BFBK1YFM, B0BFBVNH4S, B0DK1PW4JG, B0DK1THCJT, B0D6BSVCJL, B0C2881C6B, B0BFBMW7QJ, B0D6BXSTM9, B0BFBLTSGK, B0BFBJDM3K, B0C2857Z74, B0BFBMY4MX, B0BFBLQ38P, B0BFBLWJ3Q, B0D6BRFDGR, B0C285N5YQ, B0D6BT4P43, B0C284YTZ8, B0C284545V, B0BFBKLYG1, B0BFBMN5YS, B0DK1LDF6N, B0BFBM661Y, B0DK1PZ522, B0D6BT55CS]",amzn1.campaign.P4KUOA23TVYN,Rare Opportunity - Super Soft Chenille Pillow Cover(10K+ sets Monthly Sales),GAWAMAY,2026-03-06,2027-02-23,15.00%,5000.0,5000.0,62,800,false
[B0GMRQ4BSR],amzn1.campaign.3UBM5QWU9ACGC,BEEST - Creator Connection - Spray Foam - 36 PK - B0GMRQ4BSR,BEEST,2026-03-06,2026-12-31,10.00%,100000.0,99181.22,27,800,false
"[B0D97BJSLK, B0D97FGKWJ, B0D97FK37H, B0D97HDVSM, B0D97FV3CN, B0D97FRY8W, B0D97F6XPJ, B0D97H6DMX, B0D97GJ2MB, B0D97FYKXL, B0D97DSZ48, B0D97FTW3Z, B0D97GKC5W, B0D97H9SRW, B0D97GT573, B0D97HSQBN, B0D97G7BZB, B0D97F5N7B, B0D97DXRNS, B0D97H598Y, B0D97DW3YM, B0D97GKQJX, B0D97GGM1Y, B0D97GBPK1]",amzn1.campaign.1FRFWMVMHU6O2,Share our hiking pants on your social media to get a 12% commission😉👍,MOURCE,2026-03-07,2027-01-02,12.00%,5000.0,5000.0,97,800,false
"[B0D97BJSLK, B0D97FGKWJ, B0D97FK37H, B0D97HDVSM, B0D97FV3CN, B0D97FRY8W, B0D97F6XPJ, B0D97H6DMX, B0D97GJ2MB, B0D97FYKXL, B0D97DSZ48, B0D97FTW3Z, B0D97GKC5W, B0D97H9SRW, B0D97GT573, B0D97HSQBN, B0D97G7BZB, B0D97F5N7B, B0D97DXRNS, B0D97H598Y, B0D97DW3YM, B0D97GKQJX, B0D97GGM1Y, B0D97GBPK1]",amzn1.campaign.O09MX57TFQ94,Share our hiking pants on your social media to get a 12% commission😉👍,MOURCE,2026-03-07,2027-01-01,12.00%,5000.0,5000.0,105,800,false
[B0FFTGBPNY],amzn1.campaign.32WLYJ17W0AE,BEEST - Creator Connection - Spray Foam - 24 PK - B0FFTGBPNY,BEEST,2026-03-06,2026-12-31,10.00%,100000.0,99514.82,26,800,false
"[B0BFBL738L, B0FMXC23L6, B0FMXQDT4H, B0DK1NSPW9, B0FMXQ92SC, B0FMXQDT4G, B0DK1NSPWF, B0BFBGX5F1, B0D6BW8B13, B0FMXFYFKJ, B0C286ZP2Q, B0BFBH27NM, B0FMXPRB3R, B0FMX99H2Z, B0BFBKRTVR, B0D6BSVRVQ, B0FMY1MBSD, B0C285G5BR, B0C284LS8S, B0C2879TRT, B0FMXC4D86, B0BFBLR4ZM, B0FMXQFGWB, B0C285BH7C, B0FMXX2815, B0DK1LFXS5, B0FMXJ74MH, B0FMXCHBHN, B0FMXNT2TQ, B0FMXJJLSM, B0FMXG7MCB, B0FMXR4LWL, B0DK1TLQVB, B0D6BTCCGV, B0DK1QHYXJ, B0FMXX66DD, B0BFBNQPLB, B0FMXMLYH5, B0FMXQXD7X, B0D6BW16QF, B0BFBKL268, B0FMXQWH1Z, B0FMXX66D6, B0D6BTC8C4, B0C284RW16, B0DK1R7GXT, B0BFBLNKV7, B0FMX99THT, B0FMXNR2M7, B0FMXQS1BN, B0DK1LFLZ6, B0FMXQJNFD, B0FMY38WQZ, B0D6BT2STR, B0BFBN9GC1, B0D6BS1L5D, B0FMXPQKGZ, B0F7LP6ZHG, B0DK1RMXYM, B0BFBMQBN2, B0FMXTVRM2, B0BFBMZVJH, B0FMXLXC4C, B0FMX5QNVT, B0FMXH4J7N, B0FMXQKT3Y, B0C2869WFW, B0FMXVDBSV, B0FMY18L8B, B0BFBMDGJR, B0C285LT46, B0FMX3F2SZ, B0C284K6XK, B0FMXQCW14, B0BFBM3KCY, B0FMXNKTGQ, B0FMXCJ8ZP, B0FMXLM1TY, B0FMXLS9S5, B0F7LKZTLT, B0FMXTFKGY, B0FMXWYBYX, B0DK1T52SG, B0D6BTVQFR, B0D6BQ9MNM, B0FMXTHW9N, B0BFBL9XGB, B0BFBHNV5N, B0BFBLLTFD, B0C282VP19, B0DK1LCMB7, B0FMXFV981, B0FMXCX7P8, B0DK1LCGV3, B0FMXJ1TY8, B0FMXMF328, B0BFBKKSG1, B0D6BTF84Q, B0C285K8NG, B0BFBNZSCB, B0FMXRKJ2M, B0C2855GQ1, B0FMX98RDC, B0FMXHT9RW, B0FMXLHQSD, B0BFBJSKZS, B0FMXJ6P1H, B0DK1THCJT, B0D6BSVCJL, B0BFBMW7QJ, B0FMXXNQN9, B0FMX8R2SY, B0FMX922VX, B0FMX3GNZ8, B0BFBLQ38P, B0FMXP2Z64, B0FMXJJ7TY, B0FMX8ZVBC, B0BFBLWJ3Q, B0D6BRFDGR, B0C284YTZ8, B0FMXN3V35, B0C284545V, B0BFBMN5YS, B0BFBM661Y, B0FMXFWCG2, B0FMXNCLPM, B0D6BT55CS, B0BFBF8ZPR, B0FMY3T9MG, B0BFBGJS1G, B0FMY3T9MF, B0BFBKV4BP, B0FMXQD6S1, B0DK1QHXKN, B0D6BRBDJV, B0FMY3T9ML, B0FMXH6ZZZ, B0BFBKLP7K, B0D6BVP4SZ, B0BFBNG1FH, B0FMXCZ1HX, B0FMX96H3H, B0DK1SS748, B0FMXX9Z6Y, B0FMXWG6RP, B0D6BWSZHJ, B0FMX5VR9G, B0FMY1N96Z, B0FMXN9HXN, B0FMXTH76L, B0FMXWGG3P, B0BFBMW37T, B0BFBNL97T, B0F7LQHMJL, B0FMXT32GP, B0BFBLTN1Z, B0FMXXMWYR, B0C2833B7W, B0D6BR46VK, B0C53CX5CP, B0C283QQLV, B0BFBLC65C, B0DK1RB1T7, B0DK1LBWT1, B0D6BVY827, B0FMXH9LCK, B0BFBHXVV1, B0FMXH8T5Z, B0D6BR7WNX, B0BFBJS3WD, B0FMXNW7PR, B0BFBJZPLX, B0DK1T51SX, B0FMXZVJK9, B0BFBMLNKL, B0FMXXTKL8, B0FMXZVJJY, B0C284JKYR, B0FMXQ74SL, B0BFBWQSRM, B0C28621TS, B0FMX5RLWQ, B0DK1QDV3N, B0FMY3LJTF, B0BFBLF479, B0FMXLBP7R, B0FMXLCRZQ, B0C287RLCQ, B0DK1QP413, B0FMXK6DHP, B0BFBLQ3Q2, B0DK1QMBF4, B0C28665DV, B0FMXFZTH7, B0BFBJT1ZX, B0BFBJT1ZV, B0FMXWPG6J, B0BFBLCC8B, B0DK1SQ3DY, B0DK1LBJ7H, B0D6BXGM1W, B0BFBM36S8, B0FMXWXS58, B0FMXHVQ71, B0DK1SJ178, B0BFBNSKCL, B0FMXRFKMF, B0D6BW8CFG, B0FMXP4JJ2, B0D6BTN6QQ, B0D6BW1WCF, B0FMY3PV54, B0DK1QQFD8, B0FMXRD45S, B0FMY3VNRY, B0F7LNFTZX, B0FMXF8G3R, B0FMXPYKKD, B0D6BTHKMF, B0FMXMYSR7, B0C288CG96, B0BFBKLXF7, B0FMXWG6RH, B0BFBL5Z1M, B0DK1PW4J9, B0BFBK1YFM, B0FMXTL5TN, B0BFBVNH4S, B0DK1PW4JG, B0C2881C6B, B0D6BXSTM9, B0FMXR1JHY, B0BFBLTSGK, B0BFBJDM3K, B0C2857Z74, B0BFBMY4MX, B0FMX8JTVG, B0FMXWJ314, B0FMX97FFQ, B0C285N5YQ, B0D6BT4P43, B0FMXHDGW4, B0FMXF9LJ7, B0BFBKLYG1, B0DK1LDF6N, B0DK1PZ522, B0FMXTL5V4]",amzn1.campaign.3CDJB5X48CPPN,Top Seller！10K+ Sold Monthly! 15% Commission on Chenille Throw Pillow Covers,GAWAMAY,2026-03-06,2027-02-24,15.00%,5000.0,5000.0,62,800,false
[B0GFN3JQTJ],amzn1.campaign.29GUQ4H510C0S,10% Comm | Luxury Gold-Trimmed Sunglasses Stand | 5-10% Fan Disc,SHUNKAIZS,2026-03-06,2027-03-04,10.00%,1000000.0,1000000.0,51,800,false
"[B0DHKLF3V5, B0D95ZQTC9, B0D93V458G, B0DHKL5YS8, B0DLNW7SGZ, B0D961Q27J, B0FWK4J6G8, B0FWJWYS94, B0FWJY5XZT, B0DHKKPZ7B, B0DLNY6KXV, B0D95YJPSN, B0D961VJXS, B0DLNWDNJV, B0DLNZM27J, B0D95ZD8P2, B0DHKMXV7V, B0D96136ZD, B0D95X213G, B0D95ZS7KK, B0D95ZRLGX, B0DLNXBP81, B0D95YNMJR, B0DLP255C5, B0DLNZ5J6P, B0DHKLFM21, B0DLNYJBYW, B0DHKMV2FR, B0D95X4MCV, B0DHKL4XMQ, B0D961GKPN, B0D95ZDWYJ, B0DHKMGTRM, B0DHKLTRP3, B0DLNYCR5C, B0D961KNFP, B0D95ZD8P8, B0DHKLSG6V, B0D961QD66, B0FWJZDB81, B0D95ZRQ2Y, B0D962CS4R, B0DHKMLKL9, B0D95ZDC1X, B0DHKLG73B, B0D95YGCRK, B0D95YXT3R, B0D961Z7VJ, B0DHKG6T9R, B0D95XYD24, B0FJDN4YK5]",amzn1.campaign.2HDJH1POLS6UW,🏡 My Amazon Wall Art American Vintage Plan,FUHAIHUA,2026-03-06,2027-03-06,15.00%,5000.0,4975.81,36,800,false
"[B0BFBL738L, B0FMXC23L6, B0FMXQDT4H, B0DK1NSPW9, B0FMXQ92SC, B0FMXQDT4G, B0DK1NSPWF, B0BFBGX5F1, B0D6BW8B13, B0FMXFYFKJ, B0C286ZP2Q, B0BFBH27NM, B0FMXPRB3R, B0FMX99H2Z, B0BFBKRTVR, B0D6BSVRVQ, B0FMY1MBSD, B0C285G5BR, B0C284LS8S, B0C2879TRT, B0FMXC4D86, B0BFBLR4ZM, B0FMXQFGWB, B0C285BH7C, B0FMXX2815, B0DK1LFXS5, B0FMXJ74MH, B0FMXCHBHN, B0FMXNT2TQ, B0FMXJJLSM, B0FMXG7MCB, B0FMXR4LWL, B0DK1TLQVB, B0D6BTCCGV, B0DK1QHYXJ, B0FMXX66DD, B0BFBNQPLB, B0FMXMLYH5, B0FMXQXD7X, B0D6BW16QF, B0BFBKL268, B0FMXQWH1Z, B0FMXX66D6, B0D6BTC8C4, B0C284RW16, B0DK1R7GXT, B0BFBLNKV7, B0FMX99THT, B0FMXNR2M7, B0FMXQS1BN, B0DK1LFLZ6, B0FMXQJNFD, B0FMY38WQZ, B0D6BT2STR, B0BFBN9GC1, B0D6BS1L5D, B0FMXPQKGZ, B0DK1RMXYM, B0BFBMQBN2, B0FMXTVRM2, B0BFBMZVJH, B0FMXLXC4C, B0FMX5QNVT, B0FMXH4J7N, B0FMXQKT3Y, B0C2869WFW, B0FMXVDBSV, B0FMY18L8B, B0BFBMDGJR, B0C285LT46, B0FMX3F2SZ, B0C284K6XK, B0FMXQCW14, B0BFBM3KCY, B0FMXNKTGQ, B0FMXCJ8ZP, B0FMXLM1TY, B0FMXLS9S5, B0FMXTFKGY, B0FMXWYBYX, B0DK1T52SG, B0D6BTVQFR, B0D6BQ9MNM, B0FMXTHW9N, B0BFBL9XGB, B0BFBHNV5N, B0BFBLLTFD, B0C282VP19, B0DK1LCMB7, B0FMXFV981, B0FMXCX7P8, B0DK1LCGV3, B0FMXJ1TY8, B0FMXMF328, B0BFBKKSG1, B0D6BTF84Q, B0C285K8NG, B0BFBNZSCB, B0FMXRKJ2M, B0C2855GQ1, B0FMX98RDC, B0FMXHT9RW, B0FMXLHQSD, B0BFBJSKZS, B0FMXJ6P1H, B0DK1THCJT, B0D6BSVCJL, B0BFBMW7QJ, B0FMXXNQN9, B0FMX8R2SY, B0FMX922VX, B0FMX3GNZ8, B0BFBLQ38P, B0FMXP2Z64, B0FMXJJ7TY, B0FMX8ZVBC, B0BFBLWJ3Q, B0D6BRFDGR, B0C284YTZ8, B0FMXN3V35, B0C284545V, B0BFBMN5YS, B0BFBM661Y, B0FMXFWCG2, B0FMXNCLPM, B0D6BT55CS, B0BFBF8ZPR, B0FMY3T9MG, B0BFBGJS1G, B0FMY3T9MF, B0BFBKV4BP, B0FMXQD6S1, B0DK1QHXKN, B0D6BRBDJV, B0FMY3T9ML, B0FMXH6ZZZ, B0BFBKLP7K, B0D6BVP4SZ, B0BFBNG1FH, B0FMXCZ1HX, B0FMX96H3H, B0DK1SS748, B0FMXX9Z6Y, B0FMXWG6RP, B0D6BWSZHJ, B0FMX5VR9G, B0FMY1N96Z, B0FMXN9HXN, B0FMXTH76L, B0FMXWGG3P, B0BFBMW37T, B0BFBNL97T, B0FMXT32GP, B0BFBLTN1Z, B0FMXXMWYR, B0C2833B7W, B0D6BR46VK, B0C53CX5CP, B0C283QQLV, B0BFBLC65C, B0DK1RB1T7, B0DK1LBWT1, B0D6BVY827, B0FMXH9LCK, B0BFBHXVV1, B0FMXH8T5Z, B0D6BR7WNX, B0BFBJS3WD, B0FMXNW7PR, B0BFBJZPLX, B0DK1T51SX, B0FMXZVJK9, B0BFBMLNKL, B0FMXXTKL8, B0FMXZVJJY, B0C284JKYR, B0FMXQ74SL, B0BFBWQSRM, B0C28621TS, B0FMX5RLWQ, B0DK1QDV3N, B0FMY3LJTF, B0BFBLF479, B0FMXLBP7R, B0FMXLCRZQ, B0C287RLCQ, B0DK1QP413, B0FMXK6DHP, B0BFBLQ3Q2, B0DK1QMBF4, B0C28665DV, B0FMXFZTH7, B0BFBJT1ZX, B0BFBJT1ZV, B0FMXWPG6J, B0BFBLCC8B, B0DK1SQ3DY, B0DK1LBJ7H, B0D6BXGM1W, B0BFBM36S8, B0FMXWXS58, B0FMXHVQ71, B0DK1SJ178, B0BFBNSKCL, B0FMXRFKMF, B0D6BW8CFG, B0FMXP4JJ2, B0D6BTN6QQ, B0D6BW1WCF, B0FMY3PV54, B0DK1QQFD8, B0FMXRD45S, B0FMY3VNRY, B0FMXF8G3R, B0FMXPYKKD, B0D6BTHKMF, B0FMXMYSR7, B0C288CG96, B0BFBKLXF7, B0FMXWG6RH, B0BFBL5Z1M, B0DK1PW4J9, B0BFBK1YFM, B0FMXTL5TN, B0BFBVNH4S, B0DK1PW4JG, B0C2881C6B, B0D6BXSTM9, B0FMXR1JHY, B0BFBLTSGK, B0BFBJDM3K, B0C2857Z74, B0BFBMY4MX, B0FMX8JTVG, B0FMXWJ314, B0FMX97FFQ, B0C285N5YQ, B0D6BT4P43, B0FMXHDGW4, B0FMXF9LJ7, B0BFBKLYG1, B0DK1LDF6N, B0DK1PZ522, B0FMXTL5V4]",amzn1.campaign.XJN12RE1L90V,"Commission Alert! 🤑 20% Per Sales + Hot Sales, 10K+ Monthly",GAWAMAY,2026-03-06,2027-02-25,20.00%,5000.0,4967.33,54,800,false
[B0FM65WFMV],amzn1.campaign.2SF0BTM9SF7D7,BEEST - Creator Connection - Spray Foam - 12 PK - B0FM65WFMV,BEEST,2026-03-06,2026-12-31,10.00%,100000.0,99522.37,23,800,false
"[B0BFBL738L, B0FMXC23L6, B0FMXQDT4H, B0DK1NSPW9, B0FMXQ92SC, B0FMXQDT4G, B0DK1NSPWF, B0BFBGX5F1, B0D6BW8B13, B0FMXFYFKJ, B0C286ZP2Q, B0BFBH27NM, B0FMXPRB3R, B0FMX99H2Z, B0BFBKRTVR, B0D6BSVRVQ, B0FMY1MBSD, B0C285G5BR, B0C284LS8S, B0C2879TRT, B0FMXC4D86, B0BFBLR4ZM, B0FMXQFGWB, B0C285BH7C, B0FMXX2815, B0DK1LFXS5, B0FMXJ74MH, B0FMXCHBHN, B0FMXNT2TQ, B0FMXJJLSM, B0FMXG7MCB, B0FMXR4LWL, B0DK1TLQVB, B0D6BTCCGV, B0DK1QHYXJ, B0FMXX66DD, B0BFBNQPLB, B0FMXMLYH5, B0FMXQXD7X, B0D6BW16QF, B0BFBKL268, B0FMXQWH1Z, B0FMXX66D6, B0D6BTC8C4, B0C284RW16, B0DK1R7GXT, B0BFBLNKV7, B0FMX99THT, B0FMXNR2M7, B0FMXQS1BN, B0DK1LFLZ6, B0FMXQJNFD, B0FMY38WQZ, B0D6BT2STR, B0BFBN9GC1, B0D6BS1L5D, B0FMXPQKGZ, B0F7LP6ZHG, B0DK1RMXYM, B0BFBMQBN2, B0FMXTVRM2, B0BFBMZVJH, B0FMXLXC4C, B0FMX5QNVT, B0FMXH4J7N, B0FMXQKT3Y, B0C2869WFW, B0FMXVDBSV, B0FMY18L8B, B0BFBMDGJR, B0C285LT46, B0FMX3F2SZ, B0C284K6XK, B0FMXQCW14, B0BFBM3KCY, B0FMXNKTGQ, B0FMXCJ8ZP, B0FMXLM1TY, B0FMXLS9S5, B0F7LKZTLT, B0FMXTFKGY, B0FMXWYBYX, B0DK1T52SG, B0D6BTVQFR, B0D6BQ9MNM, B0FMXTHW9N, B0BFBL9XGB, B0BFBHNV5N, B0BFBLLTFD, B0C282VP19, B0DK1LCMB7, B0FMXFV981, B0FMXCX7P8, B0DK1LCGV3, B0FMXJ1TY8, B0FMXMF328, B0BFBKKSG1, B0D6BTF84Q, B0C285K8NG, B0BFBNZSCB, B0FMXRKJ2M, B0C2855GQ1, B0FMX98RDC, B0FMXHT9RW, B0FMXLHQSD, B0BFBJSKZS, B0FMXJ6P1H, B0DK1THCJT, B0D6BSVCJL, B0BFBMW7QJ, B0FMXXNQN9, B0FMX8R2SY, B0FMX922VX, B0FMX3GNZ8, B0BFBLQ38P, B0FMXP2Z64, B0FMXJJ7TY, B0FMX8ZVBC, B0BFBLWJ3Q, B0D6BRFDGR, B0C284YTZ8, B0FMXN3V35, B0C284545V, B0BFBMN5YS, B0BFBM661Y, B0FMXFWCG2, B0FMXNCLPM, B0D6BT55CS, B0BFBF8ZPR, B0FMY3T9MG, B0BFBGJS1G, B0FMY3T9MF, B0BFBKV4BP, B0FMXQD6S1, B0DK1QHXKN, B0D6BRBDJV, B0FMY3T9ML, B0FMXH6ZZZ, B0BFBKLP7K, B0D6BVP4SZ, B0BFBNG1FH, B0FMXCZ1HX, B0FMX96H3H, B0DK1SS748, B0FMXX9Z6Y, B0FMXWG6RP, B0D6BWSZHJ, B0FMX5VR9G, B0FMY1N96Z, B0FMXN9HXN, B0FMXTH76L, B0FMXWGG3P, B0BFBMW37T, B0BFBNL97T, B0F7LQHMJL, B0FMXT32GP, B0BFBLTN1Z, B0FMXXMWYR, B0C2833B7W, B0D6BR46VK, B0C53CX5CP, B0C283QQLV, B0BFBLC65C, B0DK1RB1T7, B0DK1LBWT1, B0D6BVY827, B0FMXH9LCK, B0BFBHXVV1, B0FMXH8T5Z, B0D6BR7WNX, B0BFBJS3WD, B0FMXNW7PR, B0BFBJZPLX, B0DK1T51SX, B0FMXZVJK9, B0BFBMLNKL, B0FMXXTKL8, B0FMXZVJJY, B0C284JKYR, B0FMXQ74SL, B0BFBWQSRM, B0C28621TS, B0FMX5RLWQ, B0DK1QDV3N, B0FMY3LJTF, B0BFBLF479, B0FMXLBP7R, B0FMXLCRZQ, B0C287RLCQ, B0DK1QP413, B0FMXK6DHP, B0BFBLQ3Q2, B0DK1QMBF4, B0C28665DV, B0FMXFZTH7, B0BFBJT1ZX, B0BFBJT1ZV, B0FMXWPG6J, B0BFBLCC8B, B0DK1SQ3DY, B0DK1LBJ7H, B0D6BXGM1W, B0BFBM36S8, B0FMXWXS58, B0FMXHVQ71, B0DK1SJ178, B0BFBNSKCL, B0FMXRFKMF, B0D6BW8CFG, B0FMXP4JJ2, B0D6BTN6QQ, B0D6BW1WCF, B0FMY3PV54, B0DK1QQFD8, B0FMXRD45S, B0FMY3VNRY, B0F7LNFTZX, B0FMXF8G3R, B0FMXPYKKD, B0D6BTHKMF, B0FMXMYSR7, B0C288CG96, B0BFBKLXF7, B0FMXWG6RH, B0BFBL5Z1M, B0DK1PW4J9, B0BFBK1YFM, B0FMXTL5TN, B0BFBVNH4S, B0DK1PW4JG, B0C2881C6B, B0D6BXSTM9, B0FMXR1JHY, B0BFBLTSGK, B0BFBJDM3K, B0C2857Z74, B0BFBMY4MX, B0FMX8JTVG, B0FMXWJ314, B0FMX97FFQ, B0C285N5YQ, B0D6BT4P43, B0FMXHDGW4, B0FMXF9LJ7, B0BFBKLYG1, B0DK1LDF6N, B0DK1PZ522, B0FMXTL5V4]",amzn1.campaign.38I4RF55W3L0P,10K+ Sold Monthly! 15% Commission on Soft Throw Pillow Covers,GAWAMAY,2026-03-06,2027-02-26,15.00%,5000.0,5000.0,62,800,false
"[B0FT7G2JFK, B0DYJ2V5F1, B0DYJSL2FV]",amzn1.campaign.3HJKMUJRMP6OC,This Cute Glow Frog Bathroom Find Is Going Viral on Amazon (+15%),MENNTY,2026-03-06,2027-03-06,15.00%,30000.0,30000.0,72,800,false
[B0FPM3T8JC],amzn1.campaign.UT42G84NFDC9,BEEST - Creator Connection - Spray Foam - 6 PK - B0FPM3T8JC,BEEST,2026-03-06,2026-12-31,12.00%,100000.0,99876.67,35,800,false
"[B0G3ZWKBL2, B0G3ZSQK5K, B0G3ZXBFPZ, B0G3ZSPJF2, B0G3ZS7Z2T]",amzn1.campaign.EIGJZEVWH137,SO HOT！🔥🔥🔥Designer Oversized Sunglasses🔥🔥🔥SG9112,SODQW,2026-03-07,2027-03-07,10.00%,999999.0,999999.0,85,800,false
"[B0F5W6KF8S, B0F5W8S14H, B0F5W2PYRP, B0F5W594K4, B0F5W6BR76, B0F5W2SV6V, B0F5W2F1V1, B0F5WLC7YG, B0F5W6FTQH, B0F5WH1VR6, B0F5WLGXGY, B0F5WHB6ZW, B0F5W4N4CC, B0F5W8VHV1, B0F5WHRJCH, B0F5W5F8C3, B0F5W5V9MC, B0F5W7MXRH, B0F5WQJD1L, B0F5VYXCP9, B0F5W7NPR8, B0F5W4MYNZ, B0F5W66PJB, B0F5W28XBD, B0F5W5W4FS, B0F5WBQY46, B0F5WH9TS5, B0F5W8FQWN, B0F5WLDWP4, B0F5W5RVM8, B0F5W6LY3M, B0F5WC73J7, B0F5VVZ2CM, B0F5W62C4F, B0F5W4MYNT, B0F5W5CNXM, B0F5W6SGS1, B0F5W5QWZT, B0F5W2J4R5, B0F5W2VN8J, B0F5W677ZR, B0F5W22DLS]",amzn1.campaign.2I7FMQZ1BXDEO,Monthly Order 80000+ Commission 10% B0F5WHB6ZW Floral Skirt January to December,Abaadlw,2026-03-09,2027-03-02,10.00%,5000.0,5000.0,58,800,false
"[B0F5W6KF8S, B0F5W8S14H, B0F5W2PYRP, B0F5W594K4, B0F5W6BR76, B0F5W2SV6V, B0F5W2F1V1, B0F5WLC7YG, B0F5W6FTQH, B0F5WH1VR6, B0F5WLGXGY, B0F5WHB6ZW, B0F5W4N4CC, B0F5W8VHV1, B0F5WHRJCH, B0F5W5F8C3, B0F5W5V9MC, B0F5W7MXRH, B0F5WQJD1L, B0F5VYXCP9, B0F5W7NPR8, B0F5W4MYNZ, B0F5W66PJB, B0F5W28XBD, B0F5W5W4FS, B0F5WBQY46, B0F5WH9TS5, B0F5W8FQWN, B0F5WLDWP4, B0F5W5RVM8, B0F5W6LY3M, B0F5WC73J7, B0F5VVZ2CM, B0F5W62C4F, B0F5W4MYNT, B0F5W5CNXM, B0F5W6SGS1, B0F5W5QWZT, B0F5W2J4R5, B0F5W2VN8J, B0F5W677ZR, B0F5W22DLS]",amzn1.campaign.2SCT55U0H6OND,Monthly Order 80000+ Commission 10% B0F5WHB6ZW Floral Skirt January to December,Abaadlw,2026-03-08,2027-03-02,10.00%,5000.0,5000.0,62,800,false
"[B0GDXJ6N1Q, B0CSNNM45T, B0CYT57Q2C, B0GDWNVTST, B0DYNTXSK2, B0DY14HZ97, B0F21JFTG8, B0DYNP4G85, B0F21G4Z28, B0GQL3XYYG, B0F2HGV7G9, B0CZKTN7X5, B0DYMRK6LK, B0GG9ZKPGG, B0GJSFL9JW, B0DY788KNJ, B0F21F6D49, B0GJSC4WVD, B0GDX9C27N]",amzn1.campaign.E8CLILII0DH2,夏季,UJG,2026-03-06,2026-12-31,10.00%,5000.0,3959.91,36,800,false
"[B0F5W6KF8S, B0F5W8S14H, B0F5W2PYRP, B0F5W594K4, B0F5W6BR76, B0F5W2SV6V, B0F5W2F1V1, B0F5WLC7YG, B0F5W6FTQH, B0F5WH1VR6, B0F5WLGXGY, B0F5WHB6ZW, B0F5W4N4CC, B0F5W8VHV1, B0F5WHRJCH, B0F5W5F8C3, B0F5W5V9MC, B0F5W7MXRH, B0F5WQJD1L, B0F5VYXCP9, B0F5W7NPR8, B0F5W4MYNZ, B0F5W66PJB, B0F5W28XBD, B0F5W5W4FS, B0F5WBQY46, B0F5WH9TS5, B0F5W8FQWN, B0F5WLDWP4, B0F5W5RVM8, B0F5W6LY3M, B0F5WC73J7, B0F5VVZ2CM, B0F5W62C4F, B0F5W4MYNT, B0F5W5CNXM, B0F5W6SGS1, B0F5W5QWZT, B0F5W2J4R5, B0F5W2VN8J, B0F5W677ZR, B0F5W22DLS]",amzn1.campaign.3FTR01YQREY7H,Monthly Order 80000+ Commission 10% B0F5WHB6ZW Floral Skirt January to December,Abaadlw,2026-03-07,2027-03-02,10.00%,5000.0,5000.0,72,800,false
[B0FPM27LNN],amzn1.campaign.12VGFYYL2IPZS,BEEST - Creator Connection - Spray Foam - 2 PK - B0FPM27LNN,BEEST,2026-03-06,2026-12-31,12.00%,100000.0,99974.72,26,800,false
"[B0F5W6KF8S, B0F5W8S14H, B0F5W2PYRP, B0F5W594K4, B0F5W6BR76, B0F5W2SV6V, B0F5W2F1V1, B0F5WLC7YG, B0F5W6FTQH, B0F5WH1VR6, B0F5WLGXGY, B0F5WHB6ZW, B0F5W4N4CC, B0F5W8VHV1, B0F5WHRJCH, B0F5W5F8C3, B0F5W5V9MC, B0F5W7MXRH, B0F5WQJD1L, B0F5VYXCP9, B0F5W7NPR8, B0F5W4MYNZ, B0F5W66PJB, B0F5W28XBD, B0F5W5W4FS, B0F5WBQY46, B0F5WH9TS5, B0F5W8FQWN, B0F5WLDWP4, B0F5W5RVM8, B0F5W6LY3M, B0F5WC73J7, B0F5VVZ2CM, B0F5W62C4F, B0F5W4MYNT, B0F5W5CNXM, B0F5W6SGS1, B0F5W5QWZT, B0F5W2J4R5, B0F5W2VN8J, B0F5W677ZR, B0F5W22DLS]",amzn1.campaign.BLR2E0C3Z2GB,Monthly Order 80000+ Commission 10% B0F5WHB6ZW Floral Skirt January to December,Abaadlw,2026-03-06,2027-03-02,10.00%,5000.0,4996.0,68,800,false
"[B0F5B36297, B0FNML2D8L, B0CZ3D7NGJ, B0FT7G2JFK, B0DYJ2V5F1, B0DYJSL2FV, B0D4YMXYFJ, B0FNMMYSMQ, B0CZ33KJ3P, B0FNMMR9MZ]",amzn1.campaign.2T7158M1KLR28,Amazon Finds That Instantly Upgrade Your Bathroom (+10%),MENNTY,2026-03-06,2027-02-28,10.00%,30000.0,30000.0,76,800,false
[B0FM4Q7QDG],amzn1.campaign.3ICAARXPIS2P8,BEEST - Creator Connection - Spray Foam - 1 PK - B0FM4Q7QDG,BEEST,2026-03-06,2026-12-31,15.00%,100000.0,99985.9,27,800,false
[B0GFN26KGG],amzn1.campaign.2OY5WJUCRPV06,10% Comm | New Luxury Gold-Trimmed Sunglasses Stand | 5-10% Fan Disc,SHUNKAIZS,2026-03-06,2027-03-05,10.00%,1000000.0,1000000.0,51,800,false
"[B0G4CMKNQY, B0FMK7MP2F, B0GG9PHVRJ]",amzn1.campaign.HXGQE5Q68UUZ,Betife Wellness Travel Pill Organizer 2 Times A Day Campaign - 10% Commission,Betife,2026-03-06,2026-12-31,10.00%,5000.0,4207.74,11,800,false
"[B0D92854C1, B0D7YTS9XG, B0D7ZQKN3M, B0D928D9PJ, B0D928K65G, B0D9289N9R, B0D7ZNCPS7, B0D927CPKW, B0D9285X8N, B0D92956L1, B0D7YTSQWB, B0D92865QJ, B0D927NWHY, B0D927NW93, B0D7ZPKHSH, B0D926QDXG, B0D928H49H, B0D927C5XF, B0D927BS5D, B0D7ZSRN8S, B0D926MHL6, B0D9VQ5SVF, B0D926SMCG, B0D7YTLGFP, B0D9279HJY, B0D927ZF4T, B0D927ZBMR, B0D7ZS6KWB, B0D9277RDY, B0D926SMCS, B0D926V49J, B0D928S5KY, B0D7YTS7BN, B0D9294NMD, B0D7ZQZ4SD, B0D929BCN7, B0D9VRZSKX, B0D7ZMNZSX, B0D927QB4Z, B0D928JHJR, B0D9284CR2, B0D7ZPDG95, B0D7ZQ7W39, B0D928GQ4S, B0D928NR1Z, B0D7ZRS6Q3, B0D7ZQ7ZYW, B0D929J1R8, B0D92852M5, B0D9295WJX, B0D7ZSWGZ4, B0D7ZTJG4X, B0D926JVN5, B0D7ZPKQFQ, B0D929TLH7, B0D7ZPLXR7, B0D928GB7N, B0D929M72R, B0D928NHN1, B0D928G2HN, B0D7ZQKXYF, B0D927W9BW, B0D7ZSSNDN, B0D928KLNP, B0D7ZPTD1J, B0D7YTSHFS, B0D7ZRK5G9, B0D7ZQW61F, B0D7ZQ9ZBG, B0D927SWYR, B0D7ZP793G, B0D7ZNQCSH, B0D929GV24, B0D7ZSRN6C, B0D928X12L, B0D929BBJ5, B0D929BB9D, B0D928CG2B, B0D928NR82, B0D927P6FH, B0D928TDK5, B0D7ZS5B9W, B0D928Y723, B0D92929NR, B0D7ZP2JV3, B0D927MBFK, B0D928BQYL, B0D927FFSQ, B0D9281T13, B0D9VS71KL, B0D926F724, B0D928GDPP, B0D9284LYF, B0D7YTT2BW, B0D927SH1K, B0D7ZTLZZ4, B0D928L8J9, B0D9284WP6, B0D9292N62, B0D92834NB, B0D928L89M, B0D7YTSL7Z, B0D927GW34, B0D927W6BP, B0D7ZQXQ5W, B0D927SH1L, B0D927LN1L, B0D927JCRQ, B0D7ZPW9FH, B0D92944N7, B0D7ZQX3KC, B0D928396H, B0D927YBTC, B0D7ZP7WPR, B0D927VY9P, B0D7ZSYP9B, B0D7ZN96C7, B0D7ZTYB22, B0D7ZPQWF2, B0D7ZSSNGP, B0D7ZQ2QJ9, B0D927W27G, B0D7ZQZDZK, B0D9281PH8, B0D929C8HD, B0D926YL14, B0D9287SKF, B0D926TND8, B0D926TND9, B0D9271LM1, B0D92847NY, B0D7YTR9H4, B0D928WKM5, B0D7ZR7PLX, B0D9284VL5, B0D7ZTLZWT, B0D7ZTZM3R, B0D92956LD, B0D7ZR45Q3, B0D7ZS2KCQ, B0D7ZPYT6J, B0D928RJJ1, B0D7ZPKWVX, B0D928YMK3, B0D7ZRVR2D, B0D7ZR8RMJ, B0D7ZT282L, B0D7ZSP1HH, B0D928B7DX, B0D9277G11, B0D7ZQ92H4, B0D927R2WP, B0D7ZP8XR2, B0D9289WNG, B0D7ZPNZD1, B0D927W71L, B0D92881W9, B0D7ZQ1GHQ, B0D928GRQB, B0D7ZPWM1J, B0D927H6BG, B0D927VLCX, B0D927Q5F5, B0D7ZRRL7J, B0D7ZSB9F5, B0D927FTBM, B0D7ZRT4SX, B0D928LMHX, B0D7ZPGJM2, B0D7ZTLL33, B0D7ZQ91HL, B0D7ZNW4XT, B0D7ZR26JR, B0D7ZPJ2TJ, B0D7ZPT81H, B0D92783M5, B0D7ZNFTK1, B0D7ZQ2VDW, B0D7ZR1DYL, B0D7YTVB7F, B0D9291L97, B0D927NYFQ, B0D925N1LW, B0D7ZRFGC6, B0D927FPKY, B0D9268DX4, B0D928DWD5, B0D926DKDL, B0D927RFTZ, B0D7ZT75TG, B0D927MP79, B0D7ZQB1LM, B0D926RWRY, B0D7ZTX875, B0D927HTKG, B0D924VC6Q, B0D92874C8, B0D928MMT1, B0D928HDPT, B0D927P9NV, B0D7ZSYSBX, B0D7ZRHTCS, B0D928PKG9, B0D9274MYV, B0D927Z4FQ, B0D927R3LP, B0D9294WVG, B0D92897CT, B0D9282FVM, B0D928GGZM, B0D927SBHD, B0D92722JD, B0D9272YGG, B0D7ZRCVX6, B0D928WDBZ, B0D7ZT8WRH, B0D928N9XL, B0D7ZQH1MG, B0D7YTT5VX, B0D9286V98, B0D927Z2CL, B0D7ZR7B45, B0D927QZMH, B0D928JGPD, B0D7YTT4D4, B0D7ZS7RWY, B0D7ZPSX4K, B0D7ZNVQ6S, B0D7ZPS9JY, B0D929G6RG, B0D928RCG4, B0D7ZPTNQN, B0D929RWRY, B0D929DB1S, B0D7ZPCNST, B0D7ZSTNNY, B0D928RCFY, B0D7ZRVP7G, B0D9264JD8, B0D9279981, B0D7ZPW3SD, B0D7ZRN24D, B0D7ZQ16N7, B0D9285Z9D, B0D929CWNS, B0D7ZR54B9, B0D928LWQ6, B0D928MMZP, B0D9283V75, B0D9VS5LNT, B0D926Y6PV, B0D928N6XK, B0D927HNWB, B0D927V25D, B0D9VQNTZT, B0D7ZQL9SH, B0D7ZPLWZS, B0D7ZSB53B, B0D9298CX6, B0D9298CXB, B0D928XZ1D, B0D928G6MZ, B0D927LGM8, B0D928RGLS, B0D7ZNJCRR, B0D929KPWT, B0D7ZPH8KH, B0D927FV8T, B0D927PLXD, B0D7ZNK9L2, B0D927DX2M, B0D7ZPVKGD, B0D926MZHB, B0D92823D6, B0D7ZQ2Z2R, B0D928TW5Q, B0D7ZP7DVG, B0D9283SP5, B0D928B7KR, B0D7ZNHKHB, B0D927K34L, B0D7ZMWK7G, B0D9286Y1J, B0D927KDFR, B0D9277T27, B0D7ZPC9KC, B0D7ZPDY6N, B0D928FQDJ, B0D928B4GD, B0D7ZPS4B4, B0D927K9S5, B0D9286CHF, B0D9291SYV, B0D928Q48W, B0D927D7BJ, B0D7ZQH57X, B0D7ZPP712, B0D928VZ4Z, B0D7ZNZF9C, B0D7ZNVG79, B0D7ZPZ9GF, B0D7ZQ82S5, B0D9277D2N, B0D7ZSM9HK]",amzn1.campaign.1OMOFV5XOJOUF,Stock Your Closet: Long Sleeve Fitted Tops in Every Color,Enerful,2026-03-06,2027-03-06,20.00%,6300.0,6297.0,25,800,false
"[B0FX3QX13Z, B0FX3RL4YR, B0FMRQ4Y8W, B0FMRR8XP6, B0FX3QLDPK, B0FX3QD3FS, B0FX3R6P1Z]",amzn1.campaign.1RMDQW8IZYIIJ,Ansi Z87.1 Safety Sunglasses Bestseller!!🔥 🔥🔥 SG1101,SODQW,2026-03-07,2027-03-06,10.00%,999999.0,999999.0,84,800,false
"[B0F5B36297, B0FNML2D8L, B0CZ3D7NGJ, B0FT7G2JFK, B0DYJ2V5F1, B0DYJSL2FV, B0D4YMXYFJ, B0FNMMYSMQ, B0CZ33KJ3P, B0FNMMR9MZ]",amzn1.campaign.1JKWI7MJCRQ2F,This Tiny Bathroom Upgrade Is Going Viral on Amazon (+10%),MENNTY,2026-03-06,2027-03-03,10.00%,30000.0,30000.0,82,800,false
[B0FPHKTC5G],amzn1.campaign.1L2EZTX65AVD4,BEEST - Creator Connection - Spray Foam - 1 PK Kit - B0FPHKTC5G,BEEST,2026-03-06,2026-12-31,15.00%,100000.0,99899.25,15,800,false
[B0DXWJSXGT],amzn1.campaign.2KSG3XTDDYMQP,BEEST - Creator Connection - Spray Foam - 2 PK Kit - B0DXWJSXGT,BEEST,2026-03-06,2026-12-31,12.00%,100000.0,99786.14,24,800,false
"[B09WLJ3Z78, B0B76ND2XJ, B0FSCGXQ84, B0B9MQVL4F]",amzn1.campaign.2CD7Y8J2VJPYM,"Maverick ",FeeTUO,2026-03-06,2027-02-28,10.00%,9999.0,9999.0,43,800,false
"[B0F5B36297, B0FNML2D8L, B0CZ3D7NGJ, B0FT7G2JFK, B0DYJ2V5F1, B0DYJSL2FV, B0D4YMXYFJ, B0FNMMYSMQ, B0CZ33KJ3P, B0FNMMR9MZ]",amzn1.campaign.2XZO0Q9OIPM8Q,"Viral Amazon Bathroom Finds – Bird, Duck & Frog Toilet Covers (+10%)",MENNTY,2026-03-06,2027-03-01,10.00%,30000.0,30000.0,78,800,false
"[B0CDC2ZJDS, B0CJY491NX, B0CJY367ZJ, B0FF1V6TKN, B0GDWTQL8F, B0CZ72T937, B0CDC36RD4]",amzn1.campaign.5W7EWR1SNYIZ,suokoun Drywall Skimming Blade - Multiple Sizes & Kits for Pros & DIYers,suokoun,2026-03-06,2026-09-06,10.00%,5000.0,4713.65,52,800,false
"[B0BFBF8ZPR, B0BFBL738L, B0BFBGJS1G, B0DK1NSPW9, B0DK1NSPWF, B0BFBKV4BP, B0BFBGX5F1, B0D6BW8B13, B0C286ZP2Q, B0BFBH27NM, B0BFBKRTVR, B0DK1QHXKN, B0D6BSVRVQ, B0D6BRBDJV, B0BFBKLP7K, B0D6BVP4SZ, B0BFBNG1FH, B0C285G5BR, B0C284LS8S, B0C2879TRT, B0DK1SS748, B0D6BWSZHJ, B0BFBLR4ZM, B0C285BH7C, B0DK1LFXS5, B0BFBMW37T, B0BFBNL97T, B0DK1TLQVB, B0D6BTCCGV, B0BFBLTN1Z, B0DK1QHYXJ, B0BFBNQPLB, B0C2833B7W, B0D6BR46VK, B0C53CX5CP, B0D6BW16QF, B0BFBKL268, B0C283QQLV, B0BFBLC65C, B0DK1RB1T7, B0DK1LBWT1, B0D6BVY827, B0BFBHXVV1, B0D6BR7WNX, B0BFBJS3WD, B0D6BTC8C4, B0BFBJZPLX, B0C284RW16, B0DK1R7GXT, B0BFBLNKV7, B0DK1T51SX, B0DK1LFLZ6, B0BFBMLNKL, B0C284JKYR, B0D6BT2STR, B0BFBWQSRM, B0BFBN9GC1, B0C28621TS, B0D6BS1L5D, B0DK1QDV3N, B0DK1RMXYM, B0BFBLF479, B0BFBMQBN2, B0BFBMZVJH, B0C287RLCQ, B0DK1QP413, B0BFBLQ3Q2, B0DK1QMBF4, B0C28665DV, B0C2869WFW, B0BFBMDGJR, B0BFBJT1ZX, B0BFBJT1ZV, B0C285LT46, B0C284K6XK, B0BFBM3KCY, B0BFBLCC8B, B0DK1SQ3DY, B0DK1LBJ7H, B0D6BXGM1W, B0BFBM36S8, B0DK1SJ178, B0BFBNSKCL, B0D6BW8CFG, B0D6BTN6QQ, B0DK1T52SG, B0D6BTVQFR, B0D6BQ9MNM, B0BFBL9XGB, B0BFBHNV5N, B0BFBLLTFD, B0C282VP19, B0D6BW1WCF, B0DK1LCMB7, B0DK1QQFD8, B0DK1LCGV3, B0BFBKKSG1, B0D6BTF84Q, B0C285K8NG, B0D6BTHKMF, B0BFBNZSCB, B0C288CG96, B0C2855GQ1, B0BFBKLXF7, B0BFBL5Z1M, B0DK1PW4J9, B0BFBJSKZS, B0BFBK1YFM, B0BFBVNH4S, B0DK1PW4JG, B0DK1THCJT, B0D6BSVCJL, B0C2881C6B, B0BFBMW7QJ, B0D6BXSTM9, B0BFBLTSGK, B0BFBJDM3K, B0C2857Z74, B0BFBMY4MX, B0BFBLQ38P, B0BFBLWJ3Q, B0D6BRFDGR, B0C285N5YQ, B0D6BT4P43, B0C284YTZ8, B0C284545V, B0BFBKLYG1, B0BFBMN5YS, B0DK1LDF6N, B0BFBM661Y, B0DK1PZ522, B0D6BT55CS]",amzn1.campaign.2E11QVIPFNYNO,Partnership Opportunity - Premium Chenille Pillow Cover(10K+ sets Monthly Sales),GAWAMAY,2026-03-06,2027-02-27,15.00%,5000.0,5000.0,54,800,false
"[B0GCM4RVNY, B0GCMLXSHV, B0GCMTTPHX, B0GCM4TSCK, B0GCMVLBLC]",amzn1.campaign.PWRT04A69XNH,🔥🔥 🔥Semi-Rimless Clear Lens Blue Light Glasses for Women HOT！！！BL1118🔥🔥 🔥,KISVIBE,2026-03-06,2027-03-06,10.00%,999999.0,999999.0,82,800,false
"[B0GFN3JQTJ, B0GFN26KGG, B0GFN7ZZ2V]",amzn1.campaign.3ULVPI48J77V5,10% Comm | Top-Selling Luxury Acrylic Sunglasses Stands (4.7⭐),SHUNKAIZS,2026-03-06,2027-03-06,10.00%,1000000.0,1000000.0,70,800,false
"[B0FSBZJFP2, B09WLHP7MP, B0B63C6269, B0DJSVXWFS, B09WLGRT32, B09WLKG942, B09WLJFRZJ, B0FSCPSNFT, B09WLHPY9H, B0B5KQNT6L, B0FSCVN1G8, B0CTQ44QQQ, B0CG93WHRT, B09WLHPQDC, B0CTQ7HCFL, B09WLJSGMD, B0B3HS2JR8, B0B3HW2RNS, B0B5KRPKY3]",amzn1.campaign.18I0E7R260583,F150 250 350,FeeTUO,2026-03-06,2027-02-28,10.00%,9999.0,9999.0,38,800,false
[B0FM5RBGQM],amzn1.campaign.3NK1T5P6DFPLC,BEEST - Creator Connection - Spray Foam - 6 PK Kit - B0FM5RBGQM,BEEST,2026-03-06,2026-12-31,10.00%,100000.0,99441.61,28,800,false
[B0F3VTNG6W],amzn1.campaign.G453T9OKHI3,"200W Meat Slicer with 3 Types of 7.5"" Stainless Steel Blades | 10% Commission",Cogace,2026-03-06,2026-12-31,10.00%,100000.0,99875.0,23,800,false
"[B0G48RMR7G, B0G48VFLTR, B0G48WLR26, B0G48T2CKQ]",amzn1.campaign.26J74RH3NA4LK,🔥🔥 🔥Rectangle Office-Siren  Blue Light Glasses for Women HOT！！！ BLT19🔥🔥 🔥,KISVIBE,2026-03-06,2027-03-06,10.00%,999999.0,999999.0,74,800,false
"[B0F5B36297, B0FNML2D8L, B0CZ3D7NGJ, B0FT7G2JFK, B0DYJ2V5F1, B0DYJSL2FV, B0D4YMXYFJ, B0FNMMYSMQ, B0CZ33KJ3P, B0FNMMR9MZ]",amzn1.campaign.2SFDMQ7EVCA2X,Viral Amazon Finds – Cute Bathroom Decor That Converts,MENNTY,2026-03-06,2027-03-04,10.00%,300000.0,300000.0,72,800,false
"[B0G52C5KQJ, B0G52DR3TX, B0G52F56WP, B0G52DLQN4]",amzn1.campaign.3E2YQBJ09ZGUF,🔥🔥 🔥Vintage Aviator Sunglasses for Women HOT!!！SG6109🔥🔥 🔥,KISVIBE,2026-03-06,2027-03-06,10.00%,999999.0,999999.0,77,800,false
"[B0FCN35Z69, B0FSKYH4L4, B0FS73NP3G, B0FDBLM5B8, B0FS6Q6W46, B0FS6KPKV7, B0FSKJDL3S, B0FSKG28V3, B0FSKZ8239, B0FCNF44BT, B0FSKH5XHD, B0FSL1BBPY, B0FS741HG4, B0FSD8JX5C, B0FCN3K3J1, B0FSKXVSRX, B0FC7QDMFC, B0FSKXHNRC, B0FSL4C3N1, B0FDH7WFFT, B0FS6LF8Q1, B0FCN7MR1C, B0FSKZG1FL, B0FSKZFFK6, B0FS6Q9PTR, B0FS6PCG8S, B0FS6GR3Q3, B0FS6G53NG, B0FSKD3S7N, B0FSL429FD, B0FS6D11DY, B0FSD8SL25, B0FSL4PP1P, B0FCN4Y8H3, B0FSDG8C5T, B0FDBMTMT7, B0FSKZVQYT, B0FSD9LN7D, B0FDBPFTXB, B0FSD83QW1, B0FC7LQBR1, B0FCNN4YXT, B0FSD9MM1X, B0FSD9CQ7R, B0FSDLGXW7, B0FS775DLV, B0FSKFQRV4, B0FDBNBWR1, B0FSKLB9MN, B0FSDJ9J4B, B0FS733C1X, B0FDH5W2JN, B0FDH7TKKJ, B0FSKXQT7X, B0FS6MLY92, B0FSDBDSW4, B0FSDFB36D, B0FDH8HPF7, B0FS6M7QXJ, B0FS766HDG, B0FSL2688W, B0FS753F49, B0FS6CJFNG, B0FDBP2R84, B0FS6GNMZ1, B0FSL2LP7P, B0FS6TMZP5, B0FSKXDX69, B0FSKY8MH1, B0FSKY7137, B0FSKX337D, B0FS76ZTZ3, B0FSL4WZKJ, B0FSDHNLNJ, B0FCDB47BW, B0FSKKW9PN, B0FSDJJ143, B0FCNST778, B0FSKV1MGY, B0FDH7NP7S, B0FSKMG6JS, B0FSDBRT7H, B0FDBLVLXB, B0FS73Z85H, B0FSL4Y49X, B0FCNN5FBK, B0FSKK5G5N, B0FSL1Q58H, B0FSL2QT12, B0FSDCK893, B0FDH4M8VT, B0FS6P3MHT, B0FS6Z6RDZ, B0FS6D5SGY, B0FS6RKTNZ, B0FCD9G6XL, B0FDBKCWXC, B0FSKXNB2S, B0FDH6HXC3, B0FC7V6NYJ, B0FSKMVKLD, B0FS6MYZ6S, B0FS6JV9MB, B0FSDMDQGX, B0FDBPNLBR, B0FDH6BN7F, B0FSDH31BZ, B0FCD9W1F7, B0FSL14VT1, B0FSDJFSDH, B0FSKYJKCM, B0FS767K3G, B0FS6LGJ39, B0FS6SBHWV, B0FS759QGL, B0FSKYW5PQ, B0FSKTN7NV, B0FSKY5C1S, B0FC7L3MF4, B0FSDG8NQW, B0FSKZBGW8, B0FCD882YJ]",amzn1.campaign.16OBK7GE8ZDST,"Car Emblems, 3D Vehicle Side Decals Badges",YQCQWL,2026-03-06,2026-12-31,10.00%,5000.0,4982.38,39,800,false
"[B0GF7PMFBD, B0GF7FYFHW, B0GF7VNT3F, B0GF7KVZP7, B0GF7MQXFV, B0GF6XF42C, B0GF7HKC6Z, B0GF7LY3J9, B0GF7BL8GH, B0GF7LY2ND, B0GF7GTT2N]",amzn1.campaign.B8QH1S4LMQON,🔥🔥 🔥Fashion Retro Cat Eye Sunglasses for Women HOT！！！ SG2230🔥🔥 🔥,KISVIBE,2026-03-06,2027-03-06,10.00%,999999.0,999999.0,77,800,false
"[B0BFBF8ZPR, B0BFBL738L, B0BFBGJS1G, B0DK1NSPW9, B0DK1NSPWF, B0BFBKV4BP, B0BFBGX5F1, B0D6BW8B13, B0C286ZP2Q, B0BFBH27NM, B0BFBKRTVR, B0DK1QHXKN, B0D6BSVRVQ, B0D6BRBDJV, B0BFBKLP7K, B0D6BVP4SZ, B0BFBNG1FH, B0C285G5BR, B0C284LS8S, B0C2879TRT, B0DK1SS748, B0D6BWSZHJ, B0BFBLR4ZM, B0C285BH7C, B0DK1LFXS5, B0BFBMW37T, B0BFBNL97T, B0DK1TLQVB, B0D6BTCCGV, B0BFBLTN1Z, B0DK1QHYXJ, B0BFBNQPLB, B0C2833B7W, B0D6BR46VK, B0C53CX5CP, B0D6BW16QF, B0BFBKL268, B0C283QQLV, B0BFBLC65C, B0DK1RB1T7, B0DK1LBWT1, B0D6BVY827, B0BFBHXVV1, B0D6BR7WNX, B0BFBJS3WD, B0D6BTC8C4, B0BFBJZPLX, B0C284RW16, B0DK1R7GXT, B0BFBLNKV7, B0DK1T51SX, B0DK1LFLZ6, B0BFBMLNKL, B0C284JKYR, B0D6BT2STR, B0BFBWQSRM, B0BFBN9GC1, B0C28621TS, B0D6BS1L5D, B0DK1QDV3N, B0DK1RMXYM, B0BFBLF479, B0BFBMQBN2, B0BFBMZVJH, B0C287RLCQ, B0DK1QP413, B0BFBLQ3Q2, B0DK1QMBF4, B0C28665DV, B0C2869WFW, B0BFBMDGJR, B0BFBJT1ZX, B0BFBJT1ZV, B0C285LT46, B0C284K6XK, B0BFBM3KCY, B0BFBLCC8B, B0DK1SQ3DY, B0DK1LBJ7H, B0D6BXGM1W, B0BFBM36S8, B0DK1SJ178, B0BFBNSKCL, B0D6BW8CFG, B0D6BTN6QQ, B0DK1T52SG, B0D6BTVQFR, B0D6BQ9MNM, B0BFBL9XGB, B0BFBHNV5N, B0BFBLLTFD, B0C282VP19, B0D6BW1WCF, B0DK1LCMB7, B0DK1QQFD8, B0DK1LCGV3, B0BFBKKSG1, B0D6BTF84Q, B0C285K8NG, B0D6BTHKMF, B0BFBNZSCB, B0C288CG96, B0C2855GQ1, B0BFBKLXF7, B0BFBL5Z1M, B0DK1PW4J9, B0BFBJSKZS, B0BFBK1YFM, B0BFBVNH4S, B0DK1PW4JG, B0DK1THCJT, B0D6BSVCJL, B0C2881C6B, B0BFBMW7QJ, B0D6BXSTM9, B0BFBLTSGK, B0BFBJDM3K, B0C2857Z74, B0BFBMY4MX, B0BFBLQ38P, B0BFBLWJ3Q, B0D6BRFDGR, B0C285N5YQ, B0D6BT4P43, B0C284YTZ8, B0C284545V, B0BFBKLYG1, B0BFBMN5YS, B0DK1LDF6N, B0BFBM661Y, B0DK1PZ522, B0D6BT55CS]",amzn1.campaign.1TZZFLZJO1I06,Rare Opportunity - Super Soft Chenille Pillow Cover(10K+ sets Monthly Sales),GAWAMAY,2026-03-06,2027-02-28,15.00%,5000.0,5000.0,53,800,false
"[B0F5B36297, B0FNML2D8L, B0CZ3D7NGJ, B0FT7G2JFK, B0DYJ2V5F1, B0DYJSL2FV, B0D4YMXYFJ, B0FNMMYSMQ, B0CZ33KJ3P, B0FNMMR9MZ]",amzn1.campaign.32W8QQOH52Y0W,Viral Amazon Finds – Cute Bathroom Decor That Makes People Smile,MENNTY,2026-03-06,2027-03-05,10.00%,300000.0,300000.0,73,800,false
"[B0G4GTZWZS, B0G4GRGYKH]",amzn1.campaign.2Z391PKAZHVY1,🔥🔥 🔥 Oversized Flat Top Square Sunglasses  SGTR6107🔥🔥🔥,KISVIBE,2026-03-06,2027-03-06,10.00%,999999.0,999999.0,75,800,false
[B0D9GBFP72],amzn1.campaign.2ALI6VGYJQU2B,"Foldable Bread&Meat Slicer with RSG 6.7"" Stainless Steel Blade | 10% Commission",Cogace,2026-03-06,2026-12-31,10.00%,100000.0,99799.57,15,800,false
[B0G25M5Y9K],amzn1.campaign.2Z0TCTIPEVSVG,面包刀内容合作3.5,LACRTOPE,2026-03-06,2027-03-06,20.00%,10000.0,9960.36,25,800,false
"[B0F5B36297, B0FNML2D8L, B0CZ3D7NGJ, B0FT7G2JFK, B0DYJ2V5F1, B0DYJSL2FV, B0D4YMXYFJ, B0FNMMYSMQ, B0CZ33KJ3P, B0FNMMR9MZ]",amzn1.campaign.26B38Z9ANEHR2,"High-Converting Toilet Bolt Covers – Giftable Bathroom Decor (Bird, Duck, Frog)",MENNTY,2026-03-06,2027-03-06,10.00%,30000.0,30000.0,76,800,false
"[B0D3G7WBFG, B0D3G5STQC, B0CTQ3D1G3]",amzn1.campaign.2RYWPOXKHM9S7,Ridgeline,FeeTUO,2026-03-06,2027-02-28,10.00%,9999.0,9999.0,46,800,false
"[B0C1P8TW75, B0C1PBSQRZ, B0C1P8RDGW, B0CPPJBMXH, B0CPPK4CBF, B0C1P86CYC, B0C1P92NNZ, B0CPPJ44XG, B0C1P649QS, B0CPPH53RL, B0C1P8RFTP, B0C1P8VCBN, B0C1P88RGV, B0C1PBDL5L, B0CPPJXQW1, B0C5QZQWZM, B0C1PBQ9J6, B0CPPJ1D9N, B0C1P8SFB7, B0C1PD6644, B0C1P91YXX, B0C1P9XXRR, B0CPPJDYS3, B0C1PC6W8K, B0CPPJKXKV, B0C1P88NG1, B0CPPKHQRR, B0C1P8ZLQZ, B0C1P7GS85, B0C1PD7LLD, B0C1P835M1, B0C1PB2KZR, B0C1P915JD, B0C1P8JTLT, B0C5R2N4YW, B0C1PB9MJ1, B0CPPJSXB8, B0C1PB14PQ, B0C1P78DNY, B0C1P91TXJ, B0C1P8DRJ4, B0C1P9W36F, B0C1P8LW9M, B0CPPJYF32, B0C1P8DRJ1, B0C1P7ZGFS, B0C1PCQR19, B0C1P9PZ8B, B0C1P8XXQC, B0C1P8L4MS, B0C1P951H8, B0C5R1WP8P, B0C1P5NR7S, B0C1P6DPF3, B0CPPKXVRK, B0C1P8X6NX, B0CPPMKF8G, B0C5R2Z922, B0CPPJ1HDV, B0C1P76Q42, B0C1P7J5YQ, B0C1P9CPLK, B0CPPL1CL6, B0C1P7Q4S5, B0C1P9ZPGT, B0C5QZSPKT, B0C5R275ZW, B0C1P7VDJK, B0C5QZSPSF, B0C5R2MNPT, B0C1P7JG3M, B0C1P8S2NS, B0C1P7XZP7, B0C1P91CR1, B0C5QYX12B, B0C1P7KL1Q, B0C1P87WX5, B0CPPJP9T3, B0C1P7YDYQ, B0C1PCF77V, B0C1P9HKMJ, B0C1P9V22L, B0C1PBX11S, B0C1P918DV, B0C1P8NZVB, B0C5QZY4LT, B0CPPL71SR, B0C1PBQBJ7, B0C1P8HN9G, B0C1P99QG8, B0CPPH5FLZ, B0C5R14NZC, B0CPPKTHNM, B0C1PBBPB9, B0CPPJTWQ1, B0C5R1JJPT, B0C1P8VK8Z, B0C1P8DF4Q]",amzn1.campaign.1UQHSCDBFRANH,SFK464,Soothfeel,2026-03-06,2027-01-31,10.00%,100000.0,99998.58,0,800,false
"[B0BFBL738L, B0FMXC23L6, B0FMXQDT4H, B0DK1NSPW9, B0FMXQ92SC, B0FMXQDT4G, B0DK1NSPWF, B0BFBGX5F1, B0D6BW8B13, B0FMXFYFKJ, B0C286ZP2Q, B0BFBH27NM, B0FMXPRB3R, B0FMX99H2Z, B0BFBKRTVR, B0D6BSVRVQ, B0FMY1MBSD, B0C285G5BR, B0C284LS8S, B0C2879TRT, B0FMXC4D86, B0BFBLR4ZM, B0FMXQFGWB, B0C285BH7C, B0FMXX2815, B0DK1LFXS5, B0FMXJ74MH, B0FMXCHBHN, B0FMXNT2TQ, B0FMXJJLSM, B0FMXG7MCB, B0FMXR4LWL, B0DK1TLQVB, B0D6BTCCGV, B0DK1QHYXJ, B0FMXX66DD, B0BFBNQPLB, B0FMXMLYH5, B0FMXQXD7X, B0D6BW16QF, B0BFBKL268, B0FMXQWH1Z, B0FMXX66D6, B0D6BTC8C4, B0C284RW16, B0DK1R7GXT, B0BFBLNKV7, B0FMX99THT, B0FMXNR2M7, B0FMXQS1BN, B0DK1LFLZ6, B0FMXQJNFD, B0FMY38WQZ, B0D6BT2STR, B0BFBN9GC1, B0D6BS1L5D, B0FMXPQKGZ, B0F7LP6ZHG, B0DK1RMXYM, B0BFBMQBN2, B0FMXTVRM2, B0BFBMZVJH, B0FMXLXC4C, B0FMX5QNVT, B0FMXH4J7N, B0FMXQKT3Y, B0C2869WFW, B0FMXVDBSV, B0FMY18L8B, B0BFBMDGJR, B0C285LT46, B0FMX3F2SZ, B0C284K6XK, B0FMXQCW14, B0BFBM3KCY, B0FMXNKTGQ, B0FMXCJ8ZP, B0FMXLM1TY, B0FMXLS9S5, B0F7LKZTLT, B0FMXTFKGY, B0FMXWYBYX, B0DK1T52SG, B0D6BTVQFR, B0D6BQ9MNM, B0FMXTHW9N, B0BFBL9XGB, B0BFBHNV5N, B0BFBLLTFD, B0C282VP19, B0DK1LCMB7, B0FMXFV981, B0FMXCX7P8, B0DK1LCGV3, B0FMXJ1TY8, B0FMXMF328, B0BFBKKSG1, B0D6BTF84Q, B0C285K8NG, B0BFBNZSCB, B0FMXRKJ2M, B0C2855GQ1, B0FMX98RDC, B0FMXHT9RW, B0FMXLHQSD, B0BFBJSKZS, B0FMXJ6P1H, B0DK1THCJT, B0D6BSVCJL, B0BFBMW7QJ, B0FMXXNQN9, B0FMX8R2SY, B0FMX922VX, B0FMX3GNZ8, B0BFBLQ38P, B0FMXP2Z64, B0FMXJJ7TY, B0FMX8ZVBC, B0BFBLWJ3Q, B0D6BRFDGR, B0C284YTZ8, B0FMXN3V35, B0C284545V, B0BFBMN5YS, B0BFBM661Y, B0FMXFWCG2, B0FMXNCLPM, B0D6BT55CS, B0BFBF8ZPR, B0FMY3T9MG, B0BFBGJS1G, B0FMY3T9MF, B0BFBKV4BP, B0FMXQD6S1, B0DK1QHXKN, B0D6BRBDJV, B0FMY3T9ML, B0FMXH6ZZZ, B0BFBKLP7K, B0D6BVP4SZ, B0BFBNG1FH, B0FMXCZ1HX, B0FMX96H3H, B0DK1SS748, B0FMXX9Z6Y, B0FMXWG6RP, B0D6BWSZHJ, B0FMX5VR9G, B0FMY1N96Z, B0FMXN9HXN, B0FMXTH76L, B0FMXWGG3P, B0BFBMW37T, B0BFBNL97T, B0F7LQHMJL, B0FMXT32GP, B0BFBLTN1Z, B0FMXXMWYR, B0C2833B7W, B0D6BR46VK, B0C53CX5CP, B0C283QQLV, B0BFBLC65C, B0DK1RB1T7, B0DK1LBWT1, B0D6BVY827, B0FMXH9LCK, B0BFBHXVV1, B0FMXH8T5Z, B0D6BR7WNX, B0BFBJS3WD, B0FMXNW7PR, B0BFBJZPLX, B0DK1T51SX, B0FMXZVJK9, B0BFBMLNKL, B0FMXXTKL8, B0FMXZVJJY, B0C284JKYR, B0FMXQ74SL, B0BFBWQSRM, B0C28621TS, B0FMX5RLWQ, B0DK1QDV3N, B0FMY3LJTF, B0BFBLF479, B0FMXLBP7R, B0FMXLCRZQ, B0C287RLCQ, B0DK1QP413, B0FMXK6DHP, B0BFBLQ3Q2, B0DK1QMBF4, B0C28665DV, B0FMXFZTH7, B0BFBJT1ZX, B0BFBJT1ZV, B0FMXWPG6J, B0BFBLCC8B, B0DK1SQ3DY, B0DK1LBJ7H, B0D6BXGM1W, B0BFBM36S8, B0FMXWXS58, B0FMXHVQ71, B0DK1SJ178, B0BFBNSKCL, B0FMXRFKMF, B0D6BW8CFG, B0FMXP4JJ2, B0D6BTN6QQ, B0D6BW1WCF, B0FMY3PV54, B0DK1QQFD8, B0FMXRD45S, B0FMY3VNRY, B0F7LNFTZX, B0FMXF8G3R, B0FMXPYKKD, B0D6BTHKMF, B0FMXMYSR7, B0C288CG96, B0BFBKLXF7, B0FMXWG6RH, B0BFBL5Z1M, B0DK1PW4J9, B0BFBK1YFM, B0FMXTL5TN, B0BFBVNH4S, B0DK1PW4JG, B0C2881C6B, B0D6BXSTM9, B0FMXR1JHY, B0BFBLTSGK, B0BFBJDM3K, B0C2857Z74, B0BFBMY4MX, B0FMX8JTVG, B0FMXWJ314, B0FMX97FFQ, B0C285N5YQ, B0D6BT4P43, B0FMXHDGW4, B0FMXF9LJ7, B0BFBKLYG1, B0DK1LDF6N, B0DK1PZ522, B0FMXTL5V4]",amzn1.campaign.14W7MIBLS1HN2,🔥Top Seller🔥 Throw Pillow Covers! 10K+ Monthly Sales！15% Comm - Hot Deal Now!,GAWAMAY,2026-03-06,2027-03-01,15.00%,5000.0,5000.0,56,800,false
"[B0BFBF8ZPR, B0BFBL738L, B0BFBGJS1G, B0DK1NSPW9, B0DK1NSPWF, B0BFBKV4BP, B0BFBGX5F1, B0D6BW8B13, B0C286ZP2Q, B0BFBH27NM, B0BFBKRTVR, B0DK1QHXKN, B0D6BSVRVQ, B0D6BRBDJV, B0BFBKLP7K, B0D6BVP4SZ, B0BFBNG1FH, B0C285G5BR, B0C284LS8S, B0C2879TRT, B0DK1SS748, B0D6BWSZHJ, B0BFBLR4ZM, B0C285BH7C, B0DK1LFXS5, B0BFBMW37T, B0BFBNL97T, B0DK1TLQVB, B0D6BTCCGV, B0BFBLTN1Z, B0DK1QHYXJ, B0BFBNQPLB, B0C2833B7W, B0D6BR46VK, B0C53CX5CP, B0D6BW16QF, B0BFBKL268, B0C283QQLV, B0BFBLC65C, B0DK1RB1T7, B0DK1LBWT1, B0D6BVY827, B0BFBHXVV1, B0D6BR7WNX, B0BFBJS3WD, B0D6BTC8C4, B0BFBJZPLX, B0C284RW16, B0DK1R7GXT, B0BFBLNKV7, B0DK1T51SX, B0DK1LFLZ6, B0BFBMLNKL, B0C284JKYR, B0D6BT2STR, B0BFBWQSRM, B0BFBN9GC1, B0C28621TS, B0D6BS1L5D, B0DK1QDV3N, B0DK1RMXYM, B0BFBLF479, B0BFBMQBN2, B0BFBMZVJH, B0C287RLCQ, B0DK1QP413, B0BFBLQ3Q2, B0DK1QMBF4, B0C28665DV, B0C2869WFW, B0BFBMDGJR, B0BFBJT1ZX, B0BFBJT1ZV, B0C285LT46, B0C284K6XK, B0BFBM3KCY, B0BFBLCC8B, B0DK1SQ3DY, B0DK1LBJ7H, B0D6BXGM1W, B0BFBM36S8, B0DK1SJ178, B0BFBNSKCL, B0D6BW8CFG, B0D6BTN6QQ, B0DK1T52SG, B0D6BTVQFR, B0D6BQ9MNM, B0BFBL9XGB, B0BFBHNV5N, B0BFBLLTFD, B0C282VP19, B0D6BW1WCF, B0DK1LCMB7, B0DK1QQFD8, B0DK1LCGV3, B0BFBKKSG1, B0D6BTF84Q, B0C285K8NG, B0D6BTHKMF, B0BFBNZSCB, B0C288CG96, B0C2855GQ1, B0BFBKLXF7, B0BFBL5Z1M, B0DK1PW4J9, B0BFBJSKZS, B0BFBK1YFM, B0BFBVNH4S, B0DK1PW4JG, B0DK1THCJT, B0D6BSVCJL, B0C2881C6B, B0BFBMW7QJ, B0D6BXSTM9, B0BFBLTSGK, B0BFBJDM3K, B0C2857Z74, B0BFBMY4MX, B0BFBLQ38P, B0BFBLWJ3Q, B0D6BRFDGR, B0C285N5YQ, B0D6BT4P43, B0C284YTZ8, B0C284545V, B0BFBKLYG1, B0BFBMN5YS, B0DK1LDF6N, B0BFBM661Y, B0DK1PZ522, B0D6BT55CS]",amzn1.campaign.2BXOLKM1VENV0,15% Comm-GAWAMAY Eco & Ultra-Soft Chenille Pillow Covers | Top 10% Seller,GAWAMAY,2026-03-06,2027-03-02,15.00%,5000.0,5000.0,47,800,false
[B0FBKJS3J7],amzn1.campaign.WQMKKR960ZA,Foldable Manual Bread Slicer with Dual German RSG Blades | 10% Commission,Cogace,2026-03-06,2026-12-31,10.00%,100000.0,99676.0,23,800,false
"[B0B4ZLRTYB, B09WLFWNPN, B0B4ZR7J6L, B0FRMK4L57, B0DB78K4DV, B0B51DFDGH, B0CQV3D2WF, B0CG92FTMS, B0FRMKJCQP, B0FRMJLHNZ, B0FRMJN5V6, B0BFQRP4V6, B08ZS1DV6T, B09WLKVQTP, B0B51GPW73]",amzn1.campaign.1G8Y82U50C6W3,Tundra,FeeTUO,2026-03-06,2027-02-28,10.00%,9999.0,9999.0,48,800,false
[B0GDF7C8S2],amzn1.campaign.3W091GEMYB731,捕猎罩新链接,ORHOMELIFE,2026-03-06,2026-09-30,10.00%,5000.0,4880.87,47,800,false
[B0G6DSV3F8],amzn1.campaign.1MF5634JBNDX1,zcs-电动土豆泥机-创作者,sigfee,2026-03-06,2026-12-31,10.00%,5000.0,4946.0,28,800,false
[B0CMY16NY7],amzn1.campaign.OT1TH0PCUBV7,Ninja Cat Coasters,Straight Coastin,2026-03-06,2026-12-31,15.00%,5000.0,4945.52,25,800,false
"[B0FF4BH137, B0FF4D4MM5, B0FF48WK7R, B0FF4D3M8W, B0FF4BPWML]",amzn1.campaign.TZMIS551MQO5,Designer Dupe! Bestseller! 🔥🔥🔥 SG943,SODQW,2026-03-06,2027-03-06,10.00%,999999.0,999997.1,92,800,false
"[B0FNLBLNQ5, B0DSP2VN8F, B0DSPL1MFR, B0FH236TNQ, B0FKH6T8NN, B0DSP2VN8G, B0DSPHMXCW, B0FRF3JFDR, B0DSPNVWXT, B0FH27LX6T, B0FRF6CZFT, B0FRFTS4RJ, B0FRF6CPSM, B0FH256GD9, B0FRF6CNX7, B0FRFNFBH6, B0DSPDC8Y5, B0FH27HKC3, B0FRF6CVKL, B0FH26M17D, B0DSP2CHRK, B0FRFW4T8V, B0FH6LMT65, B0FRF3HKGY, B0FH25Z8M7, B0FH25JR2H, B0FRFSRV2P, B0FH2712MD, B0FRFSJX1L, B0FH265BCW, B0DSP1WQ7V, B0FH247WT3, B0DSP472BG, B0FRFSVCDG, B0FNLBHRHZ, B0DSPNQL9X, B0DSPMVS14, B0FH24H584, B0FH25G6JS]",amzn1.campaign.1C71KPAN6SAHP,"Floral Birthstone Necklace 🌹| Rose, White & Yellow Gold Options | Mom Wife Gift",Molenia,2026-03-06,2027-03-06,20.00%,5000.0,4968.0,18,800,false
"[B0BZVR17ZQ, B0CR2ZD9P2, B0BZVPDL28, B0BZVS2S1X, B0BZVRBGWR, B0CR2X8BTD, B0BZVN9XQX, B0CR2WZYPD, B0BZVQ1P76, B0CR36DGLJ, B0BZVRRW7K, B0BZVRZY2X, B0BZVT46X5, B0BZVPDKHS, B0BZVQR7T5, B0BZVQNYRH, B0BZVR2JN2, B0CR331672, B0BZVSZ29W, B0BZVP5JTJ, B0CR2XCCD3, B0CR2W74MV, B0BZVSZ29J, B0BZVNP9WP, B0BZVR3TN3, B0BZVSVDQK, B0CR2Z9RRC, B0CR35C8XF, B0CR2NP4WJ, B0BZVQ3NWS, B0BZVQ6QLJ, B0CR2ZFR7Y, B0BZVQMWL8, B0BZVT2P28, B0BZVPRTJJ, B0BZVPTFZ5, B0BZVP5Z4N, B0BZVPKCVQ, B0BZVQS6Y5, B0CR2PZHFM, B0CR2Y31DF, B0CR32WD9Z, B0BZVRKV2H, B0BZVT2VF1, B0CR329WQW, B0CR36CCJQ, B0CR2XL2YX, B0BZVRRW8F, B0CR2YJ8NQ, B0CR34Q83P, B0BZVPH1DP, B0CR36GS66, B0BZVRHHT9, B0BZVPK8RG, B0CR345SLN, B0BZVQD2GC, B0CR2LFB8K, B0BZVQNRQ1, B0BZVTVBGJ, B0CR386B9H, B0BZVR3GG3, B0BZVQMZ2D, B0BZVQBT7M, B0BZVRGL58, B0BZVQ6K34, B0BZVR1YZH, B0CR2WXBL1, B0CR2XP3LQ, B0BZVPQGGN, B0BZVST31D, B0BZVS48RM, B0CR34MMH5, B0BZVPP96H, B0BZVPH7K7, B0BZVR3663, B0CR2S677G, B0BZVS9BBB, B0BZVRMZRR, B0BZVVPSQT, B0BZVPP96R, B0BZVQLHMG, B0BZVQD44K, B0BZVPPG2V, B0BZVRNYF5, B0CR2ZCZDH, B0BZVNJHQF, B0BZVQHPRC, B0BZVR6QKQ, B0BZVR1T9Q, B0BZVPLHJ7, B0CR349WMJ, B0BZVRCQMG, B0BZVRHFZ5, B0BZVQTVYJ, B0CR2V1G7B, B0CR37T89G, B0BZVM2TDH, B0BZVSQLN7]",amzn1.campaign.3HA53X4QGA21K,PBK418,Pinkbomb,2026-03-06,2026-12-31,10.00%,100000.0,98473.54,0,800,false
"[B0BFBL738L, B0FMXC23L6, B0FMXQDT4H, B0DK1NSPW9, B0FMXQ92SC, B0FMXQDT4G, B0DK1NSPWF, B0BFBGX5F1, B0D6BW8B13, B0FMXFYFKJ, B0C286ZP2Q, B0BFBH27NM, B0FMXPRB3R, B0FMX99H2Z, B0BFBKRTVR, B0D6BSVRVQ, B0FMY1MBSD, B0C285G5BR, B0C284LS8S, B0C2879TRT, B0FMXC4D86, B0BFBLR4ZM, B0FMXQFGWB, B0C285BH7C, B0FMXX2815, B0DK1LFXS5, B0FMXJ74MH, B0FMXCHBHN, B0FMXNT2TQ, B0FMXJJLSM, B0FMXG7MCB, B0FMXR4LWL, B0DK1TLQVB, B0D6BTCCGV, B0DK1QHYXJ, B0FMXX66DD, B0BFBNQPLB, B0FMXMLYH5, B0FMXQXD7X, B0D6BW16QF, B0BFBKL268, B0FMXQWH1Z, B0FMXX66D6, B0D6BTC8C4, B0C284RW16, B0DK1R7GXT, B0BFBLNKV7, B0FMX99THT, B0FMXNR2M7, B0FMXQS1BN, B0DK1LFLZ6, B0FMXQJNFD, B0FMY38WQZ, B0D6BT2STR, B0BFBN9GC1, B0D6BS1L5D, B0FMXPQKGZ, B0F7LP6ZHG, B0DK1RMXYM, B0BFBMQBN2, B0FMXTVRM2, B0BFBMZVJH, B0FMXLXC4C, B0FMX5QNVT, B0FMXH4J7N, B0FMXQKT3Y, B0C2869WFW, B0FMXVDBSV, B0FMY18L8B, B0BFBMDGJR, B0C285LT46, B0FMX3F2SZ, B0C284K6XK, B0FMXQCW14, B0BFBM3KCY, B0FMXNKTGQ, B0FMXCJ8ZP, B0FMXLM1TY, B0FMXLS9S5, B0F7LKZTLT, B0FMXTFKGY, B0FMXWYBYX, B0DK1T52SG, B0D6BTVQFR, B0D6BQ9MNM, B0FMXTHW9N, B0BFBL9XGB, B0BFBHNV5N, B0BFBLLTFD, B0C282VP19, B0DK1LCMB7, B0FMXFV981, B0FMXCX7P8, B0DK1LCGV3, B0FMXJ1TY8, B0FMXMF328, B0BFBKKSG1, B0D6BTF84Q, B0C285K8NG, B0BFBNZSCB, B0FMXRKJ2M, B0C2855GQ1, B0FMX98RDC, B0FMXHT9RW, B0FMXLHQSD, B0BFBJSKZS, B0FMXJ6P1H, B0DK1THCJT, B0D6BSVCJL, B0BFBMW7QJ, B0FMXXNQN9, B0FMX8R2SY, B0FMX922VX, B0FMX3GNZ8, B0BFBLQ38P, B0FMXP2Z64, B0FMXJJ7TY, B0FMX8ZVBC, B0BFBLWJ3Q, B0D6BRFDGR, B0C284YTZ8, B0FMXN3V35, B0C284545V, B0BFBMN5YS, B0BFBM661Y, B0FMXFWCG2, B0FMXNCLPM, B0D6BT55CS, B0BFBF8ZPR, B0FMY3T9MG, B0BFBGJS1G, B0FMY3T9MF, B0BFBKV4BP, B0FMXQD6S1, B0DK1QHXKN, B0D6BRBDJV, B0FMY3T9ML, B0FMXH6ZZZ, B0BFBKLP7K, B0D6BVP4SZ, B0BFBNG1FH, B0FMXCZ1HX, B0FMX96H3H, B0DK1SS748, B0FMXX9Z6Y, B0FMXWG6RP, B0D6BWSZHJ, B0FMX5VR9G, B0FMY1N96Z, B0FMXN9HXN, B0FMXTH76L, B0FMXWGG3P, B0BFBMW37T, B0BFBNL97T, B0F7LQHMJL, B0FMXT32GP, B0BFBLTN1Z, B0FMXXMWYR, B0C2833B7W, B0D6BR46VK, B0C53CX5CP, B0C283QQLV, B0BFBLC65C, B0DK1RB1T7, B0DK1LBWT1, B0D6BVY827, B0FMXH9LCK, B0BFBHXVV1, B0FMXH8T5Z, B0D6BR7WNX, B0BFBJS3WD, B0FMXNW7PR, B0BFBJZPLX, B0DK1T51SX, B0FMXZVJK9, B0BFBMLNKL, B0FMXXTKL8, B0FMXZVJJY, B0C284JKYR, B0FMXQ74SL, B0BFBWQSRM, B0C28621TS, B0FMX5RLWQ, B0DK1QDV3N, B0FMY3LJTF, B0BFBLF479, B0FMXLBP7R, B0FMXLCRZQ, B0C287RLCQ, B0DK1QP413, B0FMXK6DHP, B0BFBLQ3Q2, B0DK1QMBF4, B0C28665DV, B0FMXFZTH7, B0BFBJT1ZX, B0BFBJT1ZV, B0FMXWPG6J, B0BFBLCC8B, B0DK1SQ3DY, B0DK1LBJ7H, B0D6BXGM1W, B0BFBM36S8, B0FMXWXS58, B0FMXHVQ71, B0DK1SJ178, B0BFBNSKCL, B0FMXRFKMF, B0D6BW8CFG, B0FMXP4JJ2, B0D6BTN6QQ, B0D6BW1WCF, B0FMY3PV54, B0DK1QQFD8, B0FMXRD45S, B0FMY3VNRY, B0F7LNFTZX, B0FMXF8G3R, B0FMXPYKKD, B0D6BTHKMF, B0FMXMYSR7, B0C288CG96, B0BFBKLXF7, B0FMXWG6RH, B0BFBL5Z1M, B0DK1PW4J9, B0BFBK1YFM, B0FMXTL5TN, B0BFBVNH4S, B0DK1PW4JG, B0C2881C6B, B0D6BXSTM9, B0FMXR1JHY, B0BFBLTSGK, B0BFBJDM3K, B0C2857Z74, B0BFBMY4MX, B0FMX8JTVG, B0FMXWJ314, B0FMX97FFQ, B0C285N5YQ, B0D6BT4P43, B0FMXHDGW4, B0FMXF9LJ7, B0BFBKLYG1, B0DK1LDF6N, B0DK1PZ522, B0FMXTL5V4]",amzn1.campaign.14WNLKQ231KZY,10K+ Sold Monthly! 15% Commission on Soft Throw Pillow Covers,GAWAMAY,2026-03-06,2027-03-03,15.00%,5000.0,5000.0,57,800,false
"[B0BFBL738L, B0FMXC23L6, B0FMXQDT4H, B0DK1NSPW9, B0FMXQ92SC, B0FMXQDT4G, B0DK1NSPWF, B0BFBGX5F1, B0D6BW8B13, B0FMXFYFKJ, B0C286ZP2Q, B0BFBH27NM, B0FMXPRB3R, B0FMX99H2Z, B0BFBKRTVR, B0D6BSVRVQ, B0FMY1MBSD, B0C285G5BR, B0C284LS8S, B0C2879TRT, B0FMXC4D86, B0BFBLR4ZM, B0FMXQFGWB, B0C285BH7C, B0FMXX2815, B0DK1LFXS5, B0FMXJ74MH, B0FMXCHBHN, B0FMXNT2TQ, B0FMXJJLSM, B0FMXG7MCB, B0FMXR4LWL, B0DK1TLQVB, B0D6BTCCGV, B0DK1QHYXJ, B0FMXX66DD, B0BFBNQPLB, B0FMXMLYH5, B0FMXQXD7X, B0D6BW16QF, B0BFBKL268, B0FMXQWH1Z, B0FMXX66D6, B0D6BTC8C4, B0C284RW16, B0DK1R7GXT, B0BFBLNKV7, B0FMX99THT, B0FMXNR2M7, B0FMXQS1BN, B0DK1LFLZ6, B0FMXQJNFD, B0FMY38WQZ, B0D6BT2STR, B0BFBN9GC1, B0D6BS1L5D, B0FMXPQKGZ, B0F7LP6ZHG, B0DK1RMXYM, B0BFBMQBN2, B0FMXTVRM2, B0BFBMZVJH, B0FMXLXC4C, B0FMX5QNVT, B0FMXH4J7N, B0FMXQKT3Y, B0C2869WFW, B0FMXVDBSV, B0FMY18L8B, B0BFBMDGJR, B0C285LT46, B0FMX3F2SZ, B0C284K6XK, B0FMXQCW14, B0BFBM3KCY, B0FMXNKTGQ, B0FMXCJ8ZP, B0FMXLM1TY, B0FMXLS9S5, B0F7LKZTLT, B0FMXTFKGY, B0FMXWYBYX, B0DK1T52SG, B0D6BTVQFR, B0D6BQ9MNM, B0FMXTHW9N, B0BFBL9XGB, B0BFBHNV5N, B0BFBLLTFD, B0C282VP19, B0DK1LCMB7, B0FMXFV981, B0FMXCX7P8, B0DK1LCGV3, B0FMXJ1TY8, B0FMXMF328, B0BFBKKSG1, B0D6BTF84Q, B0C285K8NG, B0BFBNZSCB, B0FMXRKJ2M, B0C2855GQ1, B0FMX98RDC, B0FMXHT9RW, B0FMXLHQSD, B0BFBJSKZS, B0FMXJ6P1H, B0DK1THCJT, B0D6BSVCJL, B0BFBMW7QJ, B0FMXXNQN9, B0FMX8R2SY, B0FMX922VX, B0FMX3GNZ8, B0BFBLQ38P, B0FMXP2Z64, B0FMXJJ7TY, B0FMX8ZVBC, B0BFBLWJ3Q, B0D6BRFDGR, B0C284YTZ8, B0FMXN3V35, B0C284545V, B0BFBMN5YS, B0BFBM661Y, B0FMXFWCG2, B0FMXNCLPM, B0D6BT55CS, B0BFBF8ZPR, B0FMY3T9MG, B0BFBGJS1G, B0FMY3T9MF, B0BFBKV4BP, B0FMXQD6S1, B0DK1QHXKN, B0D6BRBDJV, B0FMY3T9ML, B0FMXH6ZZZ, B0BFBKLP7K, B0D6BVP4SZ, B0BFBNG1FH, B0FMXCZ1HX, B0FMX96H3H, B0DK1SS748, B0FMXX9Z6Y, B0FMXWG6RP, B0D6BWSZHJ, B0FMX5VR9G, B0FMY1N96Z, B0FMXN9HXN, B0FMXTH76L, B0FMXWGG3P, B0BFBMW37T, B0BFBNL97T, B0F7LQHMJL, B0FMXT32GP, B0BFBLTN1Z, B0FMXXMWYR, B0C2833B7W, B0D6BR46VK, B0C53CX5CP, B0C283QQLV, B0BFBLC65C, B0DK1RB1T7, B0DK1LBWT1, B0D6BVY827, B0FMXH9LCK, B0BFBHXVV1, B0FMXH8T5Z, B0D6BR7WNX, B0BFBJS3WD, B0FMXNW7PR, B0BFBJZPLX, B0DK1T51SX, B0FMXZVJK9, B0BFBMLNKL, B0FMXXTKL8, B0FMXZVJJY, B0C284JKYR, B0FMXQ74SL, B0BFBWQSRM, B0C28621TS, B0FMX5RLWQ, B0DK1QDV3N, B0FMY3LJTF, B0BFBLF479, B0FMXLBP7R, B0FMXLCRZQ, B0C287RLCQ, B0DK1QP413, B0FMXK6DHP, B0BFBLQ3Q2, B0DK1QMBF4, B0C28665DV, B0FMXFZTH7, B0BFBJT1ZX, B0BFBJT1ZV, B0FMXWPG6J, B0BFBLCC8B, B0DK1SQ3DY, B0DK1LBJ7H, B0D6BXGM1W, B0BFBM36S8, B0FMXWXS58, B0FMXHVQ71, B0DK1SJ178, B0BFBNSKCL, B0FMXRFKMF, B0D6BW8CFG, B0FMXP4JJ2, B0D6BTN6QQ, B0D6BW1WCF, B0FMY3PV54, B0DK1QQFD8, B0FMXRD45S, B0FMY3VNRY, B0F7LNFTZX, B0FMXF8G3R, B0FMXPYKKD, B0D6BTHKMF, B0FMXMYSR7, B0C288CG96, B0BFBKLXF7, B0FMXWG6RH, B0BFBL5Z1M, B0DK1PW4J9, B0BFBK1YFM, B0FMXTL5TN, B0BFBVNH4S, B0DK1PW4JG, B0C2881C6B, B0D6BXSTM9, B0FMXR1JHY, B0BFBLTSGK, B0BFBJDM3K, B0C2857Z74, B0BFBMY4MX, B0FMX8JTVG, B0FMXWJ314, B0FMX97FFQ, B0C285N5YQ, B0D6BT4P43, B0FMXHDGW4, B0FMXF9LJ7, B0BFBKLYG1, B0DK1LDF6N, B0DK1PZ522, B0FMXTL5V4]",amzn1.campaign.3BO0Z2AHZRQR1,10K+ Sold Monthly! 15% Commission on Soft Throw Pillow Covers,GAWAMAY,2026-03-06,2027-03-04,15.00%,5000.0,5000.0,59,800,false
"[B0FQ4QHQ3G, B0FLV8WN7F, B0FM7B2P4R, B0FLTYN22D]",amzn1.campaign.2MFEM2XW27H98,RAMBOX,FeeTUO,2026-03-06,2027-02-28,10.00%,9999.0,9999.0,44,800,false
"[B0BFBL738L, B0FMXC23L6, B0FMXQDT4H, B0DK1NSPW9, B0FMXQ92SC, B0FMXQDT4G, B0DK1NSPWF, B0BFBGX5F1, B0D6BW8B13, B0FMXFYFKJ, B0C286ZP2Q, B0BFBH27NM, B0FMXPRB3R, B0FMX99H2Z, B0BFBKRTVR, B0D6BSVRVQ, B0FMY1MBSD, B0C285G5BR, B0C284LS8S, B0C2879TRT, B0FMXC4D86, B0BFBLR4ZM, B0FMXQFGWB, B0C285BH7C, B0FMXX2815, B0DK1LFXS5, B0FMXJ74MH, B0FMXCHBHN, B0FMXNT2TQ, B0FMXJJLSM, B0FMXG7MCB, B0FMXR4LWL, B0DK1TLQVB, B0D6BTCCGV, B0DK1QHYXJ, B0FMXX66DD, B0BFBNQPLB, B0FMXMLYH5, B0FMXQXD7X, B0D6BW16QF, B0BFBKL268, B0FMXQWH1Z, B0FMXX66D6, B0D6BTC8C4, B0C284RW16, B0DK1R7GXT, B0BFBLNKV7, B0FMX99THT, B0FMXNR2M7, B0FMXQS1BN, B0DK1LFLZ6, B0FMXQJNFD, B0FMY38WQZ, B0D6BT2STR, B0BFBN9GC1, B0D6BS1L5D, B0FMXPQKGZ, B0F7LP6ZHG, B0DK1RMXYM, B0BFBMQBN2, B0FMXTVRM2, B0BFBMZVJH, B0FMXLXC4C, B0FMX5QNVT, B0FMXH4J7N, B0FMXQKT3Y, B0C2869WFW, B0FMXVDBSV, B0FMY18L8B, B0BFBMDGJR, B0C285LT46, B0FMX3F2SZ, B0C284K6XK, B0FMXQCW14, B0BFBM3KCY, B0FMXNKTGQ, B0FMXCJ8ZP, B0FMXLM1TY, B0FMXLS9S5, B0F7LKZTLT, B0FMXTFKGY, B0FMXWYBYX, B0DK1T52SG, B0D6BTVQFR, B0D6BQ9MNM, B0FMXTHW9N, B0BFBL9XGB, B0BFBHNV5N, B0BFBLLTFD, B0C282VP19, B0DK1LCMB7, B0FMXFV981, B0FMXCX7P8, B0DK1LCGV3, B0FMXJ1TY8, B0FMXMF328, B0BFBKKSG1, B0D6BTF84Q, B0C285K8NG, B0BFBNZSCB, B0FMXRKJ2M, B0C2855GQ1, B0FMX98RDC, B0FMXHT9RW, B0FMXLHQSD, B0BFBJSKZS, B0FMXJ6P1H, B0DK1THCJT, B0D6BSVCJL, B0BFBMW7QJ, B0FMXXNQN9, B0FMX8R2SY, B0FMX922VX, B0FMX3GNZ8, B0BFBLQ38P, B0FMXP2Z64, B0FMXJJ7TY, B0FMX8ZVBC, B0BFBLWJ3Q, B0D6BRFDGR, B0C284YTZ8, B0FMXN3V35, B0C284545V, B0BFBMN5YS, B0BFBM661Y, B0FMXFWCG2, B0FMXNCLPM, B0D6BT55CS, B0BFBF8ZPR, B0FMY3T9MG, B0BFBGJS1G, B0FMY3T9MF, B0BFBKV4BP, B0FMXQD6S1, B0DK1QHXKN, B0D6BRBDJV, B0FMY3T9ML, B0FMXH6ZZZ, B0BFBKLP7K, B0D6BVP4SZ, B0BFBNG1FH, B0FMXCZ1HX, B0FMX96H3H, B0DK1SS748, B0FMXX9Z6Y, B0FMXWG6RP, B0D6BWSZHJ, B0FMX5VR9G, B0FMY1N96Z, B0FMXN9HXN, B0FMXTH76L, B0FMXWGG3P, B0BFBMW37T, B0BFBNL97T, B0F7LQHMJL, B0FMXT32GP, B0BFBLTN1Z, B0FMXXMWYR, B0C2833B7W, B0D6BR46VK, B0C53CX5CP, B0C283QQLV, B0BFBLC65C, B0DK1RB1T7, B0DK1LBWT1, B0D6BVY827, B0FMXH9LCK, B0BFBHXVV1, B0FMXH8T5Z, B0D6BR7WNX, B0BFBJS3WD, B0FMXNW7PR, B0BFBJZPLX, B0DK1T51SX, B0FMXZVJK9, B0BFBMLNKL, B0FMXXTKL8, B0FMXZVJJY, B0C284JKYR, B0FMXQ74SL, B0BFBWQSRM, B0C28621TS, B0FMX5RLWQ, B0DK1QDV3N, B0FMY3LJTF, B0BFBLF479, B0FMXLBP7R, B0FMXLCRZQ, B0C287RLCQ, B0DK1QP413, B0FMXK6DHP, B0BFBLQ3Q2, B0DK1QMBF4, B0C28665DV, B0FMXFZTH7, B0BFBJT1ZX, B0BFBJT1ZV, B0FMXWPG6J, B0BFBLCC8B, B0DK1SQ3DY, B0DK1LBJ7H, B0D6BXGM1W, B0BFBM36S8, B0FMXWXS58, B0FMXHVQ71, B0DK1SJ178, B0BFBNSKCL, B0FMXRFKMF, B0D6BW8CFG, B0FMXP4JJ2, B0D6BTN6QQ, B0D6BW1WCF, B0FMY3PV54, B0DK1QQFD8, B0FMXRD45S, B0FMY3VNRY, B0F7LNFTZX, B0FMXF8G3R, B0FMXPYKKD, B0D6BTHKMF, B0FMXMYSR7, B0C288CG96, B0BFBKLXF7, B0FMXWG6RH, B0BFBL5Z1M, B0DK1PW4J9, B0BFBK1YFM, B0FMXTL5TN, B0BFBVNH4S, B0DK1PW4JG, B0C2881C6B, B0D6BXSTM9, B0FMXR1JHY, B0BFBLTSGK, B0BFBJDM3K, B0C2857Z74, B0BFBMY4MX, B0FMX8JTVG, B0FMXWJ314, B0FMX97FFQ, B0C285N5YQ, B0D6BT4P43, B0FMXHDGW4, B0FMXF9LJ7, B0BFBKLYG1, B0DK1LDF6N, B0DK1PZ522, B0FMXTL5V4]",amzn1.campaign.PSNMF63C5DX9,10K+ Sold Monthly! 15% Commission on Soft Chenille Throw Pillow Covers,GAWAMAY,2026-03-06,2027-03-05,15.00%,5000.0,5000.0,62,800,false
"[B0BFBL738L, B0FMXC23L6, B0FMXQDT4H, B0DK1NSPW9, B0FMXQ92SC, B0FMXQDT4G, B0DK1NSPWF, B0BFBGX5F1, B0D6BW8B13, B0FMXFYFKJ, B0C286ZP2Q, B0BFBH27NM, B0FMXPRB3R, B0FMX99H2Z, B0BFBKRTVR, B0D6BSVRVQ, B0FMY1MBSD, B0C285G5BR, B0C284LS8S, B0C2879TRT, B0FMXC4D86, B0BFBLR4ZM, B0FMXQFGWB, B0C285BH7C, B0FMXX2815, B0DK1LFXS5, B0FMXJ74MH, B0FMXCHBHN, B0FMXNT2TQ, B0FMXJJLSM, B0FMXG7MCB, B0FMXR4LWL, B0DK1TLQVB, B0D6BTCCGV, B0DK1QHYXJ, B0FMXX66DD, B0BFBNQPLB, B0FMXMLYH5, B0FMXQXD7X, B0D6BW16QF, B0BFBKL268, B0FMXQWH1Z, B0FMXX66D6, B0D6BTC8C4, B0C284RW16, B0DK1R7GXT, B0BFBLNKV7, B0FMX99THT, B0FMXNR2M7, B0FMXQS1BN, B0DK1LFLZ6, B0FMXQJNFD, B0FMY38WQZ, B0D6BT2STR, B0BFBN9GC1, B0D6BS1L5D, B0FMXPQKGZ, B0F7LP6ZHG, B0DK1RMXYM, B0BFBMQBN2, B0FMXTVRM2, B0BFBMZVJH, B0FMXLXC4C, B0FMX5QNVT, B0FMXH4J7N, B0FMXQKT3Y, B0C2869WFW, B0FMXVDBSV, B0FMY18L8B, B0BFBMDGJR, B0C285LT46, B0FMX3F2SZ, B0C284K6XK, B0FMXQCW14, B0BFBM3KCY, B0FMXNKTGQ, B0FMXCJ8ZP, B0FMXLM1TY, B0FMXLS9S5, B0F7LKZTLT, B0FMXTFKGY, B0FMXWYBYX, B0DK1T52SG, B0D6BTVQFR, B0D6BQ9MNM, B0FMXTHW9N, B0BFBL9XGB, B0BFBHNV5N, B0BFBLLTFD, B0C282VP19, B0DK1LCMB7, B0FMXFV981, B0FMXCX7P8, B0DK1LCGV3, B0FMXJ1TY8, B0FMXMF328, B0BFBKKSG1, B0D6BTF84Q, B0C285K8NG, B0BFBNZSCB, B0FMXRKJ2M, B0C2855GQ1, B0FMX98RDC, B0FMXHT9RW, B0FMXLHQSD, B0BFBJSKZS, B0FMXJ6P1H, B0DK1THCJT, B0D6BSVCJL, B0BFBMW7QJ, B0FMXXNQN9, B0FMX8R2SY, B0FMX922VX, B0FMX3GNZ8, B0BFBLQ38P, B0FMXP2Z64, B0FMXJJ7TY, B0FMX8ZVBC, B0BFBLWJ3Q, B0D6BRFDGR, B0C284YTZ8, B0FMXN3V35, B0C284545V, B0BFBMN5YS, B0BFBM661Y, B0FMXFWCG2, B0FMXNCLPM, B0D6BT55CS, B0BFBF8ZPR, B0FMY3T9MG, B0BFBGJS1G, B0FMY3T9MF, B0BFBKV4BP, B0FMXQD6S1, B0DK1QHXKN, B0D6BRBDJV, B0FMY3T9ML, B0FMXH6ZZZ, B0BFBKLP7K, B0D6BVP4SZ, B0BFBNG1FH, B0FMXCZ1HX, B0FMX96H3H, B0DK1SS748, B0FMXX9Z6Y, B0FMXWG6RP, B0D6BWSZHJ, B0FMX5VR9G, B0FMY1N96Z, B0FMXN9HXN, B0FMXTH76L, B0FMXWGG3P, B0BFBMW37T, B0BFBNL97T, B0F7LQHMJL, B0FMXT32GP, B0BFBLTN1Z, B0FMXXMWYR, B0C2833B7W, B0D6BR46VK, B0C53CX5CP, B0C283QQLV, B0BFBLC65C, B0DK1RB1T7, B0DK1LBWT1, B0D6BVY827, B0FMXH9LCK, B0BFBHXVV1, B0FMXH8T5Z, B0D6BR7WNX, B0BFBJS3WD, B0FMXNW7PR, B0BFBJZPLX, B0DK1T51SX, B0FMXZVJK9, B0BFBMLNKL, B0FMXXTKL8, B0FMXZVJJY, B0C284JKYR, B0FMXQ74SL, B0BFBWQSRM, B0C28621TS, B0FMX5RLWQ, B0DK1QDV3N, B0FMY3LJTF, B0BFBLF479, B0FMXLBP7R, B0FMXLCRZQ, B0C287RLCQ, B0DK1QP413, B0FMXK6DHP, B0BFBLQ3Q2, B0DK1QMBF4, B0C28665DV, B0FMXFZTH7, B0BFBJT1ZX, B0BFBJT1ZV, B0FMXWPG6J, B0BFBLCC8B, B0DK1SQ3DY, B0DK1LBJ7H, B0D6BXGM1W, B0BFBM36S8, B0FMXWXS58, B0FMXHVQ71, B0DK1SJ178, B0BFBNSKCL, B0FMXRFKMF, B0D6BW8CFG, B0FMXP4JJ2, B0D6BTN6QQ, B0D6BW1WCF, B0FMY3PV54, B0DK1QQFD8, B0FMXRD45S, B0FMY3VNRY, B0F7LNFTZX, B0FMXF8G3R, B0FMXPYKKD, B0D6BTHKMF, B0FMXMYSR7, B0C288CG96, B0BFBKLXF7, B0FMXWG6RH, B0BFBL5Z1M, B0DK1PW4J9, B0BFBK1YFM, B0FMXTL5TN, B0BFBVNH4S, B0DK1PW4JG, B0C2881C6B, B0D6BXSTM9, B0FMXR1JHY, B0BFBLTSGK, B0BFBJDM3K, B0C2857Z74, B0BFBMY4MX, B0FMX8JTVG, B0FMXWJ314, B0FMX97FFQ, B0C285N5YQ, B0D6BT4P43, B0FMXHDGW4, B0FMXF9LJ7, B0BFBKLYG1, B0DK1LDF6N, B0DK1PZ522, B0FMXTL5V4]",amzn1.campaign.1A0F8WIWGK36B,🔥Top Seller🔥 Throw Pillow Covers! 10K+ Monthly Sales！15% Comm - Hot Deal Now!,GAWAMAY,2026-03-06,2027-03-06,15.00%,5000.0,5000.0,55,800,false
"[B0B3HTL31L, B0FSC3DFC2, B0FSCB6G48, B09WLJ8ZNH, B0FQ21D3CQ, B0B637QPGS, B0FPCKFWTZ, B0B639LL3D, B0BJKCHLB7, B0BQV344T8, B09WLH4C9M, B0FPX5J25H, B09WLJT9H7, B0B636YJ2T, B0BCJDRT65, B0B3HTMCKP, B0B568883Y, B0FQ1TQNBQ, B0BN7KM5CV]",amzn1.campaign.11E19CCDQ2SO3,Silverado,FeeTUO,2026-03-06,2027-02-28,10.00%,9999.0,9999.0,44,800,false
[B0D6JW9M5Z],amzn1.campaign.ZUD5QRWAIOMN,commission 10%  Vegetable Chopper  B0D6JW9M5Z   When: March 9,QDGMXIV,2026-03-09,2027-03-08,10.00%,20000.0,20000.0,71,800,false
[B0D6JW9M5Z],amzn1.campaign.WL7BYBMZDF6N,commission 10%  Vegetable Chopper  B0D6JW9M5Z   When: March 8,QDGMXIV,2026-03-08,2027-03-08,10.00%,20000.0,20000.0,77,800,false
"[B0FB8WT92T, B0FVDN8K25, B0F8J5W9F6, B0FMY4FCTN, B0FVD7TGJ6, B0F8J767T3, B0FVD2FCQV, B0FVDNG9XZ, B0F8J78FQ8, B0FVCRVC9T, B0FCBYLGY9, B0F8J2K2CT, B0F8J5WZSW]",amzn1.campaign.F92B9VPDC2SH,"P66D-Hot smart watch,over 2000 units sold per month,10% Back!",Mindimp,2026-03-06,2027-01-31,10.00%,5000.0,4654.78,16,800,false
"[B0G2Y41KRF, B0G2YGGCJB, B0G2Y9HVVD, B0G2Y8MX64, B0G2YCF19R, B0G2YBX38N]",amzn1.campaign.2QCU84QS40KJ9,Premium Car Wash Drying Mitt,YQCQWL,2026-03-06,2026-12-31,10.00%,5000.0,4987.16,37,800,false
[B0D6K54HCC],amzn1.campaign.XT2ONU5FK4MM,commission 10%  B0D6K54HCC  vegetable chopper   When: March 9,QDGMXIV,2026-03-09,2027-03-08,10.00%,10000.0,10000.0,85,800,false
[B0D6K54HCC],amzn1.campaign.3F39ESDMRUPKZ,commission 10%  B0D6K54HCC  vegetable chopper   When: March 8,QDGMXIV,2026-03-08,2027-03-08,10.00%,10000.0,9999.3,84,800,false
[B0FXLFM1YS],amzn1.campaign.12KBD26PW30LL,"Rolling Creeper Mat, Gifts for Him Men Dad Husband Fathers 2026",YQCQWL,2026-03-06,2026-12-31,10.00%,5000.0,4588.12,16,800,false
[B0DB5NHPJ7],amzn1.campaign.87Q1LQJCJZKN,"Retevis RT15 Colorful Family Gift-Easy for Kids, Secure for Parents, Fun for All",Retevis,2026-03-06,2027-03-02,10.00%,5000.0,4969.13,0,800,false
"[B0DRBMG73M, B0FBG276T7, B0DPGXXR7X, B0FZ9YN9CR, B0DXFFT2W8, B0DTTTCV29, B0FY1J4H8N, B0DK1W6B87, B0DYDCVTBQ, B0DRY3MPHY, B0F7L2C8NF, B0DKDS7RH8, B0G4Q4CFNP, B0FNQJTT7B, B0FQ595CZY, B0FQ56RD94, B0DMNQHFGL, B0FNQJCVM1, B0FQ57G19Y, B0FNQJ22ZH, B0DNH99Q8M, B0FR7BVPY3, B0FT795S22, B0G3T9T3Z8, B0DTTXR7ZR, B0FL6QY9M9, B0FG74JDXL, B0DG7Y5Y26, B0DTTWSJ84, B0F6S6B3HJ, B0FT6WXMZW, B0DYD7KF2K, B0DZ5X48WK, B0F98KY195, B0FF4C6CKK, B0G1RL2KTP, B0F9XY5NT5, B0DGX4B1Z4, B0DHTTSNSW, B0F7L4PN9P, B0DQNWFKD4, B0DTK1CXKV, B0FQ55BJ1R, B0DQKCDPDM, B0F7L4H7D7, B0DLP43L35, B0FK9HMYXF, B0DSPBGWLB, B0F4W9GY7S, B0FT771LF2, B0G1RDZ3NR, B0G1RFMMR3, B0DMNRSZ33, B0DZ5QVTNC, B0DGX389BV, B0DRXYRVGQ, B0G3SZYW9N, B0F2D4SNJX, B0F42LWV6M, B0FT74F85Z, B0FT786HSF, B0G2P4BHT6, B0DTTV17S1, B0F2FNNVPC, B0DWMR9FQY, B0DSP5GHQT, B0FX3W53H1, B0FX3Q4QQ6, B0DTK25X7T, B0DPMGGC2F, B0G4Q87Q72, B0DNHF3X3T, B0FNQJ2393, B0FHHPBZ1C, B0FQB1FCXL, B0G2PPBLVX, B0DTTT4MNJ, B0FL6GM36J, B0DFY8KNDS, B0DRXZ2LX6, B0FS65BDKZ, B0FQ55S5QG, B0DWMRPN9W, B0DRNZ1C1S, B0F1S75KDT, B0F37M82ST, B0F1SV547P, B0DMRQ2PB3, B0DHTTNCSK, B0DQNVBMV9, B0FNQH4L9J, B0FNQH4L9K, B0FL721Q7B, B0FW3NXG9F, B0FBFRL41C, B0F373GW42, B0FX3N172K, B0FKB7784T, B0F98PKYCW, B0DMNQQM6F, B0DXFH9RQB, B0DYDFPRZ2, B0FR8BQB87, B0FR8LLFRY, B0DNYVRH1G, B0FX3RRNX4, B0FR8GHJPW, B0FL74YWNN, B0G1R7GVSC, B0DPGZV2BG, B0F8H32931, B0DTTVWP69, B0DJ2DT3KV, B0DGX53ZW6, B0DQKD6MMK, B0FS5TTR3Z, B0F371JB7X, B0F2DF3KVF, B0DHR87JVJ, B0G1RFXZNJ, B0G2P1XNNY, B0FL6R1YHV, B0DTTS17L1, B0FK5DT4HN, B0FMXSTGW7, B0FLYBP2J8, B0DK2LPHM5, B0DNH9937D, B0DZ5LQWLY, B0DJ2D5YSJ, B0DZ5LTGCV, B0FR8KRS3L, B0DTXY797X, B0DSZL716Q, B0DYCVSWWB, B0DZ5MMKDX, B0FT7QDC3H, B0FG2N52RD, B0DZ5GZJG8, B0G5WRQF2G, B0DJ4PWGFT, B0G1RJ36YJ, B0F2DQPXPX, B0DPMD9RXP, B0G2PVDWXL, B0FS6NT1CR, B0FL6SSXLW, B0DRWM8121, B0FNPHVYQJ, B0DGX4JG26, B0FF4C656P, B0DLWGWMDR, B0DNH6Z4GM, B0FT7LZTSR, B0FL6QM2JD, B0DTTRR777, B0G5WHPMG4, B0DHK4Z2GG, B0F9PK8WPT, B0FK9N798G, B0FPF2LS56, B0FBG2SCCK, B0DNHBV4XX, B0FK9JPCT4, B0F1SZYHRW, B0DHK1N5B6, B0G3T9Y4CX, B0FK9HT8G3, B0DNYWS3R2, B0F7L2G7YD, B0DRBJLPT7, B0DLZG9NL5, B0F28Y77RP, B0DSD8MSR5, B0G3TW97LH, B0DRXVZWGT, B0DNH5S8B8, B0FG2R3X42, B0DNF7PFJB, B0DNHC3LR6, B0DPGX4WFF, B0G1RFZ7WY, B0F28YV7X5, B0FK5FSZ35, B0FKB44XY5, B0DQP2Q39F, B0DGX2TJ4N, B0DG7VDDYB, B0DHR5X8XS, B0F8H4LP19, B0DHK8GBSH, B0FZB6RTLC, B0F32FKMMD, B0DGX1H7HQ, B0DGKNQFM8, B0DK2NR89G, B0G4Q3TY69, B0G1RF8CSV, B0DRBLYRWQ, B0FZ9ZBJ6X, B0DQKCPDPQ, B0FLY59XH9, B0FR8M7LJS, B0DYCBTWYZ, B0FQ9Z4ZKH, B0FK9QMB8Q, B0DZ5YHY4X, B0DPH1868H, B0DLZHWR9B, B0F7L3T68H, B0FZGL9QDW, B0FHK3JLYG, B0FR8N46DJ, B0G2PFJFK8, B0G3T63JWN, B0F292W5RC, B0DNYXL7M9, B0DJ2C7CVK, B0FQB48TBX, B0G5WPV4DN, B0DRBJBMN7, B0FMXVRB2K, B0DK1TT3QN, B0G5XMJHS8, B0DK1TZPX4, B0DPYFJX5G, B0FM27D3TS, B0FHK3GD2B, B0FPF2M88S, B0DPGYZ9YC, B0DYCXFY1H, B0DRNGL47D, B0DPYK1BD2, B0FL77MFCB, B0DTK2KK2R, B0DSPB3FN6, B0FL6VR5SF, B0FM2NQNXQ, B0DRBJLLP7, B0DYCYDW7G, B0FS65TWVM, B0FG2QRQJS, B0FBFDQLFC, B0G2Q7FWPF, B0FQ9WV4MG, B0DK2NK7H7, B0FG76THX6, B0F9XYRRVR, B0FT7L6GJR, B0FQ9T69LS, B0G3THTXL2, B0FG72KGBV, B0DHTPNTL9, B0FT74M3LW, B0DPMHTSRN, B0DGX4J81W, B0FL6STYJK, B0FT74M3LS, B0DHR6ZXZD, B0FT3DDCH7, B0G3TD7HTS, B0FR8QDJJK, B0FK9WFM56, B0F7L3RBSP, B0FNQJT3GH, B0DLP2YJ2B, B0FK9NPWKV, B0DPYJNQJ6, B0DRWLZSRS, B0FG7L9X51, B0FY1HKYM9, B0F9PJV51Q, B0FR8LJQTW, B0G3SWWL2Y, B0FK9PDND1, B0DG8B7K75, B0DSZKVFHL, B0FG7LBDRX, B0DK1TL2CW, B0FG6JNSXJ, B0DGX1QDL7, B0FQ572QJR, B0DRP1PB26, B0G2Q9V8L8, B0DLWHCC11, B0FR7QKD45, B0FS6CND23, B0DNF81SN7, B0DJ2DW669, B0DTHTQCLD, B0FQ56WSYY, B0FG7CR89P, B0FL1W7MY6, B0G1RJ8WCS, B0F42L6LV2, B0FG2Q1CBR, B0FHK4NCTW, B0FG2PJLGG, B0FMX8QVSQ, B0DQNQK5B4, B0F9PJ34MT, B0F8HHC9K8, B0DGX241FR, B0F4W9DTJT, B0DTK2PMGP, B0DPGZ1WMK, B0FQ55ZJ8H, B0FM2JZC8M, B0FX3VZ8QY, B0FQBFBPJ7, B0DGX4BTLM, B0FQ9YNGWM, B0FY1MD9JF, B0DL5WM384, B0FG6X9FTG, B0G1R4XQ5F, B0FNQK48RR, B0FT72KK2V, B0FX3PNS1B, B0DRY2NBXD, B0FK9PDJGH, B0FR7BZGMY, B0G1RF6LD1, B0G1RHKSXY, B0DPMJQB5Y, B0DTYCZ9CP, B0FT6WY4V5, B0DMNQ7NVT, B0FNQL387J, B0FKB7H2KZ, B0F1S5G6KB, B0FT73BFKL, B0DRP1BPDV, B0DPYH1NGF, B0FK5FDH49, B0F1STN9B3, B0FS6R3YNT, B0G5XCHCT3, B0FY1JVB9L, B0FK5HSN9J, B0FQ56N5YP, B0F37BHJMY, B0FZB2S1VN, B0F2F5ZWMX, B0FNQGJDWY, B0FT3DRP3N, B0F42J6FD6, B0DJ2FZVS6, B0F98KT8CK, B0FNQLZ4C3, B0DTTW6DR1, B0DSNXWPK5, B0DG86LN9B, B0DHR7SGJN, B0FJDLZXDN, B0FG6QJ2VN, B0DQNCH623, B0DPGXKF2Z, B0DNH7TCPF, B0F37R8PLC, B0DGX49N6N, B0DGL6YCKP, B0FT6XBP28, B0FNQQDS79, B0G1RGKBYD, B0DZ63Z7WF, B0FR8B84XG, B0DTK2PC72, B0F7L2JBB8, B0FZGKJ9WH, B0DJXMG9ZT, B0FT7P61F7, B0F7L472B9, B0DYDKCLYJ, B0FW3KNH2M, B0FL6ZQQFP, B0DJ4MKXYR, B0G1RD4VWM, B0FHJP6Y4J, B0FHHKW3GG, B0DK1TRYZ3, B0DTY8N2N9, B0FKB1B6LD, B0G3TF1CNZ, B0G2Q1F3KT, B0FHHKH698, B0DPGYBRHP, B0FW41M72J, B0DTK32B2W, B0FHK3HK5R, B0DG846VXT, B0DNH8YZ35, B0FQB5W8KZ, B0FX3VCDPH, B0FBG2YVXF, B0DLZL4Z89, B0G1RHJ9L6, B0DNH9K4T6, B0G3TM537R, B0DTTTQMMF, B0DL5XZ4Z8, B0FNQJZVSH, B0DZ5GWX9W, B0FR8RLYJC, B0DNH7TCNT, B0FHHL1NTH, B0DNH65ZV4, B0FG2RPLBD, B0DTTS2WX8, B0FJDS6ZM8, B0DLWH9NMN, B0F8BRX2Q7, B0FX3T7RHW, B0DPYFXQV5, B0G2PFLFML, B0FPF3TB5K, B0G1RG3N6Z, B0FQ9Q1X3X, B0DRNZ269F, B0DYD7HG4P, B0F6RP5T1F, B0FK9K9TKW, B0FX3K9DSH, B0FX3TJ251, B0F32G4Y9D, B0FNQK2J3Q, B0F98TJXSM, B0FZB6SSTF, B0FX3SRYF3, B0DGX3DH28, B0FZGKPTW4, B0FG71SNJV, B0DSD8RRRJ, B0DTTVXXHT, B0F9XZ5JVD, B0DRXX9XF3, B0FMXS215Y, B0DRBKT224, B0FQ9MG3JB, B0FT79D64C, B0DNH7JG1N, B0FMXFQ5ZT, B0DSZN8W7W, B0G1RCQF1B, B0DJ2DNZ11, B0DHTRQ1RR, B0DJXM1SZ4, B0FHHKGPCZ, B0G3T9TFFT, B0FQB4JKPK, B0DYD3YY3M, B0FHK4KQQN, B0DXFJZRM6, B0F32FJGS3, B0DJ2F6C22, B0DJ2CHFXL, B0FL23LZ48, B0DHK9SGKF, B0FX3SDGJP, B0FR8K4GTV, B0DSD8LK4J, B0DSDB2HH9, B0FQ9WGMW9, B0FM29SMQK, B0G5X3ZBBJ, B0FR4WXNH7, B0DMQY72HY, B0DNH98FKP, B0G5WXS663, B0DNH8F49H, B0FHK493KX, B0F8GP9HX1, B0DZ54RYFP, B0F8GXG9TK, B0FHJSXG7F, B0FY1M7CZ5, B0FG77X3RQ, B0DZ5PD9LC, B0DTTW65JK, B0G5XTG1WK, B0FS6FKG6P, B0DZ5PD9L4, B0FF4B3M9G, B0DLWG2ZZ7, B0FQ574KN3, B0DN1J9YVQ, B0F992M32Z, B0DPMH3Z7R, B0DPGX5RJS, B0FQ55HXD7, B0FW42BMXS, B0FK9V14RS, B0DPYGRL43, B0FG77RVHB, B0FZGQ868V, B0DNH98FL8, B0G2PXVD6R, B0FNMNJH33, B0DRBK6GVQ, B0DKDRJLCT, B0DPMG9S2Q, B0DFY8TD7X, B0FJDLH8BV, B0F6S26B3T, B0FG6M96VZ, B0F8BP8V8K, B0DTTV2V8Z, B0F37JXW7P, B0G5WPVSQJ, B0FHK3MDPJ, B0DNHB1KGY, B0FHK3CW35, B0DPH1KWQL, B0DTYKML18, B0FBFMN986, B0DRBJ9Z1K, B0DNHDFWHX, B0FL6S1GC9, B0FT72FCGH, B0DL5XFZZK, B0FZB5533C, B0DQNN17WX, B0FR8KJVL9, B0FS6LWSGP, B0DJ4NRB89, B0DSPD9KY9, B0F2F2MJRB, B0F6SCJLHD, B0DMNS73QG, B0FT76SNGW, B0DL5WXXZ3, B0FNQKNG5G, B0DPYG5MQT, B0F1S73S48, B0DRBKB41R, B0DNF74W1F, B0DSNZCNVM, B0DTYMLHRW, B0F9PJHFLP, B0F9XXX6YN, B0DTK2KKBJ, B0DTY8PCTP, B0FL6LMNC6, B0DHJN6NHQ, B0DMRX45GQ, B0DSNXX1VD, B0DHTSJ5SY, B0DTHWC4GC, B0DJ4K9258, B0DQNHBKVT, B0DSPH142C, B0DL5YNBT3, B0DL5WZXTR, B0DGKWPS4S, B0DGX4XF61, B0DQP4GDM6, B0DSP99HNP, B0DG87SLNL, B0G3T9J1Z2, B0DSD8NWHZ, B0FS61BM7W, B0G5XHZSTN, B0DHTR6K7Q, B0DZ5QZ5HY, B0DMNQJS1L, B0F999XK73, B0FW3GTQKK, B0F37XLK51, B0DGX58MFC, B0F997MHKH, B0F8BPHQKS, B0FHH6R1BV, B0DRWMPK6V, B0F8BRKW79, B0DYCBXH79, B0FL214PY1, B0FX3RXX57, B0DGX4JMVR, B0FL1ZHLB7, B0FL6YSR48, B0DTK2RWDS, B0DSZM3GMF, B0F32D9ZFX, B0DPYDHXYK, B0F1SV61TY, B0DYCBYX2M, B0G1RCX4R7, B0F37TKR64, B0F431GVX4, B0FNQGNHF2, B0DRBKG5F5, B0FB3LBQNX, B0FJF15XY1, B0DRBN6VHL, B0FL6H34LD, B0F1T37XKL, B0FR8PPS97, B0DNF7V1GB, B0FBFHBXPL, B0FK9S1VTT, B0DTK28BF4, B0DL5ZVQ23, B0F2DPVXQ3, B0DJ4K8Y9C, B0DTK27TL1, B0FKB4GPJ1, B0DNH9S3NX, B0DNYVJR8H, B0FL6NRSFJ, B0G1R4R7H8, B0DNHCX1H3, B0DPYFS2TL, B0G3V25TKM, B0G1RCDXV7, B0G3T96BRX, B0F7L1H7WP, B0FMXFH9DN, B0FG2NXG6P, B0FMXSQNHX, B0DMQTHZ41, B0DSD9VJW7, B0DTYMYPP6, B0F8BR58XG, B0FW44JF1T, B0FQ9Y6L5K, B0FT6XMX9J, B0FZB67W2B, B0FT6XMX9L, B0DG85884F, B0F1SXDPTJ, B0F37F8JCH, B0DTTX2C4D, B0DJ4MM1XB, B0DYC98ZW2, B0DQNHXQ66, B0FT376X21, B0DK1TTTZD, B0DLP2W461, B0FBFMMYB2, B0DZ5HCNSQ, B0FZB1W135, B0DRY18ZMH, B0FK5DHXQT, B0DNH97MR7, B0DJ4LHZ2S, B0FZGJC85K, B0DPMGHX7X, B0DMNSBRTP, B0F8BR3S29, B0G5WMKRZM, B0FNQJK74N, B0F994PTXY, B0DHJNNTCQ, B0G1RT735J, B0FR8ZKHX3, B0FZGGCWLS, B0G2NTZTDD, B0DYD79Q9R, B0F2F3G7JR, B0DYDFPXDP, B0DTTX2C48, B0FX3MDPGK, B0DTK24QKK, B0FL226162, B0FR8QWG4L, B0G3TF1JLN, B0DTYL4K6J, B0FM1XKG61, B0DZ5BQB1N, B0FHK4B5R4, B0DK1VHKNW, B0DPMGP2TN, B0DNH96M2J, B0FK9ZRX9W, B0F9XYG8KS, B0DPH1GD17, B0DRBMTQBB, B0G5X6T4RW, B0DLZQ7BRD, B0DPMHKLGQ, B0DSZRNWT3, B0DK1TBY5Q, B0DTTTB5ZF, B0DK1XJXL7, B0FQ57VQG5, B0DTK24BM2, B0FL77KN34, B0DG7ZJXWB, B0DTY2P2TD, B0F32CVCBY, B0FZB4DC8Q, B0G1RDTDFW, B0DZ5ZFL9C, B0DMRGG9B6, B0DQKCD1JX, B0FL21NW37, B0F7L3RHG3, B0DYD5NC6Y, B0FHJQ6SZV, B0F376KMLD, B0DPGZRT29, B0DN1HD3XL, B0G1RLYTSW, B0DTTSSD31, B0F1T195PL, B0FBG32QCV, B0DMQX462F, B0DRXZDB2Q, B0DTTX4YNQ, B0DHK2V84N, B0G2PL8S79, B0FK9VVB2T, B0DTTV416T, B0DGX49PW4, B0FK9H1WKP, B0DTTVRZNR, B0DRNZ9X6Z, B0DNH7MSQ9, B0DYD76NHJ, B0G3T816ZW, B0FR47NNJ1, B0DJ4TQL4D, B0FR7PD3K4, B0FNQJR2S6, B0DSZRK9FV, B0FT6XYD3R, B0G1RD5TTS, B0G3TDLWRF, B0G5XHMJ27, B0DK1V65QM, B0DTTRVLV3, B0F28Z7GWQ, B0FG2RLJLC, B0DSP79FZ7, B0F8BQKRPS, B0DJ2D8S53, B0FHJPPKH5, B0FL7B2TVG, B0FNQGN57Z, B0DGX1PG1Y, B0G2PJJCZC, B0DMNPWC64, B0DKDRGBKX, B0FZGQ8MXS, B0FT771FRZ, B0FPF315QJ, B0DFY726SD, B0FM2N7Y3K, B0G5WVGLPC, B0FW3KBY1V, B0G1RH24MJ, B0DL5YS3SY, B0DJXN4FMT, B0FNQJZKJG, B0DN1KFC6P, B0FR4WTGVV, B0FL66L11Z, B0FQ9JWQZS, B0FY1MMY2T, B0DTYD3FM4, B0G1RLK1SL, B0DSD7SP4Q, B0G2PFPR5L, B0FHK3NC9Q, B0FHK3D13N, B0DKDS8L23, B0FR7P5QP5, B0F8BSQN34, B0DNHCFDHY, B0FL22K22C, B0FLY74B29, B0FT7R8424, B0DSD8LBR3, B0FQ55491C, B0DYCFVCZJ, B0DZ5BWW2X, B0DRBL31GD, B0G3TDKZZ5, B0FW3KK98V, B0DZ5H9KBR, B0FM32B341, B0F9XXZ9NH, B0FNQGZWRK, B0FT74HBWZ, B0FMXW51KL, B0FG2N25KS, B0F7L434ZV, B0F1THJGS6, B0DNYX5HRY, B0DQNT24R5, B0FHHM616W, B0FT6WXNQ8, B0G2P8BF2T, B0DRNHRXKW, B0FS6BLTVL, B0FHHLZYY4, B0FM1TMTXK, B0FHHKMG48, B0FNQJCRYH, B0FNQK4JZ6, B0FBG5PF92, B0F991DQPJ, B0F37DQHKN, B0G5XKBCYF, B0DJXMN4SB, B0FF4BPM23, B0G4QBNP22, B0FX3TSG9C, B0FF4BPM22, B0G2PXC3Y9, B0DK1TNNWV, B0DHTS295H, B0FK9NLD2Q, B0DTK45JX3, B0FT72G4XN, B0F4VQKQZX, B0FS6LNLCN, B0DG8957WL, B0DMRV9R91, B0G4Q4V64B, B0DXFH5TL6, B0FK9ZTK2F, B0F8BPW9RW, B0FQB2D1T4, B0FR8N18SY, B0FNPHXL95, B0FK5G2XYL, B0FS692KQP, B0DSP51QZJ, B0FQ57V5H1, B0DNHCP2M4, B0FG2QZDYT, B0DSD9NT67, B0DK1VDJ1G, B0DZ5LQKN6, B0G3TDRB8F, B0FY1P1Z83, B0DJ2CYCR4, B0FNPMMNNV, B0DTHZ42J3, B0DZ5K357L, B0DTHX1B9B, B0DPYHQTX7, B0DZ5CFVPY, B0FL1Z97TJ, B0DZ648QWK, B0FZGPQ5TW, B0FK5DY4DV, B0DNH9S7HJ, B0DPMH1H52, B0FW46BZKJ, B0DZ63HRDC, B0FQ558LBH, B0FHK3YWVR, B0G1RHJ1ZZ, B0DTTVQNQX, B0DQNK3ZX6, B0FS6JHZN5, B0G3TF4MW1, B0FNQK52CD, B0FKB3D9T1, B0DLP49KQ1, B0FG2PMH69, B0DPYG6ZMP, B0FQ55PZW1, B0DKDRQ8RR, B0DWMQHRK9, B0DYCYBHLY, B0DPMHZFZN, B0DPGZD3R1, B0FG2MJLYH, B0G1R8YBGM, B0F1SVK3HY, B0DHJY49WX, B0FR8LRH7Y, B0FL6ZNR4G, B0FZBYBQS9, B0DHTSJGKW, B0G2PQQ6PY, B0G3TKFZ14, B0DGX3T452, B0FHK3M58G, B0DMNSWHZ5, B0FZGNCH83, B0FR7CHLMV, B0DRBGGNTV, B0DTTTH77J, B0DN1LHXXH, B0FPF38NFF, B0FY1LFV6X, B0FY1LFV6Y, B0FHK3P61Z, B0FG2RGQBT, B0FM1RGSKF, B0DPYJJ11R, B0F2F6538K, B0FW42F9N6, B0FG75T2LX, B0FNQKMBZG, B0FR7C9DM1, B0DZ5H766V, B0FZGMZBDZ, B0F291L73L, B0FL1W8TD1, B0DPMHNS93, B0DNF6HM4C, B0FG2R8FZR, B0DZ5N6FP2, B0F7L2GK5S, B0DTK2YJJ1, B0DTY5R2V2, B0DL5YBZJQ, B0DK1VXGM8, B0DSZMS27X, B0FR7P2RZ5, B0FBFK6K8Q, B0DTHVY2WW, B0DRNDW3QX, B0DHTTV1H6, B0DQNZVPZC, B0FR8BX11W, B0FT6X8MJM, B0G3T4VQMW, B0FZGLF9FZ, B0DLZPHZYS, B0FJF6LS3J, B0FX3T6Y8C, B0FS6FXJ1D, B0DTTTHF7F, B0DQNM243R, B0FL6Y8FYF, B0FQ57HYRT, B0F37NHMM2, B0FY1MBY2P, B0F4W1WFV2, B0FZGNGKR5, B0F1TFNNRW, B0FKB48D33, B0DTY7Y7T8, B0FG2QJVBQ, B0DK1VWYMN, B0FL6VLQCW, B0DRBMXW54, B0DPMGMMBS, B0DSPHHFLD, B0DJXKYW6Y, B0FNQGN8RZ, B0FNPPS3YR, B0G3TF1SKY, B0FZGMVYZF, B0DRWM52L8, B0DGX5MFRL, B0FHK3SKVG, B0FT6Y5VST, B0F1SJBBS3, B0DPMHBZMN, B0DTK1Y62V, B0G3TG3QG5, B0F1SGVZ8S, B0DTYBTTBK, B0DRY3N3CF, B0DQNBCC3W, B0F42LMFC7, B0FPF3JNLV, B0FZGN3ZHJ, B0FZGP6Q4B, B0FX3TLZYM, B0DQKCXKR5, B0FBFJPQ28, B0F7L45SFY, B0DHJK9C8V, B0FNMLXZRR, B0DK2PPFG4, B0FQ54C963, B0G3TH4ZXL, B0DPGZNY81, B0DQNQGTPP, B0DGX3KSJS, B0DYD3W7ND, B0FL77HT6Z, B0F37FZYP1, B0DPGZ73RN, B0DNH7PXDT, B0FG7N66ZG, B0G1RCQZ7S, B0DFY8J2VX, B0DYD9RKHP, B0DTTTRBFL, B0DMNTGDK5, B0FBG2TG79, B0DLWJDXPN, B0DTHW89X9, B0F98GVVRK, B0FR7TQLWH, B0FQ579V46, B0FHK2XF9Y, B0G1RM5Z74, B0DJ4NDJLK, B0FK91TQCW, B0FR7C91N6, B0DLP2S5H3, B0FJF8SQHS, B0G2PZ5P8Y, B0DFY88F3L, B0F1TK2NGN, B0DNH9DJSC, B0FQ53P1W5, B0FBFB38J8, B0DTTWKDKZ, B0FG2Q7J7N, B0DTTWKDKY, B0DPMHTQZC, B0FR8LMTG6, B0G3TM5932, B0DPYJ3MCC, B0FX3KCC51, B0FZGKWXHP, B0FK9JNH34, B0G1RHBNCZ, B0DSPMTB1F, B0DTYDJZBL, B0DSZTKC55, B0FMXN3N5J, B0DGX3QBB3, B0DYCY3C6F, B0FR7P4VMR, B0G1RRJJMK, B0DGX5CS5F, B0DRBKVF68, B0DHR77HQV, B0DPMGC2VV, B0FG2P598Y, B0FT39TNTZ, B0FX3V7T5Z, B0DSP4KN6W, B0FZB4X7SV, B0DPMHQSGC, B0FX3TQM3P, B0DPYHHZRW, B0FG2NHKGG, B0DL5XMV4W, B0FNMMH1GJ, B0DMRCMVWV, B0FR8KQ69S, B0F8BRT726, B0FLY9FS5M, B0G3STHD1L, B0DNHCLSDK, B0DPMFZG5V, B0FNQL5KNT, B0DGKZMBJL, B0FL6Z1MHH, B0DXFGXX1Y, B0FJDQQDVB, B0FY1LZV2Z, B0DRY21RVR, B0F4WMKT1D, B0FJF7C58F, B0FR4XGXSY, B0G2Q56MZ3, B0DK1TS5H7, B0G2PKD6C2, B0FHHN44X2, B0DRNDGYT5, B0DGX21VF5, B0FG7136VD, B0DGLDLFMZ, B0DL5XMC5Q, B0FNQGMHL5, B0DK1VK1YJ, B0FR8MQR12, B0DSP8HT7P, B0FT72DJZB, B0DHK5PQZW, B0DJ4NHS61, B0DYCVW8FX, B0FNMMV933, B0DTK2S1T2, B0FMX5QRTZ, B0F9PHVVZR, B0DWMQK9D1, B0FHJPXY6V, B0FR8RNKCH, B0FX3RMWP9, B0G3TMRY81, B0DTY5SP6L, B0DRNH8N9N, B0FX3LQCHS, B0F1T37H1N, B0DPYGZ6WF, B0DYD3W3N9, B0DQNV6R7R, B0FJF6S1C3, B0FL6ZJRDN, B0DGX4LVY4, B0FL23S75X, B0G3TF1DVL, B0DQKCQKPS, B0DRWN3WFQ, B0DYCQ3S2P, B0FNQM8S2H, B0FK5CR421, B0DMS1QQJP, B0G3TFJTLR, B0FJDW63TY, B0FL6PVVF4, B0DWMPY3HG, B0FNMLH86Z, B0FL6XG1D9, B0FNQJ2WBR, B0DMR152SP, B0FLY5QVJ1, B0F7KYSS94, B0FX3H4X9N, B0FG2PVGXJ, B0G1QW6BZ3, B0DSZQQTXB, B0DSZNB164, B0FM29VKH1, B0FX3NG5S1, B0F7L2L3SQ, B0FHK3BW8X, B0F6RNSG9S, B0DHTRVYTZ, B0F1THJ1VH, B0FG2LP2RG]",amzn1.campaign.1GD8VJA6ECM3U,"🌱 2026 Spring Break: Fresh Drops, Timeless Value",VIPWOLF,2026-03-06,2026-09-30,10.00%,5000.0,4943.21,2,800,false
"[B0FNBSTSBS, B0FNC7K3KW, B0FNBY9F8W, B0FNBP79GV, B0FNBV5W9F, B0FNC2LG1P, B0FNBFYJMM, B0FNBFX7TM, B0FNBVPYSL, B0FNBQXTMW, B0FNBT4FSY, B0FNBV1MVK, B0FNBWF22L, B0FNBZP2W2, B0FNBV8LFT, B0FNC4JMN6, B0FNBW8HYC, B0FNC3XR11, B0FNBGGDCW, B0FNBYVV6D, B0FNC2LG1Q, B0FNBGCD3P, B0FNC4MS3R, B0FNBWY82Y, B0FNBK8VM9]",amzn1.campaign.337SVU2EJ8YF8,066 3.05,ATLASLAVA,2026-03-07,2027-03-07,10.00%,10000.0,10000.0,83,800,false
"[B0FJ4RB23T, B0FJ532LYG, B0FJ54WXKK, B0FJ52JTCF, B0FJ4R1HRB, B0FJ4WWFLG, B0FJ5BJ8DM, B0FJ54NRCR, B0FJ5FJQQL, B0FJ55Y3VH, B0FJ4WNT9S, B0FJ4ZH3N3, B0FJ571SVW, B0FJ57K19V, B0FJ59ZR9V, B0FJ4ZW31S, B0FJ51WTWL, B0FJ5G2MTP, B0FJ4XF6R4, B0FJ55GN6T, B0FJ4XSLLF, B0FJ5FD5T6, B0FJ4YMPDZ, B0FJ4R4J2P, B0FJ53G4WV]",amzn1.campaign.1CY6Z6Y2EGNYR,054  3.05,ATLASLAVA,2026-03-07,2027-03-07,10.00%,10000.0,10000.0,84,800,false
"[B0CKN3CBBS, B0CKN1X79T, B0F6JYNVNK, B0CKN2H9VT, B0CKN21L6T, B0CKMZRQH1, B0CKMZJKCR, B0F6K3CSMY, B0CKN1T718, B0DCVD7GH2, B0DP6F69TG, B0CKN3PDH1, B0CKN2MJLJ, B0DCVBCNQQ, B0DP6F17TR, B0DP6G18R8, B0CKN29Y1C, B0CKN3QRKX, B0CKN1WWM9, B0CKN1PY59, B0CKN29FY6, B0F6K7D5D2, B0DCVBS9VS, B0CKN46KQQ, B0CKN1LXQJ, B0DCVBTGK5, B0DCVCBTJF, B0DCVC3BS8, B0CKN3M4KL, B0CKN2NRLB, B0DCVBHT36, B0CKN2NDQ8, B0CKN5733J, B0DCVBTVD3, B0DCVC97TS, B0DCVCQXZM, B0DP6FL887, B0CKN1K1WC, B0DCVBSPNY, B0DCVC575Y, B0DCVCD95L, B0CKMZWZSV, B0CKN3XRR6, B0CKN1RZ7N, B0CKN1N88J, B0CKN2HLM6, B0CKN3XRQP, B0DP6F1V78, B0CKN1ZK1Y, B0CKN2BXNQ, B0DCVBZW3S, B0F6JTK8G6, B0DCVBX8YT, B0DCVBNXFN, B0DP6FCT8N, B0F6JQDV7Y, B0DCVBY3LV, B0CKN29TZK, B0F6JQBWDG]",amzn1.campaign.3C9HS0VZOJWTP,004-3.05,ATLASLAVA,2026-03-07,2027-03-07,10.00%,10000.0,10000.0,79,800,false
"[B0FCFJTQBZ, B0FCFLGN44, B0FCFJSTVM, B0FCFFZKTC, B0FCFK511F, B0FCFHG8H7, B0FCFMT5H3, B0FCFMWHWV, B0FCFH3LCJ, B0FCFJRBVG, B0FCFK7ST9, B0FCFMBL1S, B0FCFLVD8W, B0FCFK7STB, B0FCFG6Z74, B0FCFJ4VTY, B0FCFHCZ98, B0FCFQJ3YZ, B0FCFMJ47C, B0FCFHCGD9, B0FCFH4LCQ, B0FCFHFN4J, B0FCFLQGZH, B0FCFGZZ27, B0FCFKQP5B, B0FCFHGKTP, B0FCFKC6WY, B0FCFQHKFZ, B0FCFH7GBY, B0FCFLL5SH, B0FCFGNFJP, B0FCFH25ZV, B0FCFKQ69H, B0FCFLTTN6, B0FCFN4VW6]",amzn1.campaign.3C9J5I9659BJO,044 3.05,ATLASLAVA,2026-03-07,2027-03-07,10.00%,10000.0,10000.0,89,800,false
"[B0F79BSX8S, B0F79S8JCW, B0F79BF9X3, B0F79BX533, B0F7B188MD, B0F7B1HHRQ]",amzn1.campaign.QVTI4A5MKI3B,60+Monthly Sales | 10% Commission | Poker Golf Head Cover | Long-Term,Dragon tiger,2026-03-06,2026-12-09,10.00%,5000.0,4985.74,44,800,false
"[B0F2YVJHZM, B0FBWFHHNJ, B0GQNHR8C6]",amzn1.campaign.27X9HUVR7E87X,Cake Decorating Kit with Aluminium Cake Turntable,Boyun,2026-03-06,2027-03-05,10.00%,5000.0,4739.57,9,800,false
"[B0DXZKXB9X, B0GQYM9YHW]",amzn1.campaign.37X4ICEZTFWIL,F12-desk fan-20260305-复制10,Misby,2026-03-06,2026-12-31,10.00%,5000.0,5000.0,90,800,false
"[B0DXZKXB9X, B0GQYM9YHW]",amzn1.campaign.T6TSCK4PDZBU,F12-desk fan-20260305-复制9,Misby,2026-03-06,2026-12-31,10.00%,5000.0,5000.0,97,800,false
"[B0DXZKXB9X, B0GQYM9YHW]",amzn1.campaign.1AQGA32YAP1A4,F12-desk fan-20260305-复制8,Misby,2026-03-06,2027-01-01,10.00%,5000.0,4979.9,75,800,false
"[B0DXZKXB9X, B0GQYM9YHW]",amzn1.campaign.2NBD1UMD9W6OS,F12-desk fan-20260305-复制7,Misby,2026-03-06,2026-12-31,10.00%,5000.0,5000.0,88,800,false
"[B0DXZKXB9X, B0GQYM9YHW]",amzn1.campaign.3H6XKU68M3BES,F12-desk fan-20260305-复制6,Misby,2026-03-06,2026-12-31,10.00%,5000.0,5000.0,95,800,false
"[B0DXZKXB9X, B0GQYM9YHW]",amzn1.campaign.2YP25QMP7QLMW,F12-desk fan-20260305-复制5,Misby,2026-03-06,2026-12-31,10.00%,5000.0,5000.0,89,800,false
"[B0DXZKXB9X, B0GQYM9YHW]",amzn1.campaign.3MDOPP20W9NV8,F12-desk fan-20260305-复制4,Misby,2026-03-06,2026-12-31,10.00%,5000.0,5000.0,96,800,false
[B0FYXRDYDJ],amzn1.campaign.SOY61EVHKH8A,FXPay Rubber Mallet- Craft Hammer for Jewelry & DIY- Precision Non-Marring Tool,FXPay,2026-03-06,2026-12-31,10.00%,10000.0,9842.93,34,800,false
"[B0DXZKXB9X, B0GQYM9YHW]",amzn1.campaign.1SU0XLGZS0W38,F12-desk fan-20260305-复制3,Misby,2026-03-06,2026-12-31,10.00%,5000.0,5000.0,89,800,false
"[B0DXZKXB9X, B0GQYM9YHW]",amzn1.campaign.3TP1B2TTLXXBZ,F12-desk fan-20260305-复制2,Misby,2026-03-06,2026-12-31,10.00%,5000.0,5000.0,97,800,false
"[B0DXZKXB9X, B0GQYM9YHW]",amzn1.campaign.3NBLN9O5RK5TC,F12-desk fan-20260305-复制1,Misby,2026-03-06,2026-12-31,10.00%,5000.0,5000.0,90,800,false
"[B0DXZKXB9X, B0GQYM9YHW]",amzn1.campaign.1HRPUIVPJC393,F12-desk fan-20260305-复制,Misby,2026-03-06,2027-01-01,10.00%,5000.0,5000.0,90,800,false
"[B0GCLG9KLB, B0GCLWYSYB, B0GCL6LKQ7, B0GCL6DMD6, B0GCM82D52]",amzn1.campaign.1CUU0I2LKNTH9,Earn 10% Commission on Wooden Outrigger Canoe Paddle,LINGVUM,2026-03-06,2026-12-31,10.00%,5000.0,4970.0,44,800,false
"[B0DXZKXB9X, B0GQYM9YHW]",amzn1.campaign.FICO979WJYZX,F12-desk fan-20260305,Misby,2026-03-06,2026-12-31,10.00%,5000.0,4993.4,91,800,false
"[B0FX9PJVNS, B0G8DY5711, B0FX9N4DGK, B0FX9LVFN2, B0G8FBLMMJ, B0FX9VDPVY, B0FWQZBSQ2, B0FWR46SGK, B0G8FTWMKS, B0FWR6FJKD, B0FX9L9MVC, B0FX9MWLCS, B0G8DHGSTN, B0G8DV5852, B0G8FBM3L9, B0FWR5HPRR, B0FWR6C8K2, B0FX9MLNDG, B0FX9M3J2D, B0G8D3RQLW, B0FX9XMKRJ, B0FXDRBBBH, B0FXDWPPVD, B0G8DYY3G4, B0G8FSTPXJ, B0G8CT1VGM, B0FXDNQMQY, B0G8DT4JPV, B0FX9HP5QD, B0FX9MWCV1, B0FX9QSNFL, B0FX9L5VHX, B0FWQZJFQ4, B0FX9QD2TD, B0FXDFKKCG, B0G8FGCCKK, B0G8FB3G8Z, B0FXDMWD4W, B0FWR3G4F9, B0G8FGXBCC, B0FWR3PHBJ, B0G8DT3NTJ, B0G8FC2PVT, B0G8CZKYZN, B0G8FBXN92, B0G8DXQT8G, B0GF6J9X49, B0G8CZN523, B0FX9TR4LJ, B0FWR3M8TT, B0G8FH94YV, B0G8CGZBG5, B0FX9V58C3, B0FWR3K7SW, B0FWR72Q22, B0G8F3NN3C, B0G8DXXBZT, B0FX9LM1VY, B0FX9JCLVV, B0FX9SD6XK, B0G8DFDNQQ, B0FWR67LBJ, B0FXDN6SGQ, B0G8F9Z76T, B0FWR3T5Q9, B0FX9WQXZF]",amzn1.campaign.1QQXFN8YAU29D,"Stratop Garden Sign $10k Monthly Sales, High - Comm & Swift Profits!",Startop,2026-03-06,2026-10-09,10.00%,100000.0,100000.0,48,800,false
"[B0FX9PJVNS, B0FX9QSNFL, B0FX9L5VHX, B0FX9QD2TD, B0FXDFKKCG, B0FX9N4DGK, B0FXDMWD4W, B0FX9LVFN2, B0FX9VDPVY, B0FX9L9MVC, B0FX9MWLCS, B0FX9TR4LJ, B0FX9V58C3, B0FX9MLNDG, B0FX9M3J2D, B0FX9LM1VY, B0FX9JCLVV, B0FX9XMKRJ, B0FX9SD6XK, B0FXDRBBBH, B0FXDWPPVD, B0FXDN6SGQ, B0FXDNQMQY, B0FX9HP5QD, B0FX9WQXZF, B0FX9MWCV1]",amzn1.campaign.10HKVAFNPVKHZ,"Stratop Pet Memorial Tombstones $9k+ Monthly Sales, High - Comm & Fast Earnings!",Startop,2026-03-06,2026-10-09,10.00%,100000.0,100000.0,44,800,false
[B0FPFSRQ99],amzn1.campaign.3HZJD68N6G6F1,蓝绿游戏背景布派对CC 2026-3-3,JiaYJinX,2026-03-06,2027-03-06,10.00%,5000.0,5000.0,98,800,false
[B0CSXFZ6X6],amzn1.campaign.5AN66CP04BI8,Navy Blue创作者广告 CC 2026-3-3,JiaYJinX,2026-03-06,2027-03-06,10.00%,5000.0,5000.0,95,800,false
"[B0FW3X4R9D, B0FVXX25K4, B0FVXT4N43, B0FVXZSGV8, B0FVXZDN6V, B0FVXXJ8QY, B0FVXZDN72, B0FVXXN2ZP, B0GCHLWCNW, B0FQJCV7D3, B0FVY1G3VD, B0FVXZDN7H, B0FVXX86SJ, B0FVXZ62BC, B0FVXXPSNB, B0FVY2V4W4, B0FVXWPXSQ, B0FVXVTBMQ, B0FVXVJTFN, B0FVXXCVRL, B0FVXXCN1T, B0FVXMB239, B0FVXT5NSR, B0FVXWKJCG, B0FVXPFDPD, B0FVXT5FD4, B0FVXT4TS6, B0FW3QXKLS, B0FVXL1FCL, B0FVXXRL77, B0FVXT4KXH, B0FVXZVYMX, B0FMN7TQKS, B0FVXJJXF2, B0FVXZF26T, B0FVXZT77N, B0FW3RCS4Z, B0FW46W995, B0FW4C254K, B0FVXT3VJ4, B0FVXZKVX5, B0FW49QC8B, B0G3GFKJBJ, B0FVXZKVX7, B0FVXXC1P9, B0FP4NKMQL, B0FVXYW94Z, B0GFSHXHWT, B0FW3KMLG6, B0FVXXNKWN, B0FVXT3ZSJ, B0FVXT1MWD, B0FVXT5MCP, B0FVXXPLJW, B0FVXJN1VW, B0FQJ5YWQC, B0FVY2VHS3, B0FW38GWKN, B0FVXYHGM4, B0FVXX1YZ6, B0FVXXQBVD, B0FVXHSTK7, B0FVXZWDFT, B0FW3VS5NW, B0FVXX8P2Z, B0FQHWNJ1Z, B0FW3CNZJZ, B0FVXZ6372, B0FVXMSH82, B0FVXYCKLF, B0FVXSJQBN, B0FVXWJP69, B0FVXZS9TH, B0FW41FK19, B0FW3P4LHD, B0FVXTDLFY, B0FVXXMCGX, B0FVY21WCZ, B0FW3XRNFR, B0FVXVZ9YG, B0FVXVH967, B0FVXXQC3R, B0FVXWYWPL, B0FVXX6MXZ, B0FVXW8WM3, B0FVXT34SL, B0FVY27X2G, B0FVXT4BTB, B0FVY2Y8WR, B0FVXVZ9XS, B0FVXZM14J, B0FVXT5698, B0FVXYQ2FN, B0FVXVCBNQ, B0FVXVZJ98, B0FVXWG5KV, B0FW38G8D6, B0FVXWZZ3P, B0FVXVZYFQ, B0FMN5YR3W]",amzn1.campaign.SWYX0T1Q9I13,"Stratop ""Home's Signature"", $9k Monthly Sales, High - Comm & Swift Earnings!",Startop,2026-03-06,2026-10-09,10.00%,100000.0,100000.0,56,800,false
[B0FPXD3TTX],amzn1.campaign.2J6QIUBHVPSAE,"DEAYOU 6 Pack Facial Towels for Estheticians, Grey, commission rate is 10%",DEAYOU,2026-03-06,2027-03-06,10.00%,8000.0,7983.03,19,800,false
[B0DNDZHW8B],amzn1.campaign.2U6UVRMLNKPD5,蓝色游戏背景布派对CC 2026-3-3,JiaYJinX,2026-03-06,2027-03-06,10.00%,5000.0,5000.0,95,800,false
"[B0DQCZ47XR, B0D1QSC49X, B0D726XJFX, B0DQD2M556, B0DQD1QQGC, B0D9N3RZ6R, B0D4582LZ8, B0D9NCKM1Q]",amzn1.campaign.WF46FBGG72NT,"Chinese Calligraphy Paper,brush and calligraphy ink",Flmouce,2026-03-06,2026-09-30,30.00%,5000.0,4791.85,26,800,false
[B08Q3K6216],amzn1.campaign.1VG2M5Q93TY2Q,宇航员创作者链接CC 2026-3-3,JiaYJinX,2026-03-06,2027-03-06,10.00%,5000.0,5000.0,93,800,false
[B091TGSD7R],amzn1.campaign.DCYWRD6AYRGQ,消防员创作者链接CC 2026-3-3,JiaYJinX,2026-03-06,2027-03-06,10.00%,5000.0,5000.0,104,800,false
[B0C4Q2BL9H],amzn1.campaign.2M4ZDFYY8S1IW,10%commission fee +remote control car for kids,HENEROAR,2026-03-06,2026-10-31,10.00%,5000.0,4925.19,28,800,false
"[B0FT7ZD1SY, B0FWJRZ82M, B0FT81X526, B0GLF8HCBB, B0G6Y2HXX6]",amzn1.campaign.2UOFDZBJZG8L6,"KITCHENDAO New Product Promotion,10% Commission",KITCHENDAO,2026-03-06,2026-10-31,10.00%,5000.0,4626.2,18,800,false
[B0CFQ9KTH2],amzn1.campaign.1CL24LUBWXSA0,Gold  birthday decorations  CC 2026-3-3,JiaYJinX,2026-03-06,2027-03-06,10.00%,5000.0,5000.0,93,800,false
[B0DVLC8114],amzn1.campaign.K7RVIO1KP87D,video game birthday decorations 2026-3-5,JiaYJinX,2026-03-06,2027-03-06,10.00%,5000.0,5000.0,101,800,false
[B0FSDBSZY3],amzn1.campaign.7342FN2HX7D1,fire truck party decorations   CC2026-3-4,JiaYJinX,2026-03-06,2027-03-06,10.00%,5000.0,5000.0,102,800,false
[B0GJRYTFM2],amzn1.campaign.2T1DZCRAVDTQU,"100% Heavy Duty Metal Garden Hose Spray Nozzle, High Pressure Full Brass Nozzle",TEIRDTH,2026-03-06,2026-12-31,10.00%,5000.0,4969.78,27,800,false
[B0DYPCVZ8X],amzn1.campaign.11YC0KVKGY55W,space birthday  decorations 2026-3-5,JiaYJinX,2026-03-06,2027-03-06,10.00%,5000.0,5000.0,94,800,false
"[B0FFGQ6363, B0FFL3N2NP]",amzn1.campaign.3H25EG14NVYLN,10% Commissions -- Promote Charging Dock for Manscaped Lawnmover 5.0,Lakdun,2026-03-06,2026-12-31,10.00%,5000.0,4990.37,2,800,false
"[B0FB45HX83, B0FB48ZP1N]",amzn1.campaign.1IS6XTPXQMBOZ,Adaptive Utensils with Adult Bib,Celuisiva,2026-03-06,2027-03-06,10.00%,5000.0,5000.0,102,800,false
[B0G24C2KB1],amzn1.campaign.1W8KSOAVLP8KL,"Calm Nights, Happy Days – Magnesium Gummies Daily Support Campaign",GASEBEAR,2026-03-06,2026-12-31,20.00%,5000.0,5000.0,77,800,false
[B0G24G1G29],amzn1.campaign.2RFQ75PJ4PZ0Z,"Daily Calm, Naturally – Magnesium Glycinate Gummies",GASEBEAR,2026-03-06,2026-12-31,20.00%,5000.0,4993.2,72,800,false
"[B0DM49H131, B0DM4HTG9L]",amzn1.campaign.1M6R5ZEYSTQBN,Beard Bib Apron,Celuisiva,2026-03-06,2027-03-06,10.00%,5000.0,5000.0,93,800,false
"[B0DLSRL5DK, B0D7H6S533, B0D7GWZ2ST]",amzn1.campaign.1VZ6IVW9VYDXE,Adult Bibs,Celuisiva,2026-03-06,2027-03-06,10.00%,5000.0,5000.0,103,800,false
"[B0G46Z9TLR, B0G46RGJRL, B0G46HRPHW, B0G46RD1TP, B0G4764KPL, B0G46Z49CF, B0G46Z7J24, B0G46M6XBQ, B0G46TZ54F, B0G46RBGV8, B0G47DLYC5, B0G479SNM4]",amzn1.campaign.1QGC9J6WDKNZD,Earn 10% Commission on Carbon Fiber Kayak Paddle,LINGVUM,2026-03-06,2026-12-31,10.00%,5000.0,4985.4,40,800,false
[B0DDSSMPT4],amzn1.campaign.2IGQAVJSMVDYS,Leveling Feet for Individual Adjustment,Celuisiva,2026-03-06,2027-03-06,10.00%,5000.0,5000.0,95,800,false
"[B0G4763ZDZ, B0G4743TTF]",amzn1.campaign.12KJV07KZBTWA,Earn 10% Commission on Canoe Paddle,LINGVUM,2026-03-06,2026-12-31,10.00%,5000.0,5000.0,47,800,false
[B0G4873MCB],amzn1.campaign.2BZ7G4UA7IXBP,"Touch Screen Toaster 2 Slice with LCD Display， +15s Boost,Dual Memory Functions",TEIRDTH,2026-03-06,2026-11-27,10.00%,5000.0,4989.2,71,800,false
[B0DZ69Q2HK],amzn1.campaign.2J3CVSXJELWMT,Heavy Duty Leveling Feet,Celuisiva,2026-03-06,2027-03-06,10.00%,5000.0,5000.0,102,800,false
"[B0GFM1QF1V, B0GFLH1W22, B0GFKSBDCL, B0GFK8K9TS, B0GFL65F76, B0GFL29SZF]",amzn1.campaign.21RS7P5UT5TCB,Earn 10% Commission on Skimboard,LINGVUM,2026-03-06,2026-12-31,10.00%,5000.0,4916.16,44,800,false
"[B0G6L7GTFR, B0G6L7YRL6, B0G6KPKGFV, B0G6KV4MC3, B0G6KVP4CD, B0G6LC7LR1, B0G6LC9PV3, B0G6KW66S2, B0G6L54NZN, B0G6KTFB9H, B0G6KTXSNK, B0G6KY2GHZ, B0G6L1TLL9, B0G6KS76ZM, B0G6L67K9P, B0G6KR8N88, B0G6KKMN8Q, B0G6KSB7TM, B0G6KR7Q4V, B0G6KVJ8XB, B0G6KX3YSS, B0G6L2G9FP, B0G6L17S8F, B0G6KTFXVK, B0G6L778H3, B0G6LCDM9B, B0G6KSY637, B0G6L56DYJ, B0G6KJLNMR, B0G6KRQYRW]",amzn1.campaign.2RQE0LNKOU5V6,OLORA Rubber Sole Cheer Shoes Lightweight Comfortable,OLORA,2026-03-06,2027-03-06,10.00%,100000.0,99765.19,20,800,false
[B0DJVDLBRR],amzn1.campaign.3B564OE5VQM8B,Black Mole Trap Easy Use Reusable 10% Commission Backyard Garden Lawn Care,POlAFLEX,2026-03-06,2026-10-31,10.00%,5000.0,1500.07,18,800,false
"[B0FT75TXY7, B0FT7B5YCF, B0FT74LJ4M, B0FQJ8ST15, B0FT74LVTD, B0FJFG3LF2]",amzn1.campaign.3DF6R78PUA1KZ,New Store,BBHOTCOM,2026-03-06,2027-02-28,10.00%,5000.0,5000.0,38,800,false
"[B0GCCZFVXH, B0GCCQ52PR, B0GCCXH9WP]",amzn1.campaign.Q9DOJUVRX5WY,Essence-A34 360 Protective Laptop Carrying Case,tomtoc,2026-03-06,2027-03-06,10.00%,100000.0,99858.59,3,800,false
[B0GDLMQPBM],amzn1.campaign.1FS9Q74W5TQMM,屏幕罩,yirfly,2026-03-06,2027-03-06,15.00%,5000.0,4938.27,40,800,false
"[B0G9KZV88W, B0G9L69GY7, B0GG3S8HYC]",amzn1.campaign.161NVOSO9S8Q9,Bestag 10 Pairs Cute Womens Socks with Gifts Boxs (High Commission!),Bestag,2026-03-06,2026-09-30,15.00%,5000.0,4987.65,19,800,false
[B0GMRXG3T1],amzn1.campaign.QND5WUNLDT03,BEEST - Creator Connection - Spray Foam - 36 PK Kit - B0GMRXG3T1,BEEST,2026-03-06,2026-12-31,10.00%,100000.0,97448.05,21,800,false
[B0DZJ25N8V],amzn1.campaign.2SZEJ3OE6SEXQ,BEEST - Creator Connection - Spray Foam - 24 PK Kit - B0DZJ25N8V,BEEST,2026-03-06,2026-12-31,10.00%,100000.0,97909.12,21,800,false
[B0DJFR3K3N],amzn1.campaign.1Z71MDDIRN26I,BEEST - Creator Connection - Spray Foam - 12 PK Kit - B0DJFR3K3N,BEEST,2026-03-06,2026-12-31,10.00%,100000.0,96763.9,2,800,false
"[B017C0HZA8, B017WPUYLK, B07VP21C68]",amzn1.campaign.1Z246BROM0N65,Lubri-Cut Cutting Paste for Metal Drilling,Lubri-Cut,2026-03-06,2027-03-06,10.00%,15000.0,14984.0,27,800,false
"[B07H23LY8G, B07H2371MY, B07H23N5NT, B0BT2B98KP, B07V3P2SQP, B07QSCFCC7, B07H22ZS77, B07H23CV1K, B07QT8FJX9, B09BF6CTPH]",amzn1.campaign.1LK96TX6N19AJ,Before & After Magic – Snap‑On Covers for Deck & Stair Posts (Made in USA),Simshoe,2026-03-06,2026-09-30,20.00%,5000.0,4985.0,28,800,false
[B0C8GH5F9N],amzn1.campaign.1DO0VWGHJAQI5,Top Selling Time Marker Bottle – B0C8GH5F9N – Creator Connections,MIGHTY VESSEL,2026-03-12,2027-03-12,35.00%,100000.0,99914.6,0,800,false
[B0D57DPSJL],amzn1.campaign.ZZOGDN07H2T4,Top Selling Glass Water Bottle – B0D57DPSJL – Creator Connections,MIGHTY VESSEL,2026-03-12,2027-03-12,20.00%,100000.0,99977.0,15,800,false
[B0CNGL3LP8],amzn1.campaign.1ZH9PMR8IN4GK,Top Selling Daily Hydration Bottle – B0CNGL3LP8 – Creator Connections,MIGHTY VESSEL,2026-03-12,2027-03-12,30.00%,100000.0,99953.2,1,800,false
[B0D8XH3TCS],amzn1.campaign.1GEH6W3NDGBD4,SEIMA Magnesium Blend,Seima,2026-03-06,2026-12-31,20.00%,25000.0,24962.5,15,800,false
[B0C8GJMBF5],amzn1.campaign.2FYJJ0E54GUH1,Top Selling Gym Water Bottle – B0C8GJMBF5 – Creator Connections,MIGHTY VESSEL,2026-03-12,2027-03-12,20.00%,100000.0,99975.2,12,800,false
[B0CNG1HR7J],amzn1.campaign.3L2YN67SEZDAU,Top Selling Hydration Bottle – B0CNG1HR7J – Creator Connections,MIGHTY VESSEL,2026-03-12,2027-03-12,25.00%,100000.0,99911.5,18,800,false
[B0FGP1BRM6],amzn1.campaign.S2GP0C1BS15O,💗 Bold Buns™ GLP Trigger | Designed for Female Metabolism (30% Commission),Bold Buns,2026-03-11,2027-03-10,30.00%,1000000.0,1000000.0,70,800,false
[B0DMTV595P],amzn1.campaign.1SPT2HCMW8RQ0,🌸 Creatine Women Actually Buy - Bold Buns™ | 30% Commission,Bold Buns,2026-03-11,2027-03-10,30.00%,1000000.0,999831.95,20,800,false
"[B0F5NMKMH4, B0F1BFRWWW]",amzn1.campaign.1MFDXBRENYKED,"30% Commission - All-Natural Vanilla Beef Tallow, Great for Skin and Acne!",Boopie's Magic Moo Tallow,2026-03-06,2026-12-31,30.00%,19000.0,18903.7,0,800,false
"[B0G8Y8ZP8J, B0G8WS1PXS, B0G8VYJGNQ, B0GDPC6WXJ]",amzn1.campaign.1YJUPTTE31IF3,PIERA,PIERA,2026-03-06,2026-11-30,20.00%,5000.0,4844.84,23,800,false
[B0GHSNGRYT],amzn1.campaign.94O9IKF387AY,Hermon Bed Sore & Pressure Sore Cream-B0GHSNGRYT-3.4,Hermon,2026-03-06,2027-01-01,20.00%,90000.0,88962.02,4,800,false
[B0F5K8YMYH],amzn1.campaign.EHKNWAQWE7WV,Air Jungles 250 Count Bulk Makeup Remover Wipes Brand Awareness and Sales,Air Jungles,2026-03-06,2026-09-30,10.00%,100000.0,99960.69,0,800,false
"[B0BQZ2LV9N, B0DM2MVK39, B0BRLZY23P]",amzn1.campaign.3HNY458H4SPF6,Lithium Golf Cart Battery Chargers,FORM,2026-03-06,2027-03-05,13.00%,200000.0,199974.01,53,800,false
"[B0DBVVMC5M, B0DBVWLL1V]",amzn1.campaign.2NO6YEXSX7E6B,Forklift Battery Chargers,FORM,2026-03-06,2027-03-05,12.00%,200000.0,199966.41,36,800,false
"[B07Q2FQB33, B082L42R9P, B0DM2MVK39, B07X7G7BWM, B09SBMGC4R, B085W983KV, B0DZJ391P1, B082L3B28B, B0BQZ2LV9N, B0859JV1HJ, B0BRLZY23P, B09SBP5DL8, B0859KVF7L]",amzn1.campaign.1XEW90GVJNVCD,Golf Cart Chargers,FORM,2026-03-06,2027-03-05,12.00%,200000.0,200000.0,41,800,false
[B0FR6NGR3B],amzn1.campaign.1HD726E3Q1CKV,BM10MAX,Michelle Peiret,2026-03-06,2026-09-30,15.00%,5000.0,4953.43,40,800,false
[B07QNCVD8B],amzn1.campaign.3UMY6RFU0MIAP,"Cannanumb Pain Relief Roll-On – Fast, Targeted Comfort for Active Lifestyles",Cannanumb,2026-03-06,2026-12-31,10.00%,5000.0,4824.09,39,800,false
[B0CNFVSNSY],amzn1.campaign.311CXMKG7IMUV,Bezerky Jerky - Ham Jerky - B0CNFVSNSY - Affiliate+ Campaign - BS,Bezerky Jerky,2026-03-07,2026-12-30,10.00%,5000.0,5000.0,35,800,false
[B09DBVPSC1],amzn1.campaign.31MVA8FMLUY57,Hunters - Chips - B09DBVPSC1 - Affiliate+ Campaign - BS,HUNTER'S Gourmet,2026-03-07,2026-12-30,10.00%,5000.0,5000.0,46,800,false
"[B0DBJ61JGZ, B0DCL5XNG5, B0DB8PWGZS, B0DBJ58Q8F, B0DBJ48YRC, B0DB8MVK5D, B0DB8PM7S3, B0DB8QLVHR, B0DBJ6N6PR, B0DBJ58Z9J, B0DB8PQ5BT, B0DBJ5GLC7, B07NGF72DZ, B0DBJ4X5LH, B0DBJ4ZQT2, B0DB8MZJFR, B0GBYQNG9R, B0DCW45QRL, B0DBJ6PJ58, B0DBJ46PR1, B0DBJ6ZFXP, B0DB8MV9KQ, B0DB8QR88D, B09DBVPSC1, B0DCL6K3D4, B0DBJ56N94, B0DBJ4KW69, B0DBJ3S9ZY, B0DB8PL4G6, B0DB8LNXQG, B0DBJ3G7CP, B0DB8P8383, B07RZDC927, B0DBJ5WSXW, B0CNCX67DW, B0DCL3HTMW]",amzn1.campaign.2Y1AA8RUEI22Z,Hunters - Chips - B0FPSW5VGH - Affiliate+ Campaign - PAR,HUNTER'S Gourmet,2026-03-06,2026-12-30,10.00%,5000.0,4939.45,35,800,false
[B0DPRCN6KF],amzn1.campaign.5TUDM71DKC1H,Mezete - Hummus - B0DPRCN6KF - Affiliate+ Campaign - BS,mézete,2026-03-07,2026-12-30,10.00%,5000.0,5000.0,77,800,false
[B0D2JKMTCZ],amzn1.campaign.1606XIE4P2Q7A,Noor Fes - Award Wining EVOO - B0D2JKMTCZ - Affiliate+ Campaign - BS,NOOR FÈS,2026-03-07,2026-12-30,10.00%,5000.0,4996.0,56,800,false
[B0FHQL4MDZ],amzn1.campaign.13F85DRYBH3AT,new band,Votena,2026-03-06,2026-12-31,10.00%,25000.0,24987.5,40,800,false
"[B0DQVP7NSB, B0DQVJDFPH, B0G45N5JBS, B0DQVN5WJC]",amzn1.campaign.1K35LR1S1USF6,Seasons Sponges -- 20%,Asiopphire,2026-03-06,2027-03-06,20.00%,5000.0,4709.12,13,800,false
[B07HM7VXBK],amzn1.campaign.E0GTQ216A0T8,Vamoosh - Pet Hair Dissolver - B07HM7VXBK - Affiliate+ Campaign - BS,Vamoosh,2026-03-07,2026-12-30,10.00%,5000.0,5000.0,39,800,false
[B0723CQ87K],amzn1.campaign.64W0AJ3VIXBH,Taj Mahal - Loose Black Tea - B0723CQ87K - Affiliate+ Campaign - BS,Brooke Bond,2026-03-07,2026-12-30,10.00%,5000.0,5000.0,43,800,false
[B076ZWKYL1],amzn1.campaign.S7D8873PUYFJ,Red Label - Loose Black Tea - B076ZWKYL1 - Affiliate+ Campaign - BS,Brooke Bond,2026-03-07,2026-12-30,10.00%,5000.0,4994.6,45,800,false
[B07PRLQD8G],amzn1.campaign.1DYZNV9G6YIWB,ASIN B07PRLQD8G | SKU: P-AFD-1 | Pharmagel Hydra Cleanse 8oz | 15% Commission,Pharmagel,2026-03-06,2026-12-06,15.00%,5000.0,4940.67,40,800,false
[B000XA0R32],amzn1.campaign.2PZKYIFPLHEW5,ASIN B000XA0R32 | SKU: P-EXC-1 | Pharmagel Enzyme Ex-Cell  6oz | 15% Commission,Pharmagel,2026-03-06,2026-12-06,15.00%,5000.0,4921.37,8,800,false
[B0DJ299935],amzn1.campaign.2JFS6X260YOFQ,Magnesium 06.03 - 30,opensource,2026-03-06,2027-03-06,30.00%,20000.0,20000.0,59,800,false
[B0DJ299935],amzn1.campaign.C1TPZKBYC82V,Magnesium 06.03 - 25,opensource,2026-03-06,2027-03-06,25.00%,10000.0,10000.0,87,800,false
[B0006ZEWEE],amzn1.campaign.11ID9MMXZR9QR,ASIN B0006ZEWEE | SKU: P-DN-24-1| Pharmagel DN-24 2oz | 15% Commission,Pharmagel,2026-03-06,2026-12-06,15.00%,5000.0,4934.97,0,800,false
"[B0FMS33XT8, B0CH5LZ4C7, B07QN3HX2V, B0CH5LBFGT, B0D4MS3747, B0CH5LQ2F1, B0FMQX1RBV, B0FMQY7W24, B0D4MQ32VP, B09LHJTMN3, B09LGSSK2C, B07QP5MHX9, B0FMQVZL2S, B0CH5KJTKL, B09LH44WT1, B0FMS7XGJX, B0CH5LH3YY, B0B15MJFW8, B0D4NBKZ8L, B0FMQV629C, B0CH5HK2NX, B0CH5N4SLC, B0CH5HS24Y, B07QP7CDMH, B0FMS2Q3RL, B0CH5JY6NY, B0FMS5HNZS, B09LHK1R1M, B0BJC8GJF5, B0B15P7918, B0FMQY41WW, B09X61VFCG, B0CH5LHR81, B07QN4FL8Q, B0FMS3V2M3, B0CH5M5KXX, B0CH5LNBM8, B0B15NHST1, B0B15KX6XJ, B09X5Z4HH8]",amzn1.campaign.2IMIYLWOE7RIT,Hilarious Boxer Brief,Random Stock Apparel,2026-03-06,2026-12-31,15.00%,5000.0,4973.0,20,800,false
"[B007ZI1SKG, B00Y8PWVNM, B0C83CWD34]",amzn1.campaign.16CR2ZBGGKIO,Lipton - Loose Black Tea - B0GFGM3WJV - Affiliate+ Campaign - PAR,Lipton,2026-03-06,2026-12-30,10.00%,5000.0,5000.0,0,800,false
"[B000NGRUQ8, B0794RRS2M, B0723CQ87K]",amzn1.campaign.279NJJ1UL9M9Y,Taj Mahal - Loose Black Tea - B0G1CQLTS4 - Affiliate+ Campaign - PAR,Brooke Bond,2026-03-06,2026-12-30,10.00%,5000.0,5000.0,37,800,false
"[B07667H9VZ, B001QTRGPG, B001QTN5DI, B004FEAI5E, B075581GPQ, B076ZWKYL1, B06ZYHQLCB, B07NF84PC7, B08F6MBKZ5, B007ZI23VO, B007ZI1ZRC, B004KFBNBQ]",amzn1.campaign.36LMFM3ECKGXK,Red Label - Loose Black Tea - B0G1749X1F - Affiliate+ Campaign - PAR,Brooke Bond,2026-03-06,2026-12-30,10.00%,5000.0,4988.5,37,800,false
"[B0DHVT9DCV, B0DHVX824L, B0DLQCWR8R, B0CNFVSNSY, B0CNFJHV96, B0DHVSQYCP, B0CNFWDZ5Q, B0CNFSXKXG, B0DLLC4NVF, B0DLLD6B9N, B0CNFQC1NV, B0CNFLNJ2X, B0DHVSW9JG, B0CNFSGG6M, B0DHVTT8T9, B0DLLDKPHK, B0DHVSGB6P, B0DLLDKFM7, B0DHVSM7VD, B0CY766JCP, B0CY7D65HW, B0DLLC9KVP, B0DHVVCC3B, B0CNFRGHVT, B0DHVSFX5R, B0CNFGX1PD, B0CNFQDQJ6, B0CNFHBFQ1]",amzn1.campaign.35V1IRY5AQGY3,Bezerky Jerky - Ham Jerky - B0D9HPLDCT - Affiliate+ Campaign - PAR,Bezerky Jerky,2026-03-06,2026-12-30,10.00%,5000.0,4989.1,32,800,false
"[B0DLGCJSD7, B0DN2N2MRK, B0DW4C1MD6, B0DP1J7B7T, B0DP1BXDM9, B0DP1HV4YV, B0DN2GXZ1S, B0DN28KMPD, B0DN26HXKT, B0DP1GMQGV, B0DP1MM44S, B0DN2WWH5M, B0DN2PMWL6, B0DN276FBG]",amzn1.campaign.Y5ZWSFIHTU9O,Mezete - Soup - B0DW4C1MD6 - Affiliate+ Campaign - PAR,mézete,2026-03-06,2026-12-30,10.00%,5000.0,4992.5,69,800,false
"[B09GPW4D2B, B09GPVX2F6, B09GPWVSQB, B09GPWLN5J]",amzn1.campaign.3BJKOAXTUOMAV,Daily Greens Made Simple: Goli Supergreens Gummies with Probiotics,Goli,2026-03-06,2027-03-06,10.00%,300000.0,299995.5,0,800,false
"[B0DLGBS7LR, B0DX7FX73Q, B0DLGCDPYH, B0F7YTT3BT, B0DNGQMG59, B0F7ZD3K72, B0DN32F8YL]",amzn1.campaign.5N6ZTI1C7X4V,Mezete - Sauce - B0DY1QJPSX - Affiliate+ Campaign - PAR,mézete,2026-03-06,2026-12-30,10.00%,5000.0,4945.68,63,800,false
"[B0DPJKLHSN, B0DNTCSDBN, B0DNGNWQ96, B0DPRCN6KF, B0DNRQZ7K7, B0DNRP6G71, B0CG29DYNH, B0DNTHXQC9, B0DPR8HK37, B0DP1GCFL8, B0DNTH1ZVK, B0DNGMD4Y6, B0DLGDWFDM, B0DNTCT4ZD, B0DNTVL4LT, B0DPJJM1HH, B0DNRQ78QD, B0DNTJ5MHB, B0DPJJJRW4, B0DNTHKP5Y]",amzn1.campaign.29S4MUVDMLWKH,Mezete - Hummus - B0DY31KS3P - Affiliate+ Campaign - PAR,mézete,2026-03-06,2026-12-30,10.00%,5000.0,4925.76,60,800,false
"[B0DL1FFHXQ, B0DQFZXWFD, B0DL12VXC4]",amzn1.campaign.A5HCIIRNYUHE,Guide Dots Art Class in a Box – Influencer Creator Opportunity,Guide Dots,2026-03-13,2026-09-13,10.00%,5000.0,4980.0,39,800,false
"[B0FNY9KFXY, B0FNYHX8CQ, B0FNTCS694]",amzn1.campaign.2SGZ6D3U9OFJK,AlphaHerb Creatine Monohydrate Performance Campaign,AlphaHerb,2026-03-06,2026-09-06,20.00%,5000.0,4789.14,0,800,false
[B0GF4JM7PB],amzn1.campaign.56PRKU3G7Q8F,"Zena Creatine Gummies: Creatine, D3, and K2 in One Daily Chew",Zena Nutrition,2026-03-06,2027-03-06,10.00%,300000.0,299992.16,78,800,false
"[B0GL4RRJGB, B0GBXY97TC, B0D2JKMTCZ, B0DZKCMGZN]",amzn1.campaign.CDI3MJ4S6W6Y,Noor Fes - Award Wining EVOO - B0FDY3ZXJX - Affiliate+ Campaign - PAR,NOOR FÈS,2026-03-06,2026-12-30,10.00%,5000.0,4861.48,68,800,false
"[B074PTF7PL, B0D3LY4BGV, B07HM7VXBK]",amzn1.campaign.1W11PHRQX7Y6,Vamoosh - Pet Hair Dissolver - B0FLLZZ7JK - Affiliate+ Campaign - PAR,Vamoosh,2026-03-06,2026-12-30,10.00%,5000.0,4566.31,24,800,false
"[B0CTZTNRHJ, B0FLLZWY6Y, B0CWPLY5ZF, B0FKVNMVCD, B0FKV5CBXQ]",amzn1.campaign.A79T3RI1ON34,Vamoosh - Washing Machine Cleaner - B0FLLZWY6Y - Affiliate+ Campaign - PAR,Vamoosh,2026-03-06,2026-12-30,10.00%,5000.0,4856.77,41,800,false
"[B0FLFCFWV6, B0DTQ22KMS]",amzn1.campaign.9I12NSE4Y4EU,Vamoosh - Toilet Cleaner - B0FLMH5N3T - Affiliate+ Campaign - PAR,Vamoosh,2026-03-06,2026-12-30,10.00%,5000.0,4998.5,46,800,false
"[B0FBVXXQKW, B0GFY5H3J8, B0FN6H77TC, B0GGD39YLB, B0FZX72524, B0FBV4MKBD, B0FBV75C1T]",amzn1.campaign.11EFZOYAJG2FB,TRTL Supplements,TRTL Supplements,2026-03-06,2026-12-31,20.00%,8000.0,7809.24,4,800,false
"[B0FLF8WSLL, B0BHHKD5W8, B0FMYVZ69X, B0FLF2C7FW]",amzn1.campaign.18GD4OKH8Q066,Vamoosh - Dishwasher Cleaner - B0CST2SL86 - Affiliate+ Campaign - PAR,Vamoosh,2026-03-06,2026-12-30,10.00%,5000.0,4996.6,43,800,false
[B0FRSX9GZ3],amzn1.campaign.1Q7F6P5DWFHMM,"The first Credit-Card sized energy Gel, made in Australia",Zeus Juice,2026-03-06,2027-01-19,15.00%,50000.0,50000.0,50,800,false
"[B0CXYBJN8C, B0FMB8M5WB, B0FMB6N931, B0CXY8686B, B0FMB9S19H, B0FMB81FLV, B0FM9XPRB4, B0FM9ZBDH2]",amzn1.campaign.3Q800U0XIY2LU,"Busy Day? Enjoy a Fresh, Hot Lunch Anywhere with UVI",UVI,2026-03-06,2027-03-06,18.00%,50000.0,50000.0,39,800,false
[B0FSSZC29T],amzn1.campaign.2TGLO232HAGE9,Meet Fritaire Fizze: The Cordless Soda Maker That Turns Any Drink Sparkling!,Fritaire,2026-03-06,2027-01-28,12.00%,50000.0,50000.0,44,800,false
"[B0CDY1MCDW, B0D2Y5KYBF, B0DKQLS9YY, B0DKQQ2C7Y, B0CDXZD4RM, B0D2Y7SG78, B0CDY28SGV, B0D2Y5W6NL, B0D2Y6SRKY, B0DKPYTCZ4, B0CDY1SDNB]",amzn1.campaign.2LERJCVA9LPQN,"#1 AIR FRYER - HIGH PAY",Fritaire,2026-03-06,2027-01-28,15.00%,50000.0,49970.0,0,800,false
"[B0B353RFTX, B0DSCFQNF6, B0BFJVKZ35, B072HYB7KW, B087QNGFNN, B0B3ZW89BR, B0B3ZVWXDK, B0BXBL6BNG, B078X1K2TS, B0BFJWP5YD, B0BXBNTNHZ, B0B4KVB1X1, B0BFJZDWR6, B0BFJXRH3M, B0D9Z5GB9J, B0768MMX5B]",amzn1.campaign.2TSWWIL2090UJ,Christian Flags,G128,2026-03-06,2027-03-06,10.00%,5000.0,4912.14,37,800,false
"[B09TBLWQX3, B09TBLFXST, B0CQD7DHP8, B0F6VZK6YB, B0FR7Y6H6N, B0BX7H56S3, B09TBLX4WH, B07Q5KXHGK, B09TBM9ZZJ, B07C2Q5GN9, B0BX7GMH1Q, B0CQD4FJB3, B09TBM5QK6, B0FR8SCW63, B0CQD48ZSZ, B0CW6Q3NLQ, B07DVPVXN7, B09TBKQDXY, B0CW72FF6F, B09TBMD5R9, B09TBL7GV1, B0C6FMNC3H, B0CQD635DV, B09TBLDM6B, B09TBMM6X5, B07RRDVQFL, B09TBLJDMH, B0CQD4TYMQ, B09TBMR128, B0BX7HLF6M, B0D328VBT4, B07C2JMD6K, B0CQD5BQWG, B0CNTTXP3M, B0D3247YKX, B0CNTRGLCS, B088WBPYQG, B0D3297SKH]",amzn1.campaign.33YIUKAI2AWJX,Fan Flags/Bunting,G128,2026-03-06,2027-03-06,10.00%,5000.0,4527.9,22,800,false
"[B0CJJZQ2LG, B0CJK1M91L, B0BXBNTNHY, B0CJJYKSML, B0CCW6NYFQ, B0CJJZG5V6, B09TLG3L7B, B09TLFDQ6F, B0CCW8SMGF, B0BX7GSPC3]",amzn1.campaign.1A7K0EIEU3EMD,Waving for Ukraine,G128,2026-03-06,2027-03-06,10.00%,5000.0,4970.0,39,800,false
"[B0FX34P5NZ, B0G1JQ9VHT]",amzn1.campaign.14HJ61INKEJE4,"Kreair Shoe Cleaning Wipes, Brand Awareness and Sales",Kreair,2026-03-06,2027-03-06,10.00%,100000.0,99974.72,15,800,false
"[B0F34BT4XZ, B0F31JG38Y, B0F31JDHHS]",amzn1.campaign.2RM8W2QF57LTN,9 Pack Magnetic Cable Clips Cord Organizer Can receive a commission of 26%,Aeebliay,2026-03-06,2027-03-06,26.00%,5000.0,4997.92,43,800,false
"[B0G1JNVFS9, B0FX34PKZ4, B0FLQND77D, B0G1JQFDWG, B0FLQR9DS1]",amzn1.campaign.2Z3TXYBDL67TM,"Kreair 3in1 Leather Wipes, Brand Awareness and Sales",Kreair,2026-03-06,2027-03-06,10.00%,100000.0,99677.37,2,800,false
"[B0F34BT4XZ, B0F31JG38Y, B0F31JDHHS]",amzn1.campaign.38O9XJV4V34CU,🔥🔥🔥 25% commission office desk cord management 🔥🔥🔥,Aeebliay,2026-03-06,2027-03-06,25.00%,5000.0,5000.0,59,800,false
"[B079G5F6CP, B088JRHM3F, B079GDH4QS, B088JVXKJX, B07C8GQ7MB, B079G4PR4Z, B079G6KPYZ, B079G66QVG, B00KIQO9LC, B088JVMXJ8]",amzn1.campaign.2LSPFZ22N4Q9P,Creator Favorite for Morning Content | 5 Sparrows Sugar-Free Creamer | 10%,5 SPARROWS BRAND STEVIA DRINK MIXES,2026-03-06,2027-03-05,10.00%,100000.0,100000.0,72,800,false
"[B0G32WGDLN, B0BKGZPNF6, B0BKH1KZ3M, B0BKH2PH11]",amzn1.campaign.1OXAHG3OSHE9P,"Relax Outside, No Bugs 🦟 KING Mosquito Coils (New Scent: Lavender) | Earn 15%",King,2026-03-06,2027-03-05,15.00%,100000.0,100000.0,61,800,false
"[B0F9Q1PKTC, B0FR3S6VCV]",amzn1.campaign.217U1UH9IE6D3,Viral Coffee Alert 🚨 100% Kona Coffee from Hawaii | Earn 25% Commission,Land of the Sea,2026-03-06,2027-03-05,25.00%,100000.0,100000.0,62,800,false
[B0DB1M1NN9],amzn1.campaign.1ADDUPWXWU8RF,Think Academy Learning Pad X100 for Kids Age 3-5,Think Academy,2026-03-06,2027-03-06,10.00%,5000.0,4890.25,8,800,false
[B00SWAHASA],amzn1.campaign.DNM66LAJ3SQA,B00SWAHASA - Campaign 1,Greener Chef,2026-03-06,2027-03-06,20.00%,5000.0,4961.14,37,800,false
[B0GJ6V3X6S],amzn1.campaign.3KV0ZILU3DR4A,FEBWAN Aromatherapy Diffuser,FEBWAN,2026-03-06,2026-09-30,10.00%,5000.0,4976.89,34,800,false
"[B0FRXKXK2Z, B0FNLKPW61, B0FRXH59ZV, B0FRXKD7L2, B0FRXLNMTB, B0FT3G4ZYF, B0FT37LQ82, B0FRXH8GKP, B0FRXFXZ8Z, B0FT3JXGYM, B0FNLP7XVS, B0FRXGB7PB, B0FRXKZ6SG, B0FT3JCR8Y, B0FT3GGVBK, B0FNLMVJKK, B0FNLNSDJD, B0FRXKWPN5, B0FNLN72MR, B0FRXL512T, B0FRXM1714, B0FRXKDDY9, B0FRXJ696L, B0FT376W3J, B0FRXQS9VK, B0FNLP8QDL, B0FRXKSLN8, B0FRXM1HK1, B0FRXHM9VB, B0FRXKF5GC, B0FRXNLFZD, B0FT3BV1TW, B0FT38GK8T, B0FT39G3R6]",amzn1.campaign.1TNPYOM4J4YR8,16% commission-Earn High Commissions with Apple Watch Bands!​,Crown Mountain,2026-03-06,2027-02-13,16.00%,1000000.0,999929.3,10,800,false
"[B0BB4MRT7Z, B0BB4SZV6T, B0BB84LW3W, B00JIV463E, B0053V5HYU, B0BDMMYJD2, B0CK3GHJF5, B0CK3MNC7R, B0BDMNR9CG, B072N417Z7, B0CK3MNFG6, B0BDXJ9PXJ, B0BDS9Y1G4, B0BDMLHYFY, B01MSUW9LG, B0BDXLPQVX, B0BB49NS8P, B01N1VB0RS, B01N0TTKYJ, B0BDYKH4C3, B0BDSDVPN8, B0BDXKXHPB, B0BB4KFGPM, B072N418ZD, B0CK3G548Q, B0BB4YSTR7, B01N7L66ZD, B00AYR92H6, B0BDXM5JD8, B0BDXJ77V8, B0711BL2LY, B0CK3MSGJN, B0BB584Z9T, B00AX3UDQ0, B0BB8874NS, B0BB51NYZN, B071YT1BWT, B0BDXM6FYH, B0CK3JQVVK, B0BB4Y7D2Z, B0BDXJY4Y9, B0CK3JR51D, B0BDXH8GS7, B0BDMNXJ8J, B00BIGFC2Q, B0BDMJ34DV, B0CK38CTTV, B01MU3LZSH, B0BB52VBMM, B01N6JTI3O, B01N4GYMEU, B0CK3JPST5, B01MZ2QPOZ, B0CK3JPST6, B071GPQ3K5, B0BDMLNQ6N, B0BB4XWRLP, B0BB55VR8W, B071VCNFJ3, B0722PC79F, B0BDXK7CVG, B0CK3CFLC5, B0BDVTJY78, B0BDXMH8DV, B0BDSBSRMR, B0BDXNL7D1, B0BDXH48PK, B0BDTZPHMF, B0BDXL7445, B0BDS9VFV8, B0721NV4VN, B0BDTNNGG5, B0BB4MFWZ2, B0BDXJVD8N, B071DTW1J5, B0053V5HUE, B0716J6S82, B0CK3GLF9Z, B0BB4VYFWL, B01N5IDT7M, B0BB4YTTTL, B072F2BJ2G, B01N5IDT7L, B0CK3JXFH6, B0BDXLNHX1, B0BDSB8QZZ, B0CK3P5R97, B0CK3K5FT8, B0CK3KVS2Z, B0BDSF2X35, B0BDSCFMMQ, B0053V5I76, B0BB85ZDFK, B01MZ2QQTE, B0BDTP5P7N, B0BB4JC3BC, B00ATRW7ZA, B00G3OYI32, B0053V5IGM, B0CK3GD1KZ, B0BDXJXBF9, B0BDYCC5JF, B0BDXMNQW3, B0BB4WZZF1, B0BDXK6398, B0CK3JYK4X, B0BDXL59RK, B0BDSBHLRD, B01N9DC80S, B0CK359J5K, B0CK3JT4X5, B0BB4SWZT2, B0BDV3L8DM, B071X7RTMB, B0BDXM1W52, B0727VTX4R, B0BB45WW87, B0BDSGD6WX, B071K9QJ97, B0BDXLQBQK, B0CK3JWGTG, B0BDMR36M6, B0BDXK8W13, B0CK3K3HMD, B0BB4R49GN, B0053UJSFK, B0CK3K8F9T, B0BDXHP25R, B0BDMGV8PR, B0BDXHP25Q, B0BB47KX1C, B01MY17E9V, B0BDXLSL68, B0BDXM58CZ, B0CK3LZLYG, B071RS35WQ, B0BDSHLJ61, B072R1NSS3, B072HMWWT8, B0BDVSH4DN, B0BDSH8J8D, B0BDMMCWSZ, B0BB4KMCKL, B0BDXJ8TM1, B01NGYVP8O, B0BDXJL545, B0BDS9ZF73, B0BDMVT3X7, B0BB4X2FN6, B0CK32CQ3J, B071NLZW9G, B01MZ2QQ4T, B0CK3V24LP, B0CK3V24LQ, B0BDXT1T6B, B0BDSN5HT1, B0BDXLG76X, B0BDXKRX37, B0BDSDBDZ6, B0BDXLWDQR, B0BDMM7WNZ, B0053V5HPO, B0BDSMW9CB, B0BDML7451, B0722PC5QR, B0BDXFPGW5, B00AYR94MY, B0CK352VKQ, B0BDXG2JYX, B0BDSJZJ9L, B07193M1D2]",amzn1.campaign.2OXYQ93YQZKP9,Plant-based fibers that cling to existing hair - Caboki,Caboki,2026-03-06,2026-09-30,15.00%,20000.0,19983.63,23,800,false
"[B0F4Q8QGQW, B0DWGHCV6C, B0DJHD5QWR, B0DJHD7DDL, B0DJHDSTSB, B0F4Q84KHS, B0F4Q6SL71, B0DL4F2RSH, B0F4Q7SSP5, B0DL4GLKRL, B0F4Q5LHNK]",amzn1.campaign.1029I1KGI69AX,DusterShield Mats | Premium | All-Weather Custom Fit Car Floor Mats | $10k | 30%,DusterShield,2026-03-15,2026-11-15,30.00%,10000.0,10000.0,20,800,false
"[B0F4Q8QGQW, B0DWGHCV6C, B0DJHD5QWR, B0DJHD7DDL, B0DJHDSTSB, B0F4Q84KHS, B0F4Q6SL71, B0DL4F2RSH, B0F4Q7SSP5, B0DL4GLKRL, B0F4Q5LHNK]",amzn1.campaign.21WRAOVMX48S7,DusterShield Mats | Premium | All-Weather Custom Fit Car Floor Mats | $10k | 30%,DusterShield,2026-03-14,2026-11-15,30.00%,10000.0,10000.0,43,800,false
"[B0F4Q8QGQW, B0DWGHCV6C, B0DJHD5QWR, B0DJHD7DDL, B0DJHDSTSB, B0F4Q84KHS, B0F4Q6SL71, B0DL4F2RSH, B0F4Q7SSP5, B0DL4GLKRL, B0F4Q5LHNK]",amzn1.campaign.3SVYZJEU5WUGG,DusterShield Mats | Premium | All-Weather Custom Fit Car Floor Mats | $10k | 30%,DusterShield,2026-03-13,2026-11-15,30.00%,10000.0,10000.0,51,800,false
"[B0F4Q8QGQW, B0DWGHCV6C, B0DJHD5QWR, B0DJHD7DDL, B0DJHDSTSB, B0F4Q84KHS, B0F4Q6SL71, B0DL4F2RSH, B0F4Q7SSP5, B0DL4GLKRL, B0F4Q5LHNK]",amzn1.campaign.GU0DWZ763HTC,DusterShield Mats | Premium | All-Weather Custom Fit Car Floor Mats | $10k | 30%,DusterShield,2026-03-12,2026-11-15,30.00%,10000.0,10000.0,53,800,false
"[B0F4Q8QGQW, B0DWGHCV6C, B0DJHD5QWR, B0DJHD7DDL, B0DJHDSTSB, B0F4Q84KHS, B0F4Q6SL71, B0DL4F2RSH, B0F4Q7SSP5, B0DL4GLKRL, B0F4Q5LHNK]",amzn1.campaign.11CYMIAE1KW68,DusterShield Mats | Premium | All-Weather Custom Fit Car Floor Mats | $10k | 30%,DusterShield,2026-03-11,2026-11-15,30.00%,10000.0,10000.0,40,800,false
"[B0F4Q8QGQW, B0DWGHCV6C, B0DJHD5QWR, B0DJHD7DDL, B0DJHDSTSB, B0F4Q84KHS, B0F4Q6SL71, B0DL4F2RSH, B0F4Q7SSP5, B0DL4GLKRL, B0F4Q5LHNK]",amzn1.campaign.2MGBIFM0TUS8J,DusterShield Mats | Premium | All-Weather Custom Fit Car Floor Mats | $10k | 30%,DusterShield,2026-03-10,2026-11-15,30.00%,10000.0,10000.0,48,800,false
"[B0F4Q8QGQW, B0DWGHCV6C, B0DJHD5QWR, B0DJHD7DDL, B0DJHDSTSB, B0F4Q84KHS, B0F4Q6SL71, B0DL4F2RSH, B0F4Q7SSP5, B0DL4GLKRL, B0F4Q5LHNK]",amzn1.campaign.K14P7HSATFDZ,DusterShield Mats | Premium | All-Weather Custom Fit Car Floor Mats | $10k | 30%,DusterShield,2026-03-09,2026-11-15,30.00%,10000.0,10000.0,55,800,false
"[B0F4Q8QGQW, B0DWGHCV6C, B0DJHD5QWR, B0DJHD7DDL, B0DJHDSTSB, B0F4Q84KHS, B0F4Q6SL71, B0DL4F2RSH, B0F4Q7SSP5, B0DL4GLKRL, B0F4Q5LHNK]",amzn1.campaign.SG5QI18WJQT8,DusterShield Mats | Premium | All-Weather Custom Fit Car Floor Mats | $10k | 30%,DusterShield,2026-03-08,2026-11-15,30.00%,10000.0,10000.0,56,800,false
"[B0F4Q8QGQW, B0DWGHCV6C, B0DJHD5QWR, B0DJHD7DDL, B0DJHDSTSB, B0F4Q84KHS, B0F4Q6SL71, B0DL4F2RSH, B0F4Q7SSP5, B0DL4GLKRL, B0F4Q5LHNK]",amzn1.campaign.1615HCHOY1HG9,DusterShield Mats | Premium | All-Weather Custom Fit Car Floor Mats | $10k | 30%,DusterShield,2026-03-07,2026-11-15,30.00%,10000.0,10000.0,45,800,false
"[B0F4Q8QGQW, B0DWGHCV6C, B0DJHD5QWR, B0DJHD7DDL, B0DJHDSTSB, B0F4Q84KHS, B0F4Q6SL71, B0DL4F2RSH, B0F4Q7SSP5, B0DL4GLKRL, B0F4Q5LHNK]",amzn1.campaign.RUXDU1VCAZQU,DusterShield Mats | Premium | All-Weather Custom Fit Car Floor Mats | $10k | 30%,DusterShield,2026-03-06,2026-11-15,30.00%,10000.0,10000.0,56,800,false
"[B0FQKJPHF7, B0FQG21SCC, B0FQG5DK98, B0FQG3TS1P]",amzn1.campaign.18BNQZXN8U2BW,Freshpack Ethylene-Absorbing Zipper Bags — 31% Commission • Free Sample,247 Freshpack,2026-03-14,2026-11-30,31.00%,50000.0,49884.77,0,800,false
"[B0FQKJPHF7, B0FQG21SCC, B0FQG5DK98, B0FQG3TS1P]",amzn1.campaign.11ZB3969CEL4N,Freshpack Ethylene-Absorbing Zipper Bags — 31% Commission • Free Sample,247 Freshpack,2026-03-12,2026-11-30,31.00%,50000.0,49952.38,0,800,false
"[B0FQKJPHF7, B0FQG21SCC, B0FQG5DK98, B0FQG3TS1P]",amzn1.campaign.1HQ6O1Y6QWZFR,Freshpack Ethylene-Absorbing Zipper Bags — 31% Commission • Free Sample,247 Freshpack,2026-03-11,2026-11-30,31.00%,50000.0,49991.63,0,800,false
"[B0FQKJPHF7, B0FQG21SCC, B0FQG5DK98, B0FQG3TS1P]",amzn1.campaign.1K84J3YBNAH2R,Freshpack Ethylene-Absorbing Zipper Bags — 31% Commission • Free Sample,247 Freshpack,2026-03-10,2026-11-30,31.00%,50000.0,50000.0,0,800,false
"[B0FQKJPHF7, B0FQG21SCC, B0FQG5DK98, B0FQG3TS1P]",amzn1.campaign.8T7PZ9CGS3BU,Freshpack Ethylene-Absorbing Zipper Bags — 31% Commission • Free Sample,247 Freshpack,2026-03-09,2026-11-30,31.00%,50000.0,50000.0,9,800,false
"[B0FQKJPHF7, B0FQG21SCC, B0FQG5DK98, B0FQG3TS1P]",amzn1.campaign.3VG4N6QKIBD2G,Freshpack Ethylene-Absorbing Zipper Bags — 31% Commission • Free Sample,247 Freshpack,2026-03-08,2026-11-30,31.00%,50000.0,50000.0,9,800,false
"[B0FQKJPHF7, B0FQG21SCC, B0FQG5DK98, B0FQG3TS1P]",amzn1.campaign.1QXUVVF4Q0FC1,Freshpack Ethylene-Absorbing Zipper Bags — 31% Commission • Free Sample,247 Freshpack,2026-03-07,2026-11-30,31.00%,50000.0,50000.0,0,800,false
[B0DWXMZ99Z],amzn1.campaign.2C9ZWOLN67HRW,WONDER FAMILY Berberine – Free Sample + 20% Commission (UGC Campaign),WONDER FAMILY,2026-03-15,2027-02-01,31.00%,50000.0,50000.0,19,800,false
[B0DWXMZ99Z],amzn1.campaign.YJL4P8JYKMXF,WONDER FAMILY Berberine – Free Sample + 20% Commission (UGC Campaign),WONDER FAMILY,2026-03-14,2027-02-01,31.00%,50000.0,50000.0,41,800,false
[B0DWXMZ99Z],amzn1.campaign.1AQMCMGSUO29Q,WONDER FAMILY Berberine – Free Sample + 20% Commission (UGC Campaign),WONDER FAMILY,2026-03-13,2027-02-01,31.00%,50000.0,50000.0,16,800,false
[B0DWXMZ99Z],amzn1.campaign.25NL0U0G8KC95,WONDER FAMILY Berberine – Free Sample + 20% Commission (UGC Campaign),WONDER FAMILY,2026-03-12,2027-02-01,31.00%,50000.0,50000.0,35,800,false
[B0DWXMZ99Z],amzn1.campaign.2QV6NC96H4CVJ,WONDER FAMILY Berberine – Free Sample + 20% Commission (UGC Campaign),WONDER FAMILY,2026-03-11,2027-02-01,31.00%,50000.0,50000.0,34,800,false
[B0DWXMZ99Z],amzn1.campaign.2BYELEKARE98,WONDER FAMILY Berberine – Free Sample + 20% Commission (UGC Campaign),WONDER FAMILY,2026-03-10,2027-02-01,31.00%,50000.0,50000.0,38,800,false
[B0DWXMZ99Z],amzn1.campaign.3M4NHEGWXRU36,WONDER FAMILY Berberine – Free Sample + 20% Commission (UGC Campaign),WONDER FAMILY,2026-03-09,2027-02-01,31.00%,50000.0,50000.0,42,800,false
[B0DWXMZ99Z],amzn1.campaign.5FKNUTCSPTHV,WONDER FAMILY Berberine – Free Sample + 20% Commission (UGC Campaign),WONDER FAMILY,2026-03-08,2027-02-01,31.00%,50000.0,50000.0,46,800,false
[B0DWXMZ99Z],amzn1.campaign.1UCCM3FCR9ANW,WONDER FAMILY Berberine – Free Sample + 20% Commission (UGC Campaign),WONDER FAMILY,2026-03-07,2027-02-01,31.00%,50000.0,50000.0,34,800,false
[B0DWXMZ99Z],amzn1.campaign.3I5GTBEL3S2NH,WONDER FAMILY Berberine – Free Sample + 20% Commission (UGC Campaign),WONDER FAMILY,2026-03-06,2027-02-01,31.00%,50000.0,49932.73,41,800,false
[B0DVRRHVVW],amzn1.campaign.1OSZZBV3Z4TXQ,WONDER FAMILY Ear Wax Removal Kit — 31% Commission • Free Sample,WONDER FAMILY,2026-03-15,2026-12-14,31.00%,50000.0,50000.0,0,800,false
[B0DVRRHVVW],amzn1.campaign.3EHJB9830AB2B,WONDER FAMILY Ear Wax Removal Kit — 31% Commission • Free Sample,WONDER FAMILY,2026-03-14,2026-12-14,31.00%,50000.0,50000.0,11,800,false
[B0DVRRHVVW],amzn1.campaign.2TUA79GDS08B2,WONDER FAMILY Ear Wax Removal Kit — 31% Commission • Free Sample,WONDER FAMILY,2026-03-13,2026-12-14,31.00%,50000.0,50000.0,9,800,false
[B0DVRRHVVW],amzn1.campaign.3KWFM8O1NJHI2,WONDER FAMILY Ear Wax Removal Kit — 31% Commission • Free Sample,WONDER FAMILY,2026-03-12,2026-12-14,31.00%,50000.0,50000.0,19,800,false
[B0DVRRHVVW],amzn1.campaign.XUQZ50IYL2IR,WONDER FAMILY Ear Wax Removal Kit — 31% Commission • Free Sample,WONDER FAMILY,2026-03-11,2026-12-14,31.00%,50000.0,50000.0,30,800,false
[B0DVRRHVVW],amzn1.campaign.1DN1FUGX79ZFQ,WONDER FAMILY Ear Wax Removal Kit — 31% Commission • Free Sample,WONDER FAMILY,2026-03-10,2026-12-14,31.00%,50000.0,49986.27,0,800,false
[B0DVRRHVVW],amzn1.campaign.2O507D6NHKFC3,WONDER FAMILY Ear Wax Removal Kit — 31% Commission • Free Sample,WONDER FAMILY,2026-03-09,2026-12-14,31.00%,50000.0,50000.0,17,800,false
[B0DVRRHVVW],amzn1.campaign.1WWGVF1MSSOOF,WONDER FAMILY Ear Wax Removal Kit — 31% Commission • Free Sample,WONDER FAMILY,2026-03-08,2026-12-14,31.00%,50000.0,50000.0,18,800,false
[B0DVRRHVVW],amzn1.campaign.5ON8ZCCFWL0R,WONDER FAMILY Ear Wax Removal Kit — 31% Commission • Free Sample,WONDER FAMILY,2026-03-07,2026-12-14,31.00%,50000.0,50000.0,27,800,false
[B0DVRRHVVW],amzn1.campaign.1YM9NM0YWS8D,WONDER FAMILY Ear Wax Removal Kit — 31% Commission • Free Sample,WONDER FAMILY,2026-03-06,2026-12-14,31.00%,50000.0,49921.03,7,800,false
[B0GKB2NTRV],amzn1.campaign.1E3YED7G066WA,WONDER FAMILY Lash Shampoo Kit — 31% Commission • Free Sample,WONDER FAMILY,2026-03-15,2027-03-02,31.00%,50000.0,50000.0,17,800,false
[B0GKB2NTRV],amzn1.campaign.SXMJFEEVK5CI,WONDER FAMILY Lash Shampoo Kit — 31% Commission • Free Sample,WONDER FAMILY,2026-03-14,2027-03-02,31.00%,50000.0,50000.0,43,800,false
[B0GKB2NTRV],amzn1.campaign.3JSL1L6CLW1A2,WONDER FAMILY Lash Shampoo Kit — 31% Commission • Free Sample,WONDER FAMILY,2026-03-13,2027-03-02,31.00%,50000.0,50000.0,38,800,false
[B0GKB2NTRV],amzn1.campaign.OZPXFRGE9ZF1,WONDER FAMILY Lash Shampoo Kit — 31% Commission • Free Sample,WONDER FAMILY,2026-03-12,2027-03-02,31.00%,50000.0,50000.0,44,800,false
[B0GKB2NTRV],amzn1.campaign.3FTVZMX8VUHDG,WONDER FAMILY Lash Shampoo Kit — 31% Commission • Free Sample,WONDER FAMILY,2026-03-11,2027-03-02,31.00%,50000.0,50000.0,38,800,false
[B0GKB2NTRV],amzn1.campaign.84EW0AAMY3XP,WONDER FAMILY Lash Shampoo Kit — 31% Commission • Free Sample,WONDER FAMILY,2026-03-10,2027-03-02,31.00%,50000.0,50000.0,45,800,false
[B0GKB2NTRV],amzn1.campaign.2B7ZLYKIGNX25,WONDER FAMILY Lash Shampoo Kit — 31% Commission • Free Sample,WONDER FAMILY,2026-03-09,2027-03-02,31.00%,50000.0,50000.0,37,800,false
[B0GKB2NTRV],amzn1.campaign.20JAREKIF69WG,WONDER FAMILY Lash Shampoo Kit — 31% Commission • Free Sample,WONDER FAMILY,2026-03-08,2027-03-02,31.00%,50000.0,50000.0,35,800,false
[B0GKB2NTRV],amzn1.campaign.189DDFK24SUL6,WONDER FAMILY Lash Shampoo Kit — 31% Commission • Free Sample,WONDER FAMILY,2026-03-07,2027-03-02,31.00%,50000.0,50000.0,29,800,false
[B0GKB2NTRV],amzn1.campaign.ZMQ3MTVDIEWP,WONDER FAMILY Lash Shampoo Kit — 31% Commission • Free Sample,WONDER FAMILY,2026-03-06,2027-03-02,31.00%,50000.0,49973.22,39,800,false
"[B0BX776MCZ, B0D45QYWB5, B09Q98ZC2S, B0BX76WFYF, B0D45WF3F6, B0BX76STHC, B0FBXDS29T, B0FBXBFMD8, B0D45WV819, B0BRLDDRFP, B0FBXDMB7W, B0CBDBRSCN, B0FBXF1Z7M, B0BX78FNB2, B0BX78TSNT, B0BX764317, B0BH6XNWJJ, B0D45VJ586, B0D45XYJ3F, B0FBXDDNCN, B0FBXFD22P, B0FBXKMRG9, B0C76B5M1J, B0FC1FN59W, B085CMXR3V, B0FBY2T8ZX, B0FBY66JKN, B0BX79VXNH]",amzn1.campaign.AFDBD0T0TV0F,Catalog - Campaign 14,Greener Chef,2026-03-06,2027-03-06,20.00%,5000.0,4951.0,0,800,false
[B0G1995F6J],amzn1.campaign.1890DXCA42J31,WONDER FAMILY Magnesium Oil Spray — 31% Commission • Free Sample,WONDER FAMILY,2026-03-15,2026-12-23,31.00%,50000.0,49997.52,8,800,false
[B0G1995F6J],amzn1.campaign.2VPV1P47F039,WONDER FAMILY Magnesium Oil Spray — 31% Commission • Free Sample,WONDER FAMILY,2026-03-14,2026-12-23,31.00%,50000.0,50000.0,25,800,false
[B0G1995F6J],amzn1.campaign.3C1Z17Y4M94SY,WONDER FAMILY Magnesium Oil Spray — 31% Commission • Free Sample,WONDER FAMILY,2026-03-13,2026-12-23,31.00%,50000.0,50000.0,30,800,false
[B0G1995F6J],amzn1.campaign.3CYBG49MIIPQG,WONDER FAMILY Magnesium Oil Spray — 31% Commission • Free Sample,WONDER FAMILY,2026-03-12,2026-12-23,31.00%,50000.0,50000.0,32,800,false
[B0G1995F6J],amzn1.campaign.30JMF0Q91YZAG,WONDER FAMILY Magnesium Oil Spray — 31% Commission • Free Sample,WONDER FAMILY,2026-03-11,2026-12-23,31.00%,50000.0,50000.0,33,800,false
[B0G1995F6J],amzn1.campaign.1A1MJZCQ607NE,WONDER FAMILY Magnesium Oil Spray — 31% Commission • Free Sample,WONDER FAMILY,2026-03-11,2026-12-23,31.00%,50000.0,49996.9,29,800,false
[B0G1995F6J],amzn1.campaign.2DK6IDWW5OVPK,WONDER FAMILY Magnesium Oil Spray — 31% Commission • Free Sample,WONDER FAMILY,2026-03-10,2026-12-23,31.00%,50000.0,49996.9,29,800,false
"[B0BX776MCZ, B0BX78TSNT, B0BNP2C86X, B07VD9ZKK3, B0BX764317, B094F6X29Y, B09Q98ZC2S, B0BX76WFYF, B0BX76STHC, B00MW8NBW2, B0949NW75G, B07S3Z6DZH, B0BX79VXNH]",amzn1.campaign.YCU4AV5ODSY3,B0F1XB9C8B - Campaign 14,Greener Chef,2026-03-06,2027-03-06,20.00%,5000.0,4985.8,20,800,false
[B0G1995F6J],amzn1.campaign.1VCNRO322SSWB,WONDER FAMILY Magnesium Oil Spray — 31% Commission • Free Sample,WONDER FAMILY,2026-03-09,2026-12-23,31.00%,50000.0,50000.0,35,800,false
[B0G1995F6J],amzn1.campaign.3U4BA1GL2ENUO,WONDER FAMILY Magnesium Oil Spray — 31% Commission • Free Sample,WONDER FAMILY,2026-03-08,2026-12-23,31.00%,50000.0,50000.0,42,800,false
[B0G1995F6J],amzn1.campaign.AILXCJYP51L5,WONDER FAMILY Magnesium Oil Spray — 31% Commission • Free Sample,WONDER FAMILY,2026-03-07,2026-12-23,31.00%,50000.0,50000.0,42,800,false
[B0FRHHR892],amzn1.campaign.1ICBHUM3VRGMK,Aromasong Aloe Vera Gel – Daily Natural Skin Care,Aromasong,2026-03-16,2027-03-10,15.00%,1000000.0,1000000.0,48,800,false
[B0G1995F6J],amzn1.campaign.3O60LAXAKNDL7,WONDER FAMILY Magnesium Oil Spray — 31% Commission • Free Sample,WONDER FAMILY,2026-03-06,2026-12-23,31.00%,50000.0,49876.48,35,800,false
"[B0BX776MCZ, B07VD9ZKK3, B0D45QYWB5, B09Q98ZC2S, B0BX76WFYF, B0D45WF3F6, B0BX76STHC, B0FBXDS29T, B0FBXBFMD8, B0D45WV819, B00MW8NBW2, B0BRLDDRFP, B0949NW75G, B0FBXDMB7W, B0FBXF1Z7M, B0BX78FNB2, B0BX78TSNT, B0BX764317, B094F6X29Y, B0D45VJ586, B0D45XYJ3F, B0FBXDDNCN, B0FBXFD22P, B07S3Z6DZH, B0FBXKMRG9, B0FC1FN59W, B085CMXR3V, B0FBY2T8ZX, B0FBY66JKN, B0BX79VXNH]",amzn1.campaign.1LX9U5OSH2WKM,B0C1PZX9F9 - Campaign 14,Greener Chef,2026-03-06,2027-03-06,20.00%,5000.0,4114.56,0,800,false
[B0FRHHR892],amzn1.campaign.1M2PX1CLYS9TQ,Aromasong Pure Aloe Gel – Skin & Hair Wellness Essential,Aromasong,2026-03-15,2027-03-10,15.00%,1000000.0,1000000.0,56,800,false
[B0FRHHR892],amzn1.campaign.1F01CIGBK7VQ,Aromasong Aloe Vera Gel – Lightweight Hydration Care,Aromasong,2026-03-14,2027-03-10,15.00%,1000000.0,1000000.0,56,800,false
[B0FRHHR892],amzn1.campaign.13KU3HI3KY79I,Aromasong Aloe Vera Gel – Soothing Skin & Hair Treatment,Aromasong,2026-03-13,2027-03-10,15.00%,1000000.0,1000000.0,51,800,false
"[B0DSLMQ63Z, B0DSLLWQB7]",amzn1.campaign.2ZXUX1U1AF7SF,WONDER FAMILY LED Cordless Table Lamp — 25% Comission • Free Sample (Black/Gold),WONDER FAMILY,2026-03-15,2026-12-14,25.00%,50000.0,50000.0,22,800,false
"[B0DSLMQ63Z, B0DSLLWQB7]",amzn1.campaign.26CXQMPNA3OYZ,WONDER FAMILY LED Cordless Table Lamp — 25% Comission • Free Sample (Black/Gold),WONDER FAMILY,2026-03-14,2026-12-14,25.00%,50000.0,50000.0,22,800,false
"[B0DSLMQ63Z, B0DSLLWQB7]",amzn1.campaign.JD58ZQWH5TQD,WONDER FAMILY LED Cordless Table Lamp — 25% Comission • Free Sample (Black/Gold),WONDER FAMILY,2026-03-13,2026-12-14,25.00%,50000.0,50000.0,47,800,false
"[B0DSLMQ63Z, B0DSLLWQB7]",amzn1.campaign.FOPWZEGRKY9C,WONDER FAMILY LED Cordless Table Lamp — 25% Comission • Free Sample (Black/Gold),WONDER FAMILY,2026-03-12,2026-12-14,25.00%,50000.0,50000.0,47,800,false
"[B0DSLMQ63Z, B0DSLLWQB7]",amzn1.campaign.3M9IQTS358QWS,WONDER FAMILY LED Cordless Table Lamp — 25% Comission • Free Sample (Black/Gold),WONDER FAMILY,2026-03-11,2026-12-14,25.00%,50000.0,50000.0,47,800,false
"[B0DSLMQ63Z, B0DSLLWQB7]",amzn1.campaign.I8LIHL47W6Z0,WONDER FAMILY LED Cordless Table Lamp — 25% Comission • Free Sample (Black/Gold),WONDER FAMILY,2026-03-10,2026-12-14,25.00%,50000.0,50000.0,50,800,false
"[B0DSLMQ63Z, B0DSLLWQB7]",amzn1.campaign.97D8QY95CJDY,WONDER FAMILY LED Cordless Table Lamp — 25% Comission • Free Sample (Black/Gold),WONDER FAMILY,2026-03-09,2026-12-14,25.00%,50000.0,50000.0,50,800,false
"[B0DSLMQ63Z, B0DSLLWQB7]",amzn1.campaign.9V11BJ9SAOT5,WONDER FAMILY LED Cordless Table Lamp — 25% Comission • Free Sample (Black/Gold),WONDER FAMILY,2026-03-08,2026-12-14,25.00%,50000.0,50000.0,50,800,false
"[B0DSLMQ63Z, B0DSLLWQB7]",amzn1.campaign.2ZN72WTXZTAG0,WONDER FAMILY LED Cordless Table Lamp — 25% Comission • Free Sample (Black/Gold),WONDER FAMILY,2026-03-07,2026-12-14,25.00%,50000.0,50000.0,42,800,false
"[B0DSLMQ63Z, B0DSLLWQB7]",amzn1.campaign.HG2RZ557L8KL,WONDER FAMILY LED Cordless Table Lamp — 25% Comission • Free Sample (Black/Gold),WONDER FAMILY,2026-03-06,2026-12-14,25.00%,50000.0,49966.38,48,800,false
"[B0D26DXT5H, B0CGRXK1B1]",amzn1.campaign.2AVVUSYGPR7B8,WONDER FAMILY Shower Steamers — 31% Commission • Free Sample (2 Scents),WONDER FAMILY,2026-03-15,2026-12-14,31.00%,50000.0,50000.0,0,800,false
"[B0D26DXT5H, B0CGRXK1B1]",amzn1.campaign.O4IAF8QHCD7D,WONDER FAMILY Shower Steamers — 31% Commission • Free Sample (2 Scents),WONDER FAMILY,2026-03-14,2026-12-14,31.00%,50000.0,50000.0,24,800,false
"[B0D26DXT5H, B0CGRXK1B1]",amzn1.campaign.OXESPLMCICT1,WONDER FAMILY Shower Steamers — 31% Commission • Free Sample (2 Scents),WONDER FAMILY,2026-03-13,2026-12-14,31.00%,50000.0,50000.0,26,800,false
"[B0D26DXT5H, B0CGRXK1B1]",amzn1.campaign.2D7TPZJB7FC6D,WONDER FAMILY Shower Steamers — 31% Commission • Free Sample (2 Scents),WONDER FAMILY,2026-03-12,2026-12-14,31.00%,50000.0,50000.0,15,800,false
"[B0D26DXT5H, B0CGRXK1B1]",amzn1.campaign.1DZ27N0VNHF7B,WONDER FAMILY Shower Steamers — 31% Commission • Free Sample (2 Scents),WONDER FAMILY,2026-03-11,2026-12-14,31.00%,50000.0,50000.0,0,800,false
"[B0D26DXT5H, B0CGRXK1B1]",amzn1.campaign.1JN3KMHLP9ESG,WONDER FAMILY Shower Steamers — 31% Commission • Free Sample (2 Scents),WONDER FAMILY,2026-03-10,2026-12-14,31.00%,50000.0,50000.0,16,800,false
"[B0D26DXT5H, B0CGRXK1B1]",amzn1.campaign.35MAJTU4DP6R2,WONDER FAMILY Shower Steamers — 31% Commission • Free Sample (2 Scents),WONDER FAMILY,2026-03-09,2026-12-14,31.00%,50000.0,50000.0,17,800,false
"[B0D26DXT5H, B0CGRXK1B1]",amzn1.campaign.3L0LTHV1ZQHJS,WONDER FAMILY Shower Steamers — 31% Commission • Free Sample (2 Scents),WONDER FAMILY,2026-03-08,2026-12-14,31.00%,50000.0,50000.0,22,800,false
"[B0D26DXT5H, B0CGRXK1B1]",amzn1.campaign.F4ZU22ZNIZDZ,WONDER FAMILY Shower Steamers — 31% Commission • Free Sample (2 Scents),WONDER FAMILY,2026-03-07,2026-12-14,31.00%,50000.0,50000.0,25,800,false
"[B0D26DXT5H, B0CGRXK1B1]",amzn1.campaign.1GJWQUGVZRIE6,WONDER FAMILY Shower Steamers — 31% Commission • Free Sample (2 Scents),WONDER FAMILY,2026-03-06,2026-12-14,31.00%,50000.0,49991.26,11,800,false
"[B0CKS11HJP, B0D2LJWBDR, B0DKJR5HX7, B0CKS1GVPG, B0CKS1P7C7]",amzn1.campaign.32G33EC6LN21G,WONDER FAMILY 100% Mulberry Silk Bonnet — 31% • Free Sample (Multiple Colors),WONDER FAMILY,2026-03-15,2026-12-14,31.00%,50000.0,50000.0,0,800,false
"[B0CKS11HJP, B0D2LJWBDR, B0DKJR5HX7, B0CKS1GVPG, B0CKS1P7C7]",amzn1.campaign.2IYH8ITS47W27,WONDER FAMILY 100% Mulberry Silk Bonnet — 31% • Free Sample (Multiple Colors),WONDER FAMILY,2026-03-14,2026-12-14,31.00%,50000.0,50000.0,16,800,false
"[B0CKS11HJP, B0D2LJWBDR, B0DKJR5HX7, B0CKS1GVPG, B0CKS1P7C7]",amzn1.campaign.3QMZF7FCM4OMJ,WONDER FAMILY 100% Mulberry Silk Bonnet — 31% • Free Sample (Multiple Colors),WONDER FAMILY,2026-03-13,2026-12-14,31.00%,50000.0,50000.0,23,800,false
"[B0CKS11HJP, B0D2LJWBDR, B0DKJR5HX7, B0CKS1GVPG, B0CKS1P7C7]",amzn1.campaign.1VA1XQ100RHV6,WONDER FAMILY 100% Mulberry Silk Bonnet — 31% • Free Sample (Multiple Colors),WONDER FAMILY,2026-03-12,2026-12-14,31.00%,50000.0,50000.0,20,800,false
"[B0CKS11HJP, B0D2LJWBDR, B0DKJR5HX7, B0CKS1GVPG, B0CKS1P7C7]",amzn1.campaign.32M9266J91M8O,WONDER FAMILY 100% Mulberry Silk Bonnet — 31% • Free Sample (Multiple Colors),WONDER FAMILY,2026-03-11,2026-12-14,31.00%,50000.0,50000.0,14,800,false
"[B0CKS11HJP, B0D2LJWBDR, B0DKJR5HX7, B0CKS1GVPG, B0CKS1P7C7]",amzn1.campaign.197BOEVN3ZRRH,WONDER FAMILY 100% Mulberry Silk Bonnet — 31% • Free Sample (Multiple Colors),WONDER FAMILY,2026-03-10,2026-12-14,31.00%,50000.0,50000.0,10,800,false
"[B0CKS11HJP, B0D2LJWBDR, B0DKJR5HX7, B0CKS1GVPG, B0CKS1P7C7]",amzn1.campaign.INFQD08C6BEL,WONDER FAMILY 100% Mulberry Silk Bonnet — 31% • Free Sample (Multiple Colors),WONDER FAMILY,2026-03-09,2026-12-14,31.00%,50000.0,50000.0,28,800,false
"[B0CKS11HJP, B0D2LJWBDR, B0DKJR5HX7, B0CKS1GVPG, B0CKS1P7C7]",amzn1.campaign.1UZQR1N33742Z,WONDER FAMILY 100% Mulberry Silk Bonnet — 31% • Free Sample (Multiple Colors),WONDER FAMILY,2026-03-08,2026-12-14,31.00%,50000.0,50000.0,21,800,false
"[B0CKS11HJP, B0D2LJWBDR, B0DKJR5HX7, B0CKS1GVPG, B0CKS1P7C7]",amzn1.campaign.3BM7TB9MSDHFZ,WONDER FAMILY 100% Mulberry Silk Bonnet — 31% • Free Sample (Multiple Colors),WONDER FAMILY,2026-03-07,2026-12-14,31.00%,50000.0,50000.0,19,800,false
"[B0CKS11HJP, B0D2LJWBDR, B0DKJR5HX7, B0CKS1GVPG, B0CKS1P7C7]",amzn1.campaign.UV92XIERB5Z,WONDER FAMILY 100% Mulberry Silk Bonnet — 31% • Free Sample (Multiple Colors),WONDER FAMILY,2026-03-06,2026-12-14,31.00%,50000.0,49945.91,21,800,false
"[B0CB4W6BN1, B0CFRDZX2C]",amzn1.campaign.10GBCQGQWX7Q2,WONDER FAMILY Green Tea Mask Stick — 31% Commission • Free Sample,WONDER FAMILY,2026-03-15,2026-12-14,31.00%,50000.0,50000.0,0,800,false
"[B0CB4W6BN1, B0CFRDZX2C]",amzn1.campaign.27H79RFXPIZSZ,WONDER FAMILY Green Tea Mask Stick — 31% Commission • Free Sample,WONDER FAMILY,2026-03-14,2026-12-14,31.00%,50000.0,50000.0,27,800,false
"[B0CB4W6BN1, B0CFRDZX2C]",amzn1.campaign.1ZQD04NPVH1J0,WONDER FAMILY Green Tea Mask Stick — 31% Commission • Free Sample,WONDER FAMILY,2026-03-13,2026-12-14,31.00%,50000.0,50000.0,29,800,false
"[B0CB4W6BN1, B0CFRDZX2C]",amzn1.campaign.JIKRI97KY8VN,WONDER FAMILY Green Tea Mask Stick — 31% Commission • Free Sample,WONDER FAMILY,2026-03-12,2026-12-14,31.00%,50000.0,50000.0,41,800,false
"[B0CB4W6BN1, B0CFRDZX2C]",amzn1.campaign.39NVKK443MRVY,WONDER FAMILY Green Tea Mask Stick — 31% Commission • Free Sample,WONDER FAMILY,2026-03-11,2026-12-14,31.00%,50000.0,50000.0,32,800,false
"[B0CB4W6BN1, B0CFRDZX2C]",amzn1.campaign.OJXB9MC50YVA,WONDER FAMILY Green Tea Mask Stick — 31% Commission • Free Sample,WONDER FAMILY,2026-03-10,2026-12-14,31.00%,50000.0,50000.0,44,800,false
"[B0CB4W6BN1, B0CFRDZX2C]",amzn1.campaign.UTSNIG01PBJ2,WONDER FAMILY Green Tea Mask Stick — 31% Commission • Free Sample,WONDER FAMILY,2026-03-09,2026-12-14,31.00%,50000.0,50000.0,44,800,false
"[B0CB4W6BN1, B0CFRDZX2C]",amzn1.campaign.1P8RMERIP5GIT,WONDER FAMILY Green Tea Mask Stick — 31% Commission • Free Sample,WONDER FAMILY,2026-03-08,2026-12-14,31.00%,50000.0,49905.77,26,800,false
"[B0CB4W6BN1, B0CFRDZX2C]",amzn1.campaign.3178D7XK991YN,WONDER FAMILY Green Tea Mask Stick — 31% Commission • Free Sample,WONDER FAMILY,2026-03-07,2026-12-14,31.00%,50000.0,50000.0,32,800,false
"[B0CB4W6BN1, B0CFRDZX2C]",amzn1.campaign.3CI8DZVQYXOSZ,WONDER FAMILY Green Tea Mask Stick — 31% Commission • Free Sample,WONDER FAMILY,2026-03-06,2026-12-14,31.00%,50000.0,49900.97,27,800,false
[B0FRHHR892],amzn1.campaign.3BTNTWAZFN08Q,Aromasong Aloe Vera Gel – Soothing Skin & Hair Treatment,Aromasong,2026-03-12,2027-03-10,15.00%,1000000.0,1000000.0,65,800,false
[B0FRHHR892],amzn1.campaign.28X0A6QELJSV7,Aromasong Cold-Pressed Aloe Vera Gel – Premium Skin Care,Aromasong,2026-03-11,2027-03-10,15.00%,1000000.0,1000000.0,57,800,false
[B0DDY7J4C3],amzn1.campaign.28BTTBYQXTGUK,25 Percent Commission Free Sample WONDER FAMILY Phosphatidylserine 600 mg,WONDER FAMILY,2026-03-15,2026-10-23,25.00%,10000.0,10000.0,53,800,false
[B0FRHHR892],amzn1.campaign.2ZOEBLP3OIWVX,Aromasong Aloe Vera Gel – Fast Absorbing Skin Hydration,Aromasong,2026-03-10,2027-03-09,15.00%,1000000.0,1000000.0,57,800,false
[B0DDY7J4C3],amzn1.campaign.1F4XCMW33A3QV,25 Percent Commission Free Sample WONDER FAMILY Phosphatidylserine 600 mg,WONDER FAMILY,2026-03-14,2026-10-23,25.00%,10000.0,10000.0,58,800,false
[B0DDY7J4C3],amzn1.campaign.3DQEXG24IR5AG,25 Percent Commission Free Sample WONDER FAMILY Phosphatidylserine 600 mg,WONDER FAMILY,2026-03-13,2026-10-23,25.00%,10000.0,10000.0,62,800,false
"[B0GF48G2VY, B0GF3PMYS8, B0GF3K2CYP, B0GF3XBHDL, B0DRYNRBN6, B0DRYMM9VY, B0GF3LRLPV, B0GF39VG6B, B0GF3PGPBC, B0GF3GKYPP, B0GF4365QC, B0GF37QGM2, B0DRYNRBNB, B0DRYPHS4C, B0DRYP5P76, B0DRYMHNGF, B0GF3SNNW9, B0GF3KJ831, B0DRYKFT67, B0GF3XDFJ9, B0GF3FX9W2, B0DRYNSLMK, B0GF3C32XP, B0GF3HSSS5, B0GF3XDBK9, B0DRYM17W4, B0GF3MS2WT, B0GF3BXFV7, B0DRYM94YL, B0DRYL5XKZ, B0DRYM52Z5, B0DRYM7TW5, B0GF3XDMJW, B0DRYQD57S, B0GF45G3YS, B0GF3XDQK9, B0GF39Y97W, B0DRYK6ZGV, B0DRYLRHJM, B0DRYLWSJ8, B0GF3CLJ8S, B0GF3K9YVP, B0GF3F63JD, B0GF36TDX8, B0GF3VCXBY, B0DRYMDRTP, B0GF3CXRMQ, B0GF39Y97F, B0GF3F63JH, B0DRYMJQ8S, B0GF3KHX66, B0GF3BCKCQ, B0GF3SNJTK, B0DRYMKBYM, B0GF34ZXGP, B0GF3V1KGT, B0GF3BYN7P, B0GF3R69H1, B0DRYMVM4Y, B0GF3J44WT, B0DRYNFV41, B0DRYNNMSH, B0GF3GM2RG, B0GF4364RQ, B0GF3PHKB2, B0GF34XBMF, B0GF436FN8, B0GF3511L8, B0DRYL85SR, B0GF3ZHP84, B0GF37T9V5, B0DRYNXPCJ, B0GF3CN2F6, B0GF434ZL2, B0GF3SM1VD, B0GF3SM5V1, B0DRYMYZQ9, B0GF3XF7K3, B0GF3G4BS4, B0GF395X4F, B0GF3CNSGS, B0GF35DDGH, B0DRYNS7PN, B0GF3F3YFR, B0DRYNT6L5, B0GF35HN6H, B0DRYP6CN8, B0GF3PJ8DQ, B0GF37WMBT, B0GF385HJB, B0GF3KGP6Q, B0GF3NSKPJ, B0GF36P8SJ, B0GF435YLJ, B0GF3BLP7Q, B0DRYLX32R, B0DRYMK11L, B0GF3JQ1GQ, B0GF3B4T6D, B0DRYMTL4H, B0GF3M483K, B0DRYN2W2T, B0GF45G628, B0DRYMB38S, B0DRYQ4421, B0GF3LQRMZ, B0GF3PH6B7, B0DRYLPKK2, B0GF435YLQ, B0GF3NPRJ8, B0DRYKHR5M, B0GF3KFS65, B0DRYN8FQP, B0DRYN7CW7, B0GF434GLQ, B0GF3KHQ4D, B0DRYMTCTP, B0GF3XBWGG, B0GF3GMBRN, B0GF3KJY5G, B0GF3CCWJM, B0GF3GDGVT, B0GF3PHPCR, B0DRYN6J5Y, B0DRYMQK3S, B0GF3GNH1V]",amzn1.campaign.18RV3W16IVL85,VANLYTK Men's Classic Striped T Shirt Promotion Plan,VANLYTK,2026-03-06,2026-10-31,20.00%,10000.0,9742.72,15,800,false
[B0FRHHR892],amzn1.campaign.8F3B6PZ95MZF,Aromasong Aloe Vera Gel – Fast Absorbing Skin Hydration,Aromasong,2026-03-09,2027-03-07,15.00%,1000000.0,1000000.0,71,800,false
[B0DDY7J4C3],amzn1.campaign.XO2DTYEYR9NZ,25 Percent Commission Free Sample WONDER FAMILY Phosphatidylserine 600 mg,WONDER FAMILY,2026-03-13,2026-10-23,25.00%,10000.0,10000.0,71,800,false
[B0DDY7J4C3],amzn1.campaign.3VO5FQIC2RKFI,25 Percent Commission Free Sample WONDER FAMILY Phosphatidylserine 600 mg,WONDER FAMILY,2026-03-12,2026-10-23,25.00%,10000.0,10000.0,69,800,false
[B0DDY7J4C3],amzn1.campaign.267U7ELPZ1IJ9,25 Percent Commission Free Sample WONDER FAMILY Phosphatidylserine 600 mg,WONDER FAMILY,2026-03-11,2026-10-23,25.00%,10000.0,10000.0,66,800,false
[B0FRHHR892],amzn1.campaign.1YIZG37QX6EAD,Aromasong Pure Aloe Vera Gel – Hydrating Skin & Hair Care,Aromasong,2026-03-08,2027-03-07,15.00%,1000000.0,1000000.0,55,800,false
[B0DDY7J4C3],amzn1.campaign.GDNSE8NQCIHJ,25 Percent Commission Free Sample WONDER FAMILY Phosphatidylserine 600 mg,WONDER FAMILY,2026-03-10,2026-10-23,25.00%,10000.0,10000.0,72,800,false
[B0DDY7J4C3],amzn1.campaign.3C26O6KPOMUUC,25 Percent Commission Free Sample WONDER FAMILY Phosphatidylserine 600 mg,WONDER FAMILY,2026-03-09,2026-10-23,25.00%,10000.0,10000.0,67,800,false
[B0DDY7J4C3],amzn1.campaign.2AOG6J0GCIUCV,25 Percent Commission Free Sample WONDER FAMILY Phosphatidylserine 600 mg,WONDER FAMILY,2026-03-08,2026-10-23,25.00%,10000.0,10000.0,66,800,false
[B0DDY7J4C3],amzn1.campaign.E5MXHTYFCMO2,25 Percent Commission Free Sample WONDER FAMILY Phosphatidylserine 600 mg,WONDER FAMILY,2026-03-07,2026-10-23,25.00%,10000.0,10000.0,73,800,false
[B0DDY7J4C3],amzn1.campaign.2ERXXRWYMO92T,25 Percent Commission Free Sample WONDER FAMILY Phosphatidylserine 600 mg,WONDER FAMILY,2026-03-06,2026-10-23,25.00%,10000.0,10000.0,66,800,false
[B0DDKSQMC4],amzn1.campaign.1B0QYKHHLIJPC,WONDER FAMILY Electric Makeup Brush Cleaner — 31% Commission • Free Sample,WONDER FAMILY,2026-03-15,2026-12-14,31.00%,10000.0,10000.0,0,800,false
[B0DDKSQMC4],amzn1.campaign.1ZHR1P0GY9OFY,WONDER FAMILY Electric Makeup Brush Cleaner — 31% Commission • Free Sample,WONDER FAMILY,2026-03-14,2026-12-14,31.00%,10000.0,10000.0,10,800,false
[B0DDKSQMC4],amzn1.campaign.301NKFNWXFXTA,WONDER FAMILY Electric Makeup Brush Cleaner — 31% Commission • Free Sample,WONDER FAMILY,2026-03-13,2026-12-14,31.00%,10000.0,10000.0,8,800,false
[B0DDKSQMC4],amzn1.campaign.1KCHI9TZ0EPP4,WONDER FAMILY Electric Makeup Brush Cleaner — 31% Commission • Free Sample,WONDER FAMILY,2026-03-12,2026-12-14,31.00%,10000.0,10000.0,11,800,false
[B0DDKSQMC4],amzn1.campaign.1NBJ495UEVD5O,WONDER FAMILY Electric Makeup Brush Cleaner — 31% Commission • Free Sample,WONDER FAMILY,2026-03-11,2026-12-14,31.00%,10000.0,10000.0,13,800,false
[B0DDKSQMC4],amzn1.campaign.38SHV82OZ0MIC,WONDER FAMILY Electric Makeup Brush Cleaner — 31% Commission • Free Sample,WONDER FAMILY,2026-03-10,2026-12-14,31.00%,10000.0,10000.0,16,800,false
[B0DDKSQMC4],amzn1.campaign.CKHYRH774ING,WONDER FAMILY Electric Makeup Brush Cleaner — 31% Commission • Free Sample,WONDER FAMILY,2026-03-09,2026-12-14,31.00%,10000.0,10000.0,24,800,false
[B0DDKSQMC4],amzn1.campaign.325W5ZBU4PTHL,WONDER FAMILY Electric Makeup Brush Cleaner — 31% Commission • Free Sample,WONDER FAMILY,2026-03-08,2026-12-14,31.00%,10000.0,10000.0,14,800,false
[B0DDKSQMC4],amzn1.campaign.2D83T4WXZ9H1K,WONDER FAMILY Electric Makeup Brush Cleaner — 31% Commission • Free Sample,WONDER FAMILY,2026-03-07,2026-12-14,31.00%,10000.0,10000.0,18,800,false
[B0DDKSQMC4],amzn1.campaign.1HWL788YEQI70,WONDER FAMILY Electric Makeup Brush Cleaner — 31% Commission • Free Sample,WONDER FAMILY,2026-03-06,2026-12-14,31.00%,10000.0,9981.84,5,800,false
"[B0CKRXTHW8, B0CWLTJNPL, B0CWLN7DXD, B0FJSFD1YZ, B0CWLVQ2HG]",amzn1.campaign.1WLCDPAF47BSS,WONDER FAMILY Silicone Scalp Scrubber — 31% Commission • Free Sample Multicolors,WONDER FAMILY,2026-03-15,2026-12-14,31.00%,50000.0,50000.0,0,800,false
"[B0CKRXTHW8, B0CWLTJNPL, B0CWLN7DXD, B0FJSFD1YZ, B0CWLVQ2HG]",amzn1.campaign.1DS16LLTWCSYW,WONDER FAMILY Silicone Scalp Scrubber — 31% Commission • Free Sample Multicolors,WONDER FAMILY,2026-03-14,2026-12-14,31.00%,50000.0,50000.0,2,800,false
"[B0CKRXTHW8, B0CWLTJNPL, B0CWLN7DXD, B0FJSFD1YZ, B0CWLVQ2HG]",amzn1.campaign.3QJ8XG8X9PW4J,WONDER FAMILY Silicone Scalp Scrubber — 31% Commission • Free Sample Multicolors,WONDER FAMILY,2026-03-13,2026-12-14,31.00%,50000.0,50000.0,12,800,false
"[B0CKRXTHW8, B0CWLTJNPL, B0CWLN7DXD, B0FJSFD1YZ, B0CWLVQ2HG]",amzn1.campaign.1AIZ8KQEQTDQX,WONDER FAMILY Silicone Scalp Scrubber — 31% Commission • Free Sample Multicolors,WONDER FAMILY,2026-03-12,2026-12-14,31.00%,50000.0,50000.0,0,800,false
"[B0CKRXTHW8, B0CWLTJNPL, B0CWLN7DXD, B0FJSFD1YZ, B0CWLVQ2HG]",amzn1.campaign.2IBCOPPHBW290,WONDER FAMILY Silicone Scalp Scrubber — 31% Commission • Free Sample Multicolors,WONDER FAMILY,2026-03-11,2026-12-14,31.00%,50000.0,50000.0,9,800,false
"[B0CKRXTHW8, B0CWLTJNPL, B0CWLN7DXD, B0FJSFD1YZ, B0CWLVQ2HG]",amzn1.campaign.31Y8UHGSER12V,WONDER FAMILY Silicone Scalp Scrubber — 31% Commission • Free Sample Multicolors,WONDER FAMILY,2026-03-10,2026-12-14,31.00%,50000.0,50000.0,8,800,false
"[B0CKRXTHW8, B0CWLTJNPL, B0CWLN7DXD, B0FJSFD1YZ, B0CWLVQ2HG]",amzn1.campaign.32ALKEAA2KBIG,WONDER FAMILY Silicone Scalp Scrubber — 31% Commission • Free Sample Multicolors,WONDER FAMILY,2026-03-09,2026-12-14,31.00%,50000.0,50000.0,8,800,false
"[B0CKRXTHW8, B0CWLTJNPL, B0CWLN7DXD, B0FJSFD1YZ, B0CWLVQ2HG]",amzn1.campaign.1PMR6JWTMYCD9,WONDER FAMILY Silicone Scalp Scrubber — 31% Commission • Free Sample Multicolors,WONDER FAMILY,2026-03-08,2026-12-14,31.00%,50000.0,50000.0,9,800,false
"[B0CKRXTHW8, B0CWLTJNPL, B0CWLN7DXD, B0FJSFD1YZ, B0CWLVQ2HG]",amzn1.campaign.1ESE03VURGP9A,WONDER FAMILY Silicone Scalp Scrubber — 31% Commission • Free Sample Multicolors,WONDER FAMILY,2026-03-07,2026-12-14,31.00%,50000.0,50000.0,11,800,false
"[B0CKRXTHW8, B0CWLTJNPL, B0CWLN7DXD, B0FJSFD1YZ, B0CWLVQ2HG]",amzn1.campaign.3PPA9ZRNYFTSI,WONDER FAMILY Silicone Scalp Scrubber — 31% Commission • Free Sample Multicolors,WONDER FAMILY,2026-03-06,2026-12-14,31.00%,50000.0,49971.24,12,800,false
"[B09FZ6HSBX, B09FZ6C3NV, B07PCND7QF]",amzn1.campaign.36QW5O5ONXXWB,Little World Wooden Yarn Bowl Gifts for Knitters with 13% commission,Little World,2026-03-06,2027-03-01,13.00%,5000.0,4936.97,20,800,false
[B0CWLT1JXX],amzn1.campaign.P7TKM534RT2G,WONDER FAMILY Under-Eye Balm Stick — 31% Commission • Free Sample,WONDER FAMILY,2026-03-14,2026-12-14,31.00%,50000.0,50000.0,2,800,false
[B0CWLT1JXX],amzn1.campaign.XCQLC0401BD6,WONDER FAMILY Under-Eye Balm Stick — 31% Commission • Free Sample,WONDER FAMILY,2026-03-13,2026-12-14,31.00%,50000.0,49995.29,3,800,false
[B0CWLT1JXX],amzn1.campaign.162OKSLNYH5W,WONDER FAMILY Under-Eye Balm Stick — 31% Commission • Free Sample,WONDER FAMILY,2026-03-12,2026-12-14,31.00%,50000.0,50000.0,0,800,false
[B0CWLT1JXX],amzn1.campaign.18TVLOC32TKCN,WONDER FAMILY Under-Eye Balm Stick — 31% Commission • Free Sample,WONDER FAMILY,2026-03-11,2026-12-14,31.00%,50000.0,50000.0,0,800,false
[B0CWLT1JXX],amzn1.campaign.1R9GVJEC6FNC5,WONDER FAMILY Under-Eye Balm Stick — 31% Commission • Free Sample,WONDER FAMILY,2026-03-10,2026-12-14,31.00%,50000.0,50000.0,0,800,false
[B0CWLT1JXX],amzn1.campaign.3KPPCIUEEE7TH,WONDER FAMILY Under-Eye Balm Stick — 31% Commission • Free Sample,WONDER FAMILY,2026-03-09,2026-12-14,31.00%,50000.0,50000.0,1,800,false
[B0CWLT1JXX],amzn1.campaign.25TJNJM2URB4T,WONDER FAMILY Under-Eye Balm Stick — 31% Commission • Free Sample,WONDER FAMILY,2026-03-08,2026-12-14,31.00%,50000.0,50000.0,0,800,false
[B0CWLT1JXX],amzn1.campaign.12NFGR372BO39,WONDER FAMILY Under-Eye Balm Stick — 31% Commission • Free Sample,WONDER FAMILY,2026-03-07,2026-12-14,31.00%,50000.0,49946.2,0,800,false
[B0CWLT1JXX],amzn1.campaign.KMVZK67NGIY5,WONDER FAMILY Under-Eye Balm Stick — 31% Commission • Free Sample,WONDER FAMILY,2026-03-06,2026-12-14,31.00%,50000.0,49817.46,0,800,false
[B0D547TGDG],amzn1.campaign.M28TVQMTQTDA,Creatine Gummies (Blueberry) — 31% Commission • Free Sample,WONDER FAMILY,2026-03-15,2027-03-02,31.00%,10000.0,10000.0,26,800,false
[B0D547TGDG],amzn1.campaign.2T8FUNERPRYC1,Creatine Gummies (Blueberry) — 31% Commission • Free Sample,WONDER FAMILY,2026-03-14,2027-03-02,31.00%,10000.0,10000.0,33,800,false
[B0D547TGDG],amzn1.campaign.1D5D68V4S8V7I,Creatine Gummies (Blueberry) — 31% Commission • Free Sample,WONDER FAMILY,2026-03-13,2027-03-02,31.00%,10000.0,10000.0,34,800,false
[B0D547TGDG],amzn1.campaign.SWGQR3V5G9GR,Creatine Gummies (Blueberry) — 31% Commission • Free Sample,WONDER FAMILY,2026-03-12,2027-03-02,31.00%,10000.0,10000.0,40,800,false
[B09LXWGQ74],amzn1.campaign.NOB3I0YY69A0,"PETKAO Emitters for Charbroil Tru-Infrared 4-Burner (4,000+ Sold!)10% Commission",PETKAO,2026-03-08,2027-03-08,10.00%,5000.0,5000.0,72,800,false
[B0D547TGDG],amzn1.campaign.349KFRF8F6RIG,Creatine Gummies (Blueberry) — 31% Commission • Free Sample,WONDER FAMILY,2026-03-11,2027-03-02,31.00%,10000.0,10000.0,39,800,false
[B0D547TGDG],amzn1.campaign.IOGX1MGW23VM,Creatine Gummies (Blueberry) — 31% Commission • Free Sample,WONDER FAMILY,2026-03-10,2027-03-02,31.00%,10000.0,10000.0,47,800,false
[B09LXWGQ74],amzn1.campaign.1GGH4DAAVSHT8,"PETKAO Emitters for Charbroil Tru-Infrared 4-Burner (4,000+ Sold!)10% Commission",PETKAO,2026-03-07,2027-03-07,10.00%,5000.0,5000.0,93,800,false
[B0D547TGDG],amzn1.campaign.1FAFZHOJR26RD,Creatine Gummies (Blueberry) — 31% Commission • Free Sample,WONDER FAMILY,2026-03-09,2027-03-02,31.00%,10000.0,10000.0,40,800,false
[B0D547TGDG],amzn1.campaign.1BDEAWV8N6WDO,Creatine Gummies (Blueberry) — 31% Commission • Free Sample,WONDER FAMILY,2026-03-08,2027-03-02,31.00%,10000.0,9986.98,25,800,false
[B0D547TGDG],amzn1.campaign.3TLHGLSEU9Y02,Creatine Gummies (Blueberry) — 31% Commission • Free Sample,WONDER FAMILY,2026-03-07,2027-03-02,31.00%,10000.0,10000.0,44,800,false
[B0D547TGDG],amzn1.campaign.3KYW1I8HHBX00,Creatine Gummies (Blueberry) — 31% Commission • Free Sample,WONDER FAMILY,2026-03-06,2027-03-02,31.00%,10000.0,9948.85,39,800,false
[B09LXWGQ74],amzn1.campaign.2J07V8MYTCWCH,"PETKAO Emitters for Charbroil Tru-Infrared 4-Burner (4,000+ Sold!)10% Commission",PETKAO,2026-03-06,2027-03-06,10.00%,5000.0,5000.0,97,800,false
"[B0DMGKTW81, B0FBS38S36, B0FBS532PB]",amzn1.campaign.11ORT5LHHZSAB,Resveratrol 500 mg — 25% Commission • Free Sample,WONDER FAMILY,2026-03-15,2027-03-05,25.00%,10000.0,10000.0,36,800,false
"[B0DMGKTW81, B0FBS38S36, B0FBS532PB]",amzn1.campaign.10CEIY0ZFRWCL,Resveratrol 500 mg — 25% Commission • Free Sample,WONDER FAMILY,2026-03-14,2027-03-05,25.00%,10000.0,10000.0,42,800,false
"[B0DMGKTW81, B0FBS38S36, B0FBS532PB]",amzn1.campaign.3E8AQ9G3R815O,Resveratrol 500 mg — 25% Commission • Free Sample,WONDER FAMILY,2026-03-13,2027-03-05,25.00%,10000.0,10000.0,55,800,false
"[B0DMGKTW81, B0FBS38S36, B0FBS532PB]",amzn1.campaign.29PKZVEBJ9UY2,Resveratrol 500 mg — 25% Commission • Free Sample,WONDER FAMILY,2026-03-12,2027-03-05,25.00%,10000.0,10000.0,52,800,false
"[B0DMGKTW81, B0FBS38S36, B0FBS532PB]",amzn1.campaign.1AVSF1S6HCZNX,Resveratrol 500 mg — 25% Commission • Free Sample,WONDER FAMILY,2026-03-11,2027-03-05,25.00%,10000.0,10000.0,53,800,false
"[B0DMGKTW81, B0FBS38S36, B0FBS532PB]",amzn1.campaign.1XQSI7Y9F0YJQ,Resveratrol 500 mg — 25% Commission • Free Sample,WONDER FAMILY,2026-03-10,2027-03-05,25.00%,10000.0,10000.0,53,800,false
"[B0DMGKTW81, B0FBS38S36, B0FBS532PB]",amzn1.campaign.3AD0CA6GMG7ZE,Resveratrol 500 mg — 25% Commission • Free Sample,WONDER FAMILY,2026-03-09,2027-03-05,25.00%,10000.0,10000.0,55,800,false
"[B0DMGKTW81, B0FBS38S36, B0FBS532PB]",amzn1.campaign.F7NYPSPHX0DR,Resveratrol 500 mg — 25% Commission • Free Sample,WONDER FAMILY,2026-03-08,2027-03-05,25.00%,10000.0,10000.0,59,800,false
"[B0DMGKTW81, B0FBS38S36, B0FBS532PB]",amzn1.campaign.HRBVYSWKQ7RQ,Resveratrol 500 mg — 25% Commission • Free Sample,WONDER FAMILY,2026-03-07,2027-03-05,25.00%,10000.0,10000.0,61,800,false
"[B0DMGKTW81, B0FBS38S36, B0FBS532PB]",amzn1.campaign.29YPGON0L0B7S,Resveratrol 500 mg — 25% Commission • Free Sample,WONDER FAMILY,2026-03-06,2027-03-05,25.00%,10000.0,9854.59,49,800,false
"[B0FBS2ZMF9, B0DJ37SGSG, B0FBS59HM1]",amzn1.campaign.2LA93W6YEC8OQ,WONDER FAMILY Ashwagandha Complex — 31% Commission • Free Sample,WONDER FAMILY,2026-03-15,2027-02-05,31.00%,10000.0,10000.0,31,800,false
"[B0FBS2ZMF9, B0DJ37SGSG, B0FBS59HM1]",amzn1.campaign.38OLG513LCUGT,WONDER FAMILY Ashwagandha Complex — 31% Commission • Free Sample,WONDER FAMILY,2026-03-14,2027-02-05,31.00%,10000.0,10000.0,42,800,false
"[B0FBS2ZMF9, B0DJ37SGSG, B0FBS59HM1]",amzn1.campaign.1RA9V32734M22,WONDER FAMILY Ashwagandha Complex — 31% Commission • Free Sample,WONDER FAMILY,2026-03-13,2027-02-05,31.00%,10000.0,10000.0,43,800,false
"[B0FBS2ZMF9, B0DJ37SGSG, B0FBS59HM1]",amzn1.campaign.84S0ZVT3L89B,WONDER FAMILY Ashwagandha Complex — 31% Commission • Free Sample,WONDER FAMILY,2026-03-12,2027-02-05,31.00%,10000.0,10000.0,50,800,false
"[B0FBS2ZMF9, B0DJ37SGSG, B0FBS59HM1]",amzn1.campaign.2SR20BZ8ZH5SN,WONDER FAMILY Ashwagandha Complex — 31% Commission • Free Sample,WONDER FAMILY,2026-03-11,2027-02-05,31.00%,10000.0,10000.0,44,800,false
"[B0FBS2ZMF9, B0DJ37SGSG, B0FBS59HM1]",amzn1.campaign.2MFPLSDTDSZZ4,WONDER FAMILY Ashwagandha Complex — 31% Commission • Free Sample,WONDER FAMILY,2026-03-10,2027-02-05,31.00%,10000.0,10000.0,46,800,false
"[B0FBS2ZMF9, B0DJ37SGSG, B0FBS59HM1]",amzn1.campaign.2SLG31JWT95IM,WONDER FAMILY Ashwagandha Complex — 31% Commission • Free Sample,WONDER FAMILY,2026-03-09,2027-02-05,31.00%,10000.0,10000.0,46,800,false
"[B0FBS2ZMF9, B0DJ37SGSG, B0FBS59HM1]",amzn1.campaign.3HK19R5IALJGC,WONDER FAMILY Ashwagandha Complex — 31% Commission • Free Sample,WONDER FAMILY,2026-03-08,2027-02-05,31.00%,10000.0,10000.0,47,800,false
"[B0FBS2ZMF9, B0DJ37SGSG, B0FBS59HM1]",amzn1.campaign.H4U91RWK9L1I,WONDER FAMILY Ashwagandha Complex — 31% Commission • Free Sample,WONDER FAMILY,2026-03-07,2027-02-05,31.00%,10000.0,10000.0,51,800,false
"[B0FBS2ZMF9, B0DJ37SGSG, B0FBS59HM1]",amzn1.campaign.1521O4K1OPIXX,WONDER FAMILY Ashwagandha Complex — 31% Commission • Free Sample,WONDER FAMILY,2026-03-06,2027-02-05,31.00%,10000.0,9870.95,33,800,false
"[B0DBVMG6DZ, B0F547KTRW]",amzn1.campaign.HUI1YQU4FBQ7,WONDER FAMILY Sea Moss Capsules — 31% Commission • Free Sample,WONDER FAMILY,2026-03-15,2026-12-14,31.00%,10000.0,10000.0,47,800,false
"[B0DBVMG6DZ, B0F547KTRW]",amzn1.campaign.WNV7RF8ZAUGT,WONDER FAMILY Sea Moss Capsules — 31% Commission • Free Sample,WONDER FAMILY,2026-03-14,2026-12-14,31.00%,10000.0,10000.0,59,800,false
"[B0DBVMG6DZ, B0F547KTRW]",amzn1.campaign.1U1XP5Z3U0Q06,WONDER FAMILY Sea Moss Capsules — 31% Commission • Free Sample,WONDER FAMILY,2026-03-13,2026-12-14,31.00%,10000.0,10000.0,53,800,false
"[B0DBVMG6DZ, B0F547KTRW]",amzn1.campaign.2Y5427U7EKTMV,WONDER FAMILY Sea Moss Capsules — 31% Commission • Free Sample,WONDER FAMILY,2026-03-12,2026-12-14,31.00%,10000.0,10000.0,53,800,false
"[B0DBVMG6DZ, B0F547KTRW]",amzn1.campaign.2CKWGBSRG9OUS,WONDER FAMILY Sea Moss Capsules — 31% Commission • Free Sample,WONDER FAMILY,2026-03-11,2026-12-14,31.00%,10000.0,10000.0,53,800,false
"[B0DBVMG6DZ, B0F547KTRW]",amzn1.campaign.K6ELD9LTN83R,WONDER FAMILY Sea Moss Capsules — 31% Commission • Free Sample,WONDER FAMILY,2026-03-10,2026-12-14,31.00%,10000.0,10000.0,59,800,false
"[B0DBVMG6DZ, B0F547KTRW]",amzn1.campaign.2JQXX6MOVDI3I,WONDER FAMILY Sea Moss Capsules — 31% Commission • Free Sample,WONDER FAMILY,2026-03-09,2026-12-14,31.00%,10000.0,10000.0,54,800,false
"[B0DBVMG6DZ, B0F547KTRW]",amzn1.campaign.15XM82CWC97AI,WONDER FAMILY Sea Moss Capsules — 31% Commission • Free Sample,WONDER FAMILY,2026-03-08,2026-12-14,31.00%,10000.0,10000.0,50,800,false
"[B0DBVMG6DZ, B0F547KTRW]",amzn1.campaign.12QIRN22Z9A5B,WONDER FAMILY Sea Moss Capsules — 31% Commission • Free Sample,WONDER FAMILY,2026-03-07,2026-12-14,31.00%,10000.0,10000.0,47,800,false
"[B0DBVMG6DZ, B0F547KTRW]",amzn1.campaign.37YC6W4ZYZ98,WONDER FAMILY Sea Moss Capsules — 31% Commission • Free Sample,WONDER FAMILY,2026-03-06,2026-12-14,31.00%,10000.0,10000.0,56,800,false
[B0DWST3MVN],amzn1.campaign.BH1FYC0F495O,WONDER FAMILY Self-Tanning Drops Kit — 31% Commission • Free Sample,WONDER FAMILY,2026-03-15,2026-12-14,31.00%,10000.0,10000.0,0,800,false
[B0DWST3MVN],amzn1.campaign.1MPPUWJS68B4B,WONDER FAMILY Self-Tanning Drops Kit — 31% Commission • Free Sample,WONDER FAMILY,2026-03-14,2026-12-14,31.00%,10000.0,10000.0,0,800,false
[B0DWST3MVN],amzn1.campaign.3E2XC5CC5MV5,WONDER FAMILY Self-Tanning Drops Kit — 31% Commission • Free Sample,WONDER FAMILY,2026-03-13,2026-12-14,31.00%,10000.0,10000.0,10,800,false
[B0DWST3MVN],amzn1.campaign.2QGT7YLQKSED6,WONDER FAMILY Self-Tanning Drops Kit — 31% Commission • Free Sample,WONDER FAMILY,2026-03-12,2026-12-14,31.00%,10000.0,10000.0,10,800,false
[B0DWST3MVN],amzn1.campaign.2TPZ9CNMIJHBO,WONDER FAMILY Self-Tanning Drops Kit — 31% Commission • Free Sample,WONDER FAMILY,2026-03-11,2026-12-14,31.00%,10000.0,10000.0,7,800,false
[B0DWST3MVN],amzn1.campaign.2VO28429QVMHE,WONDER FAMILY Self-Tanning Drops Kit — 31% Commission • Free Sample,WONDER FAMILY,2026-03-10,2026-12-14,31.00%,10000.0,10000.0,11,800,false
[B0DWST3MVN],amzn1.campaign.3I3L41MBCE64R,WONDER FAMILY Self-Tanning Drops Kit — 31% Commission • Free Sample,WONDER FAMILY,2026-03-09,2026-12-14,31.00%,10000.0,10000.0,11,800,false
[B0DWST3MVN],amzn1.campaign.62N8YD9FIJ13,WONDER FAMILY Self-Tanning Drops Kit — 31% Commission • Free Sample,WONDER FAMILY,2026-03-08,2026-12-14,31.00%,10000.0,10000.0,16,800,false
[B0DWST3MVN],amzn1.campaign.23VXTGVKN7IU9,WONDER FAMILY Self-Tanning Drops Kit — 31% Commission • Free Sample,WONDER FAMILY,2026-03-07,2026-12-14,31.00%,10000.0,10000.0,10,800,false
[B0DWST3MVN],amzn1.campaign.1QIJF736NRKCY,WONDER FAMILY Self-Tanning Drops Kit — 31% Commission • Free Sample,WONDER FAMILY,2026-03-06,2026-12-14,31.00%,10000.0,9992.87,3,800,false
[B0GHP6WKYM],amzn1.campaign.1MWFBHB57HJYC,Best Seller Silver Aid - Dog Gel Wound Care 4 fl oz - Made in USA,SilverAid,2026-03-06,2026-12-31,10.00%,1000000.0,1000000.0,64,800,false
[B0DSJLR594],amzn1.campaign.3EXR54ZSVI72E,WONDER FAMILY Magnesium Oil Spray — 31% Commission • Free Sample,WONDER FAMILY,2026-03-15,2026-12-14,31.00%,50000.0,50000.0,43,800,false
[B0DSJLR594],amzn1.campaign.341ZHIVU2YEXD,WONDER FAMILY Magnesium Oil Spray — 31% Commission • Free Sample,WONDER FAMILY,2026-03-14,2026-12-14,31.00%,50000.0,50000.0,47,800,false
[B0DSJLR594],amzn1.campaign.1BM9DRNW49Y6N,WONDER FAMILY Magnesium Oil Spray — 31% Commission • Free Sample,WONDER FAMILY,2026-03-13,2026-12-14,31.00%,50000.0,50000.0,46,800,false
[B0DSJLR594],amzn1.campaign.1TNIHKT20CU77,WONDER FAMILY Magnesium Oil Spray — 31% Commission • Free Sample,WONDER FAMILY,2026-03-12,2026-12-14,31.00%,50000.0,50000.0,48,800,false
[B0DSJLR594],amzn1.campaign.3ANSUMQMHMTV5,WONDER FAMILY Magnesium Oil Spray — 31% Commission • Free Sample,WONDER FAMILY,2026-03-11,2026-12-14,31.00%,50000.0,50000.0,48,800,false
[B0DSJLR594],amzn1.campaign.1GR3ALZJVEVY,WONDER FAMILY Magnesium Oil Spray — 31% Commission • Free Sample,WONDER FAMILY,2026-03-10,2026-12-14,31.00%,50000.0,50000.0,47,800,false
[B0DSJLR594],amzn1.campaign.2PQRG2ENGFY6H,WONDER FAMILY Magnesium Oil Spray — 31% Commission • Free Sample,WONDER FAMILY,2026-03-09,2026-12-14,31.00%,50000.0,50000.0,47,800,false
[B0DSJLR594],amzn1.campaign.1L31XBQHXUIKE,WONDER FAMILY Magnesium Oil Spray — 31% Commission • Free Sample,WONDER FAMILY,2026-03-08,2026-12-14,31.00%,50000.0,50000.0,46,800,false
[B0DSJLR594],amzn1.campaign.UJ4FRPNMBVR5,WONDER FAMILY Magnesium Oil Spray — 31% Commission • Free Sample,WONDER FAMILY,2026-03-07,2026-12-14,31.00%,50000.0,49995.97,53,800,false
"[B07DPTRMY5, B0718YF9XJ, B0721ZCPNX, B07SM14GS1, B09YZ1HWK6, B086XGWDZF, B0BM4KMBB2, B09YYYTGFV, B0BLZ9SR58, B09KY897XT, B0B524XRZC, B09YYY7YD9, B07FB6DVP1, B09YZ1R852, B07613BQ2N, B0BM4B8LHC, B09X7DY1Z5, B0BLZBRJK7, B07YM1RHSQ, B071H8ZV25, B07DPTTZMG, B072NDN56F, B0BWHS3MML, B07DPTFLFG, B09KY8DQVB, B071V7GXHV, B086XHRLG8, B08PDLRFQZ, B072NDNJXB]",amzn1.campaign.2IKOPWMZNGXB0,Pond Products 2026 - Aquatic Experts,Aquatic Experts,2026-03-06,2027-03-06,10.00%,5000.0,3853.97,17,800,false
[B0DSJLR594],amzn1.campaign.16JXD6S0092E3,WONDER FAMILY Magnesium Oil Spray — 31% Commission • Free Sample,WONDER FAMILY,2026-03-06,2026-12-14,31.00%,50000.0,50000.0,35,800,false
[B0DSLLSNTK],amzn1.campaign.31LIKNZIKDJ2N,WONDER FAMILY Hard-Bottom Dog Car Seat Cover — 31% Commission • Free Sample,WONDER FAMILY,2026-03-15,2026-12-14,31.00%,50000.0,50000.0,28,800,false
[B0D13XWRSC],amzn1.campaign.2GIR85XK4FP0X,Tieralia Eco Sponge Boost - pack of  12,Tieralia,2026-03-06,2026-12-31,10.00%,5000.0,4989.46,40,800,false
[B0DSLLSNTK],amzn1.campaign.1LO6AN0GX34QP,WONDER FAMILY Hard-Bottom Dog Car Seat Cover — 31% Commission • Free Sample,WONDER FAMILY,2026-03-14,2026-12-14,31.00%,50000.0,50000.0,34,800,false
[B0DSLLSNTK],amzn1.campaign.3BY408GVIGSOA,WONDER FAMILY Hard-Bottom Dog Car Seat Cover — 31% Commission • Free Sample,WONDER FAMILY,2026-03-13,2026-12-14,31.00%,50000.0,50000.0,45,800,false
[B0DSLLSNTK],amzn1.campaign.2VTBUXT3M5K3I,WONDER FAMILY Hard-Bottom Dog Car Seat Cover — 31% Commission • Free Sample,WONDER FAMILY,2026-03-12,2026-12-14,31.00%,50000.0,50000.0,43,800,false
[B0DSLLSNTK],amzn1.campaign.UE7Y9D8GIAK,WONDER FAMILY Hard-Bottom Dog Car Seat Cover — 31% Commission • Free Sample,WONDER FAMILY,2026-03-11,2026-12-14,31.00%,50000.0,50000.0,55,800,false
[B0DSLLSNTK],amzn1.campaign.2PX787BPVLNSW,WONDER FAMILY Hard-Bottom Dog Car Seat Cover — 31% Commission • Free Sample,WONDER FAMILY,2026-03-10,2026-12-14,31.00%,50000.0,50000.0,45,800,false
[B0DSLLSNTK],amzn1.campaign.SRCJJFJ4P23U,WONDER FAMILY Hard-Bottom Dog Car Seat Cover — 31% Commission • Free Sample,WONDER FAMILY,2026-03-09,2026-12-14,31.00%,50000.0,50000.0,58,800,false
[B0DSLLSNTK],amzn1.campaign.3NI44PZRFH6IV,WONDER FAMILY Hard-Bottom Dog Car Seat Cover — 31% Commission • Free Sample,WONDER FAMILY,2026-03-08,2026-12-14,31.00%,50000.0,50000.0,52,800,false
[B0DSLLSNTK],amzn1.campaign.2QOFYO3AD08D4,WONDER FAMILY Hard-Bottom Dog Car Seat Cover — 31% Commission • Free Sample,WONDER FAMILY,2026-03-07,2026-12-14,31.00%,50000.0,50000.0,46,800,false
[B0DSLLSNTK],amzn1.campaign.HQEUVJKCMR7D,WONDER FAMILY Hard-Bottom Dog Car Seat Cover — 31% Commission • Free Sample,WONDER FAMILY,2026-03-06,2026-12-14,31.00%,50000.0,50000.0,55,800,false
[B0D547TGDG],amzn1.campaign.3EEEJ6NC4HM0G,WONDER FAMILY Creatine Monohydrate Gummies — 31% Commission • Free Sample,WONDER FAMILY,2026-03-15,2026-12-14,31.00%,50000.0,50000.0,71,800,false
[B0D547TGDG],amzn1.campaign.1DDOYAU9UORIY,WONDER FAMILY Creatine Monohydrate Gummies — 31% Commission • Free Sample,WONDER FAMILY,2026-03-14,2026-12-14,31.00%,50000.0,50000.0,73,800,false
[B0D547TGDG],amzn1.campaign.1JFG9ZEY9GNO9,WONDER FAMILY Creatine Monohydrate Gummies — 31% Commission • Free Sample,WONDER FAMILY,2026-03-13,2026-12-14,31.00%,50000.0,50000.0,74,800,false
[B0D547TGDG],amzn1.campaign.S6P9ER1CFEO,WONDER FAMILY Creatine Monohydrate Gummies — 31% Commission • Free Sample,WONDER FAMILY,2026-03-12,2026-12-14,31.00%,50000.0,50000.0,84,800,false
[B0D547TGDG],amzn1.campaign.E4PIB1X0URE0,WONDER FAMILY Creatine Monohydrate Gummies — 31% Commission • Free Sample,WONDER FAMILY,2026-03-11,2026-12-14,31.00%,50000.0,50000.0,83,800,false
[B0D547TGDG],amzn1.campaign.HU899D8IBES2,WONDER FAMILY Creatine Monohydrate Gummies — 31% Commission • Free Sample,WONDER FAMILY,2026-03-10,2026-12-14,31.00%,50000.0,50000.0,87,800,false
[B0D547TGDG],amzn1.campaign.24LL7J83B443M,WONDER FAMILY Creatine Monohydrate Gummies — 31% Commission • Free Sample,WONDER FAMILY,2026-03-09,2026-12-14,31.00%,50000.0,50000.0,77,800,false
[B0D547TGDG],amzn1.campaign.AXOCZ0UL8UHF,WONDER FAMILY Creatine Monohydrate Gummies — 31% Commission • Free Sample,WONDER FAMILY,2026-03-08,2026-12-14,31.00%,50000.0,50000.0,86,800,false
[B0D547TGDG],amzn1.campaign.PL8ZJJEWJE6Z,WONDER FAMILY Creatine Monohydrate Gummies — 31% Commission • Free Sample,WONDER FAMILY,2026-03-07,2026-12-14,31.00%,50000.0,50000.0,87,800,false
[B0D547TGDG],amzn1.campaign.1HIX0T86V427Z,WONDER FAMILY Creatine Monohydrate Gummies — 31% Commission • Free Sample,WONDER FAMILY,2026-03-06,2026-12-14,31.00%,50000.0,50000.0,78,800,false
"[B0D8LGJDXF, B0D8LGS26F, B0D8LJ9DQ7]",amzn1.campaign.1L5PU5RO1G53Y,Bible Study Supplies,slpreake,2026-03-06,2027-03-06,10.00%,5000.0,5000.0,37,800,false
"[B0GD2XFJHM, B0FNS5GDF6]",amzn1.campaign.3LK8NLDROZSXT,🌜Coffee Drinkers Sleep Better Too – Earn 20% on Lights Out Calm Sleep Powder💫,EarlyBird,2026-03-06,2027-03-06,20.00%,200000.0,200000.0,67,800,false
"[B0G3BG4BX2, B0G3BD7QMQ, B0G3BB1BJ2, B0G3BHZMZB]",amzn1.campaign.OJ9LQC6EUHG4,Metal Stylus Pen and USB Cable for 3DS/3DS XL/NDS Lite/New 3DS XL,slpreake,2026-03-06,2027-03-06,10.00%,5000.0,4991.5,39,800,false
"[B0FPWZVYTQ, B0F3BB7Z1D, B0FPX1Z4KL, B0DQ5G126F, B0DQ5R44RT, B0D3HVNVTL, B0CNRJ2T1S, B0DQ5LYYX7, B0DQ5Q6DWW, B0DQ5JSR6D, B0D7SDPGB3, B0D3HVNY9H, B0FPX1D3K9, B0CNRJ8P8N, B0DQ5P6Q3R, B0D3HX822Y, B0D7SFSRYG, B0D7SBXS64, B0D7SDVDQR, B0DQ5KCBJH, B0D3HXQR2C, B0D7SDQJRL, B0F3C1YN9L, B0DQ5LJ56Q, B0D7SD9MH2, B0D57SPGPV, B0F3BNPQ9P, B0CNRLNMVF, B0FPWZLJ9J, B0DQ5H3W1P, B0DQ5HT1GB, B0DQ5P3D94, B0DQ5LZ2K4, B0CNRHPGHF, B0FPX4NDM6, B0F3BKB8QQ, B0DQ5PJNBV, B0F3BLH39Q, B0F3B7V3DD, B0CNRJYX7Y, B0F3B3K7GF, B0CNRJTX6V, B0D7SDLRFG, B0F3B716C6, B0D57V19PZ, B0DQ5K35SM, B0DQ5PT3RR, B0D7SCRF4K]",amzn1.campaign.1O0D506UHERO3,Showcase the Ultra-Soft Luxury of Our Water-Soluble Wool & Silk Blend Shawl,COTHESUMAY,2026-03-06,2027-03-06,15.00%,5000.0,4947.8,20,800,false
"[B0DQ19LJDH, B0DQ161PX7]",amzn1.campaign.3EZZGLF78N4IT,WONDER FAMILY Portable Neck Fan — 31% Commission • Free Sample (White or Black),WONDER FAMILY,2026-03-15,2026-12-14,31.00%,50000.0,50000.0,0,800,false
"[B0DQ19LJDH, B0DQ161PX7]",amzn1.campaign.CEBYYWJLW7EW,WONDER FAMILY Portable Neck Fan — 31% Commission • Free Sample (White or Black),WONDER FAMILY,2026-03-14,2026-12-14,31.00%,50000.0,50000.0,25,800,false
"[B0DQ19LJDH, B0DQ161PX7]",amzn1.campaign.3ISFYFUKXLUN4,WONDER FAMILY Portable Neck Fan — 31% Commission • Free Sample (White or Black),WONDER FAMILY,2026-03-13,2026-12-14,31.00%,50000.0,50000.0,25,800,false
"[B0DQ19LJDH, B0DQ161PX7]",amzn1.campaign.1FRTH27ZYDOO3,WONDER FAMILY Portable Neck Fan — 31% Commission • Free Sample (White or Black),WONDER FAMILY,2026-03-12,2026-12-14,31.00%,50000.0,50000.0,14,800,false
"[B0FWCJGTX2, B0G9KCFXZ9]",amzn1.campaign.2E5TED6FNGD2E,Idw13Plus Smart Watch,Tensky,2026-03-06,2027-03-03,10.00%,20000.0,19869.01,4,800,false
"[B0DQ19LJDH, B0DQ161PX7]",amzn1.campaign.2CSETHVG6DN3S,WONDER FAMILY Portable Neck Fan — 31% Commission • Free Sample (White or Black),WONDER FAMILY,2026-03-11,2026-12-14,31.00%,50000.0,50000.0,13,800,false
"[B0DQ19LJDH, B0DQ161PX7]",amzn1.campaign.XA9ZD9M3PQ73,WONDER FAMILY Portable Neck Fan — 31% Commission • Free Sample (White or Black),WONDER FAMILY,2026-03-10,2026-12-14,31.00%,50000.0,50000.0,31,800,false
"[B0DQ19LJDH, B0DQ161PX7]",amzn1.campaign.1ABKJGKOI5L04,WONDER FAMILY Portable Neck Fan — 31% Commission • Free Sample (White or Black),WONDER FAMILY,2026-03-09,2026-12-14,31.00%,50000.0,49964.04,0,800,false
"[B0DQ19LJDH, B0DQ161PX7]",amzn1.campaign.2971F4KHWXW0W,WONDER FAMILY Portable Neck Fan — 31% Commission • Free Sample (White or Black),WONDER FAMILY,2026-03-08,2026-12-14,31.00%,50000.0,50000.0,17,800,false
"[B0DQ19LJDH, B0DQ161PX7]",amzn1.campaign.3QAU8ZQ2OTNQK,WONDER FAMILY Portable Neck Fan — 31% Commission • Free Sample (White or Black),WONDER FAMILY,2026-03-07,2026-12-14,31.00%,50000.0,50000.0,28,800,false
"[B0DQ19LJDH, B0DQ161PX7]",amzn1.campaign.2PVZRBCIRIXZZ,WONDER FAMILY Portable Neck Fan — 31% Commission • Free Sample (White or Black),WONDER FAMILY,2026-03-06,2026-12-14,31.00%,50000.0,49928.08,16,800,false
"[B0G3B7MZLP, B0G3BGVDH2, B0G3B86VD7, B0G3BD7VPV]",amzn1.campaign.Q1A2S2PN6ZTF,Metal Stylus Pen and Transparent Protective Shell for Nintendo 3DS/3DS XL/NDSL,slpreake,2026-03-06,2027-03-06,10.00%,5000.0,4991.0,48,800,false
[B0FRHHR892],amzn1.campaign.3V9PZNK9DT780,Aromasong 2X Concentrated Aloe Vera Gel – Natural Skin Soothing Gel,Aromasong,2026-03-07,2027-03-07,15.00%,1000000.0,1000000.0,68,800,false
[B0DY2RWJWM],amzn1.campaign.2EDC4VXQ9QPDT,WONDER FAMILY Batana Oil Paste Kit — 31% Commission • Free Sample,WONDER FAMILY,2026-03-15,2026-12-14,31.00%,50000.0,50000.0,27,800,false
[B0GD2XFJHM],amzn1.campaign.A7T1UKJKEL0A,"😴 SLEEP BETTER, EARN MORE: EarlyBird Lights Out Drink Mix - 20% Commission🌙",EarlyBird,2026-03-06,2027-03-06,20.00%,200000.0,200000.0,66,800,false
[B0DY2RWJWM],amzn1.campaign.KYJXJD290MGN,WONDER FAMILY Batana Oil Paste Kit — 31% Commission • Free Sample,WONDER FAMILY,2026-03-14,2026-12-14,31.00%,50000.0,50000.0,48,800,false
[B0DY2RWJWM],amzn1.campaign.3TXAAM1X3YAXI,WONDER FAMILY Batana Oil Paste Kit — 31% Commission • Free Sample,WONDER FAMILY,2026-03-13,2026-12-14,31.00%,50000.0,50000.0,48,800,false
[B0FRHHR892],amzn1.campaign.3S53KOFSCI0C7,Aromasong Aloe Vera Gel – Pure Skin & Hair Care Essential,Aromasong,2026-03-06,2027-03-06,15.00%,1000000.0,1000000.0,63,800,false
[B0DY2RWJWM],amzn1.campaign.1OOHN1D7ZZEW1,WONDER FAMILY Batana Oil Paste Kit — 31% Commission • Free Sample,WONDER FAMILY,2026-03-12,2026-12-14,31.00%,50000.0,50000.0,37,800,false
[B0DY2RWJWM],amzn1.campaign.IQL16NGAVR9D,WONDER FAMILY Batana Oil Paste Kit — 31% Commission • Free Sample,WONDER FAMILY,2026-03-11,2026-12-14,31.00%,50000.0,50000.0,51,800,false
[B0DY2RWJWM],amzn1.campaign.3NGY8G5TN1AT0,WONDER FAMILY Batana Oil Paste Kit — 31% Commission • Free Sample,WONDER FAMILY,2026-03-10,2026-12-14,31.00%,50000.0,50000.0,45,800,false
[B0DY2RWJWM],amzn1.campaign.1IFKGYS3M2DAO,WONDER FAMILY Batana Oil Paste Kit — 31% Commission • Free Sample,WONDER FAMILY,2026-03-09,2026-12-14,31.00%,50000.0,50000.0,36,800,false
[B0DY2RWJWM],amzn1.campaign.2SF0YFPYHAW1Q,WONDER FAMILY Batana Oil Paste Kit — 31% Commission • Free Sample,WONDER FAMILY,2026-03-08,2026-12-14,31.00%,50000.0,50000.0,39,800,false
[B0DY2RWJWM],amzn1.campaign.1H1BFIN77929E,WONDER FAMILY Batana Oil Paste Kit — 31% Commission • Free Sample,WONDER FAMILY,2026-03-07,2026-12-14,31.00%,50000.0,50000.0,34,800,false
[B0DY2RWJWM],amzn1.campaign.28COE3T52LQT8,WONDER FAMILY Batana Oil Paste Kit — 31% Commission • Free Sample,WONDER FAMILY,2026-03-06,2026-12-14,31.00%,50000.0,50000.0,40,800,false
[B0DJ37SGSG],amzn1.campaign.3DHS0RBGSPLYY,WONDER FAMILY Ashwagandha Complex — 31% Commission • Free Sample,WONDER FAMILY,2026-03-15,2026-12-13,31.00%,50000.0,50000.0,75,800,false
[B0DJ37SGSG],amzn1.campaign.2EU3COGWZBN7V,WONDER FAMILY Ashwagandha Complex — 31% Commission • Free Sample,WONDER FAMILY,2026-03-14,2026-12-13,31.00%,50000.0,50000.0,78,800,false
[B0DJ37SGSG],amzn1.campaign.38D9JBT3RO7XK,WONDER FAMILY Ashwagandha Complex — 31% Commission • Free Sample,WONDER FAMILY,2026-03-13,2026-12-13,31.00%,50000.0,50000.0,81,800,false
[B0DJ37SGSG],amzn1.campaign.33X9TK2KACSV3,WONDER FAMILY Ashwagandha Complex — 31% Commission • Free Sample,WONDER FAMILY,2026-03-12,2026-12-13,31.00%,50000.0,50000.0,82,800,false
[B0DJ37SGSG],amzn1.campaign.BVL752BRFQRX,WONDER FAMILY Ashwagandha Complex — 31% Commission • Free Sample,WONDER FAMILY,2026-03-11,2026-12-13,31.00%,50000.0,50000.0,87,800,false
[B0DJ37SGSG],amzn1.campaign.1G3G865CS5UZW,WONDER FAMILY Ashwagandha Complex — 31% Commission • Free Sample,WONDER FAMILY,2026-03-10,2026-12-13,31.00%,50000.0,50000.0,76,800,false
[B0DJ37SGSG],amzn1.campaign.X96O19MGH3WC,WONDER FAMILY Ashwagandha Complex — 31% Commission • Free Sample,WONDER FAMILY,2026-03-09,2026-12-13,31.00%,50000.0,50000.0,90,800,false
[B0DJ37SGSG],amzn1.campaign.26DJ2KXXKLEON,WONDER FAMILY Ashwagandha Complex — 31% Commission • Free Sample,WONDER FAMILY,2026-03-08,2026-12-13,31.00%,50000.0,50000.0,81,800,false
[B0DJ37SGSG],amzn1.campaign.3TPUSKNSCTSXV,WONDER FAMILY Ashwagandha Complex — 31% Commission • Free Sample,WONDER FAMILY,2026-03-07,2026-12-13,31.00%,50000.0,50000.0,87,800,false
"[B0FPRG5X2K, B0F67R4JD3, B0DR6B1XWN, B0DM6KGFCK]",amzn1.campaign.1S1GD9KPB3D3M,Moringa with Barry Affiliate Opportunity,Moringa with Barry,2026-03-06,2027-03-03,15.00%,5000.0,5000.0,57,800,false
[B0DJ37SGSG],amzn1.campaign.3MFURX3XMRUS,WONDER FAMILY Ashwagandha Complex — 31% Commission • Free Sample,WONDER FAMILY,2026-03-06,2026-12-13,31.00%,50000.0,50000.0,86,800,false
"[B0FPRG5X2K, B0F67R4JD3, B0DR6B1XWN, B0DM6KGFCK]",amzn1.campaign.2HKKY7J8YUK81,Moringa with Barry Affiliate Opportunity,Moringa with Barry,2026-03-06,2027-03-04,15.00%,5000.0,5000.0,60,800,false
[B0DQTW3VV6],amzn1.campaign.1BJ0C3O64KTCE,WONDER FAMILY Portable Bottle Warmer — 31% Commission • Free Sample,WONDER FAMILY,2026-03-15,2026-12-12,31.00%,50000.0,50000.0,30,800,false
[B0DQTW3VV6],amzn1.campaign.1PSTDCPKO8CIE,WONDER FAMILY Portable Bottle Warmer — 31% Commission • Free Sample,WONDER FAMILY,2026-03-14,2026-12-12,31.00%,50000.0,50000.0,44,800,false
"[B0FPRG5X2K, B0F67R4JD3, B0DR6B1XWN, B0DM6KGFCK]",amzn1.campaign.339IB2AWEW9UW,Moringa with Barry Affiliate Opportunity,Moringa with Barry,2026-03-06,2027-03-05,15.00%,5000.0,5000.0,60,800,false
[B0DQTW3VV6],amzn1.campaign.39ROZLCTOTE58,WONDER FAMILY Portable Bottle Warmer — 31% Commission • Free Sample,WONDER FAMILY,2026-03-13,2026-12-12,31.00%,50000.0,50000.0,49,800,false
[B0DQTW3VV6],amzn1.campaign.E0GMN4RPBA1O,WONDER FAMILY Portable Bottle Warmer — 31% Commission • Free Sample,WONDER FAMILY,2026-03-12,2026-12-12,31.00%,50000.0,50000.0,55,800,false
[B0DQTW3VV6],amzn1.campaign.1MPUH41D8KEK6,WONDER FAMILY Portable Bottle Warmer — 31% Commission • Free Sample,WONDER FAMILY,2026-03-11,2026-12-12,31.00%,50000.0,50000.0,45,800,false
"[B0FPRG5X2K, B0F67R4JD3, B0DR6B1XWN, B0DM6KGFCK]",amzn1.campaign.3IG5C4DKHXQKP,Moringa with Barry Affiliate Opportunity,Moringa with Barry,2026-03-06,2027-03-06,15.00%,5000.0,5000.0,56,800,false
"[B0D5BJKMSV, B0D5BKWXCY, B09N6GJPBJ]",amzn1.campaign.28Q4OIO8IYLER,Elite Jump | Muay Thai 3.0 Weighted Jump Rope for Men & Women,Elite Jumps,2026-03-06,2026-12-31,10.00%,5000.0,4366.64,2,800,false
[B0GQ2L8B83],amzn1.campaign.BJ4SPCMRF34A,B0GQ2L8B83-5,Lamdo,2026-03-10,2026-12-31,12.00%,13000.0,13000.0,90,800,false
[B0DQTW3VV6],amzn1.campaign.2CU6AQEA3X1PK,WONDER FAMILY Portable Bottle Warmer — 31% Commission • Free Sample,WONDER FAMILY,2026-03-10,2026-12-12,31.00%,50000.0,50000.0,47,800,false
[B0DQTW3VV6],amzn1.campaign.13TSOATQH4TKO,WONDER FAMILY Portable Bottle Warmer — 31% Commission • Free Sample,WONDER FAMILY,2026-03-09,2026-12-12,31.00%,50000.0,50000.0,45,800,false
[B0DQTW3VV6],amzn1.campaign.2HMSX8B2XCJR,WONDER FAMILY Portable Bottle Warmer — 31% Commission • Free Sample,WONDER FAMILY,2026-03-08,2026-12-12,31.00%,50000.0,50000.0,50,800,false
[B0GQ2L8B83],amzn1.campaign.1A9EDXWU3WNJZ,B0GQ2L8B83-4,Lamdo,2026-03-09,2026-11-30,10.00%,10000.0,10000.0,90,800,false
[B0DQTW3VV6],amzn1.campaign.1YU55G8WKV43A,WONDER FAMILY Portable Bottle Warmer — 31% Commission • Free Sample,WONDER FAMILY,2026-03-07,2026-12-12,31.00%,50000.0,50000.0,49,800,false
[B0DQTW3VV6],amzn1.campaign.101XWBY27FHTW,WONDER FAMILY Portable Bottle Warmer — 31% Commission • Free Sample,WONDER FAMILY,2026-03-06,2026-12-12,31.00%,50000.0,49989.72,30,800,false
[B0GQ2L8B83],amzn1.campaign.1V5QXLGVOX1FI,B0GQ2L8B83-3,Lamdo,2026-03-08,2026-11-30,15.00%,12000.0,12000.0,58,800,false
[B0GQ2L8B83],amzn1.campaign.3L6P9ZE3C1TSE,B0GQ2L8B83-2,Lamdo,2026-03-07,2026-11-30,10.00%,12000.0,12000.0,91,800,false
[B0GQ2L8B83],amzn1.campaign.10S2D8Q3ERSSQ,B0GQ2L8B83-1,Lamdo,2026-03-06,2026-11-30,15.00%,10000.0,9972.4,49,800,false
"[B093LPTTB9, B09NRVV2LH, B0D5FGZ1N2, B09NRW5SB1, B0F2GGVKMJ, B09NRTSJJK, B0D3JCDGVT, B0FB1Z5LZS]",amzn1.campaign.2MVDYDB317SH8,Aromasong Natural Bed Spray – Calm Nighttime Routine,Aromasong,2026-03-15,2027-03-13,15.00%,1000000.0,1000000.0,30,800,false
"[B093LPTTB9, B09NRVV2LH, B0D5FGZ1N2, B09NRW5SB1, B0F2GGVKMJ, B09NRTSJJK, B0D3JCDGVT, B0FB1Z5LZS]",amzn1.campaign.21AV5EC1GXCQF,Aromasong Sleep Mist – Relaxing Aromatherapy Spray,Aromasong,2026-03-14,2027-03-13,15.00%,1000000.0,1000000.0,32,800,false
"[B093LPTTB9, B09NRVV2LH, B0D5FGZ1N2, B09NRW5SB1, B0F2GGVKMJ, B09NRTSJJK, B0D3JCDGVT, B0FB1Z5LZS]",amzn1.campaign.332P0DDH1V0MQ,Aromasong Botanical Pillow Spray – Natural Bedtime Relaxation,Aromasong,2026-03-13,2027-03-11,15.00%,1000000.0,1000000.0,36,800,false
"[B093LPTTB9, B09NRVV2LH, B0D5FGZ1N2, B09NRW5SB1, B0F2GGVKMJ, B09NRTSJJK, B0D3JCDGVT, B0FB1Z5LZS]",amzn1.campaign.4ANHJM6HA9JP,Aromasong Pillow Spray – Calm Sleep Linen Mist,Aromasong,2026-03-12,2027-03-11,15.00%,1000000.0,1000000.0,44,800,false
[B0D73XYB66],amzn1.campaign.2AU2GZ3LTTGY2,WONDER FAMILY Lash Shampoo Kit — 31% Commission • Free Sample,WONDER FAMILY,2026-03-15,2026-12-13,31.00%,50000.0,50000.0,25,800,false
[B0D73XYB66],amzn1.campaign.ZXUKC0A5CKNB,WONDER FAMILY Lash Shampoo Kit — 31% Commission • Free Sample,WONDER FAMILY,2026-03-14,2026-12-13,31.00%,50000.0,50000.0,48,800,false
[B0D73XYB66],amzn1.campaign.2LP0978I59P7M,WONDER FAMILY Lash Shampoo Kit — 31% Commission • Free Sample,WONDER FAMILY,2026-03-13,2026-12-13,31.00%,50000.0,50000.0,32,800,false
[B0D73XYB66],amzn1.campaign.3LKYE18KW31VB,WONDER FAMILY Lash Shampoo Kit — 31% Commission • Free Sample,WONDER FAMILY,2026-03-12,2026-12-13,31.00%,50000.0,50000.0,40,800,false
[B0D73XYB66],amzn1.campaign.326Y5PQ1Q7TNZ,WONDER FAMILY Lash Shampoo Kit — 31% Commission • Free Sample,WONDER FAMILY,2026-03-11,2026-12-13,31.00%,50000.0,50000.0,32,800,false
"[B093LPTTB9, B09NRVV2LH, B0D5FGZ1N2, B09NRW5SB1, B0F2GGVKMJ, B09NRTSJJK, B0D3JCDGVT, B0FB1Z5LZS]",amzn1.campaign.3AQ62AWKWD32O,Aromasong Natural Pillow Mist – Relaxing Bedtime Routine,Aromasong,2026-03-10,2027-03-08,15.00%,1000000.0,999998.65,38,800,false
[B0D73XYB66],amzn1.campaign.7PCRGSL47FEH,WONDER FAMILY Lash Shampoo Kit — 31% Commission • Free Sample,WONDER FAMILY,2026-03-10,2026-12-13,31.00%,50000.0,50000.0,44,800,false
[B0D73XYB66],amzn1.campaign.C6EJVT7F21L0,WONDER FAMILY Lash Shampoo Kit — 31% Commission • Free Sample,WONDER FAMILY,2026-03-09,2026-12-13,31.00%,50000.0,50000.0,47,800,false
[B0D73XYB66],amzn1.campaign.2V8Z6F8AIN41R,WONDER FAMILY Lash Shampoo Kit — 31% Commission • Free Sample,WONDER FAMILY,2026-03-08,2026-12-13,31.00%,50000.0,50000.0,36,800,false
[B0D73XYB66],amzn1.campaign.30CF461E3X5ZO,WONDER FAMILY Lash Shampoo Kit — 31% Commission • Free Sample,WONDER FAMILY,2026-03-07,2026-12-13,31.00%,50000.0,50000.0,32,800,false
"[B093LPTTB9, B09NRVV2LH, B0D5FGZ1N2, B09NRW5SB1, B0F2GGVKMJ, B09NRTSJJK, B0D3JCDGVT, B0FB1Z5LZS]",amzn1.campaign.3NUN8Q1XO1IUL,Aromasong Essential Oil Pillow Spray – Deep Sleep Support,Aromasong,2026-03-09,2027-03-08,15.00%,1000000.0,1000000.0,40,800,false
[B0D73XYB66],amzn1.campaign.M7S8VMIF9F6T,WONDER FAMILY Lash Shampoo Kit — 31% Commission • Free Sample,WONDER FAMILY,2026-03-06,2026-12-13,31.00%,50000.0,50000.0,47,800,false
"[B093LPTTB9, B09NRVV2LH, B0D5FGZ1N2, B09NRW5SB1, B0F2GGVKMJ, B09NRTSJJK, B0D3JCDGVT, B0FB1Z5LZS]",amzn1.campaign.3OKIPGF27PN16,Aromasong Bedtime Pillow Spray – Calm & Relax Aromatherapy,Aromasong,2026-03-08,2027-03-08,15.00%,1000000.0,1000000.0,41,800,false
"[B0CFYDSK7Q, B0CFYDDQZL, B0CFY9FH4V]",amzn1.campaign.1ZBO5APV5VOMV,WONDER FAMILY 24K Gold Collagen Sheet Mask — 20% Commission • Free Sample,WONDER FAMILY,2026-03-15,2026-12-13,31.00%,50000.0,50000.0,1,800,false
"[B0DGY2G1NT, B0D1K9WK41, B0DGY5RRJV]",amzn1.campaign.2AYVCJPS5O6Y0,CC Busy Books by QUOKKA,QUOKKA,2026-03-06,2027-03-06,10.00%,10000.0,9431.1,7,800,false
"[B0CFYDSK7Q, B0CFYDDQZL, B0CFY9FH4V]",amzn1.campaign.1GNMIFKK18DYD,WONDER FAMILY 24K Gold Collagen Sheet Mask — 20% Commission • Free Sample,WONDER FAMILY,2026-03-14,2026-12-13,31.00%,50000.0,50000.0,13,800,false
"[B093LPTTB9, B09NRVV2LH, B0D5FGZ1N2, B09NRW5SB1, B0F2GGVKMJ, B09NRTSJJK, B0D3JCDGVT, B0FB1Z5LZS]",amzn1.campaign.3ICJUBRQ2SQD4,Aromasong Lavender Pillow Spray – Calming Bedtime Aromatherapy,Aromasong,2026-03-07,2027-03-07,15.00%,1000000.0,1000000.0,41,800,false
"[B0CFYDSK7Q, B0CFYDDQZL, B0CFY9FH4V]",amzn1.campaign.1C5G8TZB7337L,WONDER FAMILY 24K Gold Collagen Sheet Mask — 20% Commission • Free Sample,WONDER FAMILY,2026-03-13,2026-12-13,31.00%,50000.0,50000.0,8,800,false
[B0FP4VG5WH],amzn1.campaign.1MIJMNYZVN4BY,Hair Conditioner for Men and Women Restore Damaged Dry Hair,Hair Labs,2026-03-06,2026-12-31,10.00%,5000.0,4972.27,8,800,false
"[B0CFYDSK7Q, B0CFYDDQZL, B0CFY9FH4V]",amzn1.campaign.ER763R2ZZOML,WONDER FAMILY 24K Gold Collagen Sheet Mask — 20% Commission • Free Sample,WONDER FAMILY,2026-03-12,2026-12-13,31.00%,50000.0,50000.0,28,800,false
"[B0CFYDSK7Q, B0CFYDDQZL, B0CFY9FH4V]",amzn1.campaign.1NAHV8T57PDWX,WONDER FAMILY 24K Gold Collagen Sheet Mask — 20% Commission • Free Sample,WONDER FAMILY,2026-03-11,2026-12-13,31.00%,50000.0,50000.0,16,800,false
"[B0CFYDSK7Q, B0CFYDDQZL, B0CFY9FH4V]",amzn1.campaign.3CS24YZ50FPWY,WONDER FAMILY 24K Gold Collagen Sheet Mask — 20% Commission • Free Sample,WONDER FAMILY,2026-03-10,2026-12-13,31.00%,50000.0,50000.0,17,800,false
"[B0CFYDSK7Q, B0CFYDDQZL, B0CFY9FH4V]",amzn1.campaign.310IWX5VWIDH6,WONDER FAMILY 24K Gold Collagen Sheet Mask — 20% Commission • Free Sample,WONDER FAMILY,2026-03-09,2026-12-13,31.00%,50000.0,50000.0,18,800,false
"[B093LPTTB9, B09NRVV2LH, B0D5FGZ1N2, B09NRW5SB1, B0F2GGVKMJ, B09NRTSJJK, B0D3JCDGVT, B0FB1Z5LZS]",amzn1.campaign.YGM0T8VAZJUX,Aromasong Pillow Spray – Natural Deep Sleep Mist,Aromasong,2026-03-06,2027-03-03,15.00%,1000000.0,999998.65,51,800,false
"[B0CFYDSK7Q, B0CFYDDQZL, B0CFY9FH4V]",amzn1.campaign.1KMAYEWSN0IC2,WONDER FAMILY 24K Gold Collagen Sheet Mask — 20% Commission • Free Sample,WONDER FAMILY,2026-03-08,2026-12-13,31.00%,50000.0,50000.0,18,800,false
"[B0CFYDSK7Q, B0CFYDDQZL, B0CFY9FH4V]",amzn1.campaign.1TOZ7Y7DZ491U,WONDER FAMILY 24K Gold Collagen Sheet Mask — 20% Commission • Free Sample,WONDER FAMILY,2026-03-07,2026-12-13,31.00%,50000.0,50000.0,20,800,false
"[B0CFYDSK7Q, B0CFYDDQZL, B0CFY9FH4V]",amzn1.campaign.1I2VZNBNXJEPX,WONDER FAMILY 24K Gold Collagen Sheet Mask — 20% Commission • Free Sample,WONDER FAMILY,2026-03-06,2026-12-13,31.00%,50000.0,50000.0,16,800,false
"[B0CS3XXJ4B, B0CS6Y8BYQ, B0D4B112C3]",amzn1.campaign.20UOQ4KKKV922,WONDER FAMILY Charcoal Scrub — 31% Commission • Free Sample (7/14/21 Pack),WONDER FAMILY,2026-03-15,2026-12-13,31.00%,50000.0,50000.0,1,800,false
"[B0CS3XXJ4B, B0CS6Y8BYQ, B0D4B112C3]",amzn1.campaign.3LNK90N9JH3VE,WONDER FAMILY Charcoal Scrub — 31% Commission • Free Sample (7/14/21 Pack),WONDER FAMILY,2026-03-14,2026-12-13,31.00%,50000.0,50000.0,18,800,false
"[B0CS3XXJ4B, B0CS6Y8BYQ, B0D4B112C3]",amzn1.campaign.5YWED61HQA68,WONDER FAMILY Charcoal Scrub — 31% Commission • Free Sample (7/14/21 Pack),WONDER FAMILY,2026-03-13,2026-12-13,31.00%,50000.0,50000.0,22,800,false
"[B0CS3XXJ4B, B0CS6Y8BYQ, B0D4B112C3]",amzn1.campaign.W3PMNPQTN79O,WONDER FAMILY Charcoal Scrub — 31% Commission • Free Sample (7/14/21 Pack),WONDER FAMILY,2026-03-12,2026-12-13,31.00%,50000.0,50000.0,27,800,false
"[B0CS3XXJ4B, B0CS6Y8BYQ, B0D4B112C3]",amzn1.campaign.379S5CHQLB7G3,WONDER FAMILY Charcoal Scrub — 31% Commission • Free Sample (7/14/21 Pack),WONDER FAMILY,2026-03-11,2026-12-13,31.00%,50000.0,50000.0,16,800,false
"[B0CS3XXJ4B, B0CS6Y8BYQ, B0D4B112C3]",amzn1.campaign.1V1U1E2PNVKKH,WONDER FAMILY Charcoal Scrub — 31% Commission • Free Sample (7/14/21 Pack),WONDER FAMILY,2026-03-10,2026-12-13,31.00%,50000.0,50000.0,11,800,false
"[B0CS3XXJ4B, B0CS6Y8BYQ, B0D4B112C3]",amzn1.campaign.3OC1JU3FMS5IH,WONDER FAMILY Charcoal Scrub — 31% Commission • Free Sample (7/14/21 Pack),WONDER FAMILY,2026-03-09,2026-12-13,31.00%,50000.0,50000.0,21,800,false
"[B0CS3XXJ4B, B0CS6Y8BYQ, B0D4B112C3]",amzn1.campaign.3MHS3MC5C1EES,WONDER FAMILY Charcoal Scrub — 31% Commission • Free Sample (7/14/21 Pack),WONDER FAMILY,2026-03-08,2026-12-13,31.00%,50000.0,50000.0,23,800,false
"[B0CS3XXJ4B, B0CS6Y8BYQ, B0D4B112C3]",amzn1.campaign.HBBZC7A3FTJ0,WONDER FAMILY Charcoal Scrub — 31% Commission • Free Sample (7/14/21 Pack),WONDER FAMILY,2026-03-07,2026-12-13,31.00%,50000.0,50000.0,28,800,false
"[B0CS3XXJ4B, B0CS6Y8BYQ, B0D4B112C3]",amzn1.campaign.30OK9B51FQXNT,WONDER FAMILY Charcoal Scrub — 31% Commission • Free Sample (7/14/21 Pack),WONDER FAMILY,2026-03-06,2026-12-13,31.00%,50000.0,50000.0,14,800,false
"[B0F48M6WG9, B0F48KJMG5, B0F48M81LP, B0F48MYJPM]",amzn1.campaign.3NS3I88OW9YIC,WONDER FAMILY Recovery Patches — 31% Commission • Free Sample (Multiple Packs),WONDER FAMILY,2026-03-15,2026-12-13,31.00%,50000.0,50000.0,43,800,false
"[B0F48M6WG9, B0F48KJMG5, B0F48M81LP, B0F48MYJPM]",amzn1.campaign.3TDP63GO95O40,WONDER FAMILY Recovery Patches — 31% Commission • Free Sample (Multiple Packs),WONDER FAMILY,2026-03-14,2026-12-13,31.00%,50000.0,50000.0,53,800,false
"[B0F48M6WG9, B0F48KJMG5, B0F48M81LP, B0F48MYJPM]",amzn1.campaign.1TBJQY9HLDPD7,WONDER FAMILY Recovery Patches — 31% Commission • Free Sample (Multiple Packs),WONDER FAMILY,2026-03-13,2026-12-13,31.00%,50000.0,50000.0,48,800,false
"[B0F48M6WG9, B0F48KJMG5, B0F48M81LP, B0F48MYJPM]",amzn1.campaign.FKPGVDRB2H4,WONDER FAMILY Recovery Patches — 31% Commission • Free Sample (Multiple Packs),WONDER FAMILY,2026-03-12,2026-12-13,31.00%,50000.0,50000.0,57,800,false
"[B0F48M6WG9, B0F48KJMG5, B0F48M81LP, B0F48MYJPM]",amzn1.campaign.2SFQEM2XROYJD,WONDER FAMILY Recovery Patches — 31% Commission • Free Sample (Multiple Packs),WONDER FAMILY,2026-03-11,2026-12-13,31.00%,50000.0,50000.0,49,800,false
"[B0F48M6WG9, B0F48KJMG5, B0F48M81LP, B0F48MYJPM]",amzn1.campaign.388XAZM83HS5D,WONDER FAMILY Recovery Patches — 31% Commission • Free Sample (Multiple Packs),WONDER FAMILY,2026-03-10,2026-12-13,31.00%,50000.0,50000.0,52,800,false
"[B0F48M6WG9, B0F48KJMG5, B0F48M81LP, B0F48MYJPM]",amzn1.campaign.1Q6SM0TTYZ90M,WONDER FAMILY Recovery Patches — 31% Commission • Free Sample (Multiple Packs),WONDER FAMILY,2026-03-09,2026-12-13,31.00%,50000.0,50000.0,47,800,false
"[B0F48M6WG9, B0F48KJMG5, B0F48M81LP, B0F48MYJPM]",amzn1.campaign.761HC1B6DWBY,WONDER FAMILY Recovery Patches — 31% Commission • Free Sample (Multiple Packs),WONDER FAMILY,2026-03-08,2026-12-13,31.00%,50000.0,50000.0,59,800,false
"[B0F48M6WG9, B0F48KJMG5, B0F48M81LP, B0F48MYJPM]",amzn1.campaign.34O3MGPBAVLQE,WONDER FAMILY Recovery Patches — 31% Commission • Free Sample (Multiple Packs),WONDER FAMILY,2026-03-07,2026-12-13,31.00%,50000.0,50000.0,50,800,false
"[B0F48M6WG9, B0F48KJMG5, B0F48M81LP, B0F48MYJPM]",amzn1.campaign.DKHF4TAW26VJ,WONDER FAMILY Recovery Patches — 31% Commission • Free Sample (Multiple Packs),WONDER FAMILY,2026-03-06,2026-12-13,31.00%,50000.0,49667.47,50,800,false
[B0DRW1BFP3],amzn1.campaign.11WUW050W13BJ,WONDER FAMILY 3-in-1 Shower Dispenser — 31% Commission • Free Sample,WONDER FAMILY,2026-03-15,2026-12-13,31.00%,50000.0,49996.9,3,800,false
[B0DRW1BFP3],amzn1.campaign.3FCQ2N9AU812Y,WONDER FAMILY 3-in-1 Shower Dispenser — 31% Commission • Free Sample,WONDER FAMILY,2026-03-14,2026-12-13,31.00%,50000.0,50000.0,45,800,false
[B0DRW1BFP3],amzn1.campaign.2JWV9XKZR58V4,WONDER FAMILY 3-in-1 Shower Dispenser — 31% Commission • Free Sample,WONDER FAMILY,2026-03-13,2026-12-13,31.00%,50000.0,50000.0,39,800,false
[B0DRW1BFP3],amzn1.campaign.3PX69U58PACTD,WONDER FAMILY 3-in-1 Shower Dispenser — 31% Commission • Free Sample,WONDER FAMILY,2026-03-11,2026-12-13,31.00%,50000.0,50000.0,51,800,false
[B0DRW1BFP3],amzn1.campaign.1HVNQCHC2IW1I,WONDER FAMILY 3-in-1 Shower Dispenser — 31% Commission • Free Sample,WONDER FAMILY,2026-03-10,2026-12-13,31.00%,50000.0,50000.0,41,800,false
[B0DRW1BFP3],amzn1.campaign.3P3YB7HYCX3AN,WONDER FAMILY 3-in-1 Shower Dispenser — 31% Commission • Free Sample,WONDER FAMILY,2026-03-09,2026-12-13,31.00%,50000.0,50000.0,53,800,false
"[B087V7SXWC, B087V76MCH]",amzn1.campaign.1F5RFW5ML4EHG,🔥 CROSSFIT GAME CHANGER: Wolf Tactical Weight Plates - Premium 20% Commission💎,WOLF TACTICAL,2026-03-06,2027-03-06,20.00%,200000.0,200000.0,44,800,false
[B0DRW1BFP3],amzn1.campaign.158X3FAXWUY2B,WONDER FAMILY 3-in-1 Shower Dispenser — 31% Commission • Free Sample,WONDER FAMILY,2026-03-08,2026-12-13,31.00%,50000.0,50000.0,41,800,false
[B0DRW1BFP3],amzn1.campaign.2L2GCZ2XJBI1J,WONDER FAMILY 3-in-1 Shower Dispenser — 31% Commission • Free Sample,WONDER FAMILY,2026-03-07,2026-12-13,31.00%,50000.0,50000.0,39,800,false
[B0DRW1BFP3],amzn1.campaign.6TDHOE8N3BE6,WONDER FAMILY 3-in-1 Shower Dispenser — 31% Commission • Free Sample,WONDER FAMILY,2026-03-06,2026-12-13,31.00%,50000.0,49984.5,46,800,false
[B0DJR99YB3],amzn1.campaign.2R2EX1VJ7QJF5,WONDER FAMILY Piercing Aftercare Saline Spray — 31% Commission • Free Sample,WONDER FAMILY,2026-03-15,2026-12-13,31.00%,50000.0,50000.0,25,800,false
[B0DJR99YB3],amzn1.campaign.3VNC7X4WZ5H8X,WONDER FAMILY Piercing Aftercare Saline Spray — 31% Commission • Free Sample,WONDER FAMILY,2026-03-14,2026-12-13,31.00%,50000.0,50000.0,46,800,false
[B0DJR99YB3],amzn1.campaign.2E80SM5A39CAF,WONDER FAMILY Piercing Aftercare Saline Spray — 31% Commission • Free Sample,WONDER FAMILY,2026-03-13,2026-12-13,31.00%,50000.0,50000.0,36,800,false
[B0DJR99YB3],amzn1.campaign.LZA5N8GMJK4B,WONDER FAMILY Piercing Aftercare Saline Spray — 31% Commission • Free Sample,WONDER FAMILY,2026-03-12,2026-12-13,31.00%,50000.0,50000.0,53,800,false
[B0DJR99YB3],amzn1.campaign.2QBPKXB4AEOAN,WONDER FAMILY Piercing Aftercare Saline Spray — 31% Commission • Free Sample,WONDER FAMILY,2026-03-11,2026-12-13,31.00%,50000.0,50000.0,41,800,false
"[B087V76MCH, B087V6L9J4]",amzn1.campaign.30V6RI9CFSFTW,"💎 PREMIUM FITNESS PLATES: 2,5K+⭐4.7-Star Reviews - Earn 20% Per Sale 🔥",WOLF TACTICAL,2026-03-06,2027-03-06,20.00%,200000.0,200000.0,52,800,false
[B0DJR99YB3],amzn1.campaign.41GL8B9DX7AZ,WONDER FAMILY Piercing Aftercare Saline Spray — 31% Commission • Free Sample,WONDER FAMILY,2026-03-10,2026-12-13,31.00%,50000.0,50000.0,49,800,false
[B0DJR99YB3],amzn1.campaign.VA0Z9H51A1Y4,WONDER FAMILY Piercing Aftercare Saline Spray — 31% Commission • Free Sample,WONDER FAMILY,2026-03-09,2026-12-13,31.00%,50000.0,50000.0,53,800,false
[B0DJR99YB3],amzn1.campaign.2YWG7DRIMBGI9,WONDER FAMILY Piercing Aftercare Saline Spray — 31% Commission • Free Sample,WONDER FAMILY,2026-03-08,2026-12-13,31.00%,50000.0,50000.0,40,800,false
[B0DJR99YB3],amzn1.campaign.37BWH6PV772VL,WONDER FAMILY Piercing Aftercare Saline Spray — 31% Commission • Free Sample,WONDER FAMILY,2026-03-07,2026-12-13,31.00%,50000.0,50000.0,43,800,false
[B0DJR99YB3],amzn1.campaign.2EN9XP2E9TIM2,WONDER FAMILY Piercing Aftercare Saline Spray — 31% Commission • Free Sample,WONDER FAMILY,2026-03-06,2026-12-13,31.00%,50000.0,50000.0,41,800,false
"[B0FHWPGP79, B0FHWQMKL4, B0FHWBYHM2, B0FHWQ5K8Y]",amzn1.campaign.1SUR4D514D0F2,WONDER FAMILY Padel Racket — 31% Commission • Free Sample (4 Colors),WONDER FAMILY,2026-03-15,2026-12-09,31.00%,50000.0,50000.0,35,800,false
"[B0FHWPGP79, B0FHWQMKL4, B0FHWBYHM2, B0FHWQ5K8Y]",amzn1.campaign.9G8B042EI9IA,WONDER FAMILY Padel Racket — 31% Commission • Free Sample (4 Colors),WONDER FAMILY,2026-03-14,2026-12-09,31.00%,50000.0,50000.0,56,800,false
"[B0FHWPGP79, B0FHWQMKL4, B0FHWBYHM2, B0FHWQ5K8Y]",amzn1.campaign.1I29PAYJNWYO8,WONDER FAMILY Padel Racket — 31% Commission • Free Sample (4 Colors),WONDER FAMILY,2026-03-13,2026-12-09,31.00%,50000.0,50000.0,48,800,false
"[B0FHWPGP79, B0FHWQMKL4, B0FHWBYHM2, B0FHWQ5K8Y]",amzn1.campaign.2P8UJW6TJLUKP,WONDER FAMILY Padel Racket — 31% Commission • Free Sample (4 Colors),WONDER FAMILY,2026-03-12,2026-12-09,31.00%,50000.0,50000.0,49,800,false
"[B0FHWPGP79, B0FHWQMKL4, B0FHWBYHM2, B0FHWQ5K8Y]",amzn1.campaign.2GZQ1A8QG9PRQ,WONDER FAMILY Padel Racket — 31% Commission • Free Sample (4 Colors),WONDER FAMILY,2026-03-11,2026-12-09,31.00%,50000.0,50000.0,50,800,false
"[B0FHWPGP79, B0FHWQMKL4, B0FHWBYHM2, B0FHWQ5K8Y]",amzn1.campaign.2IYOF51OKIHZB,WONDER FAMILY Padel Racket — 31% Commission • Free Sample (4 Colors),WONDER FAMILY,2026-03-10,2026-12-09,31.00%,50000.0,50000.0,52,800,false
"[B0FHWPGP79, B0FHWQMKL4, B0FHWBYHM2, B0FHWQ5K8Y]",amzn1.campaign.34TU6M26XFL2V,WONDER FAMILY Padel Racket — 31% Commission • Free Sample (4 Colors),WONDER FAMILY,2026-03-09,2026-12-09,31.00%,50000.0,50000.0,51,800,false
"[B0FHWPGP79, B0FHWQMKL4, B0FHWBYHM2, B0FHWQ5K8Y]",amzn1.campaign.2PGXQE8ERUMFF,WONDER FAMILY Padel Racket — 31% Commission • Free Sample (4 Colors),WONDER FAMILY,2026-03-08,2026-12-09,31.00%,50000.0,50000.0,51,800,false
"[B0FHWPGP79, B0FHWQMKL4, B0FHWBYHM2, B0FHWQ5K8Y]",amzn1.campaign.15HOH88FZVJC1,WONDER FAMILY Padel Racket — 31% Commission • Free Sample (4 Colors),WONDER FAMILY,2026-03-07,2026-12-09,31.00%,50000.0,50000.0,44,800,false
"[B0FHWPGP79, B0FHWQMKL4, B0FHWBYHM2, B0FHWQ5K8Y]",amzn1.campaign.DWGYX2AE2A9E,WONDER FAMILY Padel Racket — 31% Commission • Free Sample (4 Colors),WONDER FAMILY,2026-03-06,2026-12-09,31.00%,50000.0,50000.0,58,800,false
"[B087V6L9J4, B09SVRY6DJ]",amzn1.campaign.13YI4R4CVO0OH,💰 NO CAP ON EARNINGS: $18-$37 Per Sale - Wolf Tactical Vest Plates 🦾⚡,WOLF TACTICAL,2026-03-06,2027-03-06,20.00%,200000.0,200000.0,46,800,false
"[B0GG7JRWWT, B0GG7L82LL, B0GG7LGNG2, B0GG6TRVK2, B0GG7GM9MV, B0GG76WFNX, B0GG6TZNL8, B0GG78353K, B0GG76Q4GQ, B0GG7FW641, B0GG7G95SP, B0GG789GL6, B0GG7GQ414, B0GG77MTT5, B0GG72VB8W, B0GG7GS16S, B0GG7GHRLV, B0GG7FQ71X, B0GG6V4XHV, B0GG7DXVDJ, B0GG76RQ7P, B0GG7MDCGJ, B0GG7LM6BF, B0GG7LHPBD, B0GG6Q1VFM, B0GG7GR17C, B0GG6Q8FVR, B0GG77VR47, B0GG76RT6C, B0GG76RT67, B0GG731Y3P, B0GG6TSS9M, B0GG72HBDQ, B0GG6TWYF6, B0GG72DZTG, B0GG76P9CB]",amzn1.campaign.2VTN5JYQBCZPP,New Release-Partner With Us & Earn 10% Commission.,Gdfmsc,2026-03-06,2026-10-31,10.00%,5000.0,4818.27,25,800,false
"[B087V7SXWC, B09SVRY6DJ]",amzn1.campaign.3GZOWZRBTTWFR,🏆 EARN $18-$37 PER SALE – Wolf Tactical Weight Vest Plates 🔥💪,WOLF TACTICAL,2026-03-06,2027-03-06,20.00%,200000.0,200000.0,53,800,false
[B0D5YXHCJP],amzn1.campaign.HFESNV815F2M,WONDER FAMILY Choline 500 mg — 31% Commission • Free Sample,WONDER FAMILY,2026-03-15,2026-12-13,31.00%,50000.0,50000.0,48,800,false
[B0D5YXHCJP],amzn1.campaign.23SD0M8ZK6M6G,WONDER FAMILY Choline 500 mg — 31% Commission • Free Sample,WONDER FAMILY,2026-03-14,2026-12-13,31.00%,50000.0,50000.0,48,800,false
[B0D5YXHCJP],amzn1.campaign.W8TJFFOU6B1F,WONDER FAMILY Choline 500 mg — 31% Commission • Free Sample,WONDER FAMILY,2026-03-13,2026-12-13,31.00%,50000.0,50000.0,61,800,false
[B0D5YXHCJP],amzn1.campaign.XCVKP7BTSXCD,WONDER FAMILY Choline 500 mg — 31% Commission • Free Sample,WONDER FAMILY,2026-03-12,2026-12-13,31.00%,50000.0,50000.0,61,800,false
[B0D5YXHCJP],amzn1.campaign.26YG53VU33M9Q,WONDER FAMILY Choline 500 mg — 31% Commission • Free Sample,WONDER FAMILY,2026-03-11,2026-12-13,31.00%,50000.0,50000.0,51,800,false
[B0D5YXHCJP],amzn1.campaign.30KPW319SOJ1L,WONDER FAMILY Choline 500 mg — 31% Commission • Free Sample,WONDER FAMILY,2026-03-10,2026-12-13,31.00%,50000.0,50000.0,53,800,false
[B0D5YXHCJP],amzn1.campaign.31KJQK0I1ASKF,WONDER FAMILY Choline 500 mg — 31% Commission • Free Sample,WONDER FAMILY,2026-03-09,2026-12-13,31.00%,50000.0,50000.0,53,800,false
[B0D5YXHCJP],amzn1.campaign.2PUSPHJORWL8N,WONDER FAMILY Choline 500 mg — 31% Commission • Free Sample,WONDER FAMILY,2026-03-08,2026-12-13,31.00%,50000.0,50000.0,52,800,false
[B0D5YXHCJP],amzn1.campaign.1PLBRBSP19VJ1,WONDER FAMILY Choline 500 mg — 31% Commission • Free Sample,WONDER FAMILY,2026-03-07,2026-12-13,31.00%,50000.0,50000.0,54,800,false
[B0D5YXHCJP],amzn1.campaign.M4AJ3Y9Y64JE,WONDER FAMILY Choline 500 mg — 31% Commission • Free Sample,WONDER FAMILY,2026-03-06,2026-12-13,31.00%,50000.0,50000.0,61,800,false
"[B087V7SXWC, B087V6L9J4]",amzn1.campaign.1C8WPSYX4NOK4,💰 BIG COMMISSION ALERT: $18-$37 Per Sale Wolf Tactical Weight Vest Plates 🔥💪,WOLF TACTICAL,2026-03-06,2027-03-06,20.00%,200000.0,200000.0,48,800,false
"[B0DL8P22J6, B0FPGDB7TY, B0FPGG7K7B, B0DL8Z5RZS, B0FPVZP2YB, B0FPGC59FL, B0FPGCLKZS, B0FPVNM581, B0DHKTRVQ1, B0FPGBLGCQ, B0DG4MQNR2, B0DG4K78XX, B0FPVB1TSY, B0DHKTSBWS, B0FPGDWLX3, B0FPGDHJF3, B0FPXQ51PW, B0FPGCMM4S, B0DG4X2S4J, B0FPVMSTKL, B0FPGF57XX, B0FPVSD1TL, B0FPVTM6J9, B0DL8ZLBWZ, B0FPGC8PCJ, B0FPVWLP99, B0FPW5DS6S, B0FPGFQ623, B0FPGD79Q6, B0FPGCFG32, B0FPG9HGLF, B0FPGB7X7T, B0DG53B9H2, B0DG4HQKZ6, B0DHKW45KX, B0FPGC1DZZ, B0FPGCVSMR]",amzn1.campaign.1PRYMY5IZZXSY,Collaboration Invitation: Create Content for Our Soft Mercerized Wool Shawls,COTHESUMAY,2026-03-06,2027-03-06,15.00%,5000.0,4978.1,28,800,false
[B087V6L9J4],amzn1.campaign.33E3JCJO8KIZZ,🦾 Heavy Duty Steel Vest Plates - Earn 20% Commission with Wolf Tactical 💰,WOLF TACTICAL,2026-03-06,2027-03-06,20.00%,200000.0,200000.0,47,800,false
[B087V7SXWC],amzn1.campaign.1DVQ3Q5WLJ3BX,"⚡ 4 WEIGHT OPTIONS, UNLIMITED EARNINGS: Wolf Tactical Vest Plates - Earn 20% 💰",WOLF TACTICAL,2026-03-06,2027-03-06,20.00%,200000.0,200000.0,46,800,false
[B0DDKQL4ZV],amzn1.campaign.2OLO7EXSKK5UO,WONDER FAMILY Hydrogen Water Bottle — 31% Commission • Free Sample,WONDER FAMILY,2026-03-15,2026-12-13,31.00%,50000.0,50000.0,28,800,false
[B0DDKQL4ZV],amzn1.campaign.2E9SD2ZGO7VHE,WONDER FAMILY Hydrogen Water Bottle — 31% Commission • Free Sample,WONDER FAMILY,2026-03-14,2026-12-13,31.00%,50000.0,50000.0,41,800,false
[B0DDKQL4ZV],amzn1.campaign.3IP20251DBALF,WONDER FAMILY Hydrogen Water Bottle — 31% Commission • Free Sample,WONDER FAMILY,2026-03-13,2026-12-13,31.00%,50000.0,50000.0,49,800,false
[B0DDKQL4ZV],amzn1.campaign.3TQPPWC85BF1K,WONDER FAMILY Hydrogen Water Bottle — 31% Commission • Free Sample,WONDER FAMILY,2026-03-12,2026-12-13,31.00%,50000.0,50000.0,52,800,false
[B0DDKQL4ZV],amzn1.campaign.2JT3X8S26IV5D,WONDER FAMILY Hydrogen Water Bottle — 31% Commission • Free Sample,WONDER FAMILY,2026-03-11,2026-12-13,31.00%,50000.0,50000.0,42,800,false
[B0DDKQL4ZV],amzn1.campaign.1GXA7HJB51I64,WONDER FAMILY Hydrogen Water Bottle — 31% Commission • Free Sample,WONDER FAMILY,2026-03-10,2026-12-13,31.00%,50000.0,50000.0,41,800,false
"[B0FCTPRBM4, B0FQPCY4Y9, B0FFB67DBS]",amzn1.campaign.125UAGV93FDGQ,100+  monthly sales! 10% commission+B0FQPCY4Y9+Mini acorn lantern+9 MONTHS,stvono,2026-03-06,2026-12-31,10.00%,5000.0,5000.0,30,800,false
[B0DDKQL4ZV],amzn1.campaign.3Y1MQ80WBTQH,WONDER FAMILY Hydrogen Water Bottle — 31% Commission • Free Sample,WONDER FAMILY,2026-03-09,2026-12-13,31.00%,50000.0,50000.0,58,800,false
[B0DDKQL4ZV],amzn1.campaign.WRXPQEHMP4SK,WONDER FAMILY Hydrogen Water Bottle — 31% Commission • Free Sample,WONDER FAMILY,2026-03-08,2026-12-13,31.00%,50000.0,50000.0,57,800,false
[B0DDKQL4ZV],amzn1.campaign.2SXVP32ENWZCR,WONDER FAMILY Hydrogen Water Bottle — 31% Commission • Free Sample,WONDER FAMILY,2026-03-07,2026-12-13,31.00%,50000.0,50000.0,44,800,false
[B0DDKQL4ZV],amzn1.campaign.3TNKKTBXBC88L,WONDER FAMILY Hydrogen Water Bottle — 31% Commission • Free Sample,WONDER FAMILY,2026-03-06,2026-12-13,31.00%,50000.0,50000.0,52,800,false
"[B0GHR1T3LK, B0GHR66RNY, B0GHQGXN6L, B0GHQBR4VW, B0GHQRP367, B0GHQRHSBR, B0GHQTX5CH, B0GHR5DLVJ]",amzn1.campaign.20IJ6YJHGLG1V,Backless Thong Shapewear for Women,anylost,2026-03-06,2026-12-31,15.00%,80000.0,79923.75,3,800,false
"[B087V76MCH, B09SVRY6DJ]",amzn1.campaign.WQHW6TIVTSG1,💪 Built for Those Who Never Settle ⚡20% Commission Wolf Tactical Vest Plates 🔥,WOLF TACTICAL,2026-03-06,2027-03-06,20.00%,200000.0,200000.0,58,800,false
[B0DTTXQXQP],amzn1.campaign.3006U5QBFGBOH,WONDER FAMILY 5-HTP 200 mg — 31% Commission • Free Sample,WONDER FAMILY,2026-03-14,2026-12-11,31.00%,50000.0,50000.0,34,800,false
[B0DTTXQXQP],amzn1.campaign.M9WY0E4DIHK7,WONDER FAMILY 5-HTP 200 mg — 31% Commission • Free Sample,WONDER FAMILY,2026-03-13,2026-12-11,31.00%,50000.0,50000.0,55,800,false
"[B0DZ77SXD7, B0CRLDZ2T2, B0DPKKB6QK, B0CQC66YKB]",amzn1.campaign.WWR1JB0ZJ0DF,100+  monthly sales! 10% commission+B0CRLDZ2T2+Mini keychain flashlight+9 months,stvono,2026-03-06,2026-12-31,10.00%,5000.0,4988.8,20,800,false
[B0DTTXQXQP],amzn1.campaign.2XOSCN04NI96P,WONDER FAMILY 5-HTP 200 mg — 31% Commission • Free Sample,WONDER FAMILY,2026-03-15,2026-12-11,31.00%,50000.0,50000.0,47,800,false
[B0DTTXQXQP],amzn1.campaign.1JTLOURX19B4T,WONDER FAMILY 5-HTP 200 mg — 31% Commission • Free Sample,WONDER FAMILY,2026-03-12,2026-12-11,31.00%,50000.0,50000.0,44,800,false
[B0DTTXQXQP],amzn1.campaign.39JWS1CS0O6SE,WONDER FAMILY 5-HTP 200 mg — 31% Commission • Free Sample,WONDER FAMILY,2026-03-11,2026-12-11,31.00%,50000.0,50000.0,48,800,false
[B0DTTXQXQP],amzn1.campaign.V147YSB3A0ST,WONDER FAMILY 5-HTP 200 mg — 31% Commission • Free Sample,WONDER FAMILY,2026-03-10,2026-12-11,31.00%,50000.0,50000.0,60,800,false
[B0DTTXQXQP],amzn1.campaign.Z4185ZPFCPKS,WONDER FAMILY 5-HTP 200 mg — 31% Commission • Free Sample,WONDER FAMILY,2026-03-09,2026-12-11,31.00%,50000.0,50000.0,60,800,false
[B09SVRY6DJ],amzn1.campaign.1U9KX13BPPEPX,⚡ STEEL PLATE REVOLUTION: Wolf Tactical Creator Takeover 🔥 20% Commission 💪,WOLF TACTICAL,2026-03-06,2027-03-06,20.00%,200000.0,200000.0,48,800,false
[B0DTTXQXQP],amzn1.campaign.46E6IM21ZQ2,WONDER FAMILY 5-HTP 200 mg — 31% Commission • Free Sample,WONDER FAMILY,2026-03-08,2026-12-11,31.00%,50000.0,50000.0,57,800,false
[B0DTTXQXQP],amzn1.campaign.1Y7ROKBHUGS3,WONDER FAMILY 5-HTP 200 mg — 31% Commission • Free Sample,WONDER FAMILY,2026-03-07,2026-12-11,31.00%,50000.0,50000.0,47,800,false
[B0DTTXQXQP],amzn1.campaign.7H9SY19RLHGT,WONDER FAMILY 5-HTP 200 mg — 31% Commission • Free Sample,WONDER FAMILY,2026-03-06,2026-12-11,31.00%,50000.0,49986.98,55,800,false
[B0F1MT18HX],amzn1.campaign.3659IZLVLW4AW,We want to send you our latest [Red light RF beauty device] to feature!,XIAOCHI,2026-03-06,2026-12-31,10.00%,9999.0,9999.0,2,800,false
[B0DJT3N9Q6],amzn1.campaign.2WVIYV2YWT2VZ,WONDER FAMILY Hypochlorous Acid Spray — 31% Commission • Free Sample,WONDER FAMILY,2026-03-15,2026-12-16,31.00%,50000.0,50000.0,9,800,false
[B0DJT3N9Q6],amzn1.campaign.RMYSRBKJRX81,WONDER FAMILY Hypochlorous Acid Spray — 31% Commission • Free Sample,WONDER FAMILY,2026-03-14,2026-12-16,31.00%,50000.0,50000.0,36,800,false
[B0DJT3N9Q6],amzn1.campaign.38EPRQ99XFZA5,WONDER FAMILY Hypochlorous Acid Spray — 31% Commission • Free Sample,WONDER FAMILY,2026-03-13,2026-12-16,31.00%,50000.0,50000.0,26,800,false
[B0DJT3N9Q6],amzn1.campaign.3NMZUA48A88FO,WONDER FAMILY Hypochlorous Acid Spray — 31% Commission • Free Sample,WONDER FAMILY,2026-03-12,2026-12-16,31.00%,50000.0,50000.0,32,800,false
[B0DJT3N9Q6],amzn1.campaign.K6YXMR88DU1B,WONDER FAMILY Hypochlorous Acid Spray — 31% Commission • Free Sample,WONDER FAMILY,2026-03-11,2026-12-16,31.00%,50000.0,50000.0,40,800,false
[B0DJT3N9Q6],amzn1.campaign.32AWXC7O0VZAW,WONDER FAMILY Hypochlorous Acid Spray — 31% Commission • Free Sample,WONDER FAMILY,2026-03-10,2026-12-16,31.00%,50000.0,50000.0,27,800,false
[B0DJT3N9Q6],amzn1.campaign.5KTGUKQIICRB,WONDER FAMILY Hypochlorous Acid Spray — 31% Commission • Free Sample,WONDER FAMILY,2026-03-09,2026-12-16,31.00%,50000.0,50000.0,37,800,false
[B0DJT3N9Q6],amzn1.campaign.30VZ10VVDP2AQ,WONDER FAMILY Hypochlorous Acid Spray — 31% Commission • Free Sample,WONDER FAMILY,2026-03-08,2026-12-16,31.00%,50000.0,50000.0,28,800,false
[B0DJT3N9Q6],amzn1.campaign.11DHORHXZJK2V,WONDER FAMILY Hypochlorous Acid Spray — 31% Commission • Free Sample,WONDER FAMILY,2026-03-07,2026-12-16,31.00%,50000.0,50000.0,23,800,false
[B0DJT3N9Q6],amzn1.campaign.3OOUEYLC7U7ZA,WONDER FAMILY Hypochlorous Acid Spray — 31% Commission • Free Sample,WONDER FAMILY,2026-03-06,2026-12-16,31.00%,50000.0,49965.66,28,800,false
[B087V76MCH],amzn1.campaign.3CKZLLEZOMWSB,🔥 Powder-Coated Steel Vest Plates That Sell – Earn 20% with Wolf Tactical ⚡,WOLF TACTICAL,2026-03-06,2027-03-06,20.00%,200000.0,199983.01,53,800,false
"[B0FY2G1ZVG, B0FY2FQWNN, B0FY2DNSJ1, B0FY2FF1T9, B0FY2FMJ8C, B0FY2JD4TT, B0FY2H8GWB, B0FY2GPVTL, B0FY2FRSK7, B0FY2DFX47, B0FY2GG987, B0FY2FZ4KG, B0FY2GNY86]",amzn1.campaign.1SOLOV92X4Q6J,"Amazon Creator Program - Earn 12% Commission on 24"" x 24"" Peel and Stick Carpet",SNFGWVH,2026-03-06,2027-03-06,12.00%,100000.0,100000.0,26,800,false
"[B0FY2JGKZ3, B0FY2H6GK3, B0FY2JXDC6, B0FY2G8SC3]",amzn1.campaign.30B1J80X9295Y,Amazon Creator Program - 12% Commission on 16-Pack Peel and Stick Carpet Tiles,SNFGWVH,2026-03-06,2027-03-06,12.00%,100000.0,100000.0,43,800,false
"[B0FY2M7PC6, B0FY2KSB5K, B0FY2KKTKY, B0FY2KRVNF, B0FY2Q9FP2, B0FY2L9L48, B0FY2KCR3M, B0FY2LNGZV, B0FY2Q1KMJ, B0FY2KRZF1, B0FY2P3YHN, B0FY2MBL4C, B0FY2M8794, B0FY2J5CV2]",amzn1.campaign.2DMNKMRTIIQ3P,Amazon Creator Program - Earn 12% Commission,SNFGWVH,2026-03-06,2027-03-06,12.00%,100000.0,99890.38,25,800,false
"[B0DTJHJ1VQ, B0DTJFYHPN]",amzn1.campaign.2M31NDRBYQXFP,🧼 SENSITIVE SKIN SOLUTION: Earn 20% on Primal Life Organics Handmade Body Bars✨,Primal Life Organics,2026-03-06,2027-03-06,20.00%,200000.0,200000.0,26,800,false
[B0G4WRM57F],amzn1.campaign.2BD3TZGNPUFNL,POP UP SHOWER TENT,XIXIKANK,2026-03-06,2027-03-06,15.00%,15000.0,14915.85,34,800,false
"[B0C7FRDH3B, B0C7FDHT1C, B0DFRH6WZZ, B0DFRB189M]",amzn1.campaign.W8JNPL7YPS0X,Pro Channel Knives for Citrus Garnishes | Under $25,A Bar Above,2026-03-11,2027-03-10,16.00%,10000.0,10000.0,28,800,false
"[B0G3X1H49Q, B0G3WV4ZV1, B0G3WP8FQD, B0G3WWR9PQ, B0G3WV36N9, B0G3WWHBV1]",amzn1.campaign.U2EH5JIYGAC0,Amazon Creator Program - Earn 12% Commission,SNFGWVH,2026-03-06,2027-03-06,12.00%,100000.0,100000.0,40,800,false
"[B0C79KJNBS, B0C79815VS, B0C78H7YSD, B0C78N35PJ]",amzn1.campaign.LCNWMT2FD7VO,Stainless Steel Citrus Juicer | Pro-Grade Lemon Squeezer,A Bar Above,2026-03-10,2027-03-09,16.00%,10000.0,9985.87,26,800,false
"[B0DTJGWS31, B0DTJHB289, B0DTJJHC9G, B0DTJH6G7B]",amzn1.campaign.2R7U8C55QMIRN,🛁 CLEAN SKIN CHAMPIONS: 20% Commission on Primal Life Organics Body Bar 🫧,Primal Life Organics,2026-03-06,2027-03-06,20.00%,200000.0,200000.0,20,800,false
"[B0G3WWJVQP, B0G3WVX94F, B0G3WZ3DBH, B0G3WWRWJM, B0G3WYK1Y6]",amzn1.campaign.3J0YLCUULMMG8,📣 Amazon Creator Program - Earn 12% Commission 💰,SNFGWVH,2026-03-06,2027-03-06,12.00%,100000.0,100000.0,49,800,false
"[B0FGJ36M7W, B0FGFQQKX2, B0FGGB4NG3, B0FGDP4L7B, B0FGDTF37J, B0FGDKC3Q8]",amzn1.campaign.215QXELPTTOOX,CC QUOKKA Card Games for Kids Ages 4–8,QUOKKA,2026-03-06,2027-03-06,10.00%,10000.0,9927.1,26,800,false
[B0DTJHSV92],amzn1.campaign.1PDRBY8MPL4JA,💚 2-IN-1 HAIR BAR: Organic Shampoo & Conditioner – Earn 20% Commission! 🌿,Primal Life Organics,2026-03-06,2027-03-06,20.00%,200000.0,200000.0,15,800,false
"[B0FY43FXVL, B0FY3J3WP8, B0FY46LV8B]",amzn1.campaign.3ENG92EW0R99F,Countertop Washer & Dryer – Video Review Campaign,NORTH BLOOM,2026-03-06,2026-09-30,15.00%,5000.0,4851.34,17,800,false
[B0G59LVG6T],amzn1.campaign.ZRD3KN334DHW,Kids Video Walkie Talkies (No WiFi/No SIM) | 2-Pack Blue+Pink,SwiftWi,2026-03-06,2027-03-06,20.00%,99999.0,99937.98,25,800,false
"[B0GJLKPW45, B0DXBB2HLY, B0DWKMLGNP]",amzn1.campaign.39EWLY3M4DDH6,Dryer Ball-206.3.4,YINAJEW,2026-03-06,2027-02-28,10.00%,5000.0,4964.38,33,800,false
"[B0GJMW2YK4, B0GJN553WT, B0GJMX1Q4B, B0GL55JVP9, B0GL43D7KH, B0GJMZS7L8, B0GL4LQQGK, B0GJN8MVM3, B0GJMSK1P6, B0GL4LKGDM]",amzn1.campaign.2JSHAS5G8T46D,Classic Baseball Cap-226.3.4,YINAJEW,2026-03-06,2027-01-31,10.00%,5000.0,5000.0,61,800,false
"[B0GJ6P42V8, B0GJ6YXFVL]",amzn1.campaign.315Z3TZ9RPV6M,Innovative Gate Handle – Free Samples + 10% Commission,BaiNong,2026-03-07,2027-03-06,10.00%,10000.0,9989.6,36,800,false
[B0G452153M],amzn1.campaign.9RZN9CR3CV9D,We want to send you our latest [Double Chin Machine] to feature!,Dyews,2026-03-06,2026-12-31,10.00%,9999.0,9929.54,17,800,false
[B0F76CY63H],amzn1.campaign.12ER0NO28TGL0,Perfect Pour – Godinger Dublin Whiskey Decanter,Godinger,2026-03-06,2026-12-31,10.00%,100000.0,99991.03,0,800,false
"[B0CGRQGCQ8, B0C5N654X2, B08DL3WVKT, B0C5N7HHVN]",amzn1.campaign.3BM3LPKGOE9BL,CC Who Knows It Better by QUOKKA,QUOKKA,2026-03-06,2027-03-06,10.00%,10000.0,9692.3,13,800,false
[B0G45KR3WV],amzn1.campaign.29196IUA487OA,Vintage Pour – Godinger Glass Pitcher Set (2‑Pack),Godinger,2026-03-06,2026-11-30,10.00%,100000.0,99856.0,0,800,false
"[B0F1Y5LN9W, B0F1XZQDZY, B0F7R4SNKL, B0F1Y7SL44, B0DPJ8YZS8, B0F1Y6N32Y, B0DPJ7M58H, B0DPJ87PYL, B0DPJ6KBQT, B0DPJ7CGTC, B0F1Y5P1CL, B0F1Y56TBV, B0DPJ6Y41R, B0DPJ6FHDG, B0F1Y4XQD9, B0F1Y5KKKQ, B0F1Y548PV, B0F1Y5994Y, B0F1YJVGY7, B0F1Y5FYKK, B0F1Y4F1YR, B0DPJ8GH6K, B0F1Y5ZT9P, B0DPJ8MLG8, B0F1Y6N189, B0F1YKMM8B, B0F1Y5CB41, B0F1YDT8S7, B0F1Y82KGH, B0F1Y5JWJY, B0DPJ82J76, B0F1Y4T4TL, B0F1Y4FZRL, B0DPJ7X8HX, B0F1Y6BP2B, B0F1Y4T4VH, B0DPJ6X4W8, B0F1Y5HXZ3, B0F1YJZDKC, B0F1Y789XG, B0F1Y54P7K, B0DPJ7SGX2, B0F1Y51QSV, B0F1Y2DLXR, B0DPJ6TW9G, B0F1Y73ZJH, B0F1Y5XCWW, B0F1Y7249Y]",amzn1.campaign.2ZGR3RZY71WPZ,Car Lift Support Shocks Struts for Hood/Hatch/Rear Window/$18-$24/10% Commission,TIKMAX,2026-03-06,2027-03-06,10.00%,5000.0,4910.04,40,800,false
"[B09N59CG3H, B09NF12L1T, B09N5794YV, B09N55R99Z, B09N586T2Y, B09NDZQCG3, B09N56RR4F, B09NDY93K3, B09N5HC1XR, B09N5672DB, B09NDZ1GPN, B0CHN7J4NN, B09NF36J5N, B09NDYJ9DB]",amzn1.campaign.185OKU0GDX1WT,Pet Dreams Dog Bunmper,Pet Dreams,2026-03-06,2027-03-06,15.00%,50000.0,50000.0,26,800,false
[B0G5NB69FJ],amzn1.campaign.P8P6X8RJBZGP,"Restore Your Water Softener! High-Perf Nozzle & Venturi Kit for GE, Whirlpool",Titaniarm,2026-03-06,2027-03-06,20.00%,5000.0,5000.0,62,800,false
"[B09ZZJBXM6, B09XJHMP8V, B09ZZPGYDB, B09ZZ7Z183, B09XJJD5RZ, B09ZZGVMCN, B09ZYWVNRW, B0CJVJZHS5, B09ZZCK8BS, B09XJHGXN5, B09ZYVPRLR, B09ZZLXGKC, B09XJHBWKB, B09ZZQ494T, B09XS36WC7, B09XRJWRZF, B09XRFJ7ZX, B09ZZ7XKKQ, B09ZZL56FL, B09XJG8T25, B09ZZLKS9S, B09XRJMXHH]",amzn1.campaign.33UXG1SM9TX9X,Pet Dreams Dog Crate Cover,Pet Dreams,2026-03-06,2027-03-06,15.00%,50000.0,49785.01,16,800,false
"[B0BVFL59CS, B0C5566R85, B0DNVMWXMW, B0C53FDBBF, B0DNVDGKRN, B0BKV7LPGY]",amzn1.campaign.1QEUWEKM0HHX3,TORUTA Patio Rocking Chair Cover,TORUTA,2026-03-06,2027-01-31,10.00%,10000.0,9785.23,29,800,false
[B08Q8D8DRL],amzn1.campaign.2HVAGT2ERDUO0,Innocareer Abs Stimulator - Building muscle anywhere anytime!,Innocareer,2026-03-06,2027-03-06,20.00%,5000.0,4967.0,27,800,false
[B0DZ7ZF13L],amzn1.campaign.2FZCWSRZ1QGY1,We want to send you our latest [Double Chin Machine] to feature!,Ceymodir,2026-03-06,2026-12-31,10.00%,9999.0,9999.0,29,800,false
[B0CS9RJ7YL],amzn1.campaign.1VA5B1746T7WN,Innocareer Abs Stimulator - Tone Your Abs & Achieve Your Fitness Goals,Innocareer,2026-03-06,2027-03-06,20.00%,5000.0,4991.88,28,800,false
"[B0FSSMNJ3Q, B0F44VCM7T, B0FSSD3GVY, B0F44VT824, B0F44HG5NP]",amzn1.campaign.1AQDBYGNM6TM,Creator's Plan,Deerbaba,2026-03-06,2026-11-17,10.00%,10000.0,10000.0,94,800,false
"[B0FSSMNJ3Q, B0F44VCM7T, B0FSSD3GVY, B0F44VT824, B0F44HG5NP]",amzn1.campaign.N1OW3A10R4G2,Creator's Plan,Deerbaba,2026-03-06,2026-11-16,10.00%,10000.0,10000.0,104,800,false
[B0GDKJW6K3],amzn1.campaign.3P49K3PDZMP3I,Knee Massager with Heat - Boost Comfort & Relaxation,Innocareer,2026-03-06,2027-03-06,20.00%,5000.0,4897.6,16,800,false
"[B0FSSMNJ3Q, B0F44VCM7T, B0FSSD3GVY, B0F44VT824, B0F44HG5NP]",amzn1.campaign.LUC87505ADS0,Creator's Plan,Deerbaba,2026-03-06,2026-11-15,10.00%,10000.0,10000.0,104,800,false
"[B0FSSMNJ3Q, B0F44VCM7T, B0FSSD3GVY, B0F44VT824, B0F44HG5NP]",amzn1.campaign.LXC9Q54ZDWXD,Creator's Plan,Deerbaba,2026-03-06,2026-11-14,10.00%,10000.0,10000.0,107,800,false
"[B0FSSMNJ3Q, B0F44VCM7T, B0FSSD3GVY, B0F44VT824, B0F44HG5NP]",amzn1.campaign.1U6IM0ZWUDLY1,Creator's Plan,Deerbaba,2026-03-06,2026-11-13,10.00%,10000.0,10000.0,100,800,false
"[B0FSSMNJ3Q, B0F44VCM7T, B0FSSD3GVY, B0F44VT824, B0F44HG5NP]",amzn1.campaign.3SAM453SCIEOR,Creator's Plan,Deerbaba,2026-03-06,2026-11-12,10.00%,10000.0,9993.2,103,800,false
"[B0FSSMNJ3Q, B0F44VCM7T, B0FSSD3GVY, B0F44VT824, B0F44HG5NP]",amzn1.campaign.5N7C51484EOG,Creator's Plan,Deerbaba,2026-03-06,2026-11-11,10.00%,10000.0,10000.0,108,800,false
[B0FWQWD8YZ],amzn1.campaign.1CMHH2ET9DO1Y,We want to send you our latest [Double Chin Machine] to feature!,Ceymodir,2026-03-06,2026-12-31,10.00%,9999.0,9975.0,28,800,false
"[B0FSSMNJ3Q, B0F44VCM7T, B0FSSD3GVY, B0F44VT824, B0F44HG5NP]",amzn1.campaign.2YPJYRGIG7C1E,Creator's Plan,Deerbaba,2026-03-06,2026-11-10,10.00%,10000.0,10000.0,103,800,false
"[B0FSSMNJ3Q, B0F44VCM7T, B0FSSD3GVY, B0F44VT824, B0F44HG5NP]",amzn1.campaign.1CDY3B9KQ0UGE,Creator's Plan,Deerbaba,2026-03-06,2026-11-09,10.00%,10000.0,10000.0,104,800,false
"[B0FSSMNJ3Q, B0F44VCM7T, B0FSSD3GVY, B0F44VT824, B0F44HG5NP]",amzn1.campaign.28X5KXV0F9BB7,Creator's Plan,Deerbaba,2026-03-06,2026-11-08,10.00%,10000.0,10000.0,104,800,false
"[B0FSSMNJ3Q, B0F44VCM7T, B0FSSD3GVY, B0F44VT824, B0F44HG5NP]",amzn1.campaign.CCA8Z92CZ1ZR,Creator's Plan,Deerbaba,2026-03-06,2026-11-07,10.00%,10000.0,10000.0,108,800,false
"[B0FSSMNJ3Q, B0F44VCM7T, B0FSSD3GVY, B0F44VT824, B0F44HG5NP]",amzn1.campaign.31UQHFRCWE2JH,Creator's Plan,Deerbaba,2026-03-06,2026-11-06,10.00%,10000.0,10000.0,103,800,false
"[B0FSSMNJ3Q, B0F44VCM7T, B0FSSD3GVY, B0F44VT824, B0F44HG5NP]",amzn1.campaign.2I599B8NXDHHG,Creator's Plan,Deerbaba,2026-03-06,2026-11-05,10.00%,10000.0,10000.0,103,800,false
"[B0FSSMNJ3Q, B0F44VCM7T, B0FSSD3GVY, B0F44VT824, B0F44HG5NP]",amzn1.campaign.1J0YAWAVLUO20,Creator's Plan,Deerbaba,2026-03-06,2026-11-04,10.00%,10000.0,10000.0,103,800,false
"[B0FSSMNJ3Q, B0F44VCM7T, B0FSSD3GVY, B0F44VT824, B0F44HG5NP]",amzn1.campaign.2R36S21M4TVD7,Creator's Plan,Deerbaba,2026-03-06,2026-11-03,10.00%,10000.0,10000.0,102,800,false
