ASIN List,Campaign Id,Campaign Name,Brand Name,Campaign Start Date,Campaign End Date,Commission Rate,Campaign Budget,Budget Remaining,Available Slot,Total Slot,Recommended
"[B0GKGGXKR1, B0GKGR7YPD, B0GKGM362Y, B0GKGHQJ1M, B0GKGHVBRN, B0GKGN7DD1, B0GKGKRTJH, B0GKGN1DWR, B0GKGB8JMH, B0GKGPZGD4, B0GKGVWCW4, B0GKGVVQKW, B0GKGMZ6QC]",amzn1.campaign.J0U104J9SGEB,WV-010-009-创作者影响计划-0813-10.6%-03-286,MolyPark,2026-08-21,2026-10-04,10.61%,5003.0,5003.0,134,800,false
"[B0F8GKLQ21, B0BXKJGHL3, B0FGDBCHVH]",amzn1.campaign.1PO1BBDMOXZ2H,Knee shoulder Heating Pad0817,ERHIVORA,2026-08-17,2026-10-17,10.00%,5000.0,4994.6,59,800,false
"[B0GVSF6FPP, B0GVS9WM71]",amzn1.campaign.1WPA4IY4NET5Z,026A/B The Perfect 2-in-1 Bookshelf & Plushie Storage! ⭐⭐⭐⭐⭐,TidyplayCo,2026-08-17,2026-09-16,15.00%,5000.0,5000.0,121,800,false
"[B0CXSQ16T3, B0GV43LKYZ, B0CXNYM7W7, B0DKSNNLTV, B0D53NWBJY, B0CXPQLGT2, B0GV3S6S2K, B0CXPKTF77, B0CXP79HRH, B0CXSQFL4D, B0CXPDVTS9, B0CXS8XQBN, B0DKT1PDSX, B0CXPD3S2J, B0CXPD8XB7, B0CXPMWJXG, B0CXNSZD62, B0CXS62S79, B0CXPD4ZV3, B0GV443SHV, B0CXS42MQ5, B0CXP3837H, B0CXSBST52, B0GV454SBB, B0CXPMWX7J, B0CXNT2QFZ, B0D53N13MC, B0GV42RMB3, B0CXP69D4V, B0DR6XWZXY, B0CXSH8D7G, B0GV3ZP2FP, B0CXSGP5SY, B0GV47S4X5, B0CXNWCSTK, B0CXSH7F2K, B0DKSBWK4Z, B0DKSHV2MQ, B0CXNVXJ84, B0D5D1LT83, B0D53N9WGM, B0CXNYSZC6, B0GV3YJVQK, B0CXS6XML2, B0CXSJ3Q1X, B0GV3WL8DV, B0CXP5GKHT, B0GV3Z2QW4, B0GV3WL5P5, B0CXP69QQ2, B0GV43DPKZ, B0CXNVV27J, B0CXSYDSCZ, B0CXP1FF2L, B0CXP9J2X4, B0GV3WSDHL, B0F7HGVTXG, B0DKSDVDLV, B0GV3PR3DZ, B0CXS77X44, B0CXPN19NS, B0CXP1FF2K, B0GV3SZM2G, B0CXSDJYT4, B0D53VCSLS]",amzn1.campaign.3PKCR3WQCH6LD,BLENCOT 25611218,BLENCOT,2026-08-17,2026-09-30,10.00%,5000.0,4930.48,48,800,false
[B098QK9MDG],amzn1.campaign.1Q0IUMK9H43LU,Potaroma Cat Bliss Campaign(Cat Toys Balls) Earn 15%！Aug17-Oct31,potaroma,2026-08-17,2026-10-31,15.00%,5000.0,5000.0,84,800,false
"[B0GKGGXKR1, B0GKGR7YPD, B0GKGM362Y, B0GKGHQJ1M, B0GKGHVBRN, B0GKGN7DD1, B0GKGKRTJH, B0GKGN1DWR, B0GKGB8JMH, B0GKGPZGD4, B0GKGVWCW4, B0GKGVVQKW, B0GKGMZ6QC]",amzn1.campaign.2HL2G2O17ZSA,WV-010-009-创作者影响计划-0813-10.69%-03-230,MolyPark,2026-08-19,2026-10-04,10.69%,5003.0,5003.0,132,800,false
"[B0F6VG9224, B0FMPZBKRW, B0F6VBQQLN, B0F6VV3NBF, B0F6V77K95, B0F6V79PTL, B0F6TNLQF4, B0F6VG76XJ, B0F6V9TMQR, B0F6VBR9YK, B0FQW9Z8QT, B0FMQ2HDBP, B0FQWF1Z8M, B0F6V7BBV3, B0F6VGYWS1, B0FMQ128QW, B0FMPZPHPH, B0F6V7BM39, B0F6V9D71T, B0FQWRXCVC, B0F6V3NB5J, B0F6V79JCJ, B0FQWKW7N3]",amzn1.campaign.1VS6QLM7YE4CO,Great Deal: Glamaker Denim Bomber Invite 💃 -WYN-M25OW0001,Glamaker,2026-08-18,2026-11-23,10.00%,5000.0,5000.0,103,800,false
"[B0G65D83XH, B0GVCL46SN, B0GVCLQNLZ, B0G64M6M39, B0GVCFQQMB, B0GVCL5PXP, B0G653ZSC3, B0G658X53C, B0GVCLC1YT, B0G6532315, B0GVCYP7WL, B0GVCTDRMT, B0G653FJH2, B0G64RR6M3, B0GVCDMXRS, B0GVCL3JMJ, B0G65252L8, B0G6583R1F, B0GVCM146W, B0G64Z2YQM, B0GVCFVQ4J, B0G65BR2VC, B0G64VYXR2, B0G65C65FT, B0G657LTGY, B0G65CHYXR, B0G65D3QJP, B0G64YD9B7, B0G651PX3H, B0G6551CH5, B0G64TMGPY, B0GVCG64ZH, B0G65DNSST, B0GVCJ444K, B0GVCLQCM7, B0G64L1P1M, B0G657QVNL, B0GVCT3BTG, B0G65CB5DR, B0G65DCRSS, B0G64X29VJ, B0GVCLZDX7, B0G65548D2, B0GVCKCJSX, B0G65HD54K, B0G656M6HN, B0GVDB7FMP, B0GVCGMKB1, B0GVCLFQ7Q, B0G6527G13]",amzn1.campaign.28JXOBO4HYLII,RP6571-halter cocktail dress,Wenrine,2026-08-17,2026-09-30,15.00%,88888.0,88598.95,38,800,false
[B0FH28G4D3],amzn1.campaign.2GC245WPAUTRA,Botslab 3 Channel ACC- 30%,BOTSLAB,2026-08-17,2026-12-31,30.00%,10000.0,9491.8,60,800,false
"[B0H5CQ8XVT, B0H5CM2ZS4, B0H5CDZGDV, B0H5C8M167, B0H5CN9MFF, B0H5C8K9GP, B0H5C7NDDK]",amzn1.campaign.3KPKRGXNK4C1U,4947 new,Durio,2026-08-17,2027-08-17,10.00%,50000.0,49995.16,84,800,false
[B0H9YWNVZC],amzn1.campaign.2SLKCLA3LX8US,3000+ Sales/Month | 10% Commission | 32Gal Deck Box,NUNU LAB,2026-08-17,2026-09-30,10.00%,5000.0,4516.45,75,800,false
"[B0GVSQFF7X, B0GVT31KD1]",amzn1.campaign.2XHL0XO5PYDJQ,025AB-8.06-15%,TidyplayCo,2026-08-17,2026-09-16,15.00%,5000.0,5000.0,120,800,false
"[B0H299KR1J, B0H29D2PT2, B0H299KQZY, B0H7B99C28, B0H7B8PZ39, B0H299F86N, B0H29D4XK4, B0H7BG8DG7, B0H7BCM859, B0H7BKVXB1, B0H7BQ4BJ2]",amzn1.campaign.3OLZIZHAX9ZB5,KYYOS’s Artificial Flowers and Plants 12% commission for Campaign,KYYOS,2026-08-17,2027-08-16,12.00%,8000.0,7992.56,66,800,false
"[B0GKGGXKR1, B0GKGR7YPD, B0GKGM362Y, B0GKGHQJ1M, B0GKGHVBRN, B0GKGN7DD1, B0GKGKRTJH, B0GKGN1DWR, B0GKGB8JMH, B0GKGPZGD4, B0GKGVWCW4, B0GKGVVQKW, B0GKGMZ6QC]",amzn1.campaign.3VWKGRJYZ499B,WV-010-009-创作者影响计划-0813-10.67%-03-200,MolyPark,2026-08-20,2026-10-04,10.67%,5003.0,5003.0,134,800,false
[B0G8DV1V21],amzn1.campaign.3N0ESJLOE8BLV,8.14黑色旋转置物架（20%,TRQWRO,2026-08-17,2027-07-15,20.00%,5000.0,5000.0,119,800,false
"[B0GKS3HWLH, B0GKTK6Q6P, B0GKSR478N, B0GKSP3MXW, B0GKT53FY5, B0GKT59QDG, B0GKS3SD3Y, B0GKRVGQLF, B0GKSJMXJJ, B0GKS81HZW, B0GKT4SD1D, B0GKT21P94, B0GKT1Z68X, B0GKSP6GWK, B0GKSMMV8V, B0GKSMS7ZW, B0GKT16PBL, B0GKSK3RTC, B0GKT9CS3G, B0GKSK1BHG]",amzn1.campaign.31WIQM0FXJCUJ,"PULI Men's Lightweight Golf Shorts, SMBD9 SHT1080",PULI,2026-08-17,2026-09-16,16.95%,5000.0,5000.0,119,800,false
[B0GJ5RDXDW],amzn1.campaign.30KKN66IN829Z,15% Commission! Ride the Revolution🔥 | AYOVOCH Food Dehydrator Machine 18-Tray,Ayovoch,2026-08-17,2026-09-16,15.00%,10000.0,9974.5,90,800,false
"[B0DSVH94WK, B0DM91VNV7]",amzn1.campaign.J0ESDXTC33GW,FRESKO Vacuum Sealer V8-10% Commission,Fresko,2026-08-17,2026-09-17,10.00%,5000.0,4896.0,64,800,false
"[B0C8JJ633S, B0GHFF6VD2, B0H74DNJ3W, B0GHFCV253, B0H74MH5HF, B0CBPR8NVV, B0GHFQQ4VF, B0CBPQT7RC, B0CBPFKF4X, B0F937MVL6, B0GHFW9DJB, B0GHFRH87R, B0H74NJZX1, B0GHFV3LJX, B0CG8C16PF, B0F938ZF4D, B0D4TYSGF3, B0CLLK6986, B0CLLJ2RDR, B0CG8CJ5JM, B0F937SKYG, B0C8JGK3LK, B0GDCTD29D, B0F9379GZK, B0CC1DYCTY, B0CBPFDFWW, B0CDBB5B4V, B0GHFN22DS, B0F937H9F4, B0F939HGM2, B0C8JDBK7T, B0GDDH8DTD, B0GDD73R9L, B0GHFHZY58, B0F937PTDG, B0GHFGZZ7D, B0GHF8JJMW, B0H74MZSM9, B0F936XGSN, B0CJBFW3BZ, B0GHFBTP31, B0CLLFY83V, B0H74PHKRY, B0F9366X3Q, B0F9387X1S, B0C8JG3W48, B0C8JCPBTZ, B0H74WN7PM, B0CBPQ2K71, B0CG8DNVZT, B0CBPSFBMG, B0CG8FPPT2, B0CJBGM6ZF, B0H74QJGDM, B0CG8FJLZ5, B0CC1G2S8J, B0H74PGVYB, B0F936JTLW, B0GHFZPDK5, B0CC1GCJDX, B0H74SCXWV, B0CG8B5Q6W, B0F9372XP6, B0H7516D3J, B0F937MJT1, B0CBPQQ4K4, B0F938HCL9, B0F9366YQT, B0CBPTJG77, B0CBPH2H9Y]",amzn1.campaign.3JKL3XXMQ4WMH,💎 Best Selling - Mechanic & Pro Worker Belt Set - Scratch Resistant,Beltroad,2026-08-17,2026-11-17,15.00%,50000.0,50000.0,106,800,false
"[B09KX438B9, B0B5K6V3X2]",amzn1.campaign.P8JPI8G6QRE,Potaroma Campaign Raffia grass3 or 6Pack Silvervine Cat ToysEarn 15%！Aug17-Oct31,potaroma,2026-08-17,2026-10-31,15.00%,5000.0,4998.95,77,800,false
"[B0GRGYX2Q8, B0GRGYHDKG, B0GRGZF323, B0GRH4T1RM, B0GRH6FJC8, B0GRGXVWTY, B0GRH6G4JY, B0GRGWHWZZ, B0GRH6C1QY, B0GRH1YJQP, B0GRH697SG, B0GRH1RC1Q, B0GRH4FRFC, B0GRGSZ2V2, B0GRH1STMR, B0GRH4FXQN, B0GRGTC1GK, B0GRGZ1KK1, B0GRGW35W2, B0GRH2DRXY, B0GRGWVNVL, B0GRH1MV6N, B0GRH4DFXL, B0GRH1QBZN, B0GRH3HYFY, B0GRGVS4N4, B0GRGXYKZN, B0GRGVRXQT, B0GRH69MQL, B0GRH482TM, B0GRH4PMZ9, B0GRGPWXPF, B0GRGX4JMD, B0GRGYT1H1, B0GRH4H1W4, B0GRH4HBMX, B0GRH47V1D, B0GRH1HTNY, B0GRGWLQGK, B0GRGNPJRH]",amzn1.campaign.3EPOX7M7G40G3,20% Commission on Blazer PR1497,PRETTYGARDEN,2026-08-17,2026-09-16,20.00%,5000.0,3379.99,4,800,false
[B0GNR82QKP],amzn1.campaign.2ZRYDBN39YOBU,8.14白色化妆刷架（20%,TRQWRO,2026-08-17,2027-07-15,20.00%,5000.0,5000.0,110,800,false
"[B0GR5FZXMP, B0GH82TZQQ, B0FXX74QHP, B0H75WDHBH, B0H2S1L3DS, B0H71BMS22, B0H5HN85XG, B0GL14PH6D, B0GKXXYVL8, B0H5HQXYM5, B0GQSZWW3N, B0GH2DV9QV, B0FXZWSVPK, B0FXZTTFRY, B0H5HRWC61, B0GQSN79XB, B0G8KN69ZS, B0H6XN2CTN, B0GGSZ2G78, B0GX7B5YBP, B0G4DXFX1C, B0GQSNF5K9, B0H6XLSBTP, B0H7196Z3D, B0GV4RZTDY, B0GGSS9KZM, B0G4F1VD2X, B0FY1J5NJ6, B0H6XX6SBF, B0FXZXL1G6, B0G92T6WJC, B0G4DVTDQF, B0H2S1WWPK, B0G939HZQ4, B0H6XX4QTT, B0GV4KY6TN, B0GKYN227C, B0GX6QKBHQ, B0FY1H224H, B0H7186HJM, B0H712YT84, B0GV7L6ZZZ, B0G4DW8NNV, B0G4DZR98X, B0GQT1TGT5, B0GGXM7R96, B0GV7GY9T9, B0GQSZH84G, B0H2S4SFLD, B0G4DWVP96, B0G92GTPNL, B0GV7FDP2J, B0GKY69KDM, B0GH8C9K82, B0H2S3RVC9, B0GX6RRJ8C, B0GV7L8BHW, B0GV7Q8KTM, B0H75RMVGX, B0H75XVMJP, B0GXPHFDPQ, B0GV7DC5PZ, B0G8LL6Y3Z, B0H7157K2T, B0H5HXZ2S7, B0G4F1ZCKH, B0G8LBYCJC, B0G3NDYVGX, B0G8LJWQ6J, B0H75X9RLP, B0H6XQS7RX, B0GGSKS3GL, B0FY1FBW43, B0G4DVSWP3, B0H6XRKGHX, B0GH84YRK7]",amzn1.campaign.1YRNH5M3DOLVX,"Bosses Day Halloween Thanksgiving Gifts for Women Men,Christmas Gifts for Boss",EnjoyVita,2026-08-17,2027-02-28,10.00%,5000.0,5000.0,88,800,false
"[B0FCLXWZF4, B0FCLS5S8Z, B0FCLR6XC1, B0FCLRVV47, B0FCLRXLZM, B0FCLXB2L5, B0FZV2JTQN, B0FZV1L7YZ, B0FCLTYDPV, B0FCLR8L6D, B0FCLTPPLT, B0FCLW7HGP, B0FCLXHYWN]",amzn1.campaign.24XYI0XV8SMRG,TETOTE Beveled Frame Mirror | 15% Comm | Free Sample | Multi Sizes & Colors,TETOTE,2026-08-18,2026-10-18,15.00%,10000.0,9922.0,77,800,false
"[B0FPX8GJTS, B0FPX96NQ3, B0FPX9Z3SF, B0FPXBR6CY, B0FPXBB344, B0FPXBF93P, B0FPX9NZJX, B0FPXFH6F6, B0FPX98V18]",amzn1.campaign.33W141KAKCVDI,Earn Big with Our Best-Selling Vaginal Applicator! 16% Commission Awaiting You!​,Zynkique,2026-08-17,2026-10-31,16.00%,5000.0,5000.0,129,800,false
[B0GVT23XY6],amzn1.campaign.1XF572AVCWWH5,Corner Storage - Plushie & Bookshelf-027B-8.07-15%,TidyplayCo,2026-08-17,2026-09-16,15.00%,5000.0,5000.0,114,800,false
"[B0F6VG9224, B0FMPZBKRW, B0F6VBQQLN, B0F6VV3NBF, B0F6V77K95, B0F6V79PTL, B0F6TNLQF4, B0F6VG76XJ, B0F6V9TMQR, B0F6VBR9YK, B0FQW9Z8QT, B0FMQ2HDBP, B0FQWF1Z8M, B0F6V7BBV3, B0F6VGYWS1, B0FMQ128QW, B0FMPZPHPH, B0F6V7BM39, B0F6V9D71T, B0FQWRXCVC, B0F6V3NB5J, B0F6V79JCJ, B0FQWKW7N3]",amzn1.campaign.NSP7YYWK1AYX,Limited Time Deal: Glamaker Denim Jacket Collab 🌟 -WYN-M25OW0001,Glamaker,2026-08-18,2026-11-22,10.00%,5000.0,5000.0,101,800,false
"[B0GMCLQGL4, B0GMCR8ZP2]",amzn1.campaign.2WZ499XW0UGK5,Custom Retractable Banner with Aluminum,WEGA,2026-08-18,2026-09-18,15.00%,5000.0,5000.0,141,800,false
"[B0GKS3HWLH, B0GKTK6Q6P, B0GKSR478N, B0GKSP3MXW, B0GKT53FY5, B0GKT59QDG, B0GKS3SD3Y, B0GKRVGQLF, B0GKSJMXJJ, B0GKS81HZW, B0GKT4SD1D, B0GKT21P94, B0GKT1Z68X, B0GKSP6GWK, B0GKSMMV8V, B0GKSMS7ZW, B0GKT16PBL, B0GKSK3RTC, B0GKT9CS3G, B0GKSK1BHG]",amzn1.campaign.29TKP4UDIEDO0,"PULI Men's Knee Length Golf Shorts, SMBD9 SHT1080",PULI,2026-08-17,2026-09-16,16.96%,5000.0,5000.0,121,800,false
"[B0GMCLQGL4, B0GMCR8ZP2]",amzn1.campaign.1E6AKYPS4QPXA,Custom Retractable Banner with Aluminum,WEGA,2026-08-18,2026-09-17,15.00%,5000.0,5000.0,143,800,false
"[B0GKS3HWLH, B0GKTK6Q6P, B0GKSR478N, B0GKSP3MXW, B0GKT53FY5, B0GKT59QDG, B0GKS3SD3Y, B0GKRVGQLF, B0GKSJMXJJ, B0GKS81HZW, B0GKT4SD1D, B0GKT21P94, B0GKT1Z68X, B0GKSP6GWK, B0GKSMMV8V, B0GKSMS7ZW, B0GKT16PBL, B0GKSK3RTC, B0GKT9CS3G, B0GKSK1BHG]",amzn1.campaign.O1UMMPVKQLR1,"PULI Men's Stretch Golf Shorts, SMBD9 SHT1080",PULI,2026-08-17,2026-09-16,16.97%,5000.0,5000.0,124,800,false
"[B0FL1P252J, B0FL1QRGNP, B0FL1N4B1G, B0FL1SMMH9, B0FL1SJPKS, B0FL1T99Y1, B0FL1TD5QK, B0FL1T7WF8, B0FL1RBMQP, B0FL1SYWHL, B0FL1TLLHR, B0FL1S16DK, B0FL1NF9LW, B0FL1TWHJQ, B0FL1TNQB3, B0FL1N3DXB, B0FL1NDSR9]",amzn1.campaign.192DUXE6P0UCW,"Syringes without Needle, Luer Lock Syringe with Cap 15% Commission Rate",Zynkique,2026-08-17,2026-10-31,15.00%,5000.0,5000.0,130,800,false
[B0GYW8H2WZ],amzn1.campaign.Q9NNTPRO7KRD,Summer Spider Adventure,morsisho,2026-08-17,2027-03-11,15.00%,5000.0,5000.0,128,800,false
"[B0DTHHM71K, B0DTHHGTN4, B0FFH2XQBH, B0DTHJ5VGG, B0DTHJRZLR, B0DTHJDV9Y, B0DTHJG2JL, B0DTHHZC6B]",amzn1.campaign.1350BSCQNUKJ0,10% Commission + 61% OFF Code to Promote Outdoor Hammock with Stand,ANAGOO,2026-08-17,2026-10-31,10.00%,50000.0,49237.3,8,800,false
"[B0GYNNY15N, B0GYNSFFJP, B0GYNKFMSJ, B0GYNQZMHN, B0GYNN3ZRB, B0GYNQRQL9, B0GYNNZBQD, B0GYNNH1HB, B0GYNRRKRS, B0GYNQSYS1]",amzn1.campaign.2BF92Z0KQMM67,💕❤️Stylish Insulated Lunch Bag Women for your follower 5765💕12% Commission,LOVEVOOK,2026-08-17,2026-12-31,12.00%,6888.0,6888.0,55,800,false
"[B0CCP5PF98, B0D5CW3XGC, B0CCP6R167, B0D7HGVTWS, B0D5CT63XY, B0CCP7Z44R, B0CCP5B434, B0C3VND32H, B0C3VNBD1L, B0D4MDDBWY, B0CCP5GPKZ, B0D4MC78S1, B0D7HGRC96, B0D5CV9NMV, B0D5CW2S82, B0CCP3NWTK, B0D7D3TDC9, B0D5CTJFP8, B0CCP6G9D1, B0D4MF7X8R, B0CCP5GKFP, B0D4MBGXWB, B0CCP7C8QX, B0CCP4H5R6, B0CCP51M8K, B0D4MD5SW2, B0D7HGJ7Y9, B0D4MFG9TD, B0CCP57VLY, B0D7HHZ9PQ, B0D4MCZBCX, B0D5CSLMH9, B0D4MCP8ZY, B0D5CRKSVR, B0D7D3SFXM, B0CCP4QNWQ, B0CCP4RHDK, B0C3VN7ZH2, B0D7HD6MPC, B0D7HG575C, B0CCP5RHF1, B0CCP5QV4H, B0D7HJKC1J, B0CCP63D5W, B0D5CTTD7N, B0D4MCVG24, B0D4MD2GQH, B0CCP5M57Q, B0D4MD3K5N, B0C3VLVM1D, B0D4MD9XMZ, B0C3VN5KCC, B0D4MF347Q, B0D4MG6YCH]",amzn1.campaign.1L6QVFKXUSX99,VIMPUNEC Halter A-Line Dress for Wedding Guests | 15% Commission #29,VIMPUNEC,2026-08-17,2026-10-15,15.00%,5000.0,5000.0,99,800,false
"[B08TWV6XYK, B0CQ1V7LNR, B08TWTWX5G, B0CQ1VSQ7V, B0CQ1X8DH5, B08TWSS36F, B0CQ1TKW9R, B0B2DPK31F, B08TWS926V, B08TWSNSK1, B0CQ22YLM8]",amzn1.campaign.CPX68BP9R2O7,Aviator Sunglasses for Men Free Sample 600315S,ZENOTTIC,2026-08-17,2026-09-16,10.00%,9999.0,9999.0,97,800,false
"[B0GKGGXKR1, B0GKGR7YPD, B0GKGM362Y, B0GKGHQJ1M, B0GKGHVBRN, B0GKGN7DD1, B0GKGKRTJH, B0GKGN1DWR, B0GKGB8JMH, B0GKGPZGD4, B0GKGVWCW4, B0GKGVVQKW, B0GKGMZ6QC]",amzn1.campaign.IHN7RMVB29TM,WV-010-009-创作者影响计划-0813-10.67%-03-5775,MolyPark,2026-08-27,2026-10-04,10.67%,5003.0,5003.0,134,800,false
"[B0F6VG9224, B0FMPZBKRW, B0F6VBQQLN, B0F6VV3NBF, B0F6V77K95, B0F6V79PTL, B0F6TNLQF4, B0F6VG76XJ, B0F6V9TMQR, B0F6VBR9YK, B0FQW9Z8QT, B0FMQ2HDBP, B0FQWF1Z8M, B0F6V7BBV3, B0F6VGYWS1, B0FMQ128QW, B0FMPZPHPH, B0F6V7BM39, B0F6V9D71T, B0FQWRXCVC, B0F6V3NB5J, B0F6V79JCJ, B0FQWKW7N3]",amzn1.campaign.2WTK272BPSP0F,HOT Deall: Glamaker Bomber Jacket Collab 🎯 -WYN-M25OW0001,Glamaker,2026-08-18,2026-11-21,10.00%,5000.0,5000.0,102,800,false
"[B0GKS3HWLH, B0GKTK6Q6P, B0GKSR478N, B0GKSP3MXW, B0GKT53FY5, B0GKT59QDG, B0GKS3SD3Y, B0GKRVGQLF, B0GKSJMXJJ, B0GKS81HZW, B0GKT4SD1D, B0GKT21P94, B0GKT1Z68X, B0GKSP6GWK, B0GKSMMV8V, B0GKSMS7ZW, B0GKT16PBL, B0GKSK3RTC, B0GKT9CS3G, B0GKSK1BHG]",amzn1.campaign.30ZEFQKY6DY1K,"PULI Men's Classic Fit Golf Shorts, SMBD9 SHT1080",PULI,2026-08-17,2026-09-16,16.98%,5000.0,5000.0,123,800,false
"[B0HDPL7915, B0HDP778D7, B0HDP953ZK, B0HDP6NC4Q, B0HDP916TY, B0HDPDQ7NM, B0HDP7D4R4, B0HDPG4SF4, B0HDPL5Z8M, B0HDPF4WPG, B0HDPB895G, B0HDP982JM, B0HDP8C3PZ, B0HDPBWXX1, B0HDP7RYBS, B0HDP6H629, B0HDP7KP8T, B0HDPCT7MS, B0HDP4HQGM]",amzn1.campaign.19AHRL4L5MUWR,558-20%,Usaint,2026-08-17,2026-09-30,20.00%,5000.0,5000.0,79,800,false
"[B0G2X2SSG7, B0H45GG39V, B0H45JHNF1, B0G2WVWRBY, B0GS5DNQSZ, B0GKM2VYGJ, B0GKKZYT3C, B0H45J2VVS, B0GKL48V69, B0H45HVFL5, B0G2WVWG4N, B0GKL1PW82, B0GKM6M1TV, B0G2WS6BCC, B0G2WVRZNB, B0GKL7Z6HN, B0GS5F4NGW, B0G2X2W5DK, B0GS58JW6G, B0GS57KGC3, B0G2WP8XBV, B0H45MPP5W, B0G2X55T39, B0H45FYNBX, B0GKLP5CMY, B0GS5542NQ, B0G2WVWLXR, B0G2WS61CR, B0GS593RFB, B0G2WP92QZ, B0H45LPX9Q, B0G2WS5Z6R, B0GKKZXRY6, B0GKM4WV3F, B0G2X55ZNV, B0G2WP8T5M, B0GKL1BF5G, B0H45KZXWC, B0GS51NL7J, B0GKLCQCWV, B0GKL4PGSX, B0G2WP8PBB, B0G2WVWVDQ, B0G2WKRN74, B0G2X7P3YF, B0G2X7R4V3, B0H45KHNH5, B0G2X7P1Z7, B0G2WVW9DF, B0G2WKL947, B0G2X7P1Z4, B0GKL88CM6, B0GKL19FM9, B0G2WKLW72, B0G2WVT74V, B0GS556Y1B, B0H45NZRMB, B0G2X1L4SD, B0H45NFRRP, B0G2X2YS3M, B0G2X1L4SC, B0GS589L37, B0H459Y6HD, B0GS5HKRQF, B0G2WP9SM8, B0G2X8NS5Y, B0GS5HHXVM, B0H45MSGML, B0G2X7VQX6, B0G2WS6CDW, B0GKLTN1P8, B0G2WZ8NZ7, B0GS54XZ7K, B0H45FX87Y, B0G2X7P4Y8, B0G2WSCTT8]",amzn1.campaign.2HRSBU617VQOW,BLENCOT 2728011,BLENCOT,2026-08-17,2026-09-16,10.00%,5000.0,4594.64,49,800,false
"[B0GVM7S351, B0DX1PYVQX]",amzn1.campaign.RH7SX04BPX4P,10% commission | EIZENY Premium Dual-Motor Bill Counter,Eizeny,2026-08-24,2026-11-24,10.00%,5000.0,5000.0,145,800,false
"[B0H4L32C3S, B0H4LHQNGQ, B0H4LM3Z6K, B0H4L6YNDC, B0H4LNR7CY, B0H4L5H9CB, B0H4L8BDD7, B0H4L7LPXJ, B0H4L83147, B0H4LKS27H, B0H4LBQJ1S, B0H4L7JT7Q]",amzn1.campaign.3QXFYMBKTZ1SA,🌸LEVAO Silky Lace Underwear | Soft Full Coverage Comfort | 15% Commission,Levao,2026-08-17,2026-11-17,15.00%,5000.0,4992.8,79,800,false
"[B0G638BJ4M, B0CQLNX9CQ, B0G62TZBMF, B0F5GQZZQ5, B0F5GM32X4, B0F5GHXD35, B0CC22PGMP, B0D1272CT3, B0F5GLY4BK, B0F5GHC1XD, B0CG5FGQJM, B0F5GPZDTW, B0CNJM1K57, B0CHJS2D7Q, B0DY7HK495, B0G634KDPZ, B0G633XM7N, B0G62ZZZ1V, B0G6385HWQ, B0G62CQJLH, B0D12717VQ, B0G62WSHP7, B0CHJNJGMJ, B0G62V8CTR, B0F5GGH61N, B0G62LZHJ4, B0G634G7GJ, B0F5GJXDKC, B0F41VYSQ2, B0G62GS67J, B0G62QJTN9, B0DY7FVKPH, B0CQLQHC8P, B0G62VD985, B0CC2572TK, B0G6221P2Q, B0G634SM3T, B0F5GQN423, B0F5GR3SGG, B0G62H9XTC, B0G62G9868, B0CQLQTQZ3, B0F41JTQGV, B0F5GM1Y7Y, B0F5G9Y5KD, B0CC22XNFD, B0D126S8PY, B0CC23XGPW, B0CC273JSB, B0G62W1R58, B0G63BX297, B0G63872XW, B0CHJSFHSD, B0G62ZDCPV, B0G62C7LT2, B0D126DBJF, B0CC23T5PW, B0CHJTVBXY, B0G62WPCTC, B0D127HPBG, B0CC23YNFS, B0CHJRMRF9, B0G62M56MV, B0G62KL9BJ, B0G62G7NXX, B0CC24SR9F, B0F42JK8B6, B0G638C4R3, B0G631BD97, B0G62PWNS7, B0G62GVFQ9, B0D126DHJX, B0CC23VXK9, B0F42FXZ34, B0D126M5JT, B0G638R29D, B0CC24H1VF, B0CFPQ9HDY, B0G634HJPS, B0CGLZC7FP, B0D1261G4G, B0F5GFK5DH, B0G62BXNPW, B0CFPTLJWB, B0D126HLS3, B0D126ZNDZ, B0D126JZLD, B0CFPVCJCV, B0D1265M8Q, B0F4267G7L, B0G62H22Q2, B0F5G2ZG4N, B0F5GB3XKM, B0CQLQ7XSF, B0G62PV2MM, B0CC25JL8P]",amzn1.campaign.2UR6UV3P1TFKJ,"33g GINGTTO 15% Commission Is So Wild, Even Small Creators Are Cashing In Big",GINGTTO,2026-08-17,2026-10-31,15.00%,5000.0,5000.0,115,800,false
[B0GTPYHHBS],amzn1.campaign.IATLG0D4SFSJ,10% commission | EIZENY advanced mixed counting machine,Eizeny,2026-08-24,2026-11-24,10.00%,5000.0,5000.0,142,800,false
[B0GYW8H2WZ],amzn1.campaign.3NZI9H8F1MAS0,Spider Hero Family Tournament,morsisho,2026-08-17,2027-03-10,15.00%,5000.0,5000.0,129,800,false
[B0CBJLYBSS],amzn1.campaign.2UE43AY9LP7Q3,Ivivis Birthday Gifts for Women,Ivivis,2026-08-17,2026-09-18,10.00%,5000.0,5000.0,124,800,false
"[B0FYW5846V, B0FYW3KTQ4, B0FCDY5M82, B0FCDYNFWH, B0FCDXHJC5, B0FYW8ZZXS, B0FYCGMR87, B0GXZKKG3F, B0FYCL24TZ, B0GXZCXY5B]",amzn1.campaign.1NDV833AT0AC0,JMEXSUSS 4 Pack 50 LED Christmas String Lights for Wreath Christmas Decor,JMEXSUSS,2026-08-17,2027-02-28,10.00%,10000.0,9986.8,82,800,false
"[B0GKGGXKR1, B0GKGR7YPD, B0GKGM362Y, B0GKGHQJ1M, B0GKGHVBRN, B0GKGN7DD1, B0GKGKRTJH, B0GKGN1DWR, B0GKGB8JMH, B0GKGPZGD4, B0GKGVWCW4, B0GKGVVQKW, B0GKGMZ6QC]",amzn1.campaign.1QNWBJ4Q637EV,WV-010-009-创作者影响计划-0813-10.57%-03-5955,MolyPark,2026-08-31,2026-10-04,10.57%,5003.0,5003.0,132,800,false
[B0FHHP1Z3Z],amzn1.campaign.3HRFHJIXB3DHH,RC670-1  White and Gold Plastic Dinnerware Set with a BIG 20% DISCUONT,supernal,2026-08-17,2026-09-16,12.00%,5000.0,4984.64,84,800,false
[B0DHMS7BSL],amzn1.campaign.1R6E2UWF01N5E,Elevate Comfort with Mynt Foldable Back Massager– Let’s Collaborate!,Mynt,2026-08-17,2026-09-30,10.00%,5000.0,4974.0,79,800,false
"[B0GKS3HWLH, B0GKTK6Q6P, B0GKSR478N, B0GKSP3MXW, B0GKT53FY5, B0GKT59QDG, B0GKS3SD3Y, B0GKRVGQLF, B0GKSJMXJJ, B0GKS81HZW, B0GKT4SD1D, B0GKT21P94, B0GKT1Z68X, B0GKSP6GWK, B0GKSMMV8V, B0GKSMS7ZW, B0GKT16PBL, B0GKSK3RTC, B0GKT9CS3G, B0GKSK1BHG]",amzn1.campaign.JU9SHVB9X7OK,"PULI Men's 9.5 Inch Golf Shorts, SMBD9 SHT1080",PULI,2026-08-17,2026-09-16,16.99%,5000.0,5000.0,122,800,false
[B0GTPYHHBS],amzn1.campaign.B9E3K7SX5G1V,10% commission | EIZENY advanced mixed counting machine,Eizeny,2026-08-23,2026-11-23,10.00%,5000.0,5000.0,142,800,false
"[B0GVM7S351, B0DX1PYVQX]",amzn1.campaign.2XW6ZEW274E8K,10% commission | EIZENY Premium Dual-Motor Bill Counter,Eizeny,2026-08-23,2026-11-23,10.00%,5000.0,5000.0,143,800,false
[B0CBJLYBSS],amzn1.campaign.3CC9V1OV01FLM,Ivivis Birthday Gifts for Women,Ivivis,2026-08-17,2026-09-17,10.00%,5000.0,5000.0,128,800,false
"[B0H74N7MN3, B0H74JP3LW, B0H74MJSJN, B0H74LX41N, B0H74VN224, B0H74Q9SRS, B0H74LBVJW, B0H74N57R6, B0H74FP746, B0H74JWZTS, B0H74LY1N8, B0H74LCHK2, B0H74P3J35, B0H74N851G, B0H74NDSN5, B0H74RLXM4]",amzn1.campaign.2MRD6LVNOMI7K,Collaboration Invite｜Women’s Gingham Zip Up Cropped Jacket (10% Commission),Yegthou,2026-08-17,2027-08-17,10.00%,5000.0,4883.8,69,800,false
[B0GYW8H2WZ],amzn1.campaign.2OZP6C8KNVK4F,Backyard Spider Hero Game,morsisho,2026-08-17,2027-03-09,15.00%,5000.0,5000.0,123,800,false
[B08RD9TLJM],amzn1.campaign.1B260E7VQOYVJ,Partnership Opportunity - Replacement Oven Thermistor DG32-00002B,Funmit,2026-08-17,2027-08-17,10.00%,10000.0,9998.0,82,800,false
"[B0GKGGXKR1, B0GKGR7YPD, B0GKGM362Y, B0GKGHQJ1M, B0GKGHVBRN, B0GKGN7DD1, B0GKGKRTJH, B0GKGN1DWR, B0GKGB8JMH, B0GKGPZGD4, B0GKGVWCW4, B0GKGVVQKW, B0GKGMZ6QC]",amzn1.campaign.8F2Z25QQEXYV,WV-010-009-创作者影响计划-0813-10.54%-03-5994,MolyPark,2026-08-17,2026-10-04,10.54%,5003.0,5003.0,134,800,false
[B0GYW8H2WZ],amzn1.campaign.2BXFDP6E70VFU,Dad vs. Kids Spider Challenge,morsisho,2026-08-17,2027-03-08,15.00%,5000.0,5000.0,126,800,false
"[B0GHMG7SRD, B0FRLV7L8K, B0FRLZ21BD, B0FRLJW36K]",amzn1.campaign.25YG1EUZ9F649,A22566,Zwiran,2026-08-17,2026-12-31,15.00%,8000.0,7847.14,64,800,false
"[B0GCLC11SC, B0FHGG6R72, B0DQTPD119, B0DNYNFLKZ, B0GT48VG55, B0DBR3JRD2, B0GJRPCXGM, B0DT3L58R2, B0DPHWQ79Q, B0DBQGMN87, B0DT3SW1Y9, B0DQ39Q389, B0DSBGHKTN, B0FLDCNJ2V, B0DBQKZM7K, B0FLDF14ZP, B0FH1SLHT2, B0DBQKGZFZ, B0DT39QR1S, B0DBR3KRD7, B0DT47GNNN, B0DBQHPQJ2, B0DBQFN8J6, B0DT42FMLW, B0GT4GDJNK, B0DT3N8QGP, B0DT3SMBKC, B0DT3RKYJS, B0DNYPWKMZ, B0GT48XZ4S, B0DT2XMD8P]",amzn1.campaign.9754YNBH52D7,SAVE 100$ Tri Folding Mattress Sofa Bed Floor Chair for Travel RV Camping Guest,GEMBED,2026-08-17,2026-09-27,10.00%,5000.0,4948.97,109,800,false
"[B0FQTN114K, B0FWK49QRW, B0GTZCMR5L, B0FPWWMHXG, B0GSFPG1GD, B0GSFHBGC8, B0FQT9WXLS, B0FQTDK1Q5, B0FQV1NKNP, B0GTZ7D6HF, B0GSFQXL11, B0FPWZ6QYW, B0GTZ8T7GV, B0FPWVPN9J, B0GTZK3838, B0GSFR6PD5, B0FWK3W5WM, B0GTZDZV54, B0GSFDJQVG, B0GSFDD45Y, B0GS4SCGLY, B0FWK348Q9, B0FPWT8ZL1, B0GYRSHZC7, B0FPX2M491, B0GTZ619ZJ, B0GSFRLZGN, B0FQTNYPG2, B0GSF9G7DK, B0FQTWJG1Z, B0FQTP198P, B0FWK6J6P9, B0GSFL3GWF, B0GTZG8WDK, B0FQTH9J7Z, B0FQTTGBZ6, B0GTZBX8XM, B0FQV18QSM, B0FPWQSDTW, B0GR92LWP5, B0FPWR1PMB]",amzn1.campaign.1Q4RYSN1SPEG3,YK1367 8.14,Yeokou,2026-08-17,2026-09-16,12.00%,5000.0,5000.0,109,800,false
"[B0GWPM8N57, B0GWQ5V83V, B0GWPX3691, B0CHW6LW9H, B0CHW9L5KS, B0GWPX58T2, B0CHW8VLGH, B0CHW83RB3, B0CHW6T3L6, B0GWQ3J6W4, B0GWPX5GN2, B0CHW9F6KZ, B0GJDM2CFV, B09SYVYK9M, B07CGB486Q, B0CGM8XD15, B0GWQ3DX6B, B0CHW9W52J, B0CHW7JC7X, B0GWPYL84G, B0GWQ5W2FN, B0CHWCBSGV, B0CHW7S4YV, B0CHWBZYQ2, B07CGB217N, B0CHW9JLZD, B0CHWBPHHP, B0CLD769K7, B0GWPWZYRL, B0GWPX3WF6, B0GJD1X1BH, B07Q27F6MS, B07Q257NS3, B0GJDFDXLW, B0GWQ1Z2LK, B0CLD4RLSL, B0CGM884JS, B0CHW7DFJJ, B07Q1G9ZPG, B0GJDFM4XB, B0GJDCQJ1Q, B0F99R8ZB9, B0GWPWW5VW, B0GJCT73T7, B0CHW9NFMC, B0GJD4P3YY, B09SYVZXS9, B0CHW9CSKY, B0F99SPDDB, B0GJD4GH1F, B07CGBK1G4, B0GJDCXZ4Z, B0GJD3YYS9, B0GWPWPC1B, B0GJDBDJMJ, B0CHW82JM7, B0GWPWJ9XJ, B0CHW8L5DM, B0GWPV35N2, B0GWPX98LM, B0CGM9SB14, B0GWQ6WYZ8, B0GWQ5JVP6, B0CGM8VNHQ, B0CHWBMH6Z, B07PY6NV9M, B0GWPWG74P, B0CHW8Q128, B0GWQ828ZR, B0CHWB3Q62, B07PY6P455, B0GWPPS198, B0GJD4KNJY, B0CGM79X6D, B0CGM83THL]",amzn1.campaign.3EVWAYZPELCME,[WEEK 34] Up to 33% OFF: COOLIFE Weekly Travel Deal Refresh (August 17-23),Coolife,2026-08-17,2026-09-16,10.00%,5000.0,5000.0,29,800,false
[B0GT9L3L38],amzn1.campaign.20E2YRRHKM54B,💰 20% Commission | Peunitory Beef Organ Supplement for Women,Peunitory,2026-08-17,2027-08-17,20.00%,5000.0,5000.0,83,800,false
[B0GQLH178D],amzn1.campaign.3HYOICJGLZPBW,FRESKO Vacuum Sealer V8 NEW-20% Commission,Fresko,2026-08-17,2026-09-17,20.00%,5000.0,4666.97,61,800,false
"[B0GKGGXKR1, B0GKGR7YPD, B0GKGM362Y, B0GKGHQJ1M, B0GKGHVBRN, B0GKGN7DD1, B0GKGKRTJH, B0GKGN1DWR, B0GKGB8JMH, B0GKGPZGD4, B0GKGVWCW4, B0GKGVVQKW, B0GKGMZ6QC]",amzn1.campaign.17I55BGVTFE5Q,WV-010-009-创作者影响计划-0813-10.58%-03-5999,MolyPark,2026-08-27,2026-10-04,10.58%,5003.0,5003.0,130,800,false
"[B0H2DL92GQ, B0H2DJM3D1, B0H2DD1L6P, B0H2DKRB2F, B0H2DBKTGD, B0H2DFP5GB, B0H2DHPWDQ, B0H2DH9H8Z, B0H2DMW4MG, B0H2DDB69F, B0H2DHMKSZ, B0H2DHHM1T, B0H2DG2GSP, B0H2DN441S, B0H2DJJR5C, B0H2DT24QS, B0H2DNZGTW, B0H2DJYTDS, B0H2DK98K7, B0H2DLKNRC, B0H2DN7WY5, B0H2DM9DG4, B0H2DL9RB1, B0H2DL43H6, B0H2DKNF72, B0H2DN71JT, B0H2DGK9XK, B0H2DGKJN2, B0H2DJTB14, B0H2DCT7YL]",amzn1.campaign.2JK7PUVZJD8K6,BLENCOT 25136813,BLENCOT,2026-09-01,2026-10-01,10.00%,5000.0,5000.0,56,800,false
"[B0GZVR5TG7, B0G4ZYNWMQ]",amzn1.campaign.3HZL4RXA07M4P,Elevate Comfort with Mynt Shiatsu Full Back Massager with lumbar & Hip Massage,Mynt,2026-08-17,2026-09-30,10.00%,5000.0,4901.0,71,800,false
"[B0GCLC11SC, B0FHGG6R72, B0DQTPD119, B0DNYNFLKZ, B0GT48VG55, B0DBR3JRD2, B0GJRPCXGM, B0DT3L58R2, B0DPHWQ79Q, B0DBQGMN87, B0DT3SW1Y9, B0DQ39Q389, B0DSBGHKTN, B0FLDCNJ2V, B0DBQKZM7K, B0FLDF14ZP, B0FH1SLHT2, B0DBQKGZFZ, B0DT39QR1S, B0DBR3KRD7, B0DT47GNNN, B0DBQHPQJ2, B0DBQFN8J6, B0DT42FMLW, B0GT4GDJNK, B0DT3N8QGP, B0DT3SMBKC, B0DT3RKYJS, B0DNYPWKMZ, B0GT48XZ4S, B0DT2XMD8P]",amzn1.campaign.1ELFQS897UH5M,SAVE 100$ Tri Folding Mattress Sofa Bed Floor Chair for Travel RV Camping Guest,GEMBED,2026-08-17,2026-09-26,10.00%,5000.0,5000.0,118,800,false
[B0GYW8H2WZ],amzn1.campaign.3TQHGCSKWX0G4,Screen-Free Spider Hero Fun,morsisho,2026-08-17,2027-03-07,15.00%,5000.0,5000.0,128,800,false
[B0BJ6R3G8J],amzn1.campaign.3RQDSGPC46YTD,1K+10%+279838 W10724237 Dryer Heating Element Kit+B0BJ6R3G8J+8.17,Funmit,2026-08-17,2027-08-17,10.00%,10000.0,9979.2,79,800,false
"[B0F6VG9224, B0FMPZBKRW, B0F6VBQQLN, B0F6VV3NBF, B0F6V77K95, B0F6V79PTL, B0F6TNLQF4, B0F6VG76XJ, B0F6V9TMQR, B0F6VBR9YK, B0FQW9Z8QT, B0FMQ2HDBP, B0FQWF1Z8M, B0F6V7BBV3, B0F6VGYWS1, B0FMQ128QW, B0FMPZPHPH, B0F6V7BM39, B0F6V9D71T, B0FQWRXCVC, B0F6V3NB5J, B0F6V79JCJ, B0FQWKW7N3]",amzn1.campaign.1JKJ0NO3P4XH1,Great Deal: Glamaker Denim Bomber Collab 🌈 -WYN-M25OW0001,Glamaker,2026-08-18,2026-11-20,10.00%,5000.0,5000.0,104,800,false
[B0GYW8H2WZ],amzn1.campaign.ZQ0VB0S5NADA,Spider Hero Playdate,morsisho,2026-08-17,2027-03-06,15.00%,5000.0,5000.0,129,800,false
"[B0GCLC11SC, B0FHGG6R72, B0DQTPD119, B0DNYNFLKZ, B0GT48VG55, B0DBR3JRD2, B0GJRPCXGM, B0DT3L58R2, B0DPHWQ79Q, B0DBQGMN87, B0DT3SW1Y9, B0DQ39Q389, B0DSBGHKTN, B0FLDCNJ2V, B0DBQKZM7K, B0FLDF14ZP, B0FH1SLHT2, B0DBQKGZFZ, B0DT39QR1S, B0DBR3KRD7, B0DT47GNNN, B0DBQHPQJ2, B0DBQFN8J6, B0DT42FMLW, B0GT4GDJNK, B0DT3N8QGP, B0DT3SMBKC, B0DT3RKYJS, B0DNYPWKMZ, B0GT48XZ4S, B0DT2XMD8P]",amzn1.campaign.3NZZCVDVXT798,SAVE 100$ Tri Folding Mattress Sofa Bed Floor Chair for Travel RV Camping Guest,GEMBED,2026-08-17,2026-09-25,10.00%,5000.0,5000.0,125,800,false
"[B0H94CKKYZ, B0H4Z5VC2W, B0H94KJN59, B0H9476P3G, B0H949QLMW, B0H94CBGLF, B0H94Y6WXN, B0H94CGWLR, B0H94F3JD9, B0H94SBWS1, B0H4Z8R4GB, B0H94MW4CP, B0H94573HK, B0H949DSZZ, B0H9458HFK, B0GSVMK6XQ, B0H5PHDYFR, B0GWQV4WHR, B0H94K6HV4, B0H45KGV5L, B0H94RJTRG, B0H94GXHPY, B0H946PL4L, B0H45JBNV6, B0H946DPHQ, B0GXDWN55P, B0H94CJL3F, B0H949T6GL, B0H93QRLYV, B0H9472WPC, B0H944N8B9, B0H4Z9RN7D, B0H94966XB, B0H94573HS, B0H949HPMD, B0H947D9FN, B0H267JN11, B0H94BB1KK, B0H261L4B5, B0H26H3X3G, B0H94B4XQC, B0H944DRTL, B0H94C4RQ7, B0H4ZD8KN3, B0H946MS1L, B0H9479PD9, B0H4Z7D45Z, B0H4Z3SYM1, B0H269P7Q1, B0H94WJC85, B0H944DRTP, B0H4ZDFVZ5, B0GSVM3WV1, B0H94N31QY, B0GSVFNVM4, B0H94C94V1, B0H4ZDT7P9, B0H946ZF4Y, B0H94VFHQP, B0H4Z34GK3, B0H94SDX9X, B0H26396G8, B0H947Q6F8, B0H947542H, B0H94C75CZ, B0H94PR8L1, B0H9475DS4, B0H942HRXP, B0H9475PJJ, B0H4ZC8ZJC, B0H94HGKF8, B0H9471HVN, B0H942N5TY, B0H946YHSC, B0H94CDDCM, B0H942HW8F, B0H94C7N3P, B0GSVRY43L, B0H265PH5H, B0H947RHKT, B0H946G5FM, B0H942JVQD, B0H9471LR1, B0H264SQNL, B0GSVLKLRB, B0H94BWZ95, B0H94H1DM1, B0H94CCH4X, B0H949PLSD, B0H94H9MFZ, B0H5PR2J44, B0H9456ZM2, B0H942JRHQ, B0H4ZDGNZ4, B0H946XSFM, B0H4ZD147M, B0H946V3N4, B0H94FCF9R, B0H9478LD4, B0H948XLX8, B0H9477DG2, B0H94BVRT5, B0GSVNLH4J, B0H262WH8F, B0H4ZD2KC1, B0H949P93X, B0H5PM3N6L, B0H4Z2Z74S, B0H942F9RQ, B0H946YLLZ, B0H4ZKMZQG, B0H4ZF7K2Q, B0H94DQ5QC, B0H5PW3VB3]",amzn1.campaign.71JJ8AGVTX2,Modern Washable NonSlip Rug Creator Promo-2026/08/14,BESBLEE,2026-08-17,2026-11-24,10.00%,5000.0,5000.0,138,800,false
[B0GYW8H2WZ],amzn1.campaign.2T8491U5L70L0,Spider Hero Birthday Gift,morsisho,2026-08-17,2027-03-05,15.00%,5000.0,5000.0,127,800,false
"[B0GKGGXKR1, B0GKGR7YPD, B0GKGM362Y, B0GKGHQJ1M, B0GKGHVBRN, B0GKGN7DD1, B0GKGKRTJH, B0GKGN1DWR, B0GKGB8JMH, B0GKGPZGD4, B0GKGVWCW4, B0GKGVVQKW, B0GKGMZ6QC]",amzn1.campaign.1W0HPULIJ3NH1,WV-010-009-创作者影响计划-0813-10.55%-03-55,MolyPark,2026-08-21,2026-10-04,10.55%,5003.0,5003.0,132,800,false
[B0GZNXQWVK],amzn1.campaign.2LP8OZHHA90JT,C-水钻,SOANNY,2026-08-17,2026-09-16,10.00%,5000.0,4981.83,78,800,false
[B0F21G4LVS],amzn1.campaign.1A7HC8GUOVI60,✨EasyAcc 3-Pack Bottle Brush Set | Clean Owala Tumblers & Water Bottles Faster,EasyAcc,2026-08-17,2026-09-30,10.00%,5000.0,4992.0,69,800,false
"[B0FDKM3HN9, B0FDKLB84C, B0FDKLGX2P, B0FDKKCG64, B0FDKLPC39, B0FDKM69R4, B0FDKLDJCV, B0FDKL9WRT, B0FDKMC1LJ, B0FDKJBVL1]",amzn1.campaign.IG9NHJII5I88,HL066Halloween Nurse Shirt for Women Halloween Hocus Poke-Us Ghost Graphic Shirt,hohololo,2026-08-17,2026-10-31,10.00%,5000.0,4997.12,81,800,false
"[B0GWCWZFRR, B0GC3C5T4C, B0GWD84X1D, B0GC59D3K7, B0GC4PF3L4, B0GWD5WXN3, B0GWD84WZJ, B0GWCY8N4L, B0GC4J1DBD, B0GWD9RRGV, B0GK6HV9WR, B0GC4ZD6WZ, B0GC5N6Q4Y, B0GC4JXFRB, B0GC58J82F, B0GK6NGM51, B0GC3XMV5J, B0GWD4GJNK, B0GC2GLL4V, B0GC269V41, B0H6X8CBLP, B0GWD1R5R2, B0GC2HLK99, B0GC34ZL1N, B0GC2YQBK2, B0GWCZM4V6, B0GC4Q8FD3, B0GK61S6VP, B0GC3H7P3N, B0GC3H5QXR, B0GC5YMJR9, B0GWDF5R9P, B0GWDDNZX7, B0GC3ZDHR8, B0GC4FC6CR, B0GC2LYL6Q, B0GK6WRBHW, B0GC343VZ2, B0GC4QBN29, B0GC4Z6XT9, B0GC3TWD91, B0GWD8XMPP, B0GC51SVH7, B0GC34V27H, B0GC3TWD8W]",amzn1.campaign.1M659B0MLMAQ6,YK1713-8.14,Yeokou,2026-08-17,2026-09-16,12.00%,5000.0,4996.55,109,800,false
[B0FRMKYXLR],amzn1.campaign.2SOXVV50IW17O,15% Commission! Ride the Revolution🔥 | AYOVOCH Food Dehydrator Machine 18-Tray,Ayovoch,2026-08-17,2026-09-16,15.00%,10000.0,9974.5,89,800,false
"[B0DPDGFZYC, B0DXF8LBY6, B0DPDFZZ8S, B0DPDFS8BT, B0FRFYH82J, B0FRFW5MT4, B0FRF6W7JC, B0DPDFPC8N, B0FRFY7K1S, B0FRFW6N1P, B0FRFY7R86, B0DPDFTGF6, B0F6KP1CXR, B0FRF6T45C, B0DXF6J37S, B0DPDFVRLW, B0FRLSSG93, B0DPDGD78T, B0FRFYC93D, B0DPDG898F, B0DPDFQJ3L, B0DPDFWK41, B0DXF7Q4RT, B0FRFY9R37, B0DXF95Q4N, B0DYCH5ZNF, B0DPDF9J3H, B0DPDG697P, B0FRM1JR55, B0FRFWX5L6, B0FRFYW63C, B0DXF89HDQ, B0DPDFQ1CJ, B0F6KN5FRV, B0DXF6WPCW, B0DXF6BYKS, B0F6KN54WL, B0DXF8VYGM, B0FRFYFP8W, B0FRFVS55Y, B0FRFVSQVC, B0DXF7T76F, B0FRLTBXD1, B0F6KQTMW6, B0FRLVPSJ2, B0DXF88LLV, B0FRFYS6YG, B0DXF88LLT, B0FRFY326T, B0DXF5CT2J, B0FRL8ZMD5, B0FRFZFLNM, B0F6KNWNJJ, B0FRFYJ9QS, B0DXF8M59R, B0DPDGD5GC, B0DPDG6BJB, B0F6KNPKHR, B0FRM7NRN9, B0FRFXYF1J, B0FRFYJXF3, B0FRFW3CTM, B0DXF619FP, B0FRLZF35X, B0FRG4416G, B0DXF8CZ6R, B0DXF82N3B, B0DXF8KXT6, B0DPDG3K68, B0DPDFS45Q, B0DXF79VZN, B0DXF6M62Y, B0FRG42H1S, B0DXF9DK26, B0FRFYLWWB, B0DPDGSYBJ, B0DXF79VK4, B0DPDG4RPY, B0FRLJ2HRJ, B0FRFXH9LD, B0DXF7YK4S, B0FRFSS3F9, B0DXF97GZG, B0DPDGXHRB, B0DPDGYSLS, B0FRFXPQKV, B0FRFXT2K9, B0FRLV5GL4, B0FRFXRGRR, B0DPDFXMQT, B0F6KMX7CD, B0FRLCR5NL, B0DPDFMT6W, B0FRF6SZ6H, B0DPDG6NDH, B0FRF6TJ3Y, B0FRF6S43Q, B0DPDFLNNP, B0FRFY99F2, B0FRG3Q451, B0DPDG1K4W, B0DXF959KC, B0DXF8VP24, B0FRFXRBQT, B0DXF962RV, B0DXF9H19K, B0DXF8RH51, B0DPDGKG13, B0DXF81QBG, B0DPDGZ5GR, B0DXF6WM15, B0DXF7VZJN, B0FRFY6VPM, B0FRLVVG8J, B0FRFXP965, B0FRFX2K6Z, B0DXF79GSJ, B0FRFW4KVQ, B0FRLTG5KL, B0DXF73S3S, B0F6KRLBLF, B0DXF85R7K, B0DPDFJT9D, B0DPDFWJGF, B0FRFZ216T, B0FRFR9FB6, B0DXF8J7JK, B0DYC8R6XH, B0FRM7KBS8, B0DXF89R1C, B0DXF7L9CS, B0DXF7J4XX, B0FRFXXWRJ, B0FRFY1Q66, B0DXF7W5KP, B0DXF8NN3G, B0FRM4XPSJ, B0FRLC2BZ5, B0F6KNBPHW, B0DPDG5GC7, B0FRFYZ42V, B0DXF8FNTS, B0FRF6T9N2, B0FRLMVYPH, B0F6KSZ2P2, B0DPDFYKLK, B0DPDGBRL6, B0FRM734WJ, B0FRL8RFBR, B0DPDG6MN3, B0DPDFW4NS, B0DXF8V23H, B0FRFTCZ9C, B0DXF5XBTJ, B0FRFTCQGY, B0DXF7YPKT, B0DPDG65FH, B0FRG4BF9Y, B0FRF6TPRG, B0DXF9R7N4, B0DXF78WSZ, B0FRFYC5KD, B0FRFV35Y1, B0DPDGRNTB, B0FRL4XZJW, B0FRFZ1XZ4, B0DXF72LGQ, B0DXF7HYP5, B0DPDGWXY7, B0FRFYX3Q2, B0FRFX1GQ8, B0DXF73P48, B0DXF84X4B]",amzn1.campaign.3BVY8G9ARVHZG,J7K163- comfy mini dress,Wenrine,2026-08-17,2026-09-30,12.00%,88888.0,88888.0,43,800,false
[B0GYW8H2WZ],amzn1.campaign.GFNZQD3VTCQT,Mom & Child Spider Toss,morsisho,2026-08-17,2027-03-04,15.00%,5000.0,5000.0,128,800,false
"[B0G4RGKPXT, B0GC5FDRBG]",amzn1.campaign.ITLV6P1NW192,20% Commission USB-C Hub 6-in-1,BINZET,2026-08-17,2026-12-31,20.00%,5000.0,5000.0,85,800,false
[B0GGM2KHL5],amzn1.campaign.AZCH0VMOSW82,P16新品创作者计划-20%佣金+20%CODE-260814,PETUNO,2026-08-17,2026-09-17,20.00%,5050.0,5050.0,113,800,false
"[B0GCLC11SC, B0FHGG6R72, B0DQTPD119, B0DNYNFLKZ, B0GT48VG55, B0DBR3JRD2, B0GJRPCXGM, B0DT3L58R2, B0DPHWQ79Q, B0DBQGMN87, B0DT3SW1Y9, B0DQ39Q389, B0DSBGHKTN, B0FLDCNJ2V, B0DBQKZM7K, B0FLDF14ZP, B0FH1SLHT2, B0DBQKGZFZ, B0DT39QR1S, B0DBR3KRD7, B0DT47GNNN, B0DBQHPQJ2, B0DBQFN8J6, B0DT42FMLW, B0GT4GDJNK, B0DT3N8QGP, B0DT3SMBKC, B0DT3RKYJS, B0DNYPWKMZ, B0GT48XZ4S, B0DT2XMD8P]",amzn1.campaign.3GF7BO0KFYSR2,SAVE 100$ Tri Folding Mattress Sofa Bed Floor Chair for Travel RV Camping Guest,GEMBED,2026-08-17,2026-09-24,10.00%,5000.0,5000.0,129,800,false
"[B0GXDS994W, B0GXF44H3V, B0GXF19D82, B0GYR2GG38, B0GXF2MPQY, B0H7G6YCTZ]",amzn1.campaign.3C7PWD2K5G161,Multi-Color 2x4ft Non-Slip Runner Rug | Amazon Creator & Affiliate Partnership,TTelephant,2026-08-17,2026-09-16,10.00%,5000.0,5000.0,82,800,false
"[B0GWZHHJV8, B0GWZKQLCL, B0GWZHF5VF, B0GWZFSKD7]",amzn1.campaign.7V80LVKYWE8K,"Commomy Peel & Stick, Just Cut & Install in Minutes",Commomy,2026-08-17,2026-12-31,12.00%,5000.0,4996.64,79,800,false
"[B0GWM4KKBW, B0H5B34567, B0GWMFVYC9, B0GWMDP7FZ, B0GSFY5ZYG, B0H7B7W7HD, B0GSFQZ1ZZ, B0H3CDL1Z3, B0GSG85B6B, B0GSG59P42, B0GWMBCFCR, B0H3BTX243, B0GSFY96TY, B0GSFVFFT7, B0GSFVFFT8, B0GQ3QKB31, B0GQ3QBXGD, B0GQ3PKWDH, B0GSFTHQC1, B0H3BY6YMR, B0H3C6H344, B0GWMCCN5S, B0GQ3RK3CN, B0GSFZLSKR, B0GSFGM422, B0H3C7Z9JC]",amzn1.campaign.3A0X3U3E8MRN4,WEGA Custom Table Cloth with Business Logo,WEGA,2026-08-18,2026-09-21,15.00%,5000.0,5000.0,129,800,false
[B0GYW8H2WZ],amzn1.campaign.31EC4Y6STG3Q2,Spider Hero Weekend Adventure,morsisho,2026-08-17,2027-03-03,15.00%,5000.0,5000.0,127,800,false
"[B0GCLC11SC, B0FHGG6R72, B0DQTPD119, B0DNYNFLKZ, B0GT48VG55, B0DBR3JRD2, B0GJRPCXGM, B0DT3L58R2, B0DPHWQ79Q, B0DBQGMN87, B0DT3SW1Y9, B0DQ39Q389, B0DSBGHKTN, B0FLDCNJ2V, B0DBQKZM7K, B0FLDF14ZP, B0FH1SLHT2, B0DBQKGZFZ, B0DT39QR1S, B0DBR3KRD7, B0DT47GNNN, B0DBQHPQJ2, B0DBQFN8J6, B0DT42FMLW, B0GT4GDJNK, B0DT3N8QGP, B0DT3SMBKC, B0DT3RKYJS, B0DNYPWKMZ, B0GT48XZ4S, B0DT2XMD8P]",amzn1.campaign.3O1YMIFSG7NC1,SAVE 100$ Tri Folding Mattress Sofa Bed Floor Chair for Travel RV Camping Guest,GEMBED,2026-08-17,2026-09-23,10.00%,5000.0,5000.0,135,800,false
"[B0GMP5LSM5, B0GMNWSKBM, B0H2VCGJLD, B0GMNNFWBM, B0GMNQYB53, B0GMNG9W9R, B0H2V42GHR, B0H2VHHVGJ, B0H2VD9FTZ, B0H2V89TGD, B0GMN9SD5T, B0GMNG9W9P, B0GMNTQTLP, B0H2V3MJPX, B0H2V9NBNW, B0GMNPYXWB, B0GMN9TRVX, B0GMNT9DQZ, B0GMNMNG4B, B0H2VDCTJY, B0GMNWS4BM, B0H2VBL36G, B0GMNV768H, B0HDRZLSXG, B0H2VCVPDL, B0H2V9SDN7, B0GMNMGZ92, B0GMNQ1WWF, B0H2VG72PM, B0GMP1CDL5, B0H2VHSGHD, B0GMNS1KW3, B0GMN5XZSF, B0GMP4CTZ3, B0H2VFXTMK, B0GMP7TR4Y, B0GMP4527N, B0H2VFNRKK, B0GMN5XDVG, B0GMNWL321, B0GMNNWKQD]",amzn1.campaign.3GGOQITJ3LKF6,BLENCOT 7876544,BLENCOT,2026-09-01,2026-10-01,10.00%,5000.0,4996.0,59,800,false
[B0GYW8H2WZ],amzn1.campaign.12UR162ZOGU81,Little Spider Hero Challenge,morsisho,2026-08-17,2027-03-02,15.00%,5000.0,5000.0,120,800,false
"[B0GH5XBL28, B0GH5XC59X, B0GK1C3CKM, B0GH5ZXXRK, B0GH5SQ46R, B0GWZ8D65X, B0GWZH39R7, B0GK17T3SB, B0GWZ3C6MH, B0GK1CWJV2, B0GH6D27VT, B0GK1CBZL4, B0GH6NVPMS, B0GYRQMN2Q, B0GWZ8DHN4, B0GWZFYJ5P, B0GH6BYPSJ, B0GH6899VR, B0GH6BWS2D, B0GH63VW36, B0GH62NHZ9, B0GWZP5KKC, B0GWZHT993, B0GK1LCP64, B0GH67FLML, B0GH66WG7B, B0GH5X2SNH, B0GWZBJBRL, B0GK1DRVG8, B0GWZBW2GN]",amzn1.campaign.1WOTLCKR0U2TP,DD DEMOISELLE Tube Top with Built in Bra Wireless Bras commission rate 10%,DD DEMOISELLE,2026-08-17,2027-08-17,10.00%,5000.0,5000.0,80,800,false
"[B0GCDP88J9, B0FC1XT955, B0FRYXWDHS, B0F3VN7PHX, B0FJWPNSSK, B0F82V7DQT, B0FC1G8M45, B0GVNTCKV2, B0FQNPK7DC, B0GWD94Z9C, B0FL85DB4W, B0DYTSP2FR, B0F6MLWMVD, B0FJXHHF8X, B0FRLVPXB6, B0FBFM7844, B0FBG2QMKD, B0F32PLY9N, B0FR2Y9TCJ, B0F835WQM6, B0FJ5FKMWS, B0F1MZGRT6, B0DXL2RG52, B0GVNQMGNH, B0F1CCQ7XC, B0FH6KSDKM, B0DXD3NX6C, B0F832WXW5, B0GG2W1YTQ]",amzn1.campaign.1C7IUADWVKZ1Y,I found a super useful quilting rulers,HUIFARI,2026-08-17,2026-12-25,10.00%,5000.0,5000.0,147,800,false
"[B0H94CKKYZ, B0H4Z5VC2W, B0H94KJN59, B0H9476P3G, B0H949QLMW, B0H94CBGLF, B0H94Y6WXN, B0H94CGWLR, B0H94F3JD9, B0H94SBWS1, B0H4Z8R4GB, B0H94MW4CP, B0H94573HK, B0H949DSZZ, B0H9458HFK, B0GSVMK6XQ, B0H5PHDYFR, B0GWQV4WHR, B0H94K6HV4, B0H45KGV5L, B0H94RJTRG, B0H94GXHPY, B0H946PL4L, B0H45JBNV6, B0H946DPHQ, B0GXDWN55P, B0H94CJL3F, B0H949T6GL, B0H93QRLYV, B0H9472WPC, B0H944N8B9, B0H4Z9RN7D, B0H94966XB, B0H94573HS, B0H949HPMD, B0H947D9FN, B0H267JN11, B0H94BB1KK, B0H261L4B5, B0H26H3X3G, B0H94B4XQC, B0H944DRTL, B0H94C4RQ7, B0H4ZD8KN3, B0H946MS1L, B0H9479PD9, B0H4Z7D45Z, B0H4Z3SYM1, B0H269P7Q1, B0H94WJC85, B0H944DRTP, B0H4ZDFVZ5, B0GSVM3WV1, B0H94N31QY, B0GSVFNVM4, B0H94C94V1, B0H4ZDT7P9, B0H946ZF4Y, B0H94VFHQP, B0H4Z34GK3, B0H94SDX9X, B0H26396G8, B0H947Q6F8, B0H947542H, B0H94C75CZ, B0H94PR8L1, B0H9475DS4, B0H942HRXP, B0H9475PJJ, B0H4ZC8ZJC, B0H94HGKF8, B0H9471HVN, B0H942N5TY, B0H946YHSC, B0H94CDDCM, B0H942HW8F, B0H94C7N3P, B0GSVRY43L, B0H265PH5H, B0H947RHKT, B0H946G5FM, B0H942JVQD, B0H9471LR1, B0H264SQNL, B0GSVLKLRB, B0H94BWZ95, B0H94H1DM1, B0H94CCH4X, B0H949PLSD, B0H94H9MFZ, B0H5PR2J44, B0H9456ZM2, B0H942JRHQ, B0H4ZDGNZ4, B0H946XSFM, B0H4ZD147M, B0H946V3N4, B0H94FCF9R, B0H9478LD4, B0H948XLX8, B0H9477DG2, B0H94BVRT5, B0GSVNLH4J, B0H262WH8F, B0H4ZD2KC1, B0H949P93X, B0H5PM3N6L, B0H4Z2Z74S, B0H942F9RQ, B0H946YLLZ, B0H4ZKMZQG, B0H4ZF7K2Q, B0H94DQ5QC, B0H5PW3VB3]",amzn1.campaign.T63650IOY1TP,Modern Washable NonSlip Rug Creator Promo-2026/08/14,BESBLEE,2026-08-17,2026-11-23,10.00%,5000.0,5000.0,137,800,false
[B0GYW8H2WZ],amzn1.campaign.T4FIYSXEOV7P,Spider Toss Family Fun,morsisho,2026-08-17,2027-03-01,15.00%,50000.0,50000.0,125,800,false
"[B0F6VG9224, B0FMPZBKRW, B0F6VBQQLN, B0F6VV3NBF, B0F6V77K95, B0F6V79PTL, B0F6TNLQF4, B0F6VG76XJ, B0F6V9TMQR, B0F6VBR9YK, B0FQW9Z8QT, B0FMQ2HDBP, B0FQWF1Z8M, B0F6V7BBV3, B0F6VGYWS1, B0FMQ128QW, B0FMPZPHPH, B0F6V7BM39, B0F6V9D71T, B0FQWRXCVC, B0F6V3NB5J, B0F6V79JCJ, B0FQWKW7N3]",amzn1.campaign.3F05EABVQDARS,Limited Time Deal: Glamaker Denim Bomber ✨ -WYN-M25OW0001,Glamaker,2026-08-18,2026-11-19,10.00%,5000.0,5000.0,106,800,false
"[B0GCDP88J9, B0FC1XT955, B0FRYXWDHS, B0F3VN7PHX, B0FJWPNSSK, B0F82V7DQT, B0FC1G8M45, B0GVNTCKV2, B0FQNPK7DC, B0GWD94Z9C, B0FL85DB4W, B0DYTSP2FR, B0F6MLWMVD, B0FJXHHF8X, B0FRLVPXB6, B0FBFM7844, B0FBG2QMKD, B0F32PLY9N, B0FR2Y9TCJ, B0F835WQM6, B0FJ5FKMWS, B0F1MZGRT6, B0DXL2RG52, B0GVNQMGNH, B0F1CCQ7XC, B0FH6KSDKM, B0DXD3NX6C, B0F832WXW5, B0GG2W1YTQ]",amzn1.campaign.TI7PP320H5RD,I found a super useful quilting rulers,HUIFARI,2026-08-17,2026-12-26,10.00%,5000.0,5000.0,147,800,false
"[B0GWM4KKBW, B0H5B34567, B0GWMFVYC9, B0GWMDP7FZ, B0GSFY5ZYG, B0H7B7W7HD, B0GSFQZ1ZZ, B0H3CDL1Z3, B0GSG85B6B, B0GSG59P42, B0GWMBCFCR, B0H3BTX243, B0GSFY96TY, B0GSFVFFT7, B0GSFVFFT8, B0GQ3QKB31, B0GQ3QBXGD, B0GQ3PKWDH, B0GSFTHQC1, B0H3BY6YMR, B0H3C6H344, B0GWMCCN5S, B0GQ3RK3CN, B0GSFZLSKR, B0GSFGM422, B0H3C7Z9JC]",amzn1.campaign.3DQ1ONYA1WEF2,WEGA Custom Table Cloth with Business Logo,WEGA,2026-08-18,2026-09-20,15.00%,5000.0,5000.0,141,800,false
"[B0DQ7RZR6M, B0DQ7K9HHB]",amzn1.campaign.1E5YB9NHR13U2,FRESKO Vacuum Sealer V2/V6-10% Commission,Fresko,2026-08-17,2026-09-17,10.00%,5000.0,4720.25,47,800,false
"[B0GWQDF29J, B0DYTYRNW9, B0CBC5JWG4, B0FDG88NM4, B0D4M9N627, B0FDG5NR5F, B0CBC6GCCN, B0GZMXKDTB, B0GZMY3FBY, B0D17QDX4S, B0GZMSC5G1, B0GWQ68X95, B0FDG866BP, B0GWQDGDSS, B0FDG7MFCC, B0FDG52T3D, B0GWQJ1LWC, B0GWQ5RH5R, B0GZMXCH41, B0CBBRGHRR, B0GZMY484C, B0DYV235LQ, B0GWQ8GMFR, B0FDG6BTHB, B0D17H1ND2, B0C5MSL65M, B0GZMPVD7H, B0GWQ1Y4CW, B0DYTMTWT3, B0C5MW39SD, B0D17T6YPQ, B0GWQHJTXZ, B0GZMMZH4D, B0GWQ99X7R, B0C5MVWX8X, B0FDG788SB, B0C5MY93BJ, B0GWQC7ZFH, B0FDG8CZ8N, B0D17HSJGR, B0GWQC2S6S, B0GWQBVBNT, B0D17G2VF3, B0GZN617X8, B0C14T6Y4N, B0FDG7MSBQ, B0GWQ8BDYT, B0GWQ9JF1D, B0GWQJTXSD, B0CYZX9PBJ, B0GZMVCD79, B0C5MSXW9N, B0D17GDNHY, B0GZMVSBCM, B0D17HN7ZT, B0GZMWRMPT, B0D17M6L3X, B0GZMXPC5F, B0D17GSDQF, B0GWQHD7GD, B0GWQBXYM8, B0CSCRLV1Q, B0C5MW556N, B0GWQCRKX2, B0FDG6BQ7B, B0C14TFGF6, B0GZMZZWZ5, B0CBBNVFKP, B0CSCQKXMK, B0CSCGPYSQ, B0FDG5VLF7, B0D17GGJQV, B0DYTY9F32, B0C5MVB833, B0CSD3FYC9, B0GWQ4BWSJ, B0FDG6BMG3, B0CBBNJFWY, B0D17G5QN8, B0D17R7C2X, B0GZMGW65F, B0D17HDC8M, B0GWQ43LRM, B0D17RV6N5, B0DYV4VYJB, B0DYTSCRL8, B0D4MB1T4F, B0GZN39TYJ, B0GZMV1WYH, B0DYVFVVZQ, B0D17JD221, B0GZMP5T67, B0GWQD3TC9, B0FDG62RT2, B0C14QCYVL, B0CBC8VHYX, B0GWQHC42B, B0FDG8NX7X, B0GWQ94MFD, B0D17G9WFW, B0D17RMSTV, B0CBBNSPYG, B0GWQHKRNF, B0DYV85BS1, B0CSCYV13H, B0GWQGL9HL, B0C14R6YBB, B0CBBPTYY5, B0C5MWFVWL, B0GWQ543CY, B0GZN1Y57K, B0C14SL78K, B0GWQFD12V, B0C5MT2LDL, B0GWQJGGTP, B0D17G2VJT, B0D17GJSV4, B0GWQ81WVN, B0CYZZKK6C, B0GZMZ4VB2, B0GWQ9MKNR, B0GZN388WG, B0FDG88TBT, B0D17J9YNR]",amzn1.campaign.2URTN19EOM3KY,VIMPUNEC Off-Shoulder Chiffon Blouse | 12% Commission #34,VIMPUNEC,2026-08-17,2026-10-20,12.00%,5000.0,5000.0,104,800,false
"[B0GCDP88J9, B0FC1XT955, B0FRYXWDHS, B0F3VN7PHX, B0FJWPNSSK, B0F82V7DQT, B0FC1G8M45, B0GVNTCKV2, B0FQNPK7DC, B0GWD94Z9C, B0FL85DB4W, B0DYTSP2FR, B0F6MLWMVD, B0FJXHHF8X, B0FRLVPXB6, B0FBFM7844, B0FBG2QMKD, B0F32PLY9N, B0FR2Y9TCJ, B0F835WQM6, B0FJ5FKMWS, B0F1MZGRT6, B0DXL2RG52, B0GVNQMGNH, B0F1CCQ7XC, B0FH6KSDKM, B0DXD3NX6C, B0F832WXW5, B0GG2W1YTQ]",amzn1.campaign.1CPGLEMCOI0HW,I found a super useful quilting rulers,HUIFARI,2026-08-17,2026-12-27,10.00%,5000.0,5000.0,146,800,false
"[B0GCDP88J9, B0FC1XT955, B0FRYXWDHS, B0F3VN7PHX, B0FJWPNSSK, B0F82V7DQT, B0FC1G8M45, B0GVNTCKV2, B0FQNPK7DC, B0GWD94Z9C, B0FL85DB4W, B0DYTSP2FR, B0F6MLWMVD, B0FJXHHF8X, B0FRLVPXB6, B0FBFM7844, B0FBG2QMKD, B0F32PLY9N, B0FR2Y9TCJ, B0F835WQM6, B0FJ5FKMWS, B0F1MZGRT6, B0DXL2RG52, B0GVNQMGNH, B0F1CCQ7XC, B0FH6KSDKM, B0DXD3NX6C, B0F832WXW5, B0GG2W1YTQ]",amzn1.campaign.3BEVWQMJOIO2R,I found a super useful quilting rulers,HUIFARI,2026-08-17,2026-12-28,10.00%,5000.0,5000.0,144,800,false
[B0H2DFZ8SN],amzn1.campaign.1VU78G5QHQFBF,Upgrade Your Drive with Wireless CarPlay,YREVTM,2026-08-17,2026-09-30,10.00%,50000.0,49896.5,74,800,false
"[B0CT8V6Q61, B0CT8TPX55, B0GTNBK5K7, B0GTNGQSF7, B0CT8TPRV5]",amzn1.campaign.53EAAUA16WSH,Sports Polarized Sunglasses for Men Free Sample ZS3223,ZENOTTIC,2026-08-17,2026-09-16,10.00%,9999.0,9999.0,98,800,false
[B0H448T8WT],amzn1.campaign.15O95STT73UKF,2 in 1 Bikini Trimmer for Women,Hugdew,2026-08-17,2026-10-29,30.00%,5000.0,4969.4,66,800,false
"[B0GCLC11SC, B0FHGG6R72, B0DQTPD119, B0DNYNFLKZ, B0GT48VG55, B0DBR3JRD2, B0GJRPCXGM, B0DT3L58R2, B0DPHWQ79Q, B0DBQGMN87, B0DT3SW1Y9, B0DQ39Q389, B0DSBGHKTN, B0FLDCNJ2V, B0DBQKZM7K, B0FLDF14ZP, B0FH1SLHT2, B0DBQKGZFZ, B0DT39QR1S, B0DBR3KRD7, B0DT47GNNN, B0DBQHPQJ2, B0DBQFN8J6, B0DT42FMLW, B0GT4GDJNK, B0DT3N8QGP, B0DT3SMBKC, B0DT3RKYJS, B0DNYPWKMZ, B0GT48XZ4S, B0DT2XMD8P]",amzn1.campaign.2AP1HKNDOKCMW,SAVE 100$ Tri Folding Mattress Sofa Bed Floor Chair for Travel RV Camping Guest,GEMBED,2026-08-17,2026-09-22,10.00%,5000.0,5000.0,134,800,false
[B0F7QJSHMR],amzn1.campaign.HG2F8AUHXP1M,25% Commission HDMI Switch,BINZET,2026-08-17,2026-12-31,20.00%,5000.0,4960.17,80,800,false
"[B0D87CWH3T, B0D9GFFCJG, B0D87DMXN8, B0D87GS3Q2, B0D87D6PVV, B0FF98R1SJ, B0D87FYM95, B0D81ZPYM4, B0F383XFF1, B0DB1S82S8, B0DHTX6D26, B0D87DNH7F, B0FF4ZF8FL, B0F43G3HXM, B0FF4ZD99P, B0F37ZKH44, B0FF8Y9C3R, B0F37ZYCYY, B0D9GG3T8Y, B0FF956D75, B0DHTWWXCH, B0D87CDLR8, B0D9GG3LMX, B0F37ZZPB9, B0D87B8S5R, B0FF4RZY8G, B0FF8SRKV7, B0F43DLKMX, B0FF97DPF1, B0D87DG8ZL, B0DHTTDBSV, B0F382X8KJ, B0DHTV56SY, B0D87C6FWB, B0D9GJC3CY]",amzn1.campaign.Y6VH83I2OW0E,10% Comms | Women's Knit Cardigan Vest | 2462001,Hixiaohe,2026-08-17,2027-02-17,10.00%,8000.0,8000.0,97,800,false
[B0H6JTFNL4],amzn1.campaign.1YESFK0BMM24L,Vienflona Peach Facial Skincare Set 11% Commission｜Pink Birthday Gift for Girls,Vienflona,2026-08-17,2026-10-31,11.00%,5000.0,4992.78,70,800,false
[B09N3L5Y3R],amzn1.campaign.3S82NP2EQJ37M,RC093-2 100 Pack Elegant White Plastic Plates with a BIG 20% DISCUONT,supernal,2026-08-17,2026-09-16,12.00%,5000.0,5000.0,87,800,false
"[B0H5JXSB2D, B0H5JYSRM8, B0H5K4L6KW, B0H5K3KQ3B, B0H5K14MLR, B0H5K357MV, B0H5K3FTH8, B0H5JZJQXW, B0H5KBVX17, B0H5K4ZJTV, B0H5K3MWYP, B0H5K6Z4VM, B0H5JR68BM, B0H5KB1H1H, B0H5K37XWK, B0H5K24T7J, B0H5K44WFV, B0H5JXGDMK, B0H5K3VZCV, B0H5K496LK, B0H5K3BML9, B0H5JRHBY5, B0H5JYQY8S, B0H5K65LK6, B0H5JXPXJW, B0H5K4P1B9]",amzn1.campaign.2H60AU98DOJ1Z,Big Savings $50 OFF + 10% Creator Commission 🎁-Z-saibs,PureCozy,2026-08-17,2026-10-30,10.00%,5000.0,5000.0,132,800,false
"[B0GWM4KKBW, B0H5B34567, B0GWMFVYC9, B0GWMDP7FZ, B0GSFY5ZYG, B0H7B7W7HD, B0GSFQZ1ZZ, B0H3CDL1Z3, B0GSG85B6B, B0GSG59P42, B0GWMBCFCR, B0H3BTX243, B0GSFY96TY, B0GSFVFFT7, B0GSFVFFT8, B0GQ3QKB31, B0GQ3QBXGD, B0GQ3PKWDH, B0GSFTHQC1, B0H3BY6YMR, B0H3C6H344, B0GWMCCN5S, B0GQ3RK3CN, B0GSFZLSKR, B0GSFGM422, B0H3C7Z9JC]",amzn1.campaign.35SEW03B3YKOM,WEGA Custom Table Cloth with Business Logo,WEGA,2026-08-18,2026-09-19,15.00%,5000.0,5000.0,143,800,false
[B0H4VNZR5K],amzn1.campaign.358M0WV7SZULR,AK-US-Firskids-宠物饮水器 影响者买家秀,Firskids,2026-08-17,2027-08-17,10.00%,5000.0,5000.0,82,800,false
"[B0GCLC11SC, B0FHGG6R72, B0DQTPD119, B0DNYNFLKZ, B0GT48VG55, B0DBR3JRD2, B0GJRPCXGM, B0DT3L58R2, B0DPHWQ79Q, B0DBQGMN87, B0DT3SW1Y9, B0DQ39Q389, B0DSBGHKTN, B0FLDCNJ2V, B0DBQKZM7K, B0FLDF14ZP, B0FH1SLHT2, B0DBQKGZFZ, B0DT39QR1S, B0DBR3KRD7, B0DT47GNNN, B0DBQHPQJ2, B0DBQFN8J6, B0DT42FMLW, B0GT4GDJNK, B0DT3N8QGP, B0DT3SMBKC, B0DT3RKYJS, B0DNYPWKMZ, B0GT48XZ4S, B0DT2XMD8P]",amzn1.campaign.99UO1FS804HT,SAVE 100$ Tri Folding Mattress Sofa Bed Floor Chair for Travel RV Camping Guest,GEMBED,2026-08-17,2026-09-21,10.00%,5000.0,5000.0,137,800,false
"[B0H6FPJZD4, B0H73LLR4C, B0H6FQ9QJY, B0H6G3MD67, B0H6FR228C, B0H6FVKL1B, B0H6FM5F6V, B0H6FMK8HS, B0H6FRM7Z2, B0H6G3JH35, B0H6FZ3FRT, B0H6FRPMGY, B0H6FKMYR8, B0H741G3KQ, B0H6FJW2J3, B0H6FSGZZT, B0H6FNTFFC, B0H6FMWJCL, B0H6FR3YPH, B0H6FKR2LH, B0H6FSJP9Z, B0H6FP23C6, B0H6FRV9SL, B0H6FJNSHS, B0H6FJ1GBN, B0H73N2BCZ, B0H6FRZ27F, B0H73X3P1S, B0H6FTGPX9, B0H6FP66BH, B0H6FQFH6M, B0H6FN3RCM, B0H6FR4Y63, B0H6FSD1GP, B0H741HW9X, B0H6FYVN5K, B0H6FR9FJB, B0H6FR7G5K, B0H6FMQKQ9, B0H6FR91W8, B0H6FNH8MK, B0H6FVRWYJ, B0H6FYSRBK, B0H6G3LP4D, B0H6FK329C]",amzn1.campaign.31GJ86A7WYXMC,M7D824-Tankaneo Womens Long Cardigan-12%-8/14,Tankaneo,2026-08-17,2026-09-16,12.00%,5000.0,4840.1,27,800,false
"[B0GCLC11SC, B0FHGG6R72, B0DQTPD119, B0DNYNFLKZ, B0GT48VG55, B0DBR3JRD2, B0GJRPCXGM, B0DT3L58R2, B0DPHWQ79Q, B0DBQGMN87, B0DT3SW1Y9, B0DQ39Q389, B0DSBGHKTN, B0FLDCNJ2V, B0DBQKZM7K, B0FLDF14ZP, B0FH1SLHT2, B0DBQKGZFZ, B0DT39QR1S, B0DBR3KRD7, B0DT47GNNN, B0DBQHPQJ2, B0DBQFN8J6, B0DT42FMLW, B0GT4GDJNK, B0DT3N8QGP, B0DT3SMBKC, B0DT3RKYJS, B0DNYPWKMZ, B0GT48XZ4S, B0DT2XMD8P]",amzn1.campaign.1XAMMQ2JBVTSS,SAVE 100$ Tri Folding Mattress Sofa Bed Floor Chair for Travel RV Camping Guest,GEMBED,2026-08-17,2026-09-20,10.00%,5000.0,5000.0,136,800,false
"[B0H94CKKYZ, B0H4Z5VC2W, B0H94KJN59, B0H9476P3G, B0H949QLMW, B0H94CBGLF, B0H94Y6WXN, B0H94CGWLR, B0H94F3JD9, B0H94SBWS1, B0H4Z8R4GB, B0H94MW4CP, B0H94573HK, B0H949DSZZ, B0H9458HFK, B0GSVMK6XQ, B0H5PHDYFR, B0GWQV4WHR, B0H94K6HV4, B0H45KGV5L, B0H94RJTRG, B0H94GXHPY, B0H946PL4L, B0H45JBNV6, B0H946DPHQ, B0GXDWN55P, B0H94CJL3F, B0H949T6GL, B0H93QRLYV, B0H9472WPC, B0H944N8B9, B0H4Z9RN7D, B0H94966XB, B0H94573HS, B0H949HPMD, B0H947D9FN, B0H267JN11, B0H94BB1KK, B0H261L4B5, B0H26H3X3G, B0H94B4XQC, B0H944DRTL, B0H94C4RQ7, B0H4ZD8KN3, B0H946MS1L, B0H9479PD9, B0H4Z7D45Z, B0H4Z3SYM1, B0H269P7Q1, B0H94WJC85, B0H944DRTP, B0H4ZDFVZ5, B0GSVM3WV1, B0H94N31QY, B0GSVFNVM4, B0H94C94V1, B0H4ZDT7P9, B0H946ZF4Y, B0H94VFHQP, B0H4Z34GK3, B0H94SDX9X, B0H26396G8, B0H947Q6F8, B0H947542H, B0H94C75CZ, B0H94PR8L1, B0H9475DS4, B0H942HRXP, B0H9475PJJ, B0H4ZC8ZJC, B0H94HGKF8, B0H9471HVN, B0H942N5TY, B0H946YHSC, B0H94CDDCM, B0H942HW8F, B0H94C7N3P, B0GSVRY43L, B0H265PH5H, B0H947RHKT, B0H946G5FM, B0H942JVQD, B0H9471LR1, B0H264SQNL, B0GSVLKLRB, B0H94BWZ95, B0H94H1DM1, B0H94CCH4X, B0H949PLSD, B0H94H9MFZ, B0H5PR2J44, B0H9456ZM2, B0H942JRHQ, B0H4ZDGNZ4, B0H946XSFM, B0H4ZD147M, B0H946V3N4, B0H94FCF9R, B0H9478LD4, B0H948XLX8, B0H9477DG2, B0H94BVRT5, B0GSVNLH4J, B0H262WH8F, B0H4ZD2KC1, B0H949P93X, B0H5PM3N6L, B0H4Z2Z74S, B0H942F9RQ, B0H946YLLZ, B0H4ZKMZQG, B0H4ZF7K2Q, B0H94DQ5QC, B0H5PW3VB3]",amzn1.campaign.2NZBHP96FWJM0,Modern Washable NonSlip Rug Creator Promo-2026/08/14,BESBLEE,2026-08-17,2026-11-22,10.00%,5000.0,5000.0,136,800,false
[B0H4ZDNLJP],amzn1.campaign.15YPSC93E1H7V,2026 Upgrade T104R Outdoor Timer for Pool Pump Rainproof-10% commission,Emnrod,2026-08-17,2026-12-31,10.00%,5000.0,5000.0,82,800,false
[B0CBJLYBSS],amzn1.campaign.34QMWIZ6KGK64,Ivivis Birthday Gifts for Women,Ivivis,2026-08-17,2026-09-16,10.00%,5000.0,5000.0,130,800,false
"[B0GCLC11SC, B0FHGG6R72, B0DQTPD119, B0DNYNFLKZ, B0GT48VG55, B0DBR3JRD2, B0GJRPCXGM, B0DT3L58R2, B0DPHWQ79Q, B0DBQGMN87, B0DT3SW1Y9, B0DQ39Q389, B0DSBGHKTN, B0FLDCNJ2V, B0DBQKZM7K, B0FLDF14ZP, B0FH1SLHT2, B0DBQKGZFZ, B0DT39QR1S, B0DBR3KRD7, B0DT47GNNN, B0DBQHPQJ2, B0DBQFN8J6, B0DT42FMLW, B0GT4GDJNK, B0DT3N8QGP, B0DT3SMBKC, B0DT3RKYJS, B0DNYPWKMZ, B0GT48XZ4S, B0DT2XMD8P]",amzn1.campaign.XNM03HPZBTC1,SAVE 100$ Tri Folding Mattress Sofa Bed Floor Chair for Travel RV Camping Guest,GEMBED,2026-08-17,2026-09-19,10.00%,5000.0,5000.0,136,800,false
"[B0GGGTFNBG, B0GGGTF74P]",amzn1.campaign.DPSGSKBF4SR2,20% Commission USB 3.0 Switch,BINZET,2026-08-17,2026-12-31,20.00%,5000.0,5000.0,86,800,false
"[B0H945Z8F4, B0H93SQH4V, B0H93WQNG8, B0H93MVRZF, B0H93Z12V3, B0H943F4BC, B0H93Y8YKM, B0H93BH3D5, B0H93Y7C78, B0H94899C6, B0H93LWCG1, B0H93SQSBM, B0H93DZB15, B0H93LHY5V, B0H93KFMQR, B0H93MSWYX, B0H931TC1G, B0H93ZXW5N, B0H93SJ7CH, B0H93MQQMT, B0H93RZ2BC, B0H93B61F6, B0H93R3PLH, B0H93N248H, B0H93RZCB6, B0H93RRTS6, B0H93N1H4N, B0H93ZPMZD, B0H93SXNX1, B0H948Q1HK, B0H93NZB7B, B0H93LNHD5, B0H93ZCC3X, B0H9343SP5, B0H93RW84H]",amzn1.campaign.293NZPDWQJ4M2,SUUKSESS New Cotton Basic Tube op,SUUKSESS,2026-08-17,2026-10-31,10.00%,8888.0,8880.08,40,800,false
"[B0F6VG9224, B0FMPZBKRW, B0F6VBQQLN, B0F6VV3NBF, B0F6V77K95, B0F6V79PTL, B0F6TNLQF4, B0F6VG76XJ, B0F6V9TMQR, B0F6VBR9YK, B0FQW9Z8QT, B0FMQ2HDBP, B0FQWF1Z8M, B0F6V7BBV3, B0F6VGYWS1, B0FMQ128QW, B0FMPZPHPH, B0F6V7BM39, B0F6V9D71T, B0FQWRXCVC, B0F6V3NB5J, B0F6V79JCJ, B0FQWKW7N3]",amzn1.campaign.2ZJCS7JJ468O9,HOT Deall: Glamaker Denim Bomber Collab 🌟 -WYN-M25OW0001,Glamaker,2026-08-18,2026-11-18,10.00%,5000.0,5000.0,104,800,false
"[B0GCLC11SC, B0FHGG6R72, B0DQTPD119, B0DNYNFLKZ, B0GT48VG55, B0DBR3JRD2, B0GJRPCXGM, B0DT3L58R2, B0DPHWQ79Q, B0DBQGMN87, B0DT3SW1Y9, B0DQ39Q389, B0DSBGHKTN, B0FLDCNJ2V, B0DBQKZM7K, B0FLDF14ZP, B0FH1SLHT2, B0DBQKGZFZ, B0DT39QR1S, B0DBR3KRD7, B0DT47GNNN, B0DBQHPQJ2, B0DBQFN8J6, B0DT42FMLW, B0GT4GDJNK, B0DT3N8QGP, B0DT3SMBKC, B0DT3RKYJS, B0DNYPWKMZ, B0GT48XZ4S, B0DT2XMD8P]",amzn1.campaign.2G8DI4QTJURJ6,SAVE 100$ Tri Folding Mattress Sofa Bed Floor Chair for Travel RV Camping Guest,GEMBED,2026-08-17,2026-09-18,10.00%,5000.0,5000.0,137,800,false
"[B08SM25BVD, B0C9ZPY82T, B08SM3ZF8G, B0B8GZXR99, B09PY9TY6P, B0B8DFQHS5, B08SM4XFYY, B0CB37GYG8, B09PNGXF88, B0B8D9YGCK, B0B8DC1JMB, B08SM3Q3RL, B0B8DDX8G2, B0CB2KKNKY, B09XMJCJJN, B08SM4549D, B08SM4RP16, B09PYKDF2Q, B09PYGQGX1, B0C9ZS3LL2, B0CB34XCSM, B0CB3CGJL8, B08SM4C824, B0C9ZSJVJV, B0B8D8GHV9, B0B8DFQ2MQ, B0B8DCGZCL, B0C9ZTQB9C]",amzn1.campaign.2HHPB1S49FHY5,10% Comms | Corduroy Shirt Jacket | 201230,Hixiaohe,2026-08-17,2027-02-17,10.00%,8000.0,8000.0,96,800,false
"[B0GFLY738Z, B0GFLZQHDZ]",amzn1.campaign.2DVGWK7L81AMH,Lock in 20% commission + Amazon selling sunglasses 2555,ATTCL,2026-08-17,2027-08-17,20.00%,5000.0,5000.0,108,800,false
"[B09NVQS5NY, B09NVP5NPG, B09ZLCSG35, B0B2QZSTCT, B0B2QZVBSX, B09NVPQ7CR, B0BXWF3TZZ, B09NVNP2XP, B0BX2SD7GD, B0CM9DNNQ7, B0BX2SKGJ6, B0B1LNYQGM, B0DCGB7C7G, B0B19YQK94, B09NVP24JZ, B0BXWFY4NK, B0BX2SHKVM, B0CYP5JNV3, B0BR12FR64, B0D78FPRWC, B0D78FL5R6, B0BX2PVLT8, B09QM44CY1, B0B2QMVFF3, B09QM5CX3N, B0BX2STBKK, B0B19Y97YY, B09NVNY7V2, B09NVPHRTZ, B0B1LCRW5N, B0B1LHN6BQ, B0C286631N, B09NVPZCQK, B0B2QYPXZX, B09QM55RQ1, B0B19XQFB7, B0DCFXFF7Z, B0C46CHCP6, B09QM83XX8, B0C46DN4PW, B0B2QZXJX9, B09ZL9QJ8W, B0CM9FC9X5, B0BX2TWL74, B09NVPBKZQ, B0BX2QZG31, B0GWC8HNSD, B09ZLC7D1W, B0DSSS7SGZ, B0B1L81S19, B0CM9DPKX1, B0C46B989C, B09NVNZR3M, B0CM9C9GCD, B0CM9HCYKK, B0C46D3LGC, B0D78FN6RD, B0DCC3CFKV, B0B19Y5F59, B0C33FBZ7W, B0DQ78YH5G, B0CYP2QYG8, B0CM9F4VM6, B0C46CVH3C, B0BX2W29LS, B09NVPWW87, B0BX2RM1R6, B0C46GHJ1D, B0BX2RMZVY, B0BLSRDN9M, B0DCFYQ2RD, B0B8NMJ5RD, B0D78FSL7B, B0B19WKZD7, B09QM49419, B0B21BRF88, B0CM9DWYG5, B0B2R11N7L, B0C46C5TDC, B0CYP87V1F, B0BX2T26SW, B09QM3PLQ6, B0BX2RNV2L, B09QM41CVW, B0CYP3N1X9, B0CYP9QW9Y, B09NVPLN1W, B0BLSR61FH]",amzn1.campaign.4JG6NRADYAAV,Derby Hat Creator Invitation | A Beautiful Fashion Product That Sells 🌸👒,YIDINGCO,2026-08-17,2027-08-17,10.00%,10000.0,10000.0,115,800,false
"[B0GYMTDMWL, B0GYMS4G9V, B0GYMM1R7R, B0GYN16SS3, B0GYMRPJV1, B0GYMYHXFJ, B0GYMS3FM4, B0GYN1KN5Q, B0GYMNGKQL, B0GYMT9Q5L, B0GYMP36M9, B0GYMPWTDF, B0GYMLDCQS, B0GYMVF8X2, B0GYMTZ989, B0GYMTRNPD, B0GYMXL5BG, B0GYMRYRL7, B0GYMYFW4G, B0GYMQZC9R, B0GYN156WX, B0GYMSCW67, B0GYMKQGPJ, B0GYMVTSL2, B0GYN16PB4, B0GYMV5FWT, B0GYMZV99X, B0GYMXV5T5, B0GYMTJYH6, B0GYMTNPHD, B0GYMS4R2L, B0GYMYDZ33, B0GYMZZ8HR, B0GYN36CCF, B0GYNB8H1W, B0GYN3DYYR, B0GYN115RJ, B0GYMPG427, B0GYNB8H21, B0GYMSXNN1]",amzn1.campaign.3D9GC5AEQ2HGE,10% Commission on PRETTYGARDEN Chunky Knit Cardigan PR1612,PRETTYGARDEN,2026-08-17,2026-09-16,10.00%,5000.0,5000.0,64,800,false
"[B0GWM4KKBW, B0H5B34567, B0GWMFVYC9, B0GWMDP7FZ, B0GSFY5ZYG, B0H7B7W7HD, B0GSFQZ1ZZ, B0H3CDL1Z3, B0GSG85B6B, B0GSG59P42, B0GWMBCFCR, B0H3BTX243, B0GSFY96TY, B0GSFVFFT7, B0GSFVFFT8, B0GQ3QKB31, B0GQ3QBXGD, B0GQ3PKWDH, B0GSFTHQC1, B0H3BY6YMR, B0H3C6H344, B0GWMCCN5S, B0GQ3RK3CN, B0GSFZLSKR, B0GSFGM422, B0H3C7Z9JC]",amzn1.campaign.3NNXE0WYYJ2X2,WEGA Custom Table Cloth with Business Logo,WEGA,2026-08-18,2026-09-18,15.00%,5000.0,5000.0,146,800,false
"[B0GCLC11SC, B0FHGG6R72, B0DQTPD119, B0DNYNFLKZ, B0GT48VG55, B0DBR3JRD2, B0GJRPCXGM, B0DT3L58R2, B0DPHWQ79Q, B0DBQGMN87, B0DT3SW1Y9, B0DQ39Q389, B0DSBGHKTN, B0FLDCNJ2V, B0DBQKZM7K, B0FLDF14ZP, B0FH1SLHT2, B0DBQKGZFZ, B0DT39QR1S, B0DBR3KRD7, B0DT47GNNN, B0DBQHPQJ2, B0DBQFN8J6, B0DT42FMLW, B0GT4GDJNK, B0DT3N8QGP, B0DT3SMBKC, B0DT3RKYJS, B0DNYPWKMZ, B0GT48XZ4S, B0DT2XMD8P]",amzn1.campaign.1WVD87NK6454O,SAVE 100$ Tri Folding Mattress Sofa Bed Floor Chair for Travel RV Camping Guest,GEMBED,2026-08-17,2026-09-17,10.00%,5000.0,5000.0,139,800,false
[B0FJ2DGTGT],amzn1.campaign.TCVMJZZJZDXE,Earn Commission | LED Writing Board Affiliate Partnership,Tzomsze,2026-08-17,2027-01-31,25.00%,5000.0,5000.0,76,800,false
"[B0GFLZKCBY, B0GFLT7X5W]",amzn1.campaign.2Z9RAZ5SCPUJ4,Lock in 20% commission + Amazon selling sunglasses 2533,ATTCL,2026-08-17,2027-08-17,20.00%,5000.0,5000.0,111,800,false
"[B0F4D6N8RZ, B0D1K6P1CY, B0CR3VB823, B0779CG59L, B0H9WQ6QYN, B0CLQV2H66, B0F32NFYKY, B076CFD3VF, B07N7ZGMKS, B07GWB1J5S, B0749M45WC, B0GXCTSYRC, B0GYD9Q4N7, B0H9WYH96P, B09TRC41R9, B0H9WP93PH, B0H9WS41H1, B0GLPN1GKP, B0C389FBNK, B0F25Y8DGV, B0F48CL5BH, B0HB3ZLVHN, B0GLPGTWDK, B0CR3WGWDG, B0D1JT96MG, B0F2DGMWBZ, B0H9WPWYBB, B0CXLR2BKQ, B0B9S12Y5J, B0746QRH9R, B0F48FB3JL, B0CXLWKQ33, B0D1JYZLKK, B06XC1HT7B, B07DXMS34C, B0GX1R1GQ4, B0H9WP8WXD, B0BRP2J4V1, B0CR3QY89B, B0BRP3BNJ3, B0CMJWD534, B08F9Q2SM5, B0GF1C562V, B0CP9DG9NF, B09QBVMW43, B0GVJ47RK9, B074M5NZ2S, B0H739W19X, B0B1J9BJQQ, B0F48FGPVJ, B0D1K5FHKR, B0GXVJ985L, B0967QHPXX, B0D1K6NDPN, B0GLPGQJ4V, B01KTIO0SK, B07439KCBW, B0H9X8JQ8H, B0D1K6XDQH, B07DFCM8MH, B0B9R6T1P7, B0F2Y65BLV, B0CXLSBMWL, B07NJQLJVJ, B0H9WRJM5Y, B0H25JSTG9, B0H9WMFWDS, B0CP9DZBHG, B0H25WK3TC, B09XK1YBKM, B0CR3YZGRK, B0FBWCS868, B0F48GBDLP, B0D1K1Z2VY, B0GXFQZJQC, B0F25VYB1S, B0F32NLHTT, B0HCN64ZK5, B0CXLPY11Q, B0CXLVXVXN, B0GLP4MM5Y, B0H9WPH2F8, B0CLZGPRZ5, B0DJ4JV5X6, B08CXCY93N, B0GXD7VTD4, B0H9WPH2F2, B0H9WSZLJ8, B0GWV4HZC7, B0GXY8242N, B0BRP2WX2W, B0BR5GRRQN, B06XC2S2QV, B0C38BR2N2, B0CHVRHVSR, B0CXM5DLY3, B0H9WRM9LZ, B0CXLYR3L8, B074M5KDXZ, B0H73GLP21, B0GWPVYQZG, B0CR3TDGCC, B01N3UPUTB, B0CQS36GH1, B0H9WXGWKF, B0GXCP33ZY, B09WK7FR43, B0G1RN2XVP, B0F2F7QTWG, B0GXV9CJT8, B0GXCXMQDJ, B0CR3ZYRPX, B0F32KTN9F, B0749MYYMS, B0CP9C6VTT, B0F2MNMDQT, B0CXLQKZ2S, B0B19N2YGC, B0CR3TW7LN, B0H25THNK1, B07FYWSM1D, B0CR3TTBLZ, B09932PH6N, B07CH37DDR, B0FVD5TXVD, B0F32MHHYL, B0CXLVV242, B09PG9KT3X, B01HB74ZEQ, B0F48HZKX3, B0CR3TWFK2, B0H9WLWQG5, B0FZ9MKFK1, B0GV2TSTXN, B09VYVH3M3, B0DYV2VK9P, B0CR3X8SF1, B0CR3VQFZC, B0H25K3MCX, B0GLPTG2CS, B0B9S82LQZ, B0F4D4X9FR, B0CXLWV6WV, B07TC1D16X, B01MQFCZW2, B0H73G758D, B0CXLY9NFY, B0B19N1JH8, B0749M9Q82, B0H9WV551D, B01HB757AC, B0HCMZLKVX, B0GLPP5735, B0CR3WZYFT, B0GYDC5RB6, B0F32MJ127, B0D1K3CJXW, B0BHSRZW72, B0H73Q36D4, B0CR3XZP96, B0H9WW43Y7, B0GYDC15TQ, B0BHLYGBXW, B0F48HZJQ1, B0CHXXXLY9, B0H738PNJR, B0GZMLZ12X, B0BD3TK1WX, B0746Q5V4M, B0GVJ6V2PS, B0BR5GD6JV, B0F48HZJPW, B01N01U6ZW, B0749N24YX, B0HCMSX3CP, B0CHXW8TDH, B0CXLRFTN4, B0CXM4947R, B0CH9KR6ST, B0GLPF5LS1, B0CH9M66F7, B0D1JZY5BY, B07T1376V8, B0GXCR75M5, B0F2DYJYV4, B0CXLZGWNL, B087WF7D3M, B0HCMYSH4N, B0CR3TZVZK, B0932VBRXT, B0749M43FP, B07YKL6LZ1, B0H9WV95CC, B0F2TFRX15, B0746QVKZ8, B0CR47X5G5, B0D1JSF5CX, B0GZN3P2BF, B0D9LJMKMR, B0F32QFL9Y, B07WVX7N2V, B0DRRN77F3, B0CR3SJHGY, B0BR5F5JB5, B0F4D6BY1K, B0BLMFQCDT, B071GF1JHQ, B0CXLQ182W, B0B9SDRK24, B09S5L4NVK, B0F32QCMG4, B0GZNDJT18, B0H9WTGGV6, B0F2TCNPFC, B0BRKTRVZV, B0GYD82YYK, B0GXCWK9LS, B0HB4GT2XG, B0743BFLM2, B07T138BL6, B07H79Q37F, B0CR49B3LJ, B0H73CHCQT, B0CMK3XX68, B09SG9XWG2, B0746QBTGT, B0CXLXLDSW, B0FHK3ZZFQ, B01MXHZ4MZ, B0BRKSPV8T, B0746QFP3M, B0B9SCZ2G8, B07VXTPSCY, B0D1K7VGCL, B0FB3RNF8F, B0CXLYPJXJ, B0BHKH233L, B0H9WSDCSL, B0B9SDM68F, B0F2TFQG4C, B0GXCMYR11, B0CQS3LKGC, B0CXLWH6BT, B0BR5G7H7S, B0F2TD2JPH, B0DYVCZZL6, B0GYD6Y7XM, B01MT3SM2R, B07NJQLDV3, B08F9HSPZB, B0CR3W29BK, B0DYVB9HG9, B0GXFPBX5N, B0H73CXLSP, B0CQS26232, B0DZ658Z13, B0CQS2622Z, B0H9WRN2R5, B0H73917ZZ, B07QG96R1T, B09WLKLKRM, B08F9HXX9P, B0CHVQ4Q6J, B0BLMG4WHB, B0CXM2JXJ5, B0CJ58MWBJ, B087WNLMWS, B09JC8KDLH, B0BR5FSS7S, B0DZ6Q5N91, B0746QB6WP, B0GXCM7RHZ, B0FVDVLQF4, B0B19NBMQY, B0GXCWLCXV, B08FWTXNV6, B094JBVFVH, B0H9WVGQLZ, B08GKQGGR7, B0GXYGLT2W, B076CFJDW3, B0CR3VDMFQ, B0D1JQZ2GP, B0B9SD75BP, B0CR44N6MG, B0B9SFVPBZ, B0F32QKBMF, B0B9SCN36Z, B0CHVQSPVW, B0BRP2NNMQ, B077GLGYS8, B0H9WRNWQ5, B08DHX3M3G, B0CR3YW8T5, B07YKKM3QH, B0GXFL6M8N, B0CR43JDS6, B07YXMZYP5, B08XW84ZG4, B0F2DQKP4H, B0D1JSQHY1, B0D1JWTQN5, B06XDZ1VHH, B0CR471KXT, B0DZ65ZGD9, B0B9SG7ZZB, B0BRP3BNZJ, B0D2KT2KS6, B0GXCL6JTP, B07QGBQ89X, B09XQSLX5W, B08XTZCDQ4, B082DZ16KF, B0CQYH9MB4, B0CXLKBG5X, B0GWPH95ZM, B0CHVQ4JDS, B0H73CZ5SP, B0GX1W4NXD, B01KURG34Y, B0H735MQXR, B0CXLKM51Y, B0GWPTZCF8, B0GVJ5S86M, B0GXCP2ZXP, B0CXM2C6R1, B0CR3RHC83, B0749MPG39, B0FJ1XNBLM, B0F25WX4N8, B071RYJZ8T, B0CXLXH221, B0H9WRMTRV, B0GZMSPTSM, B0F32LNY7R, B0F25ZZ69V, B0H737BZLM, B08CXZB1VT, B0CR3TG7L2, B0CR3T7WZY, B0CXLSTXLM, B07P6YW7TH, B0F28K4NZ4, B0F32MZ5Q5, B0749LHBBN, B076CMMHW5, B0FL286GS4, B0H9WPR7BH, B0H73FG9B2, B0GXFQDWZC, B0CLVFW1JT, B0GWYV3DY9, B0CR47XRVV, B0743C2TFY, B0H9WX9PX7, B0H9WW6WLM, B0CR3QJ666, B0H73B7PQ1, B0GLP4BPNQ, B0GV3LWFBQ, B07Z5ZHW5P, B0D1JT2GRW, B0H9WV5GLV, B0BRKTJW8T, B0DJ4HXCJ9, B0CR3WRG5H, B0CR3WRG5J, B0CXLDT8FP, B0B8CP8JM7, B0CR3T8F7G, B0CQS3RNRJ, B0CR46Y211, B0CQS2C2DN, B0B2QTBGZP, B08F9PS6ZT, B0B96Y22PN, B0F2DV4XZ6, B07GRRHXQS, B0H738VZBS, B0D1K1QDHS, B0B9S1W9PD, B0CXM8B1YV, B0H9WWVN6G, B0D1JWP4JT, B09NKXZW3K, B0CR3T8GLB, B0H9WYH68Q, B0H9WSSPS6, B0B51D1FB3, B0H9WRHVZ4, B0H9WGZVDJ, B0GLP6F4G9, B0CR3RXGF8, B0F48FKQTC, B0H38NRCYF, B0HCMXCH2P, B07CV7NBLN, B0721D8XQF, B0GZNJV44Q, B0BRKR682Y, B0H9WS74LN, B0CHXTR2SH, B0HCN1R2ZT, B07T361M33, B0749MFM8Y, B0GLPHDY3N, B0B9SD2CVK, B0H9X7GJ5Q, B0F25S6C9S, B0GYDHWCCP, B0GWYX5PW7, B0F25Y27KD, B0D1JWCY7N, B0CMK4PKMD, B07TW4KL4K, B0GX1WDXCS, B0H7375352, B0H9WYY8J5, B0H9WPYYC4, B07FYXT6BF, B0HCN3X4SG, B0749MDH73, B0CXLJS5CV, B0F32R1ZHC, B077CP5PZS, B0CKWV618X, B0CR49CPM1, B0GZMYGCLS, B0GXCPMWWZ, B0CR3TBCGX, B0D1K5MXNF, B0CKVTLTP7, B0CXLHN4K4, B0DXJ4ZTW9, B0D1JSS8ZF, B0F32LYS52, B0F2MNWHNW, B074LJJTQY, B09R6WRV42, B0GZNLT6L9, B0D1JYHZ29, B0CD25KWJR, B0F32PYNQK, B0BRKTB3TF, B0FCWWSBGK, B07S6NK62D, B0HCN8SSS3, B0H9WXHZ84, B0783MHH4L, B0GS1KB37B, B0GX1SJLFJ, B0CXM66R84, B0HCMWJ997, B0GLPF5GYV, B0GS1TF6QN, B0C2PDDZBW, B0CQXJ2ZXS, B0F48DPWCS, B07QKK13HK, B0B1J86HZB, B09Q63QRNN, B0H9WPV4GQ, B0H73M61Y4, B0H73GJ6LR, B01MSIUPEY, B09PDJKV2L, B0GXCWVNDB, B0HCMX1Q5C, B071DHHMZ2, B0CR3XRZ8S, B0CJ5D6LKK, B076CJ2PPD, B0GLP78T5D, B0H25QLM8L, B07VVK9YKW, B0B1J9779K, B07N76ZN3M, B0F32NPQQF, B0H9WNHDFW, B0GLPKP9D1, B0H9WS91CS, B0D1K5DNRN, B0H9WX4ZQN, B0C2PDC7BF, B0H9WSXHQP, B076CKBQFB, B0DZ62Z8NN, B0F2DWDYRZ, B0B19PBFCH, B0H73H2B2F, B0749M8VRF, B0GXD1MBS2, B0F32SQ7KJ, B0H9WQJH5S, B0749MWQLB, B0B1MRYJYQ, B0HCMZXBNK, B0CR41RPFS, B081TXCBY2, B07FYYF3F4, B07FYM8HMT, B0BHLY4XQ4, B0B9S3XXP2, B0CR3WGZTN, B089K43JWZ, B0HCMQP821, B08XW1G8HK, B0BRKTDF1L, B0H9WLY5QG, B085Q7WP78, B07SW362B3, B01MSIEO0X]",amzn1.campaign.36COAWKFO5ICT,✨ Real Hair Extension Experience | 15% Creator Commission,Moresoo,2026-08-18,2026-09-18,15.00%,5000.0,4759.2,66,800,false
"[B0GCLC11SC, B0FHGG6R72, B0DQTPD119, B0DNYNFLKZ, B0GT48VG55, B0DBR3JRD2, B0GJRPCXGM, B0DT3L58R2, B0DPHWQ79Q, B0DBQGMN87, B0DT3SW1Y9, B0DQ39Q389, B0DSBGHKTN, B0FLDCNJ2V, B0DBQKZM7K, B0FLDF14ZP, B0FH1SLHT2, B0DBQKGZFZ, B0DT39QR1S, B0DBR3KRD7, B0DT47GNNN, B0DBQHPQJ2, B0DBQFN8J6, B0DT42FMLW, B0GT4GDJNK, B0DT3N8QGP, B0DT3SMBKC, B0DT3RKYJS, B0DNYPWKMZ, B0GT48XZ4S, B0DT2XMD8P]",amzn1.campaign.2J3NJ50TJTFXD,SAVE 100$ Tri Folding Mattress Sofa Bed Floor Chair for Travel RV Camping Guest,GEMBED,2026-08-17,2026-09-16,10.00%,5000.0,4948.16,137,800,false
"[B0GXF5J5MP, B0GXF9372G, B0G37L3R29, B0G37LCL2W, B0G37GV2LJ, B0G37GSJVJ, B0GXDZFY7C, B0GXF46WSZ, B0G37GPW5P, B0GXF1M417, B0G37HQ3J5, B0G37GZY9D, B0G37KVXXW, B0G37HC14T, B0G37F5CQX, B0G37F3SDW, B0G37HJ5SH, B0G37CHCLM, B0G37CLR21, B0G37F68X8, B0G37HJNCY, B0G37GVR1X, B0G37GQ678, B0G37GGNS9, B0GXF5Q332, B0G37KN6H7, B0G37KBNSV, B0G37HLWTV, B0GXF1B2KD, B0G37FB9VS, B0G37GTNT9, B0GXF2GV8G, B0G37H9YG9, B0G37H6GLL, B0G37HFCWH]",amzn1.campaign.3F88GC8FH7H7N,BLENCOT 6126788,BLENCOT,2026-08-17,2026-09-16,10.00%,5000.0,4807.5,55,800,false
[B0GV43G23Y],amzn1.campaign.3JF2S7QSV51OP,💰 20% Commission | Peunitory Fresh Breath Herbal Supplement Gel,Peunitory,2026-08-17,2027-08-17,20.00%,5000.0,4985.68,78,800,false
"[B0H94CKKYZ, B0H4Z5VC2W, B0H94KJN59, B0H9476P3G, B0H949QLMW, B0H94CBGLF, B0H94Y6WXN, B0H94CGWLR, B0H94F3JD9, B0H94SBWS1, B0H4Z8R4GB, B0H94MW4CP, B0H94573HK, B0H949DSZZ, B0H9458HFK, B0GSVMK6XQ, B0H5PHDYFR, B0GWQV4WHR, B0H94K6HV4, B0H45KGV5L, B0H94RJTRG, B0H94GXHPY, B0H946PL4L, B0H45JBNV6, B0H946DPHQ, B0GXDWN55P, B0H94CJL3F, B0H949T6GL, B0H93QRLYV, B0H9472WPC, B0H944N8B9, B0H4Z9RN7D, B0H94966XB, B0H94573HS, B0H949HPMD, B0H947D9FN, B0H267JN11, B0H94BB1KK, B0H261L4B5, B0H26H3X3G, B0H94B4XQC, B0H944DRTL, B0H94C4RQ7, B0H4ZD8KN3, B0H946MS1L, B0H9479PD9, B0H4Z7D45Z, B0H4Z3SYM1, B0H269P7Q1, B0H94WJC85, B0H944DRTP, B0H4ZDFVZ5, B0GSVM3WV1, B0H94N31QY, B0GSVFNVM4, B0H94C94V1, B0H4ZDT7P9, B0H946ZF4Y, B0H94VFHQP, B0H4Z34GK3, B0H94SDX9X, B0H26396G8, B0H947Q6F8, B0H947542H, B0H94C75CZ, B0H94PR8L1, B0H9475DS4, B0H942HRXP, B0H9475PJJ, B0H4ZC8ZJC, B0H94HGKF8, B0H9471HVN, B0H942N5TY, B0H946YHSC, B0H94CDDCM, B0H942HW8F, B0H94C7N3P, B0GSVRY43L, B0H265PH5H, B0H947RHKT, B0H946G5FM, B0H942JVQD, B0H9471LR1, B0H264SQNL, B0GSVLKLRB, B0H94BWZ95, B0H94H1DM1, B0H94CCH4X, B0H949PLSD, B0H94H9MFZ, B0H5PR2J44, B0H9456ZM2, B0H942JRHQ, B0H4ZDGNZ4, B0H946XSFM, B0H4ZD147M, B0H946V3N4, B0H94FCF9R, B0H9478LD4, B0H948XLX8, B0H9477DG2, B0H94BVRT5, B0GSVNLH4J, B0H262WH8F, B0H4ZD2KC1, B0H949P93X, B0H5PM3N6L, B0H4Z2Z74S, B0H942F9RQ, B0H946YLLZ, B0H4ZKMZQG, B0H4ZF7K2Q, B0H94DQ5QC, B0H5PW3VB3]",amzn1.campaign.94VPQV6DE2R3,Modern Washable NonSlip Rug Creator Promo-2026/08/14,BESBLEE,2026-08-17,2026-11-21,10.00%,5000.0,5000.0,139,800,false
"[B0GKGGXKR1, B0GKGR7YPD, B0GKGM362Y, B0GKGHQJ1M, B0GKGHVBRN, B0GKGN7DD1, B0GKGKRTJH, B0GKGN1DWR, B0GKGB8JMH, B0GKGPZGD4, B0GKGVWCW4, B0GKGVVQKW, B0GKGMZ6QC]",amzn1.campaign.3L7SSYK7BNF53,WV-010-009-创作者影响计划-0813-10.15%-03-557,MolyPark,2026-08-27,2026-10-04,10.15%,5003.0,5003.0,135,800,false
"[B0GWM4KKBW, B0H5B34567, B0GWMFVYC9, B0GWMDP7FZ, B0GSFY5ZYG, B0H7B7W7HD, B0GSFQZ1ZZ, B0H3CDL1Z3, B0GSG85B6B, B0GSG59P42, B0GWMBCFCR, B0H3BTX243, B0GSFY96TY, B0GSFVFFT7, B0GSFVFFT8, B0GQ3QKB31, B0GQ3QBXGD, B0GQ3PKWDH, B0GSFTHQC1, B0H3BY6YMR, B0H3C6H344, B0GWMCCN5S, B0GQ3RK3CN, B0GSFZLSKR, B0GSFGM422, B0H3C7Z9JC]",amzn1.campaign.2L7YNTOCAHA60,WEGA Custom Table Cloth with Business Logo,WEGA,2026-08-18,2026-09-17,15.00%,5000.0,5000.0,144,800,false
"[B0D6RXHKWW, B0CMTX2PVV, B0D6RYW6S3, B0CMTWCN7K, B0CBPW6DX5, B0CMTV7JJP, B0DFTLVG8Z, B0CJ28RZT3, B0CJ2B8DDT, B0D6RWK6Q2, B0CMTVP85M, B0DBTZQSQM, B0DFTM6NV5, B0CJ2B4CGL, B0CJ2B7HLN, B0DN1S1CKV, B0CMTVSBDV, B0CBQ12YDX, B0DFTN5B69, B0CMTTXSNJ, B0CJ29ZW39, B0CJ29MD86, B0CMTTR1B1, B0DN1QCS32, B0CMTWJWD6, B0DFTL9XT2, B0CMTWRK3S, B0D6RYDDRP, B0CJ29WTVJ, B0D6RXXZ62, B0CMTW51T1, B0DFTN89HY, B0CJ2CMJKG, B0DN1SQDL6, B0CBPYVW25, B0CBPZ91F2, B0D6RYY1W2, B0D6RXFM1Z, B0CJ29M723, B0D6RZBXMT, B0CMTTMMYM, B0DBV7G1LP, B0CMTWMBDG, B0DFTLJ858, B0CMTTM4GN, B0DFTN4KLS, B0DFTL1LRX, B0CMTTZP3F, B0CMTWJWZV, B0CBPZR99T, B0CJ2CB5QL, B0CBPZD7H1, B0DFTLQT6M, B0DFTM2G5C, B0CMTW2RCZ, B0D6RYXCKR, B0CBQ1LSZL, B0DN1QD6FN, B0CBPZBWSK, B0CMTW425D, B0CBPZ22CG, B0CMTX8426, B0CBPXT25Y, B0D6RWT136, B0DBTX9X4Z, B0CBQ14T8G, B0D6RWGYW2, B0CMTWVD45, B0CMTX33C2, B0D6RXKFXV, B0CMTS55JZ, B0D6RZ3TBF, B0DFTLF5JM, B0CMTWGM21, B0CMTTCHVW, B0D6RYDFDD, B0DN1SMLMG, B0CBPY9385]",amzn1.campaign.2KLEPLCMF4NGA,CiCiBird Fall Sweater Hoodie for Daily Wear | 12% Commission #34,CiCiBird,2026-08-17,2026-10-20,12.00%,5000.0,5000.0,101,800,false
[B0FKG525FR],amzn1.campaign.BYGJ96WYP2ZL,Lock in 20% commission + Amazon selling sunglasses K502,ATTCL,2026-08-17,2027-08-17,20.00%,5000.0,5000.0,118,800,false
"[B0FQMKZNWK, B0FQN51WLP, B0FQMW7LR5, B0FQMRVZQV, B0FQM3VZZC, B0FQMRVLHL, B0FQN8LRY9, B0FQNBBKN9, B0FQMKCV9N, B0FQMJSQ9H, B0FQMKT91H, B0FQMTL6FT, B0FQM3RFQ9, B0FQN99XDS, B0FQMS9R3S, B0FQMB33GM, B0FQMNN5ZR, B0FQN1D6GY, B0FQN28VXV, B0FQMJRQKF, B0FQN5JQDF]",amzn1.campaign.24OBAZSX7UU2N,"23g GINGTTO 15% Commission Is So Wild, Even Small Creators Are Cashing In Big",GINGTTO,2026-08-17,2026-11-30,15.00%,5000.0,5000.0,79,800,false
[B0GFMDR7P6],amzn1.campaign.1HKHJ75H4HNZF,Lock in 20% commission + Amazon selling sunglasses KD03-06,ATTCL,2026-08-17,2027-08-17,20.00%,5000.0,5000.0,119,800,false
"[B0GXRQ5LJK, B0GGH81QGN]",amzn1.campaign.2DTGJXNJ8LSSA,"ommomy Faux Stone Peel and Stick, Just Cut & Stick - DIY Home Wall Decor",Commomy,2026-08-17,2026-12-31,13.00%,5000.0,5000.0,81,800,false
"[B0GKGGXKR1, B0GKGR7YPD, B0GKGM362Y, B0GKGHQJ1M, B0GKGHVBRN, B0GKGN7DD1, B0GKGKRTJH, B0GKGN1DWR, B0GKGB8JMH, B0GKGPZGD4, B0GKGVWCW4, B0GKGVVQKW, B0GKGMZ6QC]",amzn1.campaign.2L65DGODN6VDK,WV-010-009-创作者影响计划-0813-10.95%-03-5577,MolyPark,2026-08-25,2026-10-04,10.95%,5003.0,5003.0,132,800,false
"[B0GWHQ6ZYN, B0F8T81BY9, B0F8THFNQW, B0G2SBTK9S, B0F8TDV9BC, B0BJ8RLF2Y, B0G2SCHCT7, B0F8TJPGQK, B0BJ8QWW5P, B0FVRF44TH, B0BJ8SC19P, B0HBWD8R72, B0BJ8S2P9B, B0F8T8JNK6, B0G2SDC94P, B0F8T6RJ8X, B0G2SD746M, B0F8T4B2G4, B0F8TND339, B0G2SFFM22]",amzn1.campaign.1BOF45ZLD0CMN,"👒 Luxury CHURCH HATS | Best-Selling Styles, 5-Star Reviews & Earn More",YIDINGCO,2026-08-17,2027-08-17,10.00%,10000.0,10000.0,122,800,false
"[B0FZ8TBZYX, B0FZ8SHV4Q, B0DJ1ZMP5J, B0DJ1Y6DZK, B0DLVW286C, B0FZ8R5RX3, B0DGL6NCCN, B0DGL989FB, B0DLVT186G, B0DNF331MB, B0DNDZCN78, B0FZ8S2LPH, B0FZ8RVSTM, B0FZ8R112Y, B0DLVV7RGF, B0DLVVBS6K, B0DNF34LBH, B0DGL6JFM8, B0DNDZY1TG, B0DJ1YW4KB, B0DLVV8TRZ, B0DNF542PY, B0DGL6Q3FG, B0FZ8TQX9N, B0DGL7XT2C, B0DGL73J46, B0DNF1YJCP, B0FZ8QCWB5, B0DGL7TVNW, B0FZ8WG27Y, B0DNF1299G, B0DJ1XXK75, B0DJ1ZJQ8W, B0DGLHNT8T, B0DGL7TKCD, B0DQK9L3P4, B0DNF54ZFF, B0DNF3BCHF, B0DNF2H9YT, B0FZ8VC672]",amzn1.campaign.1FXBFUHNTLOSE,10% Comms | Women's Turtleneck Sweater Vest | 249077,Hixiaohe,2026-08-17,2027-03-17,10.00%,8000.0,8000.0,101,800,false
[B0DK8HFDZH],amzn1.campaign.2VWVWO3IEC2I8,20% Commission 4K Video Capture Card,BINZET,2026-08-17,2026-12-31,20.00%,5000.0,4995.0,82,800,false
[B0GLM61MXP],amzn1.campaign.18KHRYHMHETX9,Limited Time Deal: 🌟 Glamaker Chic Maxi Collab -CYT-M26DR0128,Glamaker,2026-08-18,2026-11-04,10.00%,5000.0,5000.0,96,800,false
"[B0GXDZCL89, B0GXDWR87L]",amzn1.campaign.2VBLCL7QBXHH0,Stylish Gray Home Rug Alert! Amazon Creator Affiliate Opportunity Open ✨,TTelephant,2026-08-17,2026-09-16,10.00%,5000.0,5000.0,82,800,false
"[B0H94CKKYZ, B0H4Z5VC2W, B0H94KJN59, B0H9476P3G, B0H949QLMW, B0H94CBGLF, B0H94Y6WXN, B0H94CGWLR, B0H94F3JD9, B0H94SBWS1, B0H4Z8R4GB, B0H94MW4CP, B0H94573HK, B0H949DSZZ, B0H9458HFK, B0GSVMK6XQ, B0H5PHDYFR, B0GWQV4WHR, B0H94K6HV4, B0H45KGV5L, B0H94RJTRG, B0H94GXHPY, B0H946PL4L, B0H45JBNV6, B0H946DPHQ, B0GXDWN55P, B0H94CJL3F, B0H949T6GL, B0H93QRLYV, B0H9472WPC, B0H944N8B9, B0H4Z9RN7D, B0H94966XB, B0H94573HS, B0H949HPMD, B0H947D9FN, B0H267JN11, B0H94BB1KK, B0H261L4B5, B0H26H3X3G, B0H94B4XQC, B0H944DRTL, B0H94C4RQ7, B0H4ZD8KN3, B0H946MS1L, B0H9479PD9, B0H4Z7D45Z, B0H4Z3SYM1, B0H269P7Q1, B0H94WJC85, B0H944DRTP, B0H4ZDFVZ5, B0GSVM3WV1, B0H94N31QY, B0GSVFNVM4, B0H94C94V1, B0H4ZDT7P9, B0H946ZF4Y, B0H94VFHQP, B0H4Z34GK3, B0H94SDX9X, B0H26396G8, B0H947Q6F8, B0H947542H, B0H94C75CZ, B0H94PR8L1, B0H9475DS4, B0H942HRXP, B0H9475PJJ, B0H4ZC8ZJC, B0H94HGKF8, B0H9471HVN, B0H942N5TY, B0H946YHSC, B0H94CDDCM, B0H942HW8F, B0H94C7N3P, B0GSVRY43L, B0H265PH5H, B0H947RHKT, B0H946G5FM, B0H942JVQD, B0H9471LR1, B0H264SQNL, B0GSVLKLRB, B0H94BWZ95, B0H94H1DM1, B0H94CCH4X, B0H949PLSD, B0H94H9MFZ, B0H5PR2J44, B0H9456ZM2, B0H942JRHQ, B0H4ZDGNZ4, B0H946XSFM, B0H4ZD147M, B0H946V3N4, B0H94FCF9R, B0H9478LD4, B0H948XLX8, B0H9477DG2, B0H94BVRT5, B0GSVNLH4J, B0H262WH8F, B0H4ZD2KC1, B0H949P93X, B0H5PM3N6L, B0H4Z2Z74S, B0H942F9RQ, B0H946YLLZ, B0H4ZKMZQG, B0H4ZF7K2Q, B0H94DQ5QC, B0H5PW3VB3]",amzn1.campaign.KPCWJKXDLYMD,Modern Washable NonSlip Rug Creator Promo-2026/08/14,BESBLEE,2026-08-17,2026-11-20,10.00%,5000.0,5000.0,140,800,false
"[B0GFM54QLX, B0GFMS9R1V]",amzn1.campaign.3LDDVT1BMYEF5,Lock in 20% commission + Amazon selling sunglasses 2588,ATTCL,2026-08-17,2027-08-17,20.00%,5000.0,5000.0,120,800,false
"[B0GKGGXKR1, B0GKGR7YPD, B0GKGM362Y, B0GKGHQJ1M, B0GKGHVBRN, B0GKGN7DD1, B0GKGKRTJH, B0GKGN1DWR, B0GKGB8JMH, B0GKGPZGD4, B0GKGVWCW4, B0GKGVVQKW, B0GKGMZ6QC]",amzn1.campaign.21UD3P32E5ZJE,WV-010-009-创作者影响计划-0813-10.75%-03-55777,MolyPark,2026-08-17,2026-10-04,10.75%,5003.0,5003.0,131,800,false
[B0H392HQ1H],amzn1.campaign.2BMFSPC4MCBU4,Party Patch,Aoloryeen,2026-08-17,2026-10-31,10.00%,5000.0,4998.7,123,800,false
[B0GFN12MH1],amzn1.campaign.3EV9YM3VC4FK2,Lock in 20% commission + Amazon selling sunglasses 26A66,ATTCL,2026-08-17,2027-08-17,20.00%,5000.0,5000.0,115,800,false
"[B0GV3RTWKM, B0GV3MC9Q6, B0H75G39FT, B0H75H1BDK, B0H75G4S6P, B0GV3Q9NMK, B0H5Q64B8P, B0H5Q8WWRF, B0GV3RQMQK, B0H75B1587, B0H5Q2FVV2, B0H5QFPLPP, B0GV3V6GHK, B0H75CP4X5, B0GV3QRBKK, B0H5Q9ZVTH, B0H5QMNGFY, B0GV3VJL5F, B0H75BRLCM, B0GV3MS9LK, B0GV3M3GY1, B0GV3YG8TT, B0GV3SBZXQ, B0H756W3FW, B0GV3N1HPS, B0GV3R2RQR, B0GV3K27FN, B0GV3P1NQR, B0H5QB292W, B0GV3KP2W3, B0H5QBLLVX, B0GV3NLP2K, B0H75MGLB7, B0GV3LS227, B0H5Q8DL2K, B0GV3TNKDR, B0H7566JHZ, B0H7594CXS, B0GV3TZW85, B0GV3PBNJK, B0H5QD8MN4, B0GV3PLBDP, B0GV3NH99M, B0GV3L2DPK, B0GV3HDBBD]",amzn1.campaign.3DXABZMZI0KBU,Collaborate with Us for Y2K Batwing Mini Dress Launch to Get 15% Commission!,Uni Clau,2026-08-17,2026-12-31,15.00%,5000.0,4960.1,74,800,false
"[B0FT87X3PZ, B0G5MSW7WV, B0FX9PT73G, B0GCZN7BLT, B0FX9RJST2, B0FT8G2VK2, B0GCZ8KP66, B0GCZMHX6M, B0FX972VSF, B0GCZ4J8PD, B0FT8FRPVL, B0FT8M4ZC4, B0FT8HQQB5, B0FX98D2FZ, B0G5N5NK9X, B0G42F1Y8J, B0FX9W7P45, B0G5N9Q87H, B0FX99ZMDH, B0FX9QXWBL, B0GK56XG1Q, B0G43HD2J3, B0FT8JVTNL, B0FT8GJMHN, B0FT8G6DQ1, B0G5NJ21YQ, B0FX982V2G, B0FT8K7B15, B0FT8GZPD8, B0FT8G9H1Z, B0GCZB2DGT, B0FT8H6YJV, B0FT8KCD74, B0FT87VQCK]",amzn1.campaign.37DEJCYT3HMKJ,Off sale promotion—Under 10$ Sweters,Tanming,2026-08-17,2026-12-31,18.00%,5000.0,5000.0,56,800,false
[B0GXL9B972],amzn1.campaign.3KSRQ14OAIP3G,ZANXELORR Compressed Air Duster 10% Discounted,ZANXELORR,2026-08-17,2026-12-05,10.00%,5000.0,5000.0,136,800,false
[B0DXVM2MB3],amzn1.campaign.2YKE9SINA1GI7,Lock in 20% commission + Amazon selling sunglasses Y261,ATTCL,2026-08-17,2027-08-17,20.00%,5000.0,5000.0,120,800,false
[B0H71SLXDB],amzn1.campaign.19V809RKJ68TF,AREPK 4-in-1 Aquarium Turkey Baster – Cleaning & Feeding Tool,AREPK,2026-08-17,2026-12-31,10.00%,5000.0,4989.92,81,800,false
"[B0GY45D6B8, B0GY44VSR5, B0GY45HLL5, B0GY3YYFGQ, B0GY42WLW1, B0GY45DVG9, B0GY3ZGR3T, B0GY3YS9SN, B0GY47QC26, B0GY41VRGZ, B0GY3QKD88, B0GY463FPR, B0GY3Y4JBY, B0GY3YJKCJ, B0GY42XQ58, B0GY3Z1984, B0GY43DNN2, B0GY3Z3ZK3, B0GY3ZJJV3, B0GY47WWJL, B0GY3YHXXZ, B0GY3XKGVB, B0GY3V9DXS, B0GY479GXQ, B0GY487542, B0GY3YYBQ6, B0GY47NFY7, B0GY42DCQC, B0GY47X592, B0GY47TDNS, B0GY43LJN7, B0GY42VWPP, B0GY43FD9Q, B0GY3Z2TGK, B0GY4C4W5B, B0GY45KPF5, B0GY41CR54, B0GY44VSR4, B0GY452NDD, B0GY4371QP]",amzn1.campaign.HTRIA5FR2YHB,20% Commission on PRETTYGARDEN Quarter Zip Sweaters PR1604,PRETTYGARDEN,2026-08-17,2026-09-16,20.00%,5000.0,4904.96,4,800,false
"[B0GKGGXKR1, B0GKGR7YPD, B0GKGM362Y, B0GKGHQJ1M, B0GKGHVBRN, B0GKGN7DD1, B0GKGKRTJH, B0GKGN1DWR, B0GKGB8JMH, B0GKGPZGD4, B0GKGVWCW4, B0GKGVVQKW, B0GKGMZ6QC]",amzn1.campaign.KKFK0GR3PCJ8,WV-010-009-创作者影响计划-0813-10.28%-03-5544,MolyPark,2026-08-22,2026-10-04,10.28%,5003.0,5003.0,135,800,false
"[B0DXVLZ664, B0GLXNMRWH]",amzn1.campaign.21L6MKZT9Q47P,Lock in 20% commission + Amazon selling sunglasses KC15,ATTCL,2026-08-17,2027-08-17,20.00%,5000.0,5000.0,78,800,false
[B0FJXWPJ92],amzn1.campaign.3SNQSDZ70BYUA,"Laundry Detergent Dispenser (54oz, 2-Pack) + 6 Labels & 10% Commission",GIXSEGIE,2026-08-17,2027-08-14,10.00%,5000.0,5000.0,121,800,false
"[B0F7K6GN6G, B0F7K6GN6H, B0F7KCLN55, B0F7K87PFQ, B0F7K1Y1G6, B0F7JTKPBR, B0F7K32FH4, B0F7K23D8N, B0F7JXCWMS, B0F7JTNVN1, B0F7JXZYJ6, B0F7K3PNBN, B0F7K7D328, B0F7KGDPRL, B0F7K16T69, B0F7KC5DZ6, B0F7K68GQG, B0F7K7J3MC, B0F7KGBMNS, B0F7JTF9GS, B0F7KCNJM7, B0F7K1B2QT, B0F7K7K792, B0F7JTNDBW, B0F7K85MRC, B0F7KFK2T3, B0F7K3H2JW, B0F7K1B2QZ, B0F7KFK2T5, B0F7JK2L9B, B0F7K423QW, B0F7K3ZTFZ, B0F7JTDXTF, B0F7JTNDBM, B0F7JY497Q, B0F7K69S21, B0F7JTD81G, B0F7K5545Z, B0F7K92L41, B0F7K55469, B0F7JXYD4Y, B0F7JXYD59, B0F7KJGNHY, B0F7J7Z9CF, B0F7KJ9WLM, B0F7K69GLG, B0F7K3Q8NN, B0F7K3J3MG, B0F7K67K1B, B0F7KG58FD, B0F7KJCTXK, B0F7K7WV8T, B0F7KG9PW4, B0F7K7TXN3, B0F7KCMKGL, B0F7K56DPQ, B0F7JZ36WM, B0F7JGK3S5, B0F7K53VHL]",amzn1.campaign.21QRUEQ96WD1V,Coutgo Womens Knee High Boots D2Y851 15%,Coutgo,2026-08-17,2026-09-16,15.00%,5000.0,4295.82,17,800,false
[B0DWMW1VX5],amzn1.campaign.U40VY15ZKUGO,15% Commission: Doctor's Recipes Zinc Complex 50mg,Doctor's Recipes,2026-08-17,2026-10-31,15.00%,10000.0,10000.0,85,800,false
"[B0CXDJG5QM, B0F12QG9ZX]",amzn1.campaign.RXAU318Z9CAL,A2566-2,Zwiran,2026-08-17,2026-12-31,15.00%,8000.0,7274.41,53,800,false
"[B0GY45D6B8, B0GY44VSR5, B0GY45HLL5, B0GY3YYFGQ, B0GY42WLW1, B0GY45DVG9, B0GY3ZGR3T, B0GY3YS9SN, B0GY47QC26, B0GY41VRGZ, B0GY3QKD88, B0GY463FPR, B0GY3Y4JBY, B0GY3YJKCJ, B0GY42XQ58, B0GY3Z1984, B0GY43DNN2, B0GY3Z3ZK3, B0GY3ZJJV3, B0GY47WWJL, B0GY3YHXXZ, B0GY3XKGVB, B0GY3V9DXS, B0GY479GXQ, B0GY487542, B0GY3YYBQ6, B0GY47NFY7, B0GY42DCQC, B0GY47X592, B0GY47TDNS, B0GY43LJN7, B0GY42VWPP, B0GY43FD9Q, B0GY3Z2TGK, B0GY4C4W5B, B0GY45KPF5, B0GY41CR54, B0GY44VSR4, B0GY452NDD, B0GY4371QP]",amzn1.campaign.2SY680X1SBDNK,10% Commission on PRETTYGARDEN Quarter Zip Sweaters PR1604,PRETTYGARDEN,2026-08-17,2026-09-16,10.00%,5000.0,5000.0,67,800,false
"[B07P1QW4VB, B08Y8SM4N4, B0D5GYWX7W, B0CRTM9LT4, B09PHC782D, B08Y8RTXGX, B09Y8QKXWH, B09PHBLHJM, B0GCJCYVWS, B07TKHNZ71, B09PHBGW68, B0CSP4CPLP, B07NZNF88S, B09PH9WNFH, B09PHCHRHC, B09PHB1HMX, B07NZNF88R, B0B8779N12, B08CGK11KC, B0CSNYN8NJ, B0DY44WH8P, B09PHB6CX7, B0894KJ1TZ, B09PHFSSQ9, B09PHB4F73, B09Y8QDS8J, B08Y8SQQV4]",amzn1.campaign.1Q74GJGOWOK5P,JMEXSUSS Solar Fairy String Lights For Outside Garden Yard Patio Tree Decor,JMEXSUSS,2026-08-17,2027-02-28,10.00%,10000.0,9933.86,40,800,false
"[B0F8QSX5Q6, B0DL2CZMYW, B0DL2CD2YP, B0DM24L95Q, B0DKFZDPVL, B0DL2R22Q1, B0F1T929CS, B0F1T98MMK, B0DL29F997, B0DMVF15S3, B0F1TBVYPM, B0G5NCLNYF, B0F8QSZY5K, B0F8QR8KVZ, B0DMT8H8N3, B0DP228D94, B0DP22XTGK, B0DP22W9V2, B0DMT9BXS7, B0F8QP439R, B0F8QT9M3W, B0F8QQKP3H, B0DP22G3SH, B0DM238S8R, B0CS2LNBZL, B0DL2CSR8G, B0CS2PMPZN, B0DMT98958, B0DMTB6Y66, B0CS2BQS6C, B0F8QRMLKG, B0G5N5QP12, B0DTTRNCHF, B0DL27LKV4, B0DMT8ZJBR, B0G5NFS3WR, B0DL26L3FJ, B0DR8H5KWD, B0DL27S94C, B0DMT9KMHY, B0F8QQFFQ3, B0F8QQ6M4W, B0DPX5XBM2, B0DP22Y3M9, B0DM23D4J9, B0DKFXLX35, B0F89X7M4N, B0G5MW8Z8S, B0DM224RT5, B0DMT9JQSK, B0G5NF5C24, B0CS31YMSX, B0DL2GFXJ3, B0DL2KQJD3, B0DMT91G97, B0DMTCC5XB, B0G5NKDGGP, B0DMT91HGM, B0DMTCQLQL, B0DKFY53RS, B0DR8L2RYT, B0F1T9YGKN, B0DP22CDFG, B0DMT8R568, B0F1T9TV78, B0DL2G64KJ, B0DP229766, B0DM1XYXPQ, B0DTYQL7XP, B0DMT7D98K, B0DL2HCLXH, B0DM22ZY9G, B0DL2MWMXD, B0DL2HCLXD, B0F1TCSZ64, B0DKFZQG8F, B0DM1YV7KP, B0DP22LFBT, B0DL264N8Q, B0G5N8TTV5]",amzn1.campaign.VFSNVA0HEJ5C,WEGA Custom Canvas Prints with Your Photos Canvas Framed-MADE IN USA,WEGA,2026-08-18,2026-09-26,20.00%,5000.0,5000.0,116,800,false
"[B0H97TXTR7, B0BZ7WRV65, B0GCJS9CXC, B0BZ7WB9HK, B0BZ7ZKCFV, B0BZ7W9Z42, B0CXMWZ9WC, B0BZ7VVZ9Y, B0BZ7WNM85, B0GWPXLHSP, B0G52BNMR8, B0C9LHY2YS, B0DR588NCS, B0BZ7Y5BDY, B0G52P943M, B0C9LHYCWJ, B0BZ7Z5P9L, B0C9LJ8SCR, B0DW4D82JM, B0C9LGXSSJ, B0DXSQB23G, B0C9LFQ73Y, B0FRZ5W15V, B0H97CQDMN, B0DLGMXKTS, B0BZ7XC1K8, B0BZ7XRKJ7, B0BZ7ZS1JC, B0CY1XBFVM, B0DXSSTKBX, B0BZ82M73S, B0G6DFWHYR, B0BZ7XBZG3, B0BZ7XBSVS, B0FG1MM2FB, B0BZ7TW2R4, B0FRZ518TG, B0BZ7XHYTN, B0BZ7ZZDBM, B0BZ7X81M5, B0BZ7ZBVMM, B0GWPG2T9X, B0G6DHPPY1, B0BZ7X3B16, B0BZ7XWP9C, B0GWH2BR3M, B0BZ7WTLTB, B0C9LNKQM7, B0DXT7GGC1, B0DYG2RGQ3, B0CHM9W35G, B0BZ7Y9VKX, B0DLGKLD15, B0DMP3PF6J, B0BZ7XMNPQ, B0BZ8113NY, B0H7BD9K54, B0G6DFCWY7, B0BZ7WVSCS, B0BZ7TG36H]",amzn1.campaign.2KWCYUK4UB0CS,MS-2301,Odisen,2026-08-17,2027-02-28,20.00%,50000.0,49967.6,72,800,false
"[B0H94CKKYZ, B0H4Z5VC2W, B0H94KJN59, B0H9476P3G, B0H949QLMW, B0H94CBGLF, B0H94Y6WXN, B0H94CGWLR, B0H94F3JD9, B0H94SBWS1, B0H4Z8R4GB, B0H94MW4CP, B0H94573HK, B0H949DSZZ, B0H9458HFK, B0GSVMK6XQ, B0H5PHDYFR, B0GWQV4WHR, B0H94K6HV4, B0H45KGV5L, B0H94RJTRG, B0H94GXHPY, B0H946PL4L, B0H45JBNV6, B0H946DPHQ, B0GXDWN55P, B0H94CJL3F, B0H949T6GL, B0H93QRLYV, B0H9472WPC, B0H944N8B9, B0H4Z9RN7D, B0H94966XB, B0H94573HS, B0H949HPMD, B0H947D9FN, B0H267JN11, B0H94BB1KK, B0H261L4B5, B0H26H3X3G, B0H94B4XQC, B0H944DRTL, B0H94C4RQ7, B0H4ZD8KN3, B0H946MS1L, B0H9479PD9, B0H4Z7D45Z, B0H4Z3SYM1, B0H269P7Q1, B0H94WJC85, B0H944DRTP, B0H4ZDFVZ5, B0GSVM3WV1, B0H94N31QY, B0GSVFNVM4, B0H94C94V1, B0H4ZDT7P9, B0H946ZF4Y, B0H94VFHQP, B0H4Z34GK3, B0H94SDX9X, B0H26396G8, B0H947Q6F8, B0H947542H, B0H94C75CZ, B0H94PR8L1, B0H9475DS4, B0H942HRXP, B0H9475PJJ, B0H4ZC8ZJC, B0H94HGKF8, B0H9471HVN, B0H942N5TY, B0H946YHSC, B0H94CDDCM, B0H942HW8F, B0H94C7N3P, B0GSVRY43L, B0H265PH5H, B0H947RHKT, B0H946G5FM, B0H942JVQD, B0H9471LR1, B0H264SQNL, B0GSVLKLRB, B0H94BWZ95, B0H94H1DM1, B0H94CCH4X, B0H949PLSD, B0H94H9MFZ, B0H5PR2J44, B0H9456ZM2, B0H942JRHQ, B0H4ZDGNZ4, B0H946XSFM, B0H4ZD147M, B0H946V3N4, B0H94FCF9R, B0H9478LD4, B0H948XLX8, B0H9477DG2, B0H94BVRT5, B0GSVNLH4J, B0H262WH8F, B0H4ZD2KC1, B0H949P93X, B0H5PM3N6L, B0H4Z2Z74S, B0H942F9RQ, B0H946YLLZ, B0H4ZKMZQG, B0H4ZF7K2Q, B0H94DQ5QC, B0H5PW3VB3]",amzn1.campaign.NEJE9WWHIFJX,Modern Washable NonSlip Rug Creator Promo-2026/08/14,BESBLEE,2026-08-17,2026-11-19,10.00%,5000.0,5000.0,139,800,false
"[B0GKGGXKR1, B0GKGR7YPD, B0GKGM362Y, B0GKGHQJ1M, B0GKGHVBRN, B0GKGN7DD1, B0GKGKRTJH, B0GKGN1DWR, B0GKGB8JMH, B0GKGPZGD4, B0GKGVWCW4, B0GKGVVQKW, B0GKGMZ6QC]",amzn1.campaign.JNCGI0CG509P,WV-010-009-创作者影响计划-0813-10.27%-03-6344,MolyPark,2026-08-27,2026-10-04,10.27%,5003.0,5003.0,135,800,false
[B0GH74SV3V],amzn1.campaign.188BZUNV5VNBH,Swedish Dishcloths (6-Pack) | Eco-Friendly & 10% Commission,GIXSEGIE,2026-08-18,2027-04-30,10.00%,5000.0,5000.0,119,800,false
[B0GLM61MXP],amzn1.campaign.2U2CAEWMRMD59,HOT Deal: 🌸 Glamaker New Arrival Maxi Collab -CYT-M26DR0128,Glamaker,2026-08-18,2026-11-03,10.00%,5000.0,5000.0,100,800,false
"[B0H743BTYD, B0H6ZTPRTZ, B0H718RQCG]",amzn1.campaign.3J8KESDY12LZE,Car Accessories Set,Orlithra,2026-08-17,2026-10-31,15.00%,5000.0,5000.0,85,800,false
[B0GFMSR93G],amzn1.campaign.12PL32JOXGZ84,Lock in 20% commission + Amazon selling sunglasses 26A77,ATTCL,2026-08-17,2027-08-17,20.00%,5000.0,5000.0,112,800,false
"[B0F8QSX5Q6, B0DL2CZMYW, B0DL2CD2YP, B0DM24L95Q, B0DKFZDPVL, B0DL2R22Q1, B0F1T929CS, B0F1T98MMK, B0DL29F997, B0DMVF15S3, B0F1TBVYPM, B0G5NCLNYF, B0F8QSZY5K, B0F8QR8KVZ, B0DMT8H8N3, B0DP228D94, B0DP22XTGK, B0DP22W9V2, B0DMT9BXS7, B0F8QP439R, B0F8QT9M3W, B0F8QQKP3H, B0DP22G3SH, B0DM238S8R, B0CS2LNBZL, B0DL2CSR8G, B0CS2PMPZN, B0DMT98958, B0DMTB6Y66, B0CS2BQS6C, B0F8QRMLKG, B0G5N5QP12, B0DTTRNCHF, B0DL27LKV4, B0DMT8ZJBR, B0G5NFS3WR, B0DL26L3FJ, B0DR8H5KWD, B0DL27S94C, B0DMT9KMHY, B0F8QQFFQ3, B0F8QQ6M4W, B0DPX5XBM2, B0DP22Y3M9, B0DM23D4J9, B0DKFXLX35, B0F89X7M4N, B0G5MW8Z8S, B0DM224RT5, B0DMT9JQSK, B0G5NF5C24, B0CS31YMSX, B0DL2GFXJ3, B0DL2KQJD3, B0DMT91G97, B0DMTCC5XB, B0G5NKDGGP, B0DMT91HGM, B0DMTCQLQL, B0DKFY53RS, B0DR8L2RYT, B0F1T9YGKN, B0DP22CDFG, B0DMT8R568, B0F1T9TV78, B0DL2G64KJ, B0DP229766, B0DM1XYXPQ, B0DTYQL7XP, B0DMT7D98K, B0DL2HCLXH, B0DM22ZY9G, B0DL2MWMXD, B0DL2HCLXD, B0F1TCSZ64, B0DKFZQG8F, B0DM1YV7KP, B0DP22LFBT, B0DL264N8Q, B0G5N8TTV5]",amzn1.campaign.1PEZSZZ7QVDH,WEGA Custom Canvas Prints with Your Photos Canvas Framed-MADE IN USA,WEGA,2026-08-18,2026-09-25,20.00%,5000.0,5000.0,121,800,false
"[B0DFMG4VDG, B0DFMK2TCX, B0D4VQTLP5, B0DFMJ6JY7, B0DKJFB3MY, B0FHWSF81G, B0FN49DQ9B, B0DGXZSRJ7, B0DFMJML3P, B0DFMDMJRL, B0FN48MLPW, B0DJ8HSFQ8, B0DKJ74H1P, B0DFML2685, B0DFMK24LB, B0DJ8HM315, B0DFMLGGGS, B0DKJ27D1G, B0FN48QZCZ, B0D4VNPM4F, B0DGXZL73R, B0D4VQ73C8, B0FN4BJZY8, B0D4VP4TW5, B0FN4CNJKL, B0DJ8G15Z3, B0DC5Z5TZJ, B0DC5ZQK3Z, B0FN48NV3W, B0FN49HR26, B0D4VS9KKQ, B0DFMJQYQL, B0DKJDQX3G, B0DFMFYWT7, B0FN47XY92, B0DC5ZXPVK, B0D4VQ73CH, B0DFMHY4J4, B0DC5Z627V, B0FN48ZFHX, B0FN48ZFHW, B0D4VQF8WY, B0DC612PHH, B0DC5ZQH4N, B0DFMK4J7S, B0D4VQ5C6P, B0FN49L3DX, B0DC622SWF, B0DFMFN9CR, B0D4VQYMHB, B0D4VP8BSZ, B0DJ8GSZMV, B0DFMHZZSB, B0D4VPNHX8, B0DFMF2T6T, B0FN48KMFR, B0FHWS48R1, B0DKJ68175, B0D4VQPSFS, B0D4VPSQFJ, B0D4VQZL71, B0D4VPN2Y8, B0DKJ4QBQP, B0FN493GZW, B0DC5ZMXV8, B0DGXYKRMW, B0DKJ3YYCJ, B0DKJCC4ZR, B0FN4B1C6Z, B0DGY2RMXK, B0D4VQK2KK, B0D4VR3Z4Y, B0DFMK1MSH, B0D4VR9KFD, B0D4VR9DPT, B0D4VRCXZN]",amzn1.campaign.Q6JZI4TLF91,CiCiBird Fall Coatigan for Office & Travel | 12% Commission #35,CiCiBird,2026-08-17,2026-10-21,12.00%,5000.0,5000.0,103,800,false
"[B0FL79WLH4, B0FMY1ZGCY, B0FF9KFDQF, B0FF9RRBCG, B0FF9TH6DT, B0FL6R2J9J, B0FL71Z688, B0FF9LZVJX, B0FF9R9CC2, B0FMY4TXXX, B0FMXZ5TMW, B0FMY4574G, B0FL6LLTRY, B0FMY22DTP, B0FF9VZYJG, B0FMY52BPQ, B0FF9T3Z6W, B0FF9RLY72, B0FF9STF47, B0FL6PRQ9J, B0FF9VZVT6]",amzn1.campaign.1VZXA0U6XMIRT,⭐JKEEMI All-Season Sparkle! Adjustable Rhinestone Belt for Kids (15% Comm),JKEEMI,2026-08-18,2026-12-31,15.00%,8000.0,8000.0,87,800,false
"[B0GKGGXKR1, B0GKGR7YPD, B0GKGM362Y, B0GKGHQJ1M, B0GKGHVBRN, B0GKGN7DD1, B0GKGKRTJH, B0GKGN1DWR, B0GKGB8JMH, B0GKGPZGD4, B0GKGVWCW4, B0GKGVVQKW, B0GKGMZ6QC]",amzn1.campaign.2L8VUK1BRV8KZ,WV-010-009-创作者影响计划-0813-10.25%-03-68/344,MolyPark,2026-08-25,2026-10-04,10.25%,5003.0,5003.0,133,800,false
[B0FLD34B7C],amzn1.campaign.2YL2YRPJZ8V1P,Lock in 20% commission + Amazon selling sunglasses T991,ATTCL,2026-08-17,2027-08-17,20.00%,5000.0,5000.0,120,800,false
[B0GTXLG78K],amzn1.campaign.1PUFD6R92CMG5,No-Mess Pouring Oil Dispenser Bottles + Bamboo Tray | Earn 10%,GIXSEGIE,2026-08-17,2027-08-17,10.00%,5000.0,5000.0,119,800,false
[B0GXL9B972],amzn1.campaign.2WAKO9H444EU3,ZANXELORR Compressed Air Duster 10% Discounted,ZANXELORR,2026-08-17,2026-12-04,10.00%,5000.0,5000.0,143,800,false
[B0GLMLN12P],amzn1.campaign.37A9FFW29NH3Y,2026 Upgrade T104M Mechanical Timer Switch for Pool Pump-12% commission,Emnrod,2026-08-17,2026-12-31,12.00%,5000.0,4982.0,76,800,false
[B0GGGPBKK9],amzn1.campaign.2CQ8OYX0QKKTM,20% Commission KVM Switch HDMI 2 in 1 Out,BINZET,2026-08-17,2026-10-31,20.00%,5000.0,4986.4,79,800,false
"[B0F8QSX5Q6, B0DL2CZMYW, B0DL2CD2YP, B0DM24L95Q, B0DKFZDPVL, B0DL2R22Q1, B0F1T929CS, B0F1T98MMK, B0DL29F997, B0DMVF15S3, B0F1TBVYPM, B0G5NCLNYF, B0F8QSZY5K, B0F8QR8KVZ, B0DMT8H8N3, B0DP228D94, B0DP22XTGK, B0DP22W9V2, B0DMT9BXS7, B0F8QP439R, B0F8QT9M3W, B0F8QQKP3H, B0DP22G3SH, B0DM238S8R, B0CS2LNBZL, B0DL2CSR8G, B0CS2PMPZN, B0DMT98958, B0DMTB6Y66, B0CS2BQS6C, B0F8QRMLKG, B0G5N5QP12, B0DTTRNCHF, B0DL27LKV4, B0DMT8ZJBR, B0G5NFS3WR, B0DL26L3FJ, B0DR8H5KWD, B0DL27S94C, B0DMT9KMHY, B0F8QQFFQ3, B0F8QQ6M4W, B0DPX5XBM2, B0DP22Y3M9, B0DM23D4J9, B0DKFXLX35, B0F89X7M4N, B0G5MW8Z8S, B0DM224RT5, B0DMT9JQSK, B0G5NF5C24, B0CS31YMSX, B0DL2GFXJ3, B0DL2KQJD3, B0DMT91G97, B0DMTCC5XB, B0G5NKDGGP, B0DMT91HGM, B0DMTCQLQL, B0DKFY53RS, B0DR8L2RYT, B0F1T9YGKN, B0DP22CDFG, B0DMT8R568, B0F1T9TV78, B0DL2G64KJ, B0DP229766, B0DM1XYXPQ, B0DTYQL7XP, B0DMT7D98K, B0DL2HCLXH, B0DM22ZY9G, B0DL2MWMXD, B0DL2HCLXD, B0F1TCSZ64, B0DKFZQG8F, B0DM1YV7KP, B0DP22LFBT, B0DL264N8Q, B0G5N8TTV5]",amzn1.campaign.GYEWKC8GX65C,WEGA Custom Canvas Prints with Your Photos Canvas Framed-MADE IN USA,WEGA,2026-08-18,2026-09-24,20.00%,5000.0,5000.0,135,800,false
"[B0DMDXWYP2, B0DMDWGNX2, B0DMDYYLMG, B0DMF2FH9D, B0DMDVW17M, B0DMDZRVGW, B0DMDWGBXD, B0G8J1LHHQ]",amzn1.campaign.2RDJ3R621WMBO,High Commission Collaboration – All Sizes of LED Bathroom Mirror +10% commission,Homsion,2026-08-17,2026-10-31,10.00%,5000.0,4907.09,77,800,false
[B0GH74SV3V],amzn1.campaign.PIB1HP7GNBMG,Collab: Eco-Friendly Swedish Dishcloths (6-Pack) for Your Kitchen Content 🌿,GIXSEGIE,2026-08-17,2027-08-15,10.00%,5000.0,5000.0,115,800,false
[B0GK8C9YY2],amzn1.campaign.EXOR1U65L7UU,"ST‑527‑6M‑12X Solar Security Camera Campaign, WIFI Version",INQMEGA,2026-08-17,2026-10-31,10.00%,5000.0,5000.0,84,800,false
"[B0GKGGXKR1, B0GKGR7YPD, B0GKGM362Y, B0GKGHQJ1M, B0GKGHVBRN, B0GKGN7DD1, B0GKGKRTJH, B0GKGN1DWR, B0GKGB8JMH, B0GKGPZGD4, B0GKGVWCW4, B0GKGVVQKW, B0GKGMZ6QC]",amzn1.campaign.1UBKUBKDFCBYE,WV-010-009-创作者影响计划-0813-10.23%-03-68/311,MolyPark,2026-08-18,2026-10-04,10.23%,5003.0,5003.0,133,800,false
[B0DLGSQJYN],amzn1.campaign.3BKOM08YSGDYS,🔥10% commission + 3K + monthly sales + Rechargeable Brightest Headlamp🔥,FINICO,2026-08-19,2026-09-25,10.00%,10000.0,10000.0,121,800,false
[B0GDZLM39T],amzn1.campaign.2QV2H9E4OWCRD,Lock in 20% commission + Amazon selling sunglasses 548,ATTCL,2026-08-17,2027-08-17,20.00%,5000.0,5000.0,118,800,false
"[B0H94CKKYZ, B0H4Z5VC2W, B0H94KJN59, B0H9476P3G, B0H949QLMW, B0H94CBGLF, B0H94Y6WXN, B0H94CGWLR, B0H94F3JD9, B0H94SBWS1, B0H4Z8R4GB, B0H94MW4CP, B0H94573HK, B0H949DSZZ, B0H9458HFK, B0GSVMK6XQ, B0H5PHDYFR, B0GWQV4WHR, B0H94K6HV4, B0H45KGV5L, B0H94RJTRG, B0H94GXHPY, B0H946PL4L, B0H45JBNV6, B0H946DPHQ, B0GXDWN55P, B0H94CJL3F, B0H949T6GL, B0H93QRLYV, B0H9472WPC, B0H944N8B9, B0H4Z9RN7D, B0H94966XB, B0H94573HS, B0H949HPMD, B0H947D9FN, B0H267JN11, B0H94BB1KK, B0H261L4B5, B0H26H3X3G, B0H94B4XQC, B0H944DRTL, B0H94C4RQ7, B0H4ZD8KN3, B0H946MS1L, B0H9479PD9, B0H4Z7D45Z, B0H4Z3SYM1, B0H269P7Q1, B0H94WJC85, B0H944DRTP, B0H4ZDFVZ5, B0GSVM3WV1, B0H94N31QY, B0GSVFNVM4, B0H94C94V1, B0H4ZDT7P9, B0H946ZF4Y, B0H94VFHQP, B0H4Z34GK3, B0H94SDX9X, B0H26396G8, B0H947Q6F8, B0H947542H, B0H94C75CZ, B0H94PR8L1, B0H9475DS4, B0H942HRXP, B0H9475PJJ, B0H4ZC8ZJC, B0H94HGKF8, B0H9471HVN, B0H942N5TY, B0H946YHSC, B0H94CDDCM, B0H942HW8F, B0H94C7N3P, B0GSVRY43L, B0H265PH5H, B0H947RHKT, B0H946G5FM, B0H942JVQD, B0H9471LR1, B0H264SQNL, B0GSVLKLRB, B0H94BWZ95, B0H94H1DM1, B0H94CCH4X, B0H949PLSD, B0H94H9MFZ, B0H5PR2J44, B0H9456ZM2, B0H942JRHQ, B0H4ZDGNZ4, B0H946XSFM, B0H4ZD147M, B0H946V3N4, B0H94FCF9R, B0H9478LD4, B0H948XLX8, B0H9477DG2, B0H94BVRT5, B0GSVNLH4J, B0H262WH8F, B0H4ZD2KC1, B0H949P93X, B0H5PM3N6L, B0H4Z2Z74S, B0H942F9RQ, B0H946YLLZ, B0H4ZKMZQG, B0H4ZF7K2Q, B0H94DQ5QC, B0H5PW3VB3]",amzn1.campaign.Z4CMN3MSHHS6,Modern Washable NonSlip Rug Creator Promo-2026/08/14,BESBLEE,2026-08-17,2026-11-18,10.00%,5000.0,5000.0,139,800,false
[B0HC33VPLC],amzn1.campaign.1JWIN4MU6Z0W7,40% Salicylic Acid Wart & Corn Remover Campaign,ZCZBHL,2026-08-17,2026-09-17,30.00%,5000.0,4727.94,65,800,false
"[B0H45288SF, B0H45BKKJW, B0H455LG8V, B0H454X5BG, B0H454MZLL, B0H452H597, B0H454CTQM, B0H45CG6CZ, B0H44XJ5SL, B0H45BLYWC, B0H4583LB5, B0H454G7KZ, B0H45BWD4M, B0H44XM5Y4, B0H45244NJ, B0H454239S, B0H45BM6CY, B0H45542GW, B0H44YSPV8, B0H457N5KM, B0H455LS55]",amzn1.campaign.YLFNMVRM2YYK,Balloons for balloon arch garland birthday baby shower gender reveal party decor,CVPARTYON,2026-08-17,2026-12-31,10.00%,5000.0,5000.0,76,800,false
"[B0CDWGJHHF, B0CDVVRMGY, B0DC6HHNXD, B0DC6GNNSB, B0CDWCV1Z1, B0FHJB6Q5Q, B09JSZZ7TM, B0CDVWBTM9, B0CDVVFGS7, B0FHKKG8RK, B0DC6GPK9F, B09JSZKXM8, B0FHKJP968, B08SLR82RT, B0FHKKBXZ4, B0DC6FKCXR, B0DC6G6LDT, B07QLR2SLM, B0DC6G1CDZ]",amzn1.campaign.U17SL4ZFQEGL,Dsource Copper Hiking Cushioned Sole Compression Crew Socks commission rate 10%,DSOURCE,2026-08-17,2027-08-17,10.00%,5000.0,5000.0,87,800,false
[B0H336KTCL],amzn1.campaign.2N5U7Q7F87FIM,Apple Pumpkin Fall Candles,Homsolver,2026-08-17,2026-11-30,15.00%,5000.0,5000.0,110,800,false
"[B0F8QSX5Q6, B0DL2CZMYW, B0DL2CD2YP, B0DM24L95Q, B0DKFZDPVL, B0DL2R22Q1, B0F1T929CS, B0F1T98MMK, B0DL29F997, B0DMVF15S3, B0F1TBVYPM, B0G5NCLNYF, B0F8QSZY5K, B0F8QR8KVZ, B0DMT8H8N3, B0DP228D94, B0DP22XTGK, B0DP22W9V2, B0DMT9BXS7, B0F8QP439R, B0F8QT9M3W, B0F8QQKP3H, B0DP22G3SH, B0DM238S8R, B0CS2LNBZL, B0DL2CSR8G, B0CS2PMPZN, B0DMT98958, B0DMTB6Y66, B0CS2BQS6C, B0F8QRMLKG, B0G5N5QP12, B0DTTRNCHF, B0DL27LKV4, B0DMT8ZJBR, B0G5NFS3WR, B0DL26L3FJ, B0DR8H5KWD, B0DL27S94C, B0DMT9KMHY, B0F8QQFFQ3, B0F8QQ6M4W, B0DPX5XBM2, B0DP22Y3M9, B0DM23D4J9, B0DKFXLX35, B0F89X7M4N, B0G5MW8Z8S, B0DM224RT5, B0DMT9JQSK, B0G5NF5C24, B0CS31YMSX, B0DL2GFXJ3, B0DL2KQJD3, B0DMT91G97, B0DMTCC5XB, B0G5NKDGGP, B0DMT91HGM, B0DMTCQLQL, B0DKFY53RS, B0DR8L2RYT, B0F1T9YGKN, B0DP22CDFG, B0DMT8R568, B0F1T9TV78, B0DL2G64KJ, B0DP229766, B0DM1XYXPQ, B0DTYQL7XP, B0DMT7D98K, B0DL2HCLXH, B0DM22ZY9G, B0DL2MWMXD, B0DL2HCLXD, B0F1TCSZ64, B0DKFZQG8F, B0DM1YV7KP, B0DP22LFBT, B0DL264N8Q, B0G5N8TTV5]",amzn1.campaign.18NXE7RJ1AVIF,WEGA Custom Canvas Prints with Your Photos Canvas Framed-MADE IN USA,WEGA,2026-08-18,2026-09-23,20.00%,5000.0,5000.0,117,800,false
[B0GLM61MXP],amzn1.campaign.GM4RSRAW0CMO,Great Deal: ✨ Glamaker Crochet Dress Collab Pitch -CYT-M26DR0128,Glamaker,2026-08-18,2026-11-02,10.00%,5000.0,5000.0,100,800,false
"[B0H6H379FK, B0H6H62Y38, B0H6HD6TGM, B0H6HGRD25, B0H6H5MLCM, B0H6HMPZNR, B0H6H3QSDM, B0H6H1DNVX, B0H6HD4BKZ, B0H6HJM5YH, B0H6HDXJKG, B0H6H1S8M6, B0H6H92WR9, B0H6HHQXNC, B0H6HBVYCY, B0H6HGLRG8, B0H6HDJW35, B0H6H7M6Y8, B0H6HQBHDW, B0H6HGL27K, B0H6H8ZX2T, B0H6HDJ7K3, B0H6HFVH72, B0H6H91FF4, B0H6GXKGWM, B0H6H86MGD, B0H6H8YQ6C, B0H6HBT327, B0H6HNJXCB, B0H6HBRLCC]",amzn1.campaign.J8DRBTT9HRDH,Collaborate with Us for Batwing Mini Dress Launch to Get 15% Commission!,Uni Clau,2026-08-17,2026-12-31,15.00%,5000.0,4924.1,78,800,false
"[B0GCG7DPYP, B0GCD4H6ZJ, B0GCHPJSHG, B0GCHDC2ZQ]",amzn1.campaign.1ZK75P2FT9LVF,"Commomy Faux Brick Wall Covering, Just Peel, Stick & Enjoy!",Commomy,2026-08-17,2026-12-31,15.00%,5000.0,4990.6,80,800,false
[B0GW3ZGBRR],amzn1.campaign.1CTWJ0MLUV3Y4,项链盒,Eleayur,2026-08-17,2026-11-30,10.00%,5000.0,4988.0,86,800,false
[B0H3P626TP],amzn1.campaign.MN9GHAW0C1LV,15% Commission! AYOVOCH New Food Dehydrator 8-Tray 700W | Ride the Revolution🔥,Ayovoch,2026-08-17,2026-09-16,15.00%,10000.0,10000.0,91,800,false
[B0H39LWWG6],amzn1.campaign.3J8WT7F2P2OZC,Collagen Eye Patches,Aoloryeen,2026-08-17,2026-10-31,10.00%,5000.0,4999.3,118,800,false
"[B0FL79WLH4, B0FMY1ZGCY, B0FF9KFDQF, B0FF9RRBCG, B0FF9TH6DT, B0FL6R2J9J, B0FL71Z688, B0FF9LZVJX, B0FF9R9CC2, B0FMY4TXXX, B0FMXZ5TMW, B0FMY4574G, B0FL6LLTRY, B0FMY22DTP, B0FF9VZYJG, B0FMY52BPQ, B0FF9T3Z6W, B0FF9RLY72, B0FF9STF47, B0FL6PRQ9J, B0FF9VZVT6]",amzn1.campaign.2OJTCETWBJZ45,🤠JKEEMI Western Glam! Shiny Rhinestone Kids Cowboy Belt (15% Comm),JKEEMI,2026-08-17,2026-12-31,15.00%,8000.0,8000.0,90,800,false
[B0FK58LM98],amzn1.campaign.3KQZHTSG5DROI,COSOWO LED Dog Leash – Night Walk Campaign,COSOWO,2026-08-17,2026-09-30,10.00%,5000.0,5000.0,83,800,false
"[B0H41CSVPC, B0H41GB5ST, B0GGY3W718, B0H41H1XM5, B0GGY3KB7C, B0GGXF6PFK, B0GGY4LNRC, B0GGXXNZ71, B0H41CBT81, B0GGY4SCWY]",amzn1.campaign.3CWOW7OQL5LZC,❤️Amazon's Choice Top-Rated Stylish and Functional Laptop Backpack! 5436,LOVEVOOK,2026-08-17,2026-12-31,10.00%,68888.0,68871.9,36,800,false
"[B0H74ZFT5F, B0H74WLRVL, B0H74RDL19, B0H74N78DB, B0H74X9ZCZ, B0H74PRYSD, B0H74QPKLF, B0H74SD7MT, B0H74MVLD3, B0H74PH2GC, B0H74NTDJV, B0H74WGZDW, B0H74QLQH9, B0H74PPVHX, B0H74QQ26Y, B0H74SC1GB, B0H74VR9JX, B0H74MZGXC, B0H74ZDF8S, B0H74RSWBM]",amzn1.campaign.384OMTNVP6463,4mm 圆珠手链link,GolbalJew,2026-08-17,2026-09-16,10.00%,5000.0,4994.58,68,800,false
"[B0F43PV1HG, B0DS59W6BS, B0FBFX672H, B0G5MYHPZ5, B0GF1Q2764, B0DS5B279N, B0DS5CL434, B0DS5976J8, B0DS59P5RD, B0FBG5R9JQ, B0G5N9K2MK, B0DS5D5KVC, B0H6W2XXVF, B0F43PN7PG, B0GF1CX1MK, B0DS59RL4C, B0F4CVT374, B0H6W2NKG2, B0DS5BGDN7, B0DS5FNBSG, B0DS5DDXKS, B0F43QSYX7, B0F43LLNTT, B0H6VVFYTG, B0G5N269WD, B0F4CH4Z3B, B0FBG1ZW7D, B0H6WFSLDL, B0H263HZ4W, B0DS5D41BG, B0F43QHDJK, B0DS598YC6, B0DS5CCP3G, B0DS5CFT2G, B0F4CLTBK5, B0H25X7S3F, B0DS5BX9TQ, B0DS572JQ1, B0H25VS6FM, B0DS5BHMW1, B0F43PYBFZ, B0G5N8SJVV, B0GF1C7SGK, B0DS5CRFD5, B0DS5FMRKR, B0H6VWK8YT, B0FBFX3MYF, B0FBFY9LNQ, B0G5NFJ6JX, B0H25XK3LL, B0DS5CQLFY, B0F43RF56K, B0F4D2RSZ7, B0H25PTJV2, B0F43RGMH2, B0GF1JMR46, B0DS5GFG5B, B0F43NZRCL, B0DS5DXNBC, B0F4CVRK6S, B0F43LXQTS, B0GF1SXFY1, B0DS5DKSH1, B0DS59LY95, B0DS59TVSZ]",amzn1.campaign.29TXXTIS4FYWD,Earn 10% Comms on Comfy Wide-Leg Sweatpants | 241263,Hixiaohe,2026-08-17,2027-01-17,10.00%,8000.0,8000.0,95,800,false
"[B07S2QY2KB, B0DNSGXFFZ, B08316G6KM, B0CRTQTCKB, B09WQZGGWV, B08XPZJVKP, B0D1KGLRZR, B09WQ3R3HD, B07TV2GYGW, B08XQ2YSD2, B09WR7K6KV, B0F6CJWW1W, B0C5ZFC75K, B08XQ1GQGW, B07TT2R42Z, B083W674D4, B09WQL13RF, B0D1JYWXMG]",amzn1.campaign.3HRUI2G6UFSFF,JMEXSUSS Solar String Lights For Outside Yard Patio Tree Garden Christmas Decor,JMEXSUSS,2026-08-17,2027-03-31,10.00%,10000.0,9973.0,56,800,false
[B0H1RGR11D],amzn1.campaign.3002628AQV1P5,🔥12% commission + 3K + monthly sales + Rechargeable Red Light Headlamp🔥,FINICO,2026-08-17,2026-09-18,12.00%,10000.0,10000.0,139,800,false
"[B0H94CKKYZ, B0H4Z5VC2W, B0H94KJN59, B0H9476P3G, B0H949QLMW, B0H94CBGLF, B0H94Y6WXN, B0H94CGWLR, B0H94F3JD9, B0H94SBWS1, B0H4Z8R4GB, B0H94MW4CP, B0H94573HK, B0H949DSZZ, B0H9458HFK, B0GSVMK6XQ, B0H5PHDYFR, B0GWQV4WHR, B0H94K6HV4, B0H45KGV5L, B0H94RJTRG, B0H94GXHPY, B0H946PL4L, B0H45JBNV6, B0H946DPHQ, B0GXDWN55P, B0H94CJL3F, B0H949T6GL, B0H93QRLYV, B0H9472WPC, B0H944N8B9, B0H4Z9RN7D, B0H94966XB, B0H94573HS, B0H949HPMD, B0H947D9FN, B0H267JN11, B0H94BB1KK, B0H261L4B5, B0H26H3X3G, B0H94B4XQC, B0H944DRTL, B0H94C4RQ7, B0H4ZD8KN3, B0H946MS1L, B0H9479PD9, B0H4Z7D45Z, B0H4Z3SYM1, B0H269P7Q1, B0H94WJC85, B0H944DRTP, B0H4ZDFVZ5, B0GSVM3WV1, B0H94N31QY, B0GSVFNVM4, B0H94C94V1, B0H4ZDT7P9, B0H946ZF4Y, B0H94VFHQP, B0H4Z34GK3, B0H94SDX9X, B0H26396G8, B0H947Q6F8, B0H947542H, B0H94C75CZ, B0H94PR8L1, B0H9475DS4, B0H942HRXP, B0H9475PJJ, B0H4ZC8ZJC, B0H94HGKF8, B0H9471HVN, B0H942N5TY, B0H946YHSC, B0H94CDDCM, B0H942HW8F, B0H94C7N3P, B0GSVRY43L, B0H265PH5H, B0H947RHKT, B0H946G5FM, B0H942JVQD, B0H9471LR1, B0H264SQNL, B0GSVLKLRB, B0H94BWZ95, B0H94H1DM1, B0H94CCH4X, B0H949PLSD, B0H94H9MFZ, B0H5PR2J44, B0H9456ZM2, B0H942JRHQ, B0H4ZDGNZ4, B0H946XSFM, B0H4ZD147M, B0H946V3N4, B0H94FCF9R, B0H9478LD4, B0H948XLX8, B0H9477DG2, B0H94BVRT5, B0GSVNLH4J, B0H262WH8F, B0H4ZD2KC1, B0H949P93X, B0H5PM3N6L, B0H4Z2Z74S, B0H942F9RQ, B0H946YLLZ, B0H4ZKMZQG, B0H4ZF7K2Q, B0H94DQ5QC, B0H5PW3VB3]",amzn1.campaign.HJYYEYZFE2LC,Modern Washable NonSlip Rug Creator Promo-2026/08/14,BESBLEE,2026-08-17,2026-11-17,10.00%,5000.0,5000.0,141,800,false
[B0H28ZKKD7],amzn1.campaign.34F30MBZCB610,10% Commission 🐾 High-Demand Stainless Steel Dog Bowl for Your Audience!,GIXSEGIE,2026-08-17,2027-08-16,10.00%,5000.0,5000.0,81,800,false
"[B0H2435ZSV, B0F1LYFDJG]",amzn1.campaign.1UEXRUHLIO2ZS,"Sunny Days, Restful Nights",Meditonic,2026-08-17,2027-08-17,10.00%,1000000.0,1000000.0,73,800,false
[B085CC6RVX],amzn1.campaign.2NXMRJTZONG13,RC092-1 100pcs Gold and White Plates with a BIG 20% DISCUONT,supernal,2026-08-17,2026-09-16,12.00%,5000.0,5000.0,87,800,false
"[B0GLXS9T5T, B0GLY4QLMK, B0GLXCLF5W, B0GLXPFL2F, B0GLXC4VYL, B0GLXS2STR, B0GLXNGPCR, B0GLY396K8]",amzn1.campaign.8J801OKIUWQ7,25N0673-Horse,leejory,2026-08-17,2026-10-31,15.00%,5000.0,4997.75,83,800,false
[B0GR8NMYBD],amzn1.campaign.2OW3MPXLVBTCG,8化妆刷26.8.14,SOYOK,2026-08-17,2026-09-16,10.00%,5000.0,4997.9,80,800,false
"[B0CP8T2KWS, B0FV2LYF1D, B0H7MJDNR2, B0D4YJ9875, B0FHGPQVQ7, B0GX6C4GFM, B0FYD8WBLD, B0DGKSPD2V, B0FFGNS697, B0CSCYPL52, B0FH2HCXCQ, B0FJ894WKN, B0FPQ971FR, B0D8379GBT, B0DSD1QGHL, B0FSJP3LQY, B0FKRJ7F9J, B0F7RG66XZ, B0DGKV973D, B0F1MPTX9P, B0H2LGHH2D, B0DPKNL1XV, B0F1MK41VW, B0FFGP2TM9, B0FFGNPW9R, B0F1ZVHMC7, B0F632X9LN, B0FFGNHPLW, B0GJD7CPGB, B0F8TK6ZRV, B0CL4KPSQ2, B0FFGPLQR7, B0D5HFXBX4, B0FFGNDR3P, B0D2PXCFDB, B0CL1XTR2C, B0GWZMBS22, B0FFGP2DLW, B0F593DBFF, B0GCZZGLLL, B0DB4LT5CM, B0FFGPMWB1, B0CP8STNBQ, B0F1MQDLD3, B0F6377JP3, B0GRTWB34S, B0GX6KJPR1, B0CKYQ4HM8, B0F1ZSZ47S, B0CP8LVWDB, B0GK7Z6MS8, B0CP8PX2SF, B0H1Q22B9P, B0FHGFH852, B0FYD7RT3N, B0FYDCVJ5K, B0GJDKLQSQ, B0D9N947CW, B0D5HHYJ4V, B0DYJVXCZC, B0GX6JGNTX, B0GFJPZST5, B0DPK3JJVW, B0GDXRJFWT, B0F63755V3, B0CQNZDZWB, B0FH2DZ9PQ, B0CL432GPB, B0F1MS4HB1, B0FFGNYQQV, B0FFGMM3FP, B0CL4L1WRS, B0H1Q5XQPK, B0DSCYH7FR, B0DSD312HN, B0DZXKCL5F, B0FJ87SP2C, B0F89W83FQ, B0FJ8BX636, B0F634NR7B, B0F8QDWRJR, B0GK72GRBM, B0DPK1K3DN, B0CKYQG599, B0FH2GD665, B0H21Q52TR, B0CL277T4Q, B0FFGP1ZQN, B0GDXXVSZV, B0FFGRTF1Y, B0F4QDDQDF, B0CL297VJ9, B0FFGNDN7D, B0FC6FZ21S, B0FV2Q25NF, B0H21R3NWB, B0CTXZ91GN, B0GWZXXLK8, B0FFGNS8R6, B0F37YH83P, B0F9XTQ81D, B0DWJSR436, B0FHGPQK84, B0F1MS26SF, B0FH649DHK, B0FD9LFRWD, B0CL42TRNV, B0DYJXJLT4, B0GVD79SLX, B0DZXN7STX, B0GRV2CMFM, B0DWJS5ZMN, B0DZXGCX94, B0CL4NCZT1, B0F9XTXY6M, B0F1MR715P, B0GDXJYS4Y, B0CKYR7CY6, B0H2LLCJ7M, B0H1QBVC1N, B0FFGS1F8B, B0GX68GH5D, B0DWJSD8JY, B0DYJWSW74, B0FD9NLYLY, B0FKH7DYHW, B0F99HMLPW, B0CP8Q1F4Z, B0GX68HYLQ, B0DYJW6P6S, B0F9XT4VGT, B0GX6J71XG, B0D2PYB1MY, B0FFGND7PM, B0F8TF6JLH, B0CKYRHHK3, B0H2LJNCMK, B0GMDSW228, B0DWJYQBN1, B0CL217XTL, B0FH61NHHX, B0CQP17R3X, B0FF4BJNL8, B0FFGQX9DC, B0GK7D4S2H, B0CL1Y2M4H, B0FFGQ1ZB7, B0DRG162XC, B0GDXPRFTX, B0FV1PGJSL, B0DZXF7BGW, B0CL22HSC2, B0GX6D7HWD, B0DPKMHK5J, B0CL4MZ8JV, B0FFGR6TS4, B0GX6SY6K6, B0GDWQ8VGC, B0F7RFXZTD, B0DWJVRK9Z, B0CL4JRH6R, B0FJ88YMBK]",amzn1.campaign.SXYIUE1G2T7Q,"Earn 10% Commissions - Picks from CoolGift Mart, Great Gift Choice",CoolGift Mart,2026-08-17,2027-08-17,10.00%,5000.0,4962.72,12,800,false
"[B0GYNSMVQ6, B0GYNS73VX]",amzn1.campaign.2NV6QTN0I6OK8,198  10%佣金,LAVTUG,2026-08-17,2026-09-16,10.00%,5000.0,5000.0,86,800,false
[B0DZHD285Q],amzn1.campaign.LVZ5ARMTBTY9,20% Commission: Doctor's Recipes NAD+ Supplement with NR & Resveratrol,Doctor's Recipes,2026-08-17,2026-10-31,20.00%,10000.0,10000.0,80,800,false
"[B0H6PC97KS, B0H8NNY11Q, B0H7H4XJ6R, B0H7HLTBKQ]",amzn1.campaign.3R1OW55LGSBSY,Natural Stone Beaded Necklaces,Orlithra,2026-08-17,2026-10-31,15.00%,5000.0,4996.89,80,800,false
"[B0FHVJ9DMK, B0FHVM86V8, B0FHV8LTY9]",amzn1.campaign.2MI0T8KLVRM6W,"🚀🚀🚀Earn big Commission on Best-Selling 42"" Ceiling Fan Light!",Ohniyou,2026-08-17,2026-09-30,10.00%,5000.0,4750.39,75,800,false
[B0GLM61MXP],amzn1.campaign.1RCOS7GOMZH9O,Limited Time Deal: 🌟 Glamaker Versatile Maxi Collab -CYT-M26DR0128,Glamaker,2026-08-18,2026-11-01,10.00%,5000.0,5000.0,103,800,false
"[B0GJRX37QW, B0FF9CJGYH, B0FF9FBCL1, B0GFT32MGG, B0GH5T9XKK, B0FF9MX21P, B0G19BJ9ZM, B0GJRQ9YVV, B0FF95FFTV, B0FF91TVPG, B0FF98HY5T, B0FF9H2G4D, B0G19538MD, B0G195CVD4, B0GH4X7KQL, B0GJRQ4HTV, B0GH5D5NF7, B0FF8ZX45F, B0GJRSDVSW, B0FF99HFF6, B0GJRQ2JGN, B0FF97DYP5, B0GFSSZ6VL, B0GJRQGVPP, B0FF8S77DW]",amzn1.campaign.2NZCACO4GH7K3,TETOTE Medicine Cabinet with Beveled Mirror | Adjustable Shelves | 15% Comm,TETOTE,2026-08-18,2026-10-18,15.00%,10000.0,9905.5,73,800,false
[B0G6Z6Y9MJ],amzn1.campaign.2F4X1ZXDYTSCJ,AJ0501C-Inflatable bounce house with obsacle course,Hapfan,2026-08-17,2026-09-16,10.00%,5000.0,4913.0,79,800,false
"[B0BLGXXVD1, B0BLGRS1X6, B0HB32R9D8, B0C7TMV9M2, B0C7TQV2XX, B0FVF5DFY4, B0C7TNPMJJ, B0BLG7S9XR, B0FT7HT8TT, B0FT7N3MJ2, B0FVF587VT, B0FVF7MHB8, B0FT7KK283, B0BLGHB6X2, B0HB33VHRV, B0FNR654CT, B0BL763B87, B0FT7LDY6H, B0FVF5C1S6, B0H5JTG6J5, B0FT7LP3PD, B0BL73JXBM, B0H5JVD98Z, B0G18XFSN8, B0FVF72FX3, B0774KC39T, B0FT7M2DXJ, B0774KHJHT, B0FT7MMRT4, B0FT7KL6WG, B0C7TLH88J, B0BQMSH3P5, B09F61WR86, B0GCZNSW4Z, B0FNR7NHWJ, B0FVF7M681, B0CBV661NF, B0FT7LCD1J, B0BL73HQYP, B0FNR7V412, B0FVF6ZZZ2, B0C7V5ZHD1, B0G13XQMD9, B0FNRB9756, B0C7TV9NZ4, B0C7TQXQQR, B0H5JQZ4RD, B0CBV4LLQN, B0BL73VNR7, B0C7TP2BCC, B0BLGRGH4Y, B0FT7M3M6J, B0BLH45SDL, B0C7V72FT9, B0FNR9Q3NV, B08NBGW327, B0FNR9TQPY, B0FT7K7Y5C, B0C7TSG9MC, B0BLGRNHPN, B0H5JPSKXV, B0BL75MP5Y, B0FT7NCFNB, B0C7TXYZHM, B0BLH3J67S, B0H5JW2JZ2, B0H3Z4YX4D, B0FNR7CXQG, B0H5JNSTJW, B0C7V3SVCH, B0C7V3XSW8, B0FNR8RW5M, B0FT7M9693, B0C7TRPK95, B0BLGS4YRL, B0C7TQV1ZY, B0BLG3Q4FB, B0C7TQZJ7B, B0FVF7LQKB, B0FVF78SS4, B0FVF8LJ14, B0BLGB7CBD, B0FNR9CN72, B0HB39CH7P, B0FT7J7BT4, B0BL75R9BG, B0H5JS25TS, B0FNR9HHV4, B0C7TPV287, B08FC34S5Y, B0BL73KHTP, B0C7TRDHRL, B0BLGG3JRQ, B0774G2LWH, B0FT7J99KP, B0BL73V4TD, B0FT7LQ9VM, B0FVF97K6K, B0C7V4CXH6, B0H5JMWB55, B0FVF8GJZ7, B0G13YTVXM, B0HB3KPDBV, B0H5JVWMRY, B0C7V1QYMQ, B0BL7QHLRL, B0C7TSJ79C, B0FNR9PDCR, B0FT7N5HVC, B0BL79D6R8, B0FVF8X82D, B0FVF79HCB, B0774MQC67, B0BLGP33SD, B0BL73QX7W, B0H5JTN2NQ, B0CBV6XYLR, B0BL73J8F7, B0FVF7K26M, B0FT7HHTQJ, B0FT7JHT1L, B0CBV5GJM1, B0C7TNDJR1, B0FT7KP684, B0FT7NB6FV, B0G1422CQ9, B0FVF563JV, B08FC45W5V, B0FT7J7RYM, B0BLG8Y989, B0FVF7879H, B0FT7PSC38, B0FVF9832B, B0CBV7MTNX, B0BLGFBY5P, B0BLGF5DSM, B0FT7KMMGB, B0C7TQY13P, B0C7TPY744, B0FVF7B3M7, B0BL75JC9G, B09F59CF51, B08TBZQBK3, B0H5JQ2F7H, B0BL7XVVVR, B0FVF76L1C, B0BL79L1VR, B0BLH1BZL4, B0BLH115V9, B0H5JM6KP8, B0C7TRHBSR, B0FNR72Q1M, B0BLGH56GJ]",amzn1.campaign.2FQ711DMCBZ8T,2026 Newest Fall Outerwear fot Womens Collection,Tanming,2026-08-17,2026-12-31,15.00%,5000.0,5000.0,37,800,false
"[B0DM97L69L, B0G91HHJNV, B0G917WTF8, B0DM97C68M, B0DM94NPN4, B0DM98C2BG, B0DM95RYSZ, B0DM977D76, B0DM93RYZ9, B0DM99D4HB, B0G91S85F4, B0G917J9HR]",amzn1.campaign.25G6IQ59S7NBI,🌟10% Commission Rate on Incyneva Charged Upholstered Storage Bed Frame,Incyneva,2026-08-17,2026-10-31,10.00%,100000.0,100000.0,76,800,false
"[B0H6WXGM5Z, B0H6ZQ4LZW, B0H6WR58G5, B0H8P77W4M, B0H6X2ZTM5, B0H6FVJP9T, B0H8PDJN9S, B0H6ZCR3X1]",amzn1.campaign.1DP7K3N2DVGVW,SirLord Product About Car -10% Commission-August,SirLord,2026-08-17,2026-09-30,10.00%,5000.0,4987.0,85,800,false
"[B0GJT7121Z, B0GJT12V95, B0GJT4BRT2, B0GJT8VGFT, B0GJT61PHT, B0GJTB5GZM, B0GJT9LRRG, B0GJT2FVJ4, B0GJT7T4MX, B0GJT6B61N, B0GJTB69Y7, B0GJT8XGYV, B0GJSZZTG2, B0GJT2YR6K, B0GJTDPNQ8, B0GJTCH2KW, B0GJT82CH5, B0GJSX84HX, B0GJT59WN8, B0GJT6G4NV, B0GJSX7LMF, B0GJSSYJTQ]",amzn1.campaign.18251E1KQLPMB,Elevate Your Space with HOQAJME Curtains - 10% Off for Influencers!,HOQAJME,2026-08-17,2027-04-02,10.00%,5000.0,5000.0,91,800,false
"[B094C1DMZS, B0GHR4LPPQ, B0GHR4DWMY, B0CWQYD15Z, B0GHQQG46L, B0GHQQSS3Z, B0GHR1TG7V, B07VWJ9F4F, B0GHQVGCSL, B0GHQZBZZ6, B094C74RJF, B094CB9K84, B07TB4D94B, B0B214G8B8, B08DXJ64VV, B0CWR2BDYH, B07TB38Q91, B0B216KD4N, B094BYRPS8, B0CWQYMDP3, B0CXPD5WKZ, B0B215KJJ8, B095JYVGC6, B0CWRHXCVT, B07VXG58C9, B0CWQXWPZM, B0B214TQ4K, B0GHQZC9RH, B093Q1YPXR, B0GHQTS188, B0CXPB46Q7, B0GHQTDWPG, B094C7544J, B0822LDN1X, B0CWR1R9C4, B07VWHM42C, B0GHQP8S4S, B0GHR16V51, B08CH25151, B09B1RFX27, B07VYJYNR4, B0GHR2ZS61, B0GHQTW6Z7, B0CXP71KTQ, B07TB7GS3H, B0B2177STQ, B094C8KCYP, B0CXP12VZQ, B07T83G7R1]",amzn1.campaign.25QNCUM9NIRLB,15% Comms | Z Deal | Retro Cropped Classic Denim Jacket | 200319,Hixiaohe,2026-08-17,2027-01-01,15.00%,8000.0,8000.0,89,800,false
"[B0GWY4N1HL, B0GWY1538Z, B0GWXV3DXJ]",amzn1.campaign.34LI008XE2PXY,88款,gaimoliso,2026-08-17,2026-11-30,10.00%,5000.0,5000.0,73,800,false
"[B0GKN7MFN3, B0GKNBY54J, B0GKNN4BBB, B0GKNWX7JK]",amzn1.campaign.OJ2JOLH7CH8D,A2570,Zwiran,2026-08-17,2026-12-31,15.00%,8000.0,7551.46,66,800,false
"[B0HB54TFRB, B0HB51DBCW, B0HB4YJZZ7, B0H1CDVYR8, B0H1CFQKQX, B0GYWT5XPG, B0HB5352ZB, B0HB559P58, B0H1C7GHWW, B0HB4YXN7B, B0HB56PX1R, B0H1CHZCGP, B0H1CC4XTN, B0HB517H5G, B0HB54ZLTW, B0HB4VRFLW, B0H1CC8H4D, B0HB57Z3L3, B0HB57VVMS, B0HB5B42GN, B0HB549NS1, B0HB4RQHBW, B0HB51XFVQ, B0GYWWC91N, B0HB565177, B0HB59GZYV, B0GYWTYLKY, B0HB545LSM, B0HB5D45KR, B0HB55T729, B0H1CH98VQ, B0HB5D5VQM, B0HB4ZMSHT, B0GWQS4948, B0HB5546TG, B0HB51W4MT, B0HB4RW5TS, B0HB57BJW7, B0HB4Z6YCT, B0H1CJPC7Q, B0HB4XBF2Z, B0HB55BKVR, B0HB52ZS2T, B0HB4WHRDZ, B0HB5DCVMT, B0H1C7FFKS, B0HB4XQHB4, B0HB55VZPG, B0HB4YLWZF, B0HB51JK7X]",amzn1.campaign.3CYXH6NMAFSPQ,Washable NonSlip Runner Creator Promo-2026/08/14,BESBLEE,2026-08-17,2026-11-24,10.00%,5000.0,5000.0,132,800,false
"[B0GKGGXKR1, B0GKGR7YPD, B0GKGM362Y, B0GKGHQJ1M, B0GKGHVBRN, B0GKGN7DD1, B0GKGKRTJH, B0GKGN1DWR, B0GKGB8JMH, B0GKGPZGD4, B0GKGVWCW4, B0GKGVVQKW, B0GKGMZ6QC]",amzn1.campaign.LETE6ES7KTUN,WV-010-009-创作者影响计划-0813-10.4%-03-68/311,MolyPark,2026-08-26,2026-10-04,10.40%,5002.0,5002.0,134,800,false
"[B0FKZ46G3K, B0F9W8HTDY, B0FKZ1MG6N, B0FPM6LPVQ, B0FKZ43T8B, B0FPM6D1QM, B0FKZ783QV, B0F9W91F25, B0F9WB57BR, B0FKZ7HK42, B0FKZ4CGZ6, B0FKZ3JMFM, B0FPM5FPZ2, B0FKZ6L6ZH, B0F9W8K99B, B0F9WWFK8Y, B0F9WBWMRH, B0FPM4RZNW, B0FKZ3TMZP, B0F9WTW3FF, B0F9WT8M6J, B0FKZ3RG56, B0F9WVKSRH, B0FKZ4MSJF, B0FKZ74FMY, B0F9WWR5CJ, B0FKZ75ZB5, B0FKZ42XB3, B0FKZ6RBK7, B0FPM46V44]",amzn1.campaign.B8EMCPF0DW8W,92-3P-Bliwov Womens Long Sleeve fall sweater Tunic Tops-XXJ-10%,Bliwov,2026-08-17,2026-09-16,10.00%,5000.0,5000.0,88,800,false
"[B0F8QSX5Q6, B0DL2CZMYW, B0DL2CD2YP, B0DM24L95Q, B0DKFZDPVL, B0DL2R22Q1, B0F1T929CS, B0F1T98MMK, B0DL29F997, B0DMVF15S3, B0F1TBVYPM, B0G5NCLNYF, B0F8QSZY5K, B0F8QR8KVZ, B0DMT8H8N3, B0DP228D94, B0DP22XTGK, B0DP22W9V2, B0DMT9BXS7, B0F8QP439R, B0F8QT9M3W, B0F8QQKP3H, B0DP22G3SH, B0DM238S8R, B0CS2LNBZL, B0DL2CSR8G, B0CS2PMPZN, B0DMT98958, B0DMTB6Y66, B0CS2BQS6C, B0F8QRMLKG, B0G5N5QP12, B0DTTRNCHF, B0DL27LKV4, B0DMT8ZJBR, B0G5NFS3WR, B0DL26L3FJ, B0DR8H5KWD, B0DL27S94C, B0DMT9KMHY, B0F8QQFFQ3, B0F8QQ6M4W, B0DPX5XBM2, B0DP22Y3M9, B0DM23D4J9, B0DKFXLX35, B0F89X7M4N, B0G5MW8Z8S, B0DM224RT5, B0DMT9JQSK, B0G5NF5C24, B0CS31YMSX, B0DL2GFXJ3, B0DL2KQJD3, B0DMT91G97, B0DMTCC5XB, B0G5NKDGGP, B0DMT91HGM, B0DMTCQLQL, B0DKFY53RS, B0DR8L2RYT, B0F1T9YGKN, B0DP22CDFG, B0DMT8R568, B0F1T9TV78, B0DL2G64KJ, B0DP229766, B0DM1XYXPQ, B0DTYQL7XP, B0DMT7D98K, B0DL2HCLXH, B0DM22ZY9G, B0DL2MWMXD, B0DL2HCLXD, B0F1TCSZ64, B0DKFZQG8F, B0DM1YV7KP, B0DP22LFBT, B0DL264N8Q, B0G5N8TTV5]",amzn1.campaign.2GLOXOMIW3VO8,WEGA Custom Canvas Prints with Your Photos Canvas Framed-MADE IN USA,WEGA,2026-08-18,2026-09-22,20.00%,5000.0,5000.0,133,800,false
[B0FSKJV8M4],amzn1.campaign.2AQPBSLBZ7P37,12% Commission B0FSKJV8M4 Dimmable A19 40W Cool White 4000K LED Light Bulbs,TJOY,2026-08-17,2027-08-17,10.00%,5000.0,4998.5,80,800,false
[B0GHDDNJDV],amzn1.campaign.1H2TPOPC1EHTO,50FT Garden hose,HmiL-U,2026-08-17,2026-09-16,30.00%,5000.0,5000.0,70,800,false
[B0DLGSQJYN],amzn1.campaign.27OFMW25AP4MP,🔥10% commission + 3K + monthly sales + Rechargeable Brightest Headlamp🔥,FINICO,2026-08-19,2026-09-24,10.00%,10000.0,10000.0,130,800,false
"[B0F8QSX5Q6, B0DL2CZMYW, B0DL2CD2YP, B0DM24L95Q, B0DKFZDPVL, B0DL2R22Q1, B0F1T929CS, B0F1T98MMK, B0DL29F997, B0DMVF15S3, B0F1TBVYPM, B0G5NCLNYF, B0F8QSZY5K, B0F8QR8KVZ, B0DMT8H8N3, B0DP228D94, B0DP22XTGK, B0DP22W9V2, B0DMT9BXS7, B0F8QP439R, B0F8QT9M3W, B0F8QQKP3H, B0DP22G3SH, B0DM238S8R, B0CS2LNBZL, B0DL2CSR8G, B0CS2PMPZN, B0DMT98958, B0DMTB6Y66, B0CS2BQS6C, B0F8QRMLKG, B0G5N5QP12, B0DTTRNCHF, B0DL27LKV4, B0DMT8ZJBR, B0G5NFS3WR, B0DL26L3FJ, B0DR8H5KWD, B0DL27S94C, B0DMT9KMHY, B0F8QQFFQ3, B0F8QQ6M4W, B0DPX5XBM2, B0DP22Y3M9, B0DM23D4J9, B0DKFXLX35, B0F89X7M4N, B0G5MW8Z8S, B0DM224RT5, B0DMT9JQSK, B0G5NF5C24, B0CS31YMSX, B0DL2GFXJ3, B0DL2KQJD3, B0DMT91G97, B0DMTCC5XB, B0G5NKDGGP, B0DMT91HGM, B0DMTCQLQL, B0DKFY53RS, B0DR8L2RYT, B0F1T9YGKN, B0DP22CDFG, B0DMT8R568, B0F1T9TV78, B0DL2G64KJ, B0DP229766, B0DM1XYXPQ, B0DTYQL7XP, B0DMT7D98K, B0DL2HCLXH, B0DM22ZY9G, B0DL2MWMXD, B0DL2HCLXD, B0F1TCSZ64, B0DKFZQG8F, B0DM1YV7KP, B0DP22LFBT, B0DL264N8Q, B0G5N8TTV5]",amzn1.campaign.LZD2JWZPWK2Q,WEGA Custom Canvas Prints with Your Photos Canvas Framed-MADE IN USA,WEGA,2026-08-18,2026-09-21,20.00%,5000.0,5000.0,135,800,false
"[B0GKGGXKR1, B0GKGR7YPD, B0GKGM362Y, B0GKGHQJ1M, B0GKGHVBRN, B0GKGN7DD1, B0GKGKRTJH, B0GKGN1DWR, B0GKGB8JMH, B0GKGPZGD4, B0GKGVWCW4, B0GKGVVQKW, B0GKGMZ6QC]",amzn1.campaign.27SJ78ZR4P324,WV-010-009-创作者影响计划-0813-10.2%-03-68/311,MolyPark,2026-08-22,2026-10-04,10.20%,5002.0,5002.0,132,800,false
[B0DHZZQRMJ],amzn1.campaign.1QSKAKAQM1DOC,行李秤26.8.14,SOYOK,2026-08-17,2026-09-16,10.00%,5000.0,4991.6,52,800,false
"[B0C8CBQVNV, B0BNPVK9WB, B0FJXWPJ92, B0C8CB38GR, B0C8CBYHFW, B0C8CD9H5T]",amzn1.campaign.1W07RUK1I7OWB,Love your home decor style! Would love to collab on a Laundry Room refresh ✨,GIXSEGIE,2026-08-17,2027-08-17,10.00%,5000.0,5000.0,79,800,false
"[B0GC4V2YRR, B0BFQ3WPV4]",amzn1.campaign.1MDRD8P2B64WF,weed barrier for trees discount promotion,MZPYBC,2026-08-17,2027-04-30,10.00%,5000.0,4997.8,91,800,false
"[B0GVNGCTW1, B0GVND6WB3, B0FYNVQQDV, B0GVN8VSBM, B0FYNQC4ZX, B0GVN7S9RP, B0GVNVKZ7X, B0GVNGJG1G]",amzn1.campaign.3FQEI7W1UBPVF,🦋 Stunning MysticGlitz Crystal Butterfly Figurine | 12% Exclusive Discount ✨,MysticGlitz,2026-08-17,2026-09-16,12.00%,5000.0,4994.12,85,800,false
"[B0GCFQ3VWY, B0GCFPT7XX]",amzn1.campaign.2T6MBD8PYVE2G,"Faux Wood Wall Tiles - Just Cut, Peel, Stick! Easy DIY Wall Solution",Commomy,2026-08-17,2026-12-31,15.00%,5000.0,5000.0,85,800,false
"[B0F8QSX5Q6, B0DL2CZMYW, B0DL2CD2YP, B0DM24L95Q, B0DKFZDPVL, B0DL2R22Q1, B0F1T929CS, B0F1T98MMK, B0DL29F997, B0DMVF15S3, B0F1TBVYPM, B0G5NCLNYF, B0F8QSZY5K, B0F8QR8KVZ, B0DMT8H8N3, B0DP228D94, B0DP22XTGK, B0DP22W9V2, B0DMT9BXS7, B0F8QP439R, B0F8QT9M3W, B0F8QQKP3H, B0DP22G3SH, B0DM238S8R, B0CS2LNBZL, B0DL2CSR8G, B0CS2PMPZN, B0DMT98958, B0DMTB6Y66, B0CS2BQS6C, B0F8QRMLKG, B0G5N5QP12, B0DTTRNCHF, B0DL27LKV4, B0DMT8ZJBR, B0G5NFS3WR, B0DL26L3FJ, B0DR8H5KWD, B0DL27S94C, B0DMT9KMHY, B0F8QQFFQ3, B0F8QQ6M4W, B0DPX5XBM2, B0DP22Y3M9, B0DM23D4J9, B0DKFXLX35, B0F89X7M4N, B0G5MW8Z8S, B0DM224RT5, B0DMT9JQSK, B0G5NF5C24, B0CS31YMSX, B0DL2GFXJ3, B0DL2KQJD3, B0DMT91G97, B0DMTCC5XB, B0G5NKDGGP, B0DMT91HGM, B0DMTCQLQL, B0DKFY53RS, B0DR8L2RYT, B0F1T9YGKN, B0DP22CDFG, B0DMT8R568, B0F1T9TV78, B0DL2G64KJ, B0DP229766, B0DM1XYXPQ, B0DTYQL7XP, B0DMT7D98K, B0DL2HCLXH, B0DM22ZY9G, B0DL2MWMXD, B0DL2HCLXD, B0F1TCSZ64, B0DKFZQG8F, B0DM1YV7KP, B0DP22LFBT, B0DL264N8Q, B0G5N8TTV5]",amzn1.campaign.RP1AG5GK905W,WEGA Custom Canvas Prints with Your Photos Canvas Framed-MADE IN USA,WEGA,2026-08-18,2026-09-20,20.00%,5000.0,5000.0,136,800,false
[B0DGXYL6V5],amzn1.campaign.WUJ3CBUV7052,8.14(半包5) 🔥Hot Sale Combo: 10% Comm  PATAA Stainless Litter Box,PWTAA,2026-08-17,2026-09-20,10.00%,5000.0,5000.0,86,800,false
[B0GLM61MXP],amzn1.campaign.1WQIETSZXRCL2,HOT Deal: 🌊 Glamaker Flowy Beach Maxi Invite -CYT-M26DR0128,Glamaker,2026-08-18,2026-11-30,10.00%,5000.0,5000.0,102,800,false
"[B0H8N33KLW, B0H6Q2WQ3D, B0H3N66YQS, B0H3KSRK3W, B0H3MY7YK8, B0H754KQYD, B0H8RFTLH9]",amzn1.campaign.5OLMXIRV5FAF,Orlithra Chunky Beaded Necklaces,Orlithra,2026-08-17,2026-10-31,15.00%,5000.0,4981.84,80,800,false
"[B0HB54TFRB, B0HB51DBCW, B0HB4YJZZ7, B0H1CDVYR8, B0H1CFQKQX, B0GYWT5XPG, B0HB5352ZB, B0HB559P58, B0H1C7GHWW, B0HB4YXN7B, B0HB56PX1R, B0H1CHZCGP, B0H1CC4XTN, B0HB517H5G, B0HB54ZLTW, B0HB4VRFLW, B0H1CC8H4D, B0HB57Z3L3, B0HB57VVMS, B0HB5B42GN, B0HB549NS1, B0HB4RQHBW, B0HB51XFVQ, B0GYWWC91N, B0HB565177, B0HB59GZYV, B0GYWTYLKY, B0HB545LSM, B0HB5D45KR, B0HB55T729, B0H1CH98VQ, B0HB5D5VQM, B0HB4ZMSHT, B0GWQS4948, B0HB5546TG, B0HB51W4MT, B0HB4RW5TS, B0HB57BJW7, B0HB4Z6YCT, B0H1CJPC7Q, B0HB4XBF2Z, B0HB55BKVR, B0HB52ZS2T, B0HB4WHRDZ, B0HB5DCVMT, B0H1C7FFKS, B0HB4XQHB4, B0HB55VZPG, B0HB4YLWZF, B0HB51JK7X]",amzn1.campaign.WKE1IGEZURKS,Washable NonSlip Runner Creator Promo-2026/08/14,BESBLEE,2026-08-17,2026-11-23,10.00%,5000.0,5000.0,137,800,false
[B0DGXYL6V5],amzn1.campaign.2SPRTRCOS0QP1,8.14(半包4)🔥Hot Sale!  Premium Metal Litter Box + Up to 10% Comm!,PWTAA,2026-08-17,2026-09-19,10.00%,5000.0,5000.0,119,800,false
"[B0GKGGXKR1, B0GKGR7YPD, B0GKGM362Y, B0GKGHQJ1M, B0GKGHVBRN, B0GKGN7DD1, B0GKGKRTJH, B0GKGN1DWR, B0GKGB8JMH, B0GKGPZGD4, B0GKGVWCW4, B0GKGVVQKW, B0GKGMZ6QC]",amzn1.campaign.3PCQ4N8A15O7,WV-010-009-创作者影响计划-0813-10%-03-68/3811,MolyPark,2026-08-30,2026-10-04,10.00%,5002.0,5002.0,138,800,false
[B0DGXYL6V5],amzn1.campaign.2YXZ25DSXO09X,8.14(半包3) 🔥Hot Sale! Earn 10% Commission  PATAA XL Litter Box,PWTAA,2026-08-17,2026-09-18,10.00%,5000.0,5000.0,120,800,false
[B0CYGPY2MB],amzn1.campaign.2VFUF2G55Z9ZH,冷感毛巾26.8.14,SOYOK,2026-08-17,2026-09-16,10.00%,5000.0,5000.0,85,800,false
"[B0G1H7C4WJ, B0G1H1GZMR, B0GY3MJQQX, B0G1H982PN, B0G1H5FBPD, B0G1H55KSD, B0G1H5H9V4, B0G1H5PR9B, B0G1H478B8, B0G1H17V91, B0G1H28Q8G, B0GYHP48DM, B0G1H2DQZ4, B0G1H2QYBW, B0G1H59G22, B0GYHZHF95, B0G1H4DC7N, B0GY3SRSZQ, B0G1H34JYW, B0G1H5LNNV, B0G1H1VK16, B0G1H67BTG, B0G1H2BYFG]",amzn1.campaign.11X1JKLY2XD7K,⭐ Top-Rated Women Suede Skinny Belt - 12% Comm & Free Sample !!! 9302,SANSTHS,2026-08-17,2026-10-17,12.00%,8000.0,8000.0,81,800,false
"[B0GKGGXKR1, B0GKGR7YPD, B0GKGM362Y, B0GKGHQJ1M, B0GKGHVBRN, B0GKGN7DD1, B0GKGKRTJH, B0GKGN1DWR, B0GKGB8JMH, B0GKGPZGD4, B0GKGVWCW4, B0GKGVVQKW, B0GKGMZ6QC]",amzn1.campaign.3V7J30C3C7XTU,WV-010-009-创作者影响计划-0813-11%-03-68/387,MolyPark,2026-08-30,2026-10-04,11.00%,5002.0,5002.0,134,800,false
[B0DGXYL6V5],amzn1.campaign.AD5UVUOEV8FI,8.14(半包2) 🔥Hot Sale Opportunity:  10% Comm on PATAA XL Cat Toilet!,PWTAA,2026-08-17,2026-09-17,10.00%,5000.0,5000.0,126,800,false
"[B0H3P12W17, B0H3NZVF2J, B0FP2CZ4WJ, B0FP2KNQWF, B0FP2JDZ6Z, B0FP2CH13K, B0FP2GQTF7, B0FP2G25Q2, B0FP2J6SV5, B0H3P5Z3J6, B0FP2DY6NW, B0FP2DJMWX, B0FVKSRB78, B0H3NYHYMF, B0FP2FBBPG, B0FP2FH7S8, B0FP2F6F82, B0FP2FZWHD, B0FP2G346H, B0G64DD488, B0FP2FYRX5, B0G64S551H, B0FVKYJYCW, B0FP2F3SNR, B0FP2G97BT, B0FVL6YZ4R, B0FP2DKBW1, B0H3NZFZFY, B0H3P3DHXY, B0FVKX953C, B0H3P35G6T, B0FP2H2Q8R, B0H3NVR2W9, B0FP2FN181, B0H3NVHF1N, B0G64PP438, B0FP2CJ6L5, B0FVKQ11LM, B0FP2CSLH1, B0H3PCW9YT, B0FP2FP1ZS, B0G64J9GYD, B0FP2G4RCY, B0FP2G187G, B0G64WKW7Z]",amzn1.campaign.3GZ8SH8VJYY41,Collaborate with Us for Sexy Mesh Tube Dress Launch to Get 15% Commission!,Uni Clau,2026-08-17,2026-12-31,15.00%,5000.0,4838.6,75,800,false
[B0DGXYL6V5],amzn1.campaign.14861MTA8H16O,8.14(半包1) 🔥Hot Sale! 10% Comm  on PATAA Stainless Litter Box!,PWTAA,2026-08-17,2026-09-16,10.00%,5000.0,5000.0,121,800,false
[B0GTTZP8FK],amzn1.campaign.1UKVBHNPW16Y4,💰 20% Commission | Peunitory Miconazole Nitrate 2% Antifungal Cream,Peunitory,2026-08-17,2027-08-17,20.00%,5000.0,4995.68,82,800,false
"[B0H2HDDVTX, B0H6JD2MP6, B0H2GZ38C3, B0H6J8H4RK, B0H2H2S3ZV, B0H6JCD8RZ]",amzn1.campaign.CEK1S4WQWZE9,Meet Your Next Adventure Partner – SENCUT Pocket Knives,SENCUT,2026-08-17,2026-10-07,10.00%,5000.0,4996.05,81,800,false
"[B0HB54TFRB, B0HB51DBCW, B0HB4YJZZ7, B0H1CDVYR8, B0H1CFQKQX, B0GYWT5XPG, B0HB5352ZB, B0HB559P58, B0H1C7GHWW, B0HB4YXN7B, B0HB56PX1R, B0H1CHZCGP, B0H1CC4XTN, B0HB517H5G, B0HB54ZLTW, B0HB4VRFLW, B0H1CC8H4D, B0HB57Z3L3, B0HB57VVMS, B0HB5B42GN, B0HB549NS1, B0HB4RQHBW, B0HB51XFVQ, B0GYWWC91N, B0HB565177, B0HB59GZYV, B0GYWTYLKY, B0HB545LSM, B0HB5D45KR, B0HB55T729, B0H1CH98VQ, B0HB5D5VQM, B0HB4ZMSHT, B0GWQS4948, B0HB5546TG, B0HB51W4MT, B0HB4RW5TS, B0HB57BJW7, B0HB4Z6YCT, B0H1CJPC7Q, B0HB4XBF2Z, B0HB55BKVR, B0HB52ZS2T, B0HB4WHRDZ, B0HB5DCVMT, B0H1C7FFKS, B0HB4XQHB4, B0HB55VZPG, B0HB4YLWZF, B0HB51JK7X]",amzn1.campaign.1O7QCLR7CPG71,Washable NonSlip Runner Creator Promo-2026/08/14,BESBLEE,2026-08-17,2026-11-22,10.00%,5000.0,5000.0,139,800,false
[B0GLM61MXP],amzn1.campaign.LKWSKMRBC38I,Great Deal: 🌟 Glamaker Smocked Crochet Maxi Collab -CYT-M26DR0128,Glamaker,2026-08-18,2026-11-29,10.00%,5000.0,5000.0,101,800,false
[B0DG2HXS1C],amzn1.campaign.1P0SU6KCAILOF,14化妆刷26.8.14,SOYOK,2026-08-17,2026-09-16,10.00%,5000.0,5000.0,75,800,false
"[B0GYM6K94N, B0GYM7Y5QK, B0GYMJR38B, B0GYMT2K3G, B0GYMSJBZB, B0GYMXMND5]",amzn1.campaign.2RDNMWXQ59VNS,❤️Stylish & Functional Laptop Backpack Collaboration!  5493 15% Commission❤️,LOVEVOOK,2026-08-17,2026-12-31,15.00%,68888.0,68888.0,44,800,false
"[B0BQW4MBN4, B0D6W8MKGB]",amzn1.campaign.QIXMF4BI6BGL,I2B 10% 5000,Goldsea,2026-08-17,2026-09-16,10.00%,5000.0,5000.0,86,800,false
"[B0DZB5XZ9X, B0GDX7RYPV, B0DZCDWK8B, B0FS21ZT5J, B0F3HVYL9R, B0G2LKHN2Y, B0B2K1LTQV, B0DZX75LL3, B0FS72S8HZ, B09XK6HS7D, B0F3J69HCL, B0C6FND9TL, B09JNT53JX, B0DZCG9225, B0DZC4ZTZC, B0BRQ6W5H7, B0DZX4X95C, B0FS6YM7NV, B0G1MD5D2M, B0FS6Z5WG7, B0GK5HWTRK, B0DZC6J58L, B09MRZGB3Y, B0FS6ZBM9F, B0DZCFH62S, B0GDWF71NH, B0BRQ66YBX, B0DZCBKCTM, B0FS739P29, B0G2RXV26R, B0FS73DHFS, B0GK61PM7R, B0G1MGMJR8, B09T9M2Y7N, B0GDWMPHL7, B0B2K1DF84, B0FS71H3BS, B0B2K6GCYW]",amzn1.campaign.VNNMKFJ1O89E,18% Commission ! —Custom Neon Signs – Crafted to Perfection for Anywhere,SAAWOODEEKAA,2026-08-18,2026-10-18,18.00%,100000.0,100000.0,65,800,false
[B0H38VZMQ8],amzn1.campaign.1POPY9Y26CGOI,owala replacement straw,mimore,2026-08-17,2026-09-16,10.00%,5000.0,4966.85,86,800,false
[B0CXM7CY6F],amzn1.campaign.2CCJSG9KDS6GS,克秤26.8.14,SOYOK,2026-08-17,2026-09-16,10.00%,5000.0,4989.5,56,800,false
"[B0H8SDD37N, B0H3NCWL3H, B0H8SBJZKN]",amzn1.campaign.39MTZMMTYX9AI,Boho Turquoise Statement Necklace,Orlithra,2026-08-17,2026-10-31,15.00%,5000.0,5000.0,75,800,false
"[B0FFGP2TM9, B0FFGP2DLW, B0FFGR6TS4, B0FFGQX9DC, B0FFGQ1ZB7, B0FD9NLYLY, B0FFGPLQR7, B0DZXKCL5F, B0DZXN7STX, B0FFGRTF1Y, B0FFGPMWB1]",amzn1.campaign.20UJ1CI4SF2Z4,🎵 10% Commissions - Music Gift / Music Neon Sign,CoolGift Mart,2026-08-17,2027-08-17,10.00%,5000.0,4997.45,87,800,false
"[B0HB54TFRB, B0HB51DBCW, B0HB4YJZZ7, B0H1CDVYR8, B0H1CFQKQX, B0GYWT5XPG, B0HB5352ZB, B0HB559P58, B0H1C7GHWW, B0HB4YXN7B, B0HB56PX1R, B0H1CHZCGP, B0H1CC4XTN, B0HB517H5G, B0HB54ZLTW, B0HB4VRFLW, B0H1CC8H4D, B0HB57Z3L3, B0HB57VVMS, B0HB5B42GN, B0HB549NS1, B0HB4RQHBW, B0HB51XFVQ, B0GYWWC91N, B0HB565177, B0HB59GZYV, B0GYWTYLKY, B0HB545LSM, B0HB5D45KR, B0HB55T729, B0H1CH98VQ, B0HB5D5VQM, B0HB4ZMSHT, B0GWQS4948, B0HB5546TG, B0HB51W4MT, B0HB4RW5TS, B0HB57BJW7, B0HB4Z6YCT, B0H1CJPC7Q, B0HB4XBF2Z, B0HB55BKVR, B0HB52ZS2T, B0HB4WHRDZ, B0HB5DCVMT, B0H1C7FFKS, B0HB4XQHB4, B0HB55VZPG, B0HB4YLWZF, B0HB51JK7X]",amzn1.campaign.1ISDIDR857PB2,Washable NonSlip Runner Creator Promo-2026/08/14,BESBLEE,2026-08-17,2026-11-21,10.00%,5000.0,5000.0,140,800,false
"[B0F8QSX5Q6, B0DL2CZMYW, B0DL2CD2YP, B0DM24L95Q, B0DKFZDPVL, B0DL2R22Q1, B0F1T929CS, B0F1T98MMK, B0DL29F997, B0DMVF15S3, B0F1TBVYPM, B0G5NCLNYF, B0F8QSZY5K, B0F8QR8KVZ, B0DMT8H8N3, B0DP228D94, B0DP22XTGK, B0DP22W9V2, B0DMT9BXS7, B0F8QP439R, B0F8QT9M3W, B0F8QQKP3H, B0DP22G3SH, B0DM238S8R, B0CS2LNBZL, B0DL2CSR8G, B0CS2PMPZN, B0DMT98958, B0DMTB6Y66, B0CS2BQS6C, B0F8QRMLKG, B0G5N5QP12, B0DTTRNCHF, B0DL27LKV4, B0DMT8ZJBR, B0G5NFS3WR, B0DL26L3FJ, B0DR8H5KWD, B0DL27S94C, B0DMT9KMHY, B0F8QQFFQ3, B0F8QQ6M4W, B0DPX5XBM2, B0DP22Y3M9, B0DM23D4J9, B0DKFXLX35, B0F89X7M4N, B0G5MW8Z8S, B0DM224RT5, B0DMT9JQSK, B0G5NF5C24, B0CS31YMSX, B0DL2GFXJ3, B0DL2KQJD3, B0DMT91G97, B0DMTCC5XB, B0G5NKDGGP, B0DMT91HGM, B0DMTCQLQL, B0DKFY53RS, B0DR8L2RYT, B0F1T9YGKN, B0DP22CDFG, B0DMT8R568, B0F1T9TV78, B0DL2G64KJ, B0DP229766, B0DM1XYXPQ, B0DTYQL7XP, B0DMT7D98K, B0DL2HCLXH, B0DM22ZY9G, B0DL2MWMXD, B0DL2HCLXD, B0F1TCSZ64, B0DKFZQG8F, B0DM1YV7KP, B0DP22LFBT, B0DL264N8Q, B0G5N8TTV5]",amzn1.campaign.2YKWENONQKY3U,WEGA Custom Canvas Prints with Your Photos Canvas Framed-MADE IN USA,WEGA,2026-08-18,2026-09-19,20.00%,5000.0,5000.0,131,800,false
"[B0DGTKPZDZ, B0CNSSR791, B0DBKTQWTM, B0CJ8MNY22, B0DBL2YSWW, B0DFPYR624, B0DFPX82BF, B0CJ8KNB89, B0CMSVZ4KM, B0DFBP42F3, B0CJ8M6TTB, B0CJ8LJTPN, B0DNDPXDQD, B0CJ8LVKBW, B0FNRJVFSF, B0DDGS81FL, B0CJ8LL86X, B0CJ8MDZVP, B0FNRKJYXT, B0CNST6L97, B0DNDS6Q8K, B0CJ8MFSS2, B0CJ8NCSFQ, B0DBL14Q73, B0DBKNN77Y, B0FNRD46ZP, B0DNDQ9RF8, B0CMT62C3F, B0DBKZVZBF, B0CJ8M8NY9, B0CJ8LNN78, B0DNDQRK1J, B0DDGY7GZT, B0CJ8N845L, B0CJ8MFYDM, B0DDGNK66P, B0DBKXWW6C, B0CJ8MVK1L, B0DFBZT647, B0CNSRQWB8, B0CJ8N65MF, B0CJ8LVF86, B0CNSV5W6Y, B0DGTKPNSJ, B0FNRGW571, B0CJ8LSD14, B0DBKTTH87, B0DBKR4ZTX, B0CNSSH7ZD, B0DBKHMW3Y, B0CNSTCP96, B0DBL2GKFQ, B0DGTJV4W5, B0DBKT78ZD, B0DBKMSSV3, B0DBL2K8MS, B0DFPZFLL2, B0DBKXBW83, B0DGTL1RWM, B0DBKV33XV, B0DNDQCNQW, B0CNSSPN1V, B0FNRJ2XNT, B0CMT4269P, B0FNRGBP18, B0CJ8LVYYB, B0CJ8M8GZS, B0DBL5CPRL, B0CJ8M1BZ4, B0DBKHGZZ3, B0DNDQXMZZ, B0DBKKXCZ7, B0CMTHYK7B, B0DDGXBZVY, B0DFB5CJWD, B0CJ8MXPD5, B0DFBMMWW4, B0DBKZ9W5F, B0DBKYF53K, B0CNST3NNY, B0CJ8L5SRM, B0DFBMTYZS, B0DBKL8T8Q, B0DBKQV5LZ, B0DBL39HH7, B0DNDRWW7H, B0DFPY6T2N, B0DNDSL4C6, B0FNRHKB1G, B0CJ8LZ2KF, B0DBKZYBDV, B0FNRJ5Q3T, B0DFBY63SH]",amzn1.campaign.311Z21P41SM43,VIMPUNEC Fall Hoodie Sweater for Casual Layering | 12% Commission #35,VIMPUNEC,2026-08-17,2026-10-21,12.00%,5000.0,5000.0,102,800,false
[B0H1B31F8M],amzn1.campaign.27GVS45N670JF,20% Commission Shark-shape Cat Wresterling Puppt Glove Toy,Catails,2026-08-20,2026-12-31,20.00%,500000.0,500000.0,72,800,false
"[B07WX2CC1V, B0FXGCLRQC, B08198Q81Y, B0FXGGPFX6, B07XZ1J2BK, B0BCGGNMFG, B08LYVS5JS, B08LYMQHLK, B07WWXZ4KY, B07WRR9WNB, B08198SKN2, B08LYJXG11, B08LYK6B44, B0953KY442, B0BCGDQ2VM, B07W43RDCS, B0FXGFMJ68, B07W7BW1HW, B0FXGD83LQ, B0FXGGM7T1, B0953KCWW2, B0FXGGNPMQ, B0FXGF8VBC, B07XZ24DM5, B0FXGG83VP, B0953M4P63, B0BCGC55G8, B07W67NY8L, B0FXGFGMKH, B07XZ1KWWR, B07W3N17T8, B0BCGCZTMR]",amzn1.campaign.2O2KJ94VTZR2S,⭐ SANSTHS 2-Pack Women O-Ring Belt - 12% Comm & Free Sample !! 270,SANSTHS,2026-08-17,2026-10-17,12.00%,8000.0,7885.84,64,800,false
[B0GX86S6QJ],amzn1.campaign.166X0SR35G4IC,25% Commission – Let Loose Koji Digestive Enzymes Campaign #2 8/20 to 9/30,Let Loose,2026-08-20,2026-09-30,25.00%,10000.0,9960.1,73,800,false
[B0DQ16N633],amzn1.campaign.11LEM6PXCHX20,CONFU High-Speed Hair Dryer (50% Offer+10% Commission + $5000 Budget Support),CONFU,2026-08-17,2026-09-16,10.00%,5000.0,4984.42,67,800,false
[B0CW657641],amzn1.campaign.1RSBD6KI0K3WA,打火机26.8.14,SOYOK,2026-08-17,2026-09-16,10.00%,5000.0,4965.7,75,800,false
[B0FQ2JF3QV],amzn1.campaign.1V3M5YD9P9I02,High commission 12%-4 inch Dryer Vent Cover Outside-one month-B0FQ2JF3QV,TOYIEW,2026-08-17,2026-09-30,12.00%,5000.0,4997.96,82,800,false
"[B0GGMJ2PR9, B0GGM2KHL5, B0GGP57S77, B0GGLYRRZT]",amzn1.campaign.3O1PO33M3PAGJ,P16新品创作者计划-20%佣金 260814,PETUNO,2026-08-17,2026-09-30,20.00%,5000.0,4755.13,72,800,false
[B0DZHGZ6PQ],amzn1.campaign.1YJUXQ42YBJ4Q,20% Commission: Doctor's Recipes NAD+ Supplement with NR & Resveratrol,Doctor's Recipes,2026-08-17,2026-10-31,20.00%,10000.0,9993.07,75,800,false
"[B0BXNGFYBK, B0DZB5XZ9X, B0GDX7RYPV, B0FS21ZT5J, B0DZCDWK8B, B0F3HVYL9R, B0G2LKHN2Y, B0B2K1LTQV, B0DZX75LL3, B0FS72S8HZ, B09XK6HS7D, B0F3J69HCL, B09JNT53JX, B0C6FND9TL, B0DZC4ZTZC, B0DZCG9225, B0BRQ6W5H7, B0FS6YM7NV, B0DZX4X95C, B0G1MD5D2M, B0FS6Z5WG7, B0GK5HWTRK, B09T9NVFY6, B09MRZGB3Y, B0DZC6J58L, B0FS6ZBM9F, B0DZCFH62S, B0GDWF71NH, B0BRQ66YBX, B0DZCBKCTM, B0FS739P29, B0G2RXV26R, B0FS73DHFS, B0GK61PM7R, B0G1MGMJR8, B09T9M2Y7N, B0GDWMPHL7, B0B2K1DF84, B0FS71H3BS, B0B2K6GCYW]",amzn1.campaign.2VLCRMSQ5XVRA,Big Commi !Custom Neon Signs – Bring Every Space to Life in Light,SAAWOODEEKAA,2026-08-17,2026-10-17,18.00%,1000000.0,999970.2,59,800,false
"[B0H4T9DGBQ, B0H4TDD9FS]",amzn1.campaign.NPC155Y9UJ5K,🔥 20% Commission 🔥changing rotating mood lights Campaign (Easy to Promote),OCEYVI,2026-08-17,2026-10-31,20.00%,5000.0,4981.13,81,800,false
[B0H29BF5KK],amzn1.campaign.2R46K2H8YWL6,su260520HYD-YL-AF-10%-260814,Suybur,2026-08-17,2026-09-16,10.00%,5000.0,4995.8,90,800,false
[B0H3DNLQDG],amzn1.campaign.3DCTC5KJUDK4L,5g Scoop for Creatine,mimore,2026-08-17,2026-09-16,10.00%,5000.0,4991.65,86,800,false
[B0H24R8NXK],amzn1.campaign.1V82IH3YUK12,Aisslro 2 Tier Pull Out Under Sink Organizer – Expandable & Adjustable,Aisslro,2026-08-17,2026-09-30,10.00%,5000.0,4959.0,49,800,false
"[B0HB54TFRB, B0HB51DBCW, B0HB4YJZZ7, B0H1CDVYR8, B0H1CFQKQX, B0GYWT5XPG, B0HB5352ZB, B0HB559P58, B0H1C7GHWW, B0HB4YXN7B, B0HB56PX1R, B0H1CHZCGP, B0H1CC4XTN, B0HB517H5G, B0HB54ZLTW, B0HB4VRFLW, B0H1CC8H4D, B0HB57Z3L3, B0HB57VVMS, B0HB5B42GN, B0HB549NS1, B0HB4RQHBW, B0HB51XFVQ, B0GYWWC91N, B0HB565177, B0HB59GZYV, B0GYWTYLKY, B0HB545LSM, B0HB5D45KR, B0HB55T729, B0H1CH98VQ, B0HB5D5VQM, B0HB4ZMSHT, B0GWQS4948, B0HB5546TG, B0HB51W4MT, B0HB4RW5TS, B0HB57BJW7, B0HB4Z6YCT, B0H1CJPC7Q, B0HB4XBF2Z, B0HB55BKVR, B0HB52ZS2T, B0HB4WHRDZ, B0HB5DCVMT, B0H1C7FFKS, B0HB4XQHB4, B0HB55VZPG, B0HB4YLWZF, B0HB51JK7X]",amzn1.campaign.9YV3SFJANLCL,Washable NonSlip Runner Creator Promo-2026/08/14,BESBLEE,2026-08-17,2026-11-20,10.00%,5000.0,5000.0,143,800,false
[B0GLM61MXP],amzn1.campaign.27LD715XMKDMK,Limited Time Deal: 🌸 Glamaker Crochet Maxi Collab -CYT-M26DR0128,Glamaker,2026-08-18,2026-11-28,10.00%,5000.0,5000.0,102,800,false
[B0DLGSQJYN],amzn1.campaign.3GZ19FYRZWTZ2,🔥10% commission + 3K + monthly sales + Rechargeable Brightest Headlamp🔥,FINICO,2026-08-17,2026-09-23,10.00%,10000.0,10000.0,131,800,false
[B0H1B31F8M],amzn1.campaign.10SYHR1OK8DAN,20% Commission Shark-shape Cat Wresterling Puppt Glove Toy,Catails,2026-08-19,2026-12-31,20.00%,500000.0,500000.0,77,800,false
[B0DX6RDZY2],amzn1.campaign.1MK9AGW094WG4,RC589-1 Elegant Ivory Gold Plastic Dinnerware Set   with a BIG 20% DISCUONT,supernal,2026-08-17,2026-09-16,12.00%,5000.0,4990.55,85,800,false
[B0GY8SCGC3],amzn1.campaign.20QZ73GABZEWU,"15% Commission | Auto-Stop, 3.8 GPM, for Cars, Trucks, Boats & Farm Equipment",DIYtoolifz,2026-08-17,2027-06-30,15.00%,20000.0,19988.0,76,800,false
"[B0GHR39DK8, B0H1GLK5VY, B0H1GVPP81]",amzn1.campaign.35BSPFNRHHRY4,JMEXSUSS100 LED USB Photo Clips String Light for Bedroom Dorm Party Birthday,JMEXSUSS,2026-08-17,2027-03-31,10.00%,10000.0,9998.4,76,800,false
[B0H1B31F8M],amzn1.campaign.1VRNYG9QSE7VG,20% Commission Shark-shape Cat Wresterling Puppt Glove Toy,Catails,2026-08-18,2026-12-31,20.00%,500000.0,500000.0,82,800,false
"[B0D5HHYJ4V, B0FD9LFRWD, B0FFGP1ZQN, B0FFGNDN7D, B0FFGNS697, B0FFGNYQQV, B0FFGNPW9R, B0FFGMM3FP, B0FFGNHPLW, B0FFGND7PM, B0FFGNS8R6, B0F37YH83P, B0FFGNDR3P, B0D5HFXBX4]",amzn1.campaign.2XDHQCPMMFSF6,🎵 10% Commissions - Music Gift,CoolGift Mart,2026-08-17,2027-08-17,10.00%,5000.0,5000.0,87,800,false
"[B0F8QSX5Q6, B0DL2CZMYW, B0DL2CD2YP, B0DM24L95Q, B0DKFZDPVL, B0DL2R22Q1, B0F1T929CS, B0F1T98MMK, B0DL29F997, B0DMVF15S3, B0F1TBVYPM, B0G5NCLNYF, B0F8QSZY5K, B0F8QR8KVZ, B0DMT8H8N3, B0DP228D94, B0DP22XTGK, B0DP22W9V2, B0DMT9BXS7, B0F8QP439R, B0F8QT9M3W, B0F8QQKP3H, B0DP22G3SH, B0DM238S8R, B0CS2LNBZL, B0DL2CSR8G, B0CS2PMPZN, B0DMT98958, B0DMTB6Y66, B0CS2BQS6C, B0F8QRMLKG, B0G5N5QP12, B0DTTRNCHF, B0DL27LKV4, B0DMT8ZJBR, B0G5NFS3WR, B0DL26L3FJ, B0DR8H5KWD, B0DL27S94C, B0DMT9KMHY, B0F8QQFFQ3, B0F8QQ6M4W, B0DPX5XBM2, B0DP22Y3M9, B0DM23D4J9, B0DKFXLX35, B0F89X7M4N, B0G5MW8Z8S, B0DM224RT5, B0DMT9JQSK, B0G5NF5C24, B0CS31YMSX, B0DL2GFXJ3, B0DL2KQJD3, B0DMT91G97, B0DMTCC5XB, B0G5NKDGGP, B0DMT91HGM, B0DMTCQLQL, B0DKFY53RS, B0DR8L2RYT, B0F1T9YGKN, B0DP22CDFG, B0DMT8R568, B0F1T9TV78, B0DL2G64KJ, B0DP229766, B0DM1XYXPQ, B0DTYQL7XP, B0DMT7D98K, B0DL2HCLXH, B0DM22ZY9G, B0DL2MWMXD, B0DL2HCLXD, B0F1TCSZ64, B0DKFZQG8F, B0DM1YV7KP, B0DP22LFBT, B0DL264N8Q, B0G5N8TTV5]",amzn1.campaign.1UXITZEP6OKO4,WEGA Custom Canvas Prints with Your Photos Canvas Framed-MADE IN USA,WEGA,2026-08-18,2026-09-18,20.00%,5000.0,5000.0,130,800,false
"[B0H1HY4BTW, B0H1HZVXNQ]",amzn1.campaign.26AW3MNVVMFMA,"2K Astronaut Clock Indoor Camera, 40% OFF Discount, 15% Commission",Noahlink,2026-08-17,2026-09-16,15.00%,5000.0,5000.0,113,800,false
[B0GXL9B972],amzn1.campaign.1HTFFWSJ6R7ZO,ZANXELORR Compressed Air Duster 10% Discounted,ZANXELORR,2026-08-17,2026-12-03,10.00%,5000.0,5000.0,144,800,false
"[B0H3NVWLKZ, B0H3P2GK1Z, B0H3P1VY9W]",amzn1.campaign.22H1LKUK4YK4I,Allovely Large Capacity Diaper Bag Backpack commission rate 10%,Allovely,2026-08-17,2027-08-17,10.00%,5000.0,5000.0,115,800,false
"[B0F8QSX5Q6, B0DL2CZMYW, B0DL2CD2YP, B0DM24L95Q, B0DKFZDPVL, B0DL2R22Q1, B0F1T929CS, B0F1T98MMK, B0DL29F997, B0DMVF15S3, B0F1TBVYPM, B0G5NCLNYF, B0F8QSZY5K, B0F8QR8KVZ, B0DMT8H8N3, B0DP228D94, B0DP22XTGK, B0DP22W9V2, B0DMT9BXS7, B0F8QP439R, B0F8QT9M3W, B0F8QQKP3H, B0DP22G3SH, B0DM238S8R, B0CS2LNBZL, B0DL2CSR8G, B0CS2PMPZN, B0DMT98958, B0DMTB6Y66, B0CS2BQS6C, B0F8QRMLKG, B0G5N5QP12, B0DTTRNCHF, B0DL27LKV4, B0DMT8ZJBR, B0G5NFS3WR, B0DL26L3FJ, B0DR8H5KWD, B0DL27S94C, B0DMT9KMHY, B0F8QQFFQ3, B0F8QQ6M4W, B0DPX5XBM2, B0DP22Y3M9, B0DM23D4J9, B0DKFXLX35, B0F89X7M4N, B0G5MW8Z8S, B0DM224RT5, B0DMT9JQSK, B0G5NF5C24, B0CS31YMSX, B0DL2GFXJ3, B0DL2KQJD3, B0DMT91G97, B0DMTCC5XB, B0G5NKDGGP, B0DMT91HGM, B0DMTCQLQL, B0DKFY53RS, B0DR8L2RYT, B0F1T9YGKN, B0DP22CDFG, B0DMT8R568, B0F1T9TV78, B0DL2G64KJ, B0DP229766, B0DM1XYXPQ, B0DTYQL7XP, B0DMT7D98K, B0DL2HCLXH, B0DM22ZY9G, B0DL2MWMXD, B0DL2HCLXD, B0F1TCSZ64, B0DKFZQG8F, B0DM1YV7KP, B0DP22LFBT, B0DL264N8Q, B0G5N8TTV5]",amzn1.campaign.2SS4WRYQ5EAHR,WEGA Custom Canvas Prints with Your Photos Canvas Framed-MADE IN USA,WEGA,2026-08-18,2026-09-17,20.00%,5000.0,5000.0,131,800,false
"[B0HB54TFRB, B0HB51DBCW, B0HB4YJZZ7, B0H1CDVYR8, B0H1CFQKQX, B0GYWT5XPG, B0HB5352ZB, B0HB559P58, B0H1C7GHWW, B0HB4YXN7B, B0HB56PX1R, B0H1CHZCGP, B0H1CC4XTN, B0HB517H5G, B0HB54ZLTW, B0HB4VRFLW, B0H1CC8H4D, B0HB57Z3L3, B0HB57VVMS, B0HB5B42GN, B0HB549NS1, B0HB4RQHBW, B0HB51XFVQ, B0GYWWC91N, B0HB565177, B0HB59GZYV, B0GYWTYLKY, B0HB545LSM, B0HB5D45KR, B0HB55T729, B0H1CH98VQ, B0HB5D5VQM, B0HB4ZMSHT, B0GWQS4948, B0HB5546TG, B0HB51W4MT, B0HB4RW5TS, B0HB57BJW7, B0HB4Z6YCT, B0H1CJPC7Q, B0HB4XBF2Z, B0HB55BKVR, B0HB52ZS2T, B0HB4WHRDZ, B0HB5DCVMT, B0H1C7FFKS, B0HB4XQHB4, B0HB55VZPG, B0HB4YLWZF, B0HB51JK7X]",amzn1.campaign.10XPTN8NRH490,Washable NonSlip Runner Creator Promo-2026/08/14,BESBLEE,2026-08-17,2026-11-19,10.00%,5000.0,5000.0,139,800,false
"[B0GKNR9N4L, B0GKP4HJ5D, B0GT4P8DY2]",amzn1.campaign.3RCXHKCO8ZCJB,圆弧吊柜,Nestwise,2026-08-17,2026-10-31,15.00%,10000.0,9941.58,86,800,false
[B0H1B31F8M],amzn1.campaign.AHEMNMYYBSFO,20% Commission Shark-shape Cat Wresterling Puppt Glove Toy,Catails,2026-08-17,2026-12-31,20.00%,500000.0,500000.0,86,800,false
[B0GXL9B972],amzn1.campaign.13T4FDAOZWXSV,ZANXELORR Compressed Air Duster 10% Discounted,ZANXELORR,2026-08-17,2026-12-02,10.00%,5000.0,5000.0,142,800,false
"[B0FB8W3W49, B0FB8QXMC9, B0FB8QMMVL, B0FB8SW287, B0FB8R7WMD, B0FB8QPK2B, B0FB8N37W5, B0FB8TY7PQ, B0FB8TGY3G, B0FB8PFQYR]",amzn1.campaign.L6IP27UXW4JU,3041新款襁褓巾-1,insular,2026-08-17,2027-08-17,10.00%,5000.0,4997.7,83,800,false
[B0GLM61MXP],amzn1.campaign.3KLLNU50YG7ZD,HOT Deal: 🌼 Glamaker Beach Maxi Collab Invite -CYT-M26DR0128,Glamaker,2026-08-18,2026-11-27,10.00%,5000.0,5000.0,104,800,false
"[B0CPLFM7HL, B0C4LGRDYR, B0CF85Y8HF, B0CN6Y61XP, B0C4LFXMSW, B0CPLDLJNK]",amzn1.campaign.2SGBSSJ0REENF,"🌸 Promote 2-Pack Buckleless Elastic Belt , 12% Commission + Free Sample !! 7122",SANSTHS,2026-08-17,2026-10-17,12.00%,8000.0,8000.0,89,800,false
"[B08K2WC1TW, B0D8SNBKVJ, B08DMY4S4H, B0DFCBBQRJ, B0D8SHPZ6Z, B08DMYCGDM, B0CJY2XN1S, B0D8SLXRXH, B08K2V17PV, B0DGTB4JZ6, B0DCHSRV43, B08DMYGJ9Y, B0CJY1RPT5, B0FQJ1C2KN, B08MTFYWGJ, B08K2JK29R, B08MT4XBZH, B0DCHYQPBH, B08K2MYRXP, B08K39R7BL, B08K2T4NSY, B08K3B8F8Y, B0CLZFW3JR, B0CJY28BFJ, B0DCHSBTRM, B08MTM7T2L, B0FQJ2SHM1, B0CLZGN5MG, B0DFCBYFGK, B0DFCCNG8J, B0D8SL1V1C, B0FQJ12MRB, B0D8SKNJPN, B0DFC9X2QX, B0DCHSZ7K3, B0CLZC4NW6, B08DMXVHLX, B0DFC9DP1Q, B0CLZF41L2, B08K2WX7VY, B08MT3S9VX, B0FQJ5M8BR, B0DFC7T6DT]",amzn1.campaign.I2SK1LID2VND,VIMPUNEC Off Shoulder Sweater for Fall Outfits | 12% Commission #35,VIMPUNEC,2026-08-17,2026-10-21,12.00%,5000.0,5000.0,96,800,false
[B0F98YLNC9],amzn1.campaign.1QU5OI5BNRIKU,"Hanging Closet Organizer, B0F98YLNC9",Orapoke,2026-08-17,2026-09-17,10.00%,5000.0,4827.75,74,800,false
"[B0GYPK23G9, B0GYPHKL3S, B0GYPHW3DL, B0GYP7WWRG, B0GYP7QCY8, B0GYPCMR8P, B0GYPPLCLQ, B0GYPQ3QTC, B0GYPGNXF2, B0GYPJK9BN, B0GYPKLW2Q, B0GYPC44VT]",amzn1.campaign.BLWF58MB3EN2,💕Stylish Insulated Lunch Bag Women for your followers! 6024💕15% Commission,LOVEVOOK,2026-08-17,2026-12-31,15.00%,68888.0,68870.38,51,800,false
"[B0DJQTJ145, B0DJQVBJKK]",amzn1.campaign.35THX0FRAKGY7,Your Baby’s Safe Haven & Play Paradise! ✨,Joypony,2026-08-17,2026-10-31,10.00%,5000.0,4559.2,82,800,false
[B0GXL9B972],amzn1.campaign.NDTUU4ZVGETV,ZANXELORR Compressed Air Duster 10% Discounted,ZANXELORR,2026-08-17,2026-12-01,10.00%,5000.0,5000.0,146,800,false
"[B0B76VQKZL, B0B76QKNQN, B0BGLWR2KB, B0B76XL516, B0BGLZ3FYH, B0B76ZCK5C]",amzn1.campaign.2RS1JFMXTSR61,Kikapabi | Magnetic Drawing Board Toys for 1 2 Year Old | 10 % Commission,Kikapabi,2026-08-17,2026-11-17,10.00%,5000.0,4977.37,67,800,false
"[B0HB54TFRB, B0HB51DBCW, B0HB4YJZZ7, B0H1CDVYR8, B0H1CFQKQX, B0GYWT5XPG, B0HB5352ZB, B0HB559P58, B0H1C7GHWW, B0HB4YXN7B, B0HB56PX1R, B0H1CHZCGP, B0H1CC4XTN, B0HB517H5G, B0HB54ZLTW, B0HB4VRFLW, B0H1CC8H4D, B0HB57Z3L3, B0HB57VVMS, B0HB5B42GN, B0HB549NS1, B0HB4RQHBW, B0HB51XFVQ, B0GYWWC91N, B0HB565177, B0HB59GZYV, B0GYWTYLKY, B0HB545LSM, B0HB5D45KR, B0HB55T729, B0H1CH98VQ, B0HB5D5VQM, B0HB4ZMSHT, B0GWQS4948, B0HB5546TG, B0HB51W4MT, B0HB4RW5TS, B0HB57BJW7, B0HB4Z6YCT, B0H1CJPC7Q, B0HB4XBF2Z, B0HB55BKVR, B0HB52ZS2T, B0HB4WHRDZ, B0HB5DCVMT, B0H1C7FFKS, B0HB4XQHB4, B0HB55VZPG, B0HB4YLWZF, B0HB51JK7X]",amzn1.campaign.12LJO7CV02NXG,Washable NonSlip Runner Creator Promo-2026/08/14,BESBLEE,2026-08-17,2026-11-18,10.00%,5000.0,5000.0,140,800,false
"[B0H8DWYM7G, B0H8F6DM9K, B0H8F2WDBF, B0H8N7KY88, B0H8DZR1PS, B0H8F6QW6X, B0H8DTWXQ8, B0H8DZ1XMP, B0H8F3NBLZ, B0H8F5C968, B0H8DVD2CH, B0H8DZLD14, B0H8DXPNNC, B0H8F5GGS4, B0H8F278B6, B0H8DYM353, B0H8DVR6KX, B0H8DXV2FV, B0H8DNLJQY, B0H8F1D9KK, B0H8DY2G6H, B0H8F36M2F, B0H8DWXSP9, B0H8F4YNN1, B0H8DW9425, B0H8F5BW3P, B0H8DZ57BN, B0H8F5RKM5, B0H8DV1K7S, B0H8DV6HYX, B0H8NH4VD3, B0H8F64SQG, B0H8NRSR1Q, B0H8DYDM7T, B0H8F627CT]",amzn1.campaign.4F4DB2QMGFKA,XJCW2623208A-YWX,Uni Clau,2026-08-17,2026-09-16,10.00%,5000.0,5000.0,85,800,false
"[B0H836W6Y7, B0H7WZRDXT, B0H836W4B3, B0H7WBFPLF, B0H7WZC57Q, B0H7WJRQXT, B0H838JMCL, B0H82ZT2X3]",amzn1.campaign.2MNWFR34DMJ1I,12% High Comm | $85+/Sale | ModernMate Modular Sectional Sofa,ModernMate,2026-08-17,2026-12-30,12.00%,6000.0,6000.0,77,800,false
[B0GLM61MXP],amzn1.campaign.30PYF988VN9VK,Great Deal: ✨ Glamaker Crochet Maxi Dress Pitch -CYT-M26DR0128,Glamaker,2026-08-18,2026-11-26,10.00%,5000.0,5000.0,102,800,false
"[B0F9YB5P94, B0F9YB4BXW, B0F9YBQGW4]",amzn1.campaign.35HEA9HTBSSNP,Shallow Bowl Planter,Oncpcare,2026-08-17,2026-10-22,10.00%,5000.0,4995.3,85,800,false
[B0H3LMKLYZ],amzn1.campaign.2MCE4EFW8N34N,25% Commission -  Let Loose Lemonade Campaign #1 - 8/20 to 9/30,Let Loose,2026-08-20,2026-09-30,25.00%,10000.0,9948.37,77,800,false
[B0DLGSQJYN],amzn1.campaign.3LFR3272U13XV,🔥10% commission + 3K + monthly sales + Rechargeable Brightest Headlamp🔥,FINICO,2026-08-19,2026-09-19,10.00%,10000.0,10000.0,135,800,false
[B0G2BSYQ6S],amzn1.campaign.1I58A7W2BVKGU,Calming Chews for Dogs Creator Campaign + 10% Commission,PrimePaw,2026-08-17,2026-09-16,10.00%,5000.0,4975.91,66,800,false
"[B0H5HGGYKH, B0H5HWDRSC, B0HBWQW8VX, B0H5J96HQY, B0H5HP9VK2, B0H5HW84QM, B0H5HZTJKD, B0H5J36JN5, B0H5HWWKSR, B0HBWWKPX1, B0H5HZBF5J, B0HBWSLVTN, B0HBWP6FGH, B0HBWT526L, B0H5J5YZX5, B0HBWVNJ4D, B0HBWW466W, B0H5HG9K9N, B0H5HH3C83, B0H5HNQQTK, B0H5HH2MSD, B0H5HZ3QSN, B0H5HTFWYL, B0HBWV8D9Z, B0HBWTKPZ1, B0H5HWVLW8, B0H5HTY4JG, B0H5HLZMXG, B0H5HK33T9, B0HBX2CD55]",amzn1.campaign.32JY95CAKE62T,10% Comms | Women's Washed Sweat Shorts| 25K432,Hixiaohe,2026-08-17,2026-12-17,10.00%,5000.0,4997.44,97,800,false
"[B07JGNM188, B0F7XH8PGN, B07JGRSXZ5, B0F6C76YTS]",amzn1.campaign.1GFIX8X0DJKWW,JMEXSUSS Solar Outdoor String Lights For Outside Garden Yard Patio Tree Decor,JMEXSUSS,2026-08-21,2027-02-28,10.00%,10000.0,10000.0,74,800,false
"[B0H32JS7JJ, B0H32J7TM8]",amzn1.campaign.DLYTWFYWSADY,GUYGAD Mahjong Rack Bag Promotion | Mahjong Accessories Creator Campaign,guygad,2026-08-17,2027-03-16,15.00%,5000.0,4831.81,76,800,false
"[B0HB54TFRB, B0HB51DBCW, B0HB4YJZZ7, B0H1CDVYR8, B0H1CFQKQX, B0GYWT5XPG, B0HB5352ZB, B0HB559P58, B0H1C7GHWW, B0HB4YXN7B, B0HB56PX1R, B0H1CHZCGP, B0H1CC4XTN, B0HB517H5G, B0HB54ZLTW, B0HB4VRFLW, B0H1CC8H4D, B0HB57Z3L3, B0HB57VVMS, B0HB5B42GN, B0HB549NS1, B0HB4RQHBW, B0HB51XFVQ, B0GYWWC91N, B0HB565177, B0HB59GZYV, B0GYWTYLKY, B0HB545LSM, B0HB5D45KR, B0HB55T729, B0H1CH98VQ, B0HB5D5VQM, B0HB4ZMSHT, B0GWQS4948, B0HB5546TG, B0HB51W4MT, B0HB4RW5TS, B0HB57BJW7, B0HB4Z6YCT, B0H1CJPC7Q, B0HB4XBF2Z, B0HB55BKVR, B0HB52ZS2T, B0HB4WHRDZ, B0HB5DCVMT, B0H1C7FFKS, B0HB4XQHB4, B0HB55VZPG, B0HB4YLWZF, B0HB51JK7X]",amzn1.campaign.1THPDR083LU30,Washable NonSlip Runner Creator Promo-2026/08/14,BESBLEE,2026-08-17,2026-11-17,10.00%,5000.0,5000.0,142,800,false
"[B0G1GMXWB8, B0H2PHK5C2, B0G1H235TH, B0G1H1RVDW, B0G1GMY7XZ, B0G1H1FY86, B0G1H1CLC4, B0G1H1914Z, B0GGGRCY1R, B0G1H23P2C, B0G1H1DT91, B0G1H8M4S1, B0G1GZNKB7, B0G1H229DD, B0G1GS6TDM, B0G1H5F4LB, B0G1H1WS52, B0G1H1TW6W, B0C7KT397M, B0C7KW9Y3V, B0C7KVFYQK, B0G1H1RS7X, B0G1H1SMTY]",amzn1.campaign.3CGZCW2PA1SOR,⭐ Top-Rated SANSTHS Women Classic Square Buckle Belt - 12% Commission !! 9296,SANSTHS,2026-08-17,2026-10-17,12.00%,8000.0,8000.0,90,800,false
[B0F89W83FQ],amzn1.campaign.3VV9OSB3FMIDG,Earn 10% Commissions - Cute Tennis Night Light,CoolGift Mart,2026-08-17,2027-08-17,10.00%,5000.0,5000.0,85,800,false
[B0DX654TXK],amzn1.campaign.2PPALKI0GH9YH,RC585-1 180Pcs Elegant Pink Gold Dinnerware Set  with a BIG 20% DISCUONT,supernal,2026-08-17,2026-09-17,12.00%,5000.0,5000.0,86,800,false
[B0GLM61MXP],amzn1.campaign.3LZ06N5XAF1W,Limited Time Deal: 🌟 Glamaker Flowy Maxi Dress Collab -CYT-M26DR0128,Glamaker,2026-08-18,2026-11-25,10.00%,5000.0,5000.0,104,800,false
"[B0FXG4WSRY, B0FSLF939S]",amzn1.campaign.3OTAS0ZYWMIJJ,20%+VIVIDCOOKWARE iron woks+ for Stir-Fry& Daily Cooking 100% Non-Toxic,VIVIDCOOKWARE,2026-08-17,2026-09-16,20.00%,10000.0,9866.24,67,800,false
"[B01H5F6DNK, B0CNVB51CS, B01DXXOA3I, B01HBL96LO, B07F6BF3GY, B09ZLLDQ8Y, B0FJDQBX1K, B07DL11Y4T, B0GWQK1C98, B0C2HMNYHT, B086MY7JS2, B0DFY9W1SL, B07XF664T2, B07YFR7RR1, B0BGX2FYHW, B09ZLHK8S4, B0BGXCF2NB]",amzn1.campaign.7F4MBFKLLSFB,10% commission promoting premium BACK TO SCHOOL PRODUCTS!!!,MyLifeUNIT,2026-08-17,2026-10-31,10.00%,5000.0,4971.4,28,800,false
"[B0FNQPB9D3, B094VBJM3K, B08FM2V5MM, B07VYNYGBJ, B07VWL75WG, B08Q3Q2ZFX, B0FNQRRLJL, B0FNQNLVWK, B08Z7MK52D, B08P5697X7, B08FMC7TQS, B094TYRBX1, B08P57FDQX, B08Z78G7KP, B08Z6TMSVC, B0FNQRTH9L, B07Z63FB53, B0FNQPJNQ3, B08P57GSQQ, B07YLHVB1T, B08FLZC2NM, B07PLBBMJP, B07PJ2SBHM, B08FM7H8L7, B07YLGN4TG, B07PK8BYT8, B08FMFZL48, B08FM692Y3, B0FNQQ7XMD, B07Z62K7Y4, B07PDV6THM, B07ZVD1V8T, B07YLCM2RD, B08FLCNVMD, B08FMCJX62, B08FM62CH2, B07PGZ69Z9, B07Z61V9BY, B0B877X3KX, B08Q3ZRX33, B094TTD367, B08Z7M9DWW, B08FM99R4Z, B0BSDZ7V75, B07Z625RRS, B094VG9JSY, B094SZSS29]",amzn1.campaign.120KS68W0H67H,"4g-1 GINGTTO 15% Commission Is So Wild, Even Small Creators Are Cashing In Big",GINGTTO,2026-08-17,2026-11-30,15.00%,5000.0,5000.0,72,800,false
"[B0H9L8KKZ6, B0H9KY3CFY, B0H9L3QJSZ, B0H9LN9TMF, B0H9L9LHYK, B0H9L53WLF, B0GZV4P6Y5, B0H9L3GY1P, B0H9LBC5YR, B0GZV4GQQ1, B0H9L33BZP, B0GZVDHFNT, B0H9L61X3D, B0H9L3P6RG, B0H9L4317P, B0GZVHP811, B0H9L7HQTV, B0GZV9FFK5, B0GZVH3B8H, B0H9LB8DPP, B0GZVBKWNY, B0GZV6GHNT, B0H9L1MTWZ, B0H9L3KCTH, B0H9L59L46, B0H9KXFRBJ, B0H9LDFJ66, B0H9L11S2S, B0H9LC7R8K, B0H9L7L2T3, B0H9L96KWF, B0H9L9TCD8, B0GZVNKBLG, B0H9L5WN3W, B0GZVQPXMD]",amzn1.campaign.1YO8T4UREF7RD,10% Comms | Barrel Wide Leg Lounge Pants | 264085,Hixiaohe,2026-08-17,2026-10-31,10.00%,5000.0,5000.0,101,800,false
"[B09DB8TYTY, B09DB87TTG, B09PTF6X6N, B07Z8QPD28, B0BRTMRK2V, B09PTC3D5W]",amzn1.campaign.1IRVL0L8F1UUC,Art Paint Brush Kit with Storage Case campaign from Transon,TRANSON,2026-08-17,2026-12-31,15.00%,5000.0,4974.05,59,800,false
[B0H7BBHV7L],amzn1.campaign.13PMOUZYH6UHL,10% Commission|Looking for Long-Term Partners – Police Car Inflatable Costume,Feswear,2026-08-17,2027-03-27,10.00%,9000.0,8996.2,73,800,false
"[B0H7BCPHZH, B0H7B57GD8, B0H7B6NXTF, B0H7B4QLTZ, B0H7B1KP8N, B0H7BCJ3VV, B0H7BJBWGT, B0H7B2CWPV, B0H7B9MJYD, B0H79YJS7H, B0H7B9SKPV, B0H7B53H1K, B0H7B3VPYZ, B0H79XZ8NY, B0H7B6STH1, B0H7B6SFH8, B0H7B3C5SZ, B0H7B2V895, B0H7B4KDGM, B0H7BGV9SL, B0H7B199PB, B0H7B6HBT4, B0H7BDWD3X, B0H7B59DDZ, B0H7B6B5XJ, B0H7B6G24Q, B0H7B7P19Q, B0H7B774ZP, B0H79VJHF8, B0H7B1GZHC, B0H7B3MG1C, B0H7B67YN8]",amzn1.campaign.99OJIBA5FP6G,N8Y062 -Womens Heart Striped Sweaters,Saodimallsu,2026-08-17,2026-09-24,12.00%,5000.0,5000.0,71,800,false
"[B0GV616PQ2, B0GV6HDJJ1, B0GV6WP51K, B0GV747QDM]",amzn1.campaign.38MNN59RJSEKQ,24oz 3D烫金 20%,mininoo,2026-08-17,2026-09-30,20.00%,5000.0,5000.0,74,800,false
"[B0H33M53VT, B0H33HY1V3]",amzn1.campaign.PVU1ZRIVBHI5,Flag Pole for Outside House with Solar Light,SAMGL,2026-08-17,2026-11-30,10.00%,8888.0,8874.71,89,800,false
[B0GD5LSGJF],amzn1.campaign.2592OA71DXORG,Anmiro 50L Pickleball Bag 10% commission,Anmiro,2026-08-17,2026-10-31,10.00%,5000.0,5000.0,85,800,false
[B0GLM61MXP],amzn1.campaign.2Z6KCCES3DFJU,HOT Deal: 🌸 Glamaker Summer Maxi Dress Collab -CYT-M26DR0128,Glamaker,2026-08-18,2026-11-24,10.00%,5000.0,5000.0,104,800,false
"[B0D4TNG8PB, B0H1R1B8NK, B0H1QX6CFQ, B0H1QNVDNC, B0DZ262371, B0H1QK3LTH, B0D8KCJZCP, B0F1CQ885R, B0H1RCRH1R, B0D7PWGWDV, B0H1RND6DV, B0H1R64ML7, B0H1QW8SXY, B0H1QRZN79, B0D7Q2N7KV, B0H1Q76XWT, B0H1R1LZK1, B0DZ268XYQ, B0D7Q2YSHR, B0H1QHRQP5, B0D7PZ9K4G, B0H1QVBV62, B0H1RDHKPH, B0H1QX4GYN, B0H1QXC2GH, B0H1QW8KB1, B0D7PZRJKY, B0FH6QZG5D, B0D6BFT3PK, B0H1R6MQ3C, B0H1QWQ6J6, B0H1RK3FN7, B0D7Q3M58V, B0H1RPC4Y3, B0H1RLYSHN, B0H1QVQWT8, B0F1CR755L, B0H1QCRHT2, B0DWSQB6W1, B0D9NPJBWW, B0H1RJM8VF, B0H1R1T996, B0H1QSSKPT, B0FH6S4T1Y, B0H1QYWHDV, B0H1QMXG3L, B0H1RBZ9SB, B0H1QVMHRP, B0H1RFZLDN, B0H1RL516J, B0H1QFX8CQ, B0H1R1XGKY, B0H1RQMCMW, B0DWSN224V, B0D7Q2F97N, B0D7Q34FG2, B0H1Q4ZY9B, B0H1R79MR4, B0D7Q121LR, B0D7Q1DD7Z, B0H1RJB5RK, B0H1RPCHRC, B0H1R2XVTY, B0D9NQKTQW, B0D7PZ55X4, B0H1RB8D4N, B0H1RF7BS1]",amzn1.campaign.30X53YU1FB1CJ,Partner with Baccessor & Earn 11% on Halloween Decor,Baccessor,2026-08-17,2026-12-31,11.00%,5000.0,4973.23,38,800,false
"[B0DMNZS9LK, B0DMP3BQ2N, B0F2SZ3VTN, B0DMNZDXMW, B0DMNZLQPW, B0DMNYT7HS, B0DYMLRK9S, B0FVFWYBQ1, B0DMNT7DBC, B0FVFT7RG4, B0FVFS7LWT, B0F2T1NLTM, B0FVFTPV55, B0DKJ2SY4T, B0DMP352KZ, B0D7V9WGVQ, B0D7VDMGDN, B0DYMNXX9M, B0DMNVF7W1, B0DMNZH5VH, B0F2T1QQM4, B0D7VD7PW5, B0D7VD9K5V, B0D7VC9LW3, B0DMNTW8RX, B0DYML5LT9, B0FVFXCXJ3, B0FVFQRLLM, B0FVFV57GD, B0D7VCCTP7, B0DYMGN4L8, B0D7VCZ7J9, B0FVFSD9D1, B0DMP1BBLK, B0DMNYTL7X, B0D7VD5Z2G, B0DPH4TQJT, B0DKJ17NY7, B0FVFSFXPK, B0DMP36STP, B0FVFVY5LX, B0DKJ45K1M, B0DMNYQYS8, B0DMNW13WD, B0F1TK6YGP, B0DMNYX561, B0FVFX3XCF, B0F2SZRP6W, B0F1THJ5S8, B0D7VG72QB, B0DPH4H6PP, B0FVFWFPX5, B0FVFTF8MN, B0F2T1LCLW, B0FVFV9YCG, B0DMNXZNCR, B0DKJ45C7X, B0F1TKLMNJ, B0DMNZG8RJ, B0DMNZDZNH, B0FVFTFKR8, B0FVFTYTSH, B0DMP1YCFH, B0DMP11PP3, B0FVFXH47T, B0D7VFHKYG, B0D7VDCNSH, B0F1TL9Y2B, B0DMNYSF42, B0FVFWFF4L, B0D7VCX16W, B0FVFTCK8V, B0DMNZCCDS, B0D7VC7H78, B0D7VCDPYM, B0F2T1P1D7, B0DKJCD75X, B0DKJ1L12P, B0FVFVSPG6, B0FVFVTDLH, B0DKJ2C53H, B0DMP2HD96, B0D7VCTR79, B0D7VCJ48M, B0DKJKPQJW, B0DMP21BB6, B0FVFSTXZZ, B0D7VF3Z4B, B0D7VC8XV6, B0FVFXFGTF, B0D7VCT4LW, B0FVFSDHRP, B0DYMVHWTY, B0DMNSJ6GJ, B0D7VDR5FX, B0FVFX4K2D, B0DMP1RJBN, B0FVFTZSRS, B0FVFV68PX, B0FVFTW1PP, B0D7VBHN7B, B0DKJ497TM, B0DMNZW2S3, B0FVFXWPL9, B0F1TLD15R, B0DYMDLNHK, B0DKJ5D36J, B0DWSTHM4X]",amzn1.campaign.3N7PS9OXFAJW1,"🌸 Promote SANSTHS Women Vintage Boho Wide Elastic Belt, 12% Comm !! 209",SANSTHS,2026-08-17,2026-10-17,12.00%,8000.0,7997.96,89,800,false
"[B0GXV5DB16, B0H2HGJK8Q, B0GXV88YHK, B0GXTYT9PP, B0GXVDVBH7, B0GXVGTZHR, B0GXVHG69Q, B0H2HJ9ZRL, B0GXV2T48Q, B0H2HGBYVM, B0H68S5167, B0GXV3PB7P, B0GXV6F3YN, B0GXVBTHYL, B0GXV4V5WX]",amzn1.campaign.3S1LUMXG56R63,Gingham PJ Sets for Women(1715),Tanming,2026-08-17,2026-12-31,18.00%,5000.0,5000.0,51,800,false
"[B0H5Q8BM5V, B0F28HT57D, B0F28HJPJL, B0H2DLL3V8, B0GYCQ1FR5, B0GYCQL5PC, B0H5PX9TBZ, B0H2DNP67T, B0FV8DRBPJ, B0GYRTG39R, B0H5Q59DBP, B0GYRY35P8, B0GYCTPFCT, B0H5Q4CFSC, B0H2DKQ8KK, B0GYCQQ3M7, B0H5Q6JZPZ, B0GYRVLN9T, B0GYD118RX, B0GYCTFZHJ, B0GYD54FGB, B0GYCQK99Z, B0H5PT1JCY, B0H3SZH7F4, B0GYCRNLJG, B0GYNY7V23, B0GYDB2L1T, B0FV8JR2Z3, B0GYCQSZFC, B0GYRR9LJF, B0GYCWLXR8, B0GYCX31C4, B0H3T1YL2V, B0GYCYSFRP, B0FW3T8T5J, B0H5Q6D126, B0H5Q76JQV, B0F28H27NB, B0H2DQJJQJ, B0GYNVBDRL, B0FV8DPBHG, B0H2558TM6, B0GYCXYLX7, B0GYD1LWR8, B0H2DNWWH3, B0H5Q9Q27Y, B0GYNV2WFF, B0H5QC8PZ7, B0GYCSWCBZ, B0GYRPZGX3, B0H5Q4MHX3, B0F28HNF7F, B0GYCTQS81, B0GYCS6TFH, B0H5Q8VLZM, B0H5QDHBRV, B0GYCSQDG8, B0GYCSTW7R, B0GYCT5L1V, B0GYD53251, B0GYCKX39Y, B0F28HXD4N, B0H5PXT24G, B0GYCTWCKN, B0FV7CX3W3, B0GYRSYB8Y, B0FW42CH5G, B0H5Q45DDK, B0H5PZ3F6S, B0H2553JB6, B0GYCQCMM5, B0GYRQWY5Q, B0GYCN6TKL, B0GYCNF9RN, B0FV827CVR, B0H25686PD, B0FV7Z6BHR, B0H3SZJC5H, B0H5Q51N73, B0H2DN7QZ7, B0H257PSGT, B0FW3TBZXS, B0GYCZFRPN, B0H3T4BGK4, B0GYCSG9R7, B0H5Q9F54F, B0H5PWZD2G, B0GYNRZLNM, B0H5Q6PLH3, B0H5Q5XH4S, B0GYRN3J77, B0H2DNKXYT, B0GYDHN3Y2, B0H5PYXH6R, B0F28H46R1, B0GYCTGZXH, B0GYNQR6HH, B0H5Q3V1FN, B0GYCSGNLJ, B0GYCXW7QD, B0F28J7P2W, B0H5Q37JBW, B0H25DPB9G, B0FV8GSPMR, B0H5PZPYJC, B0GYCR7D7Z, B0GYCTYGR9, B0FV8D1PDD, B0H5Q7DFWQ, B0GYP18M6S, B0GYCWZK4Z, B0GYCKQBYZ, B0GYCX428S, B0H5PXM669, B0H3T2G7XQ, B0H5PXFFGS, B0GYRRGPT1, B0GYNZNKT2, B0H3T9DJ6V, B0GYCKS4WV, B0GYNT15V7, B0GYCTWVCL, B0GYD2T1JS, B0GYCKKZ6Q, B0H5Q2SRZG, B0H25FF6VM, B0H5Q2TZWH, B0GYCQD75N, B0GYCSKNCC, B0FW2ZLK1N, B0GYD6KJBT, B0GYCY3RQL, B0F28H2FRW, B0GYRY17B6, B0H5QC81DS, B0FW3YTVYM, B0GYCND5W3, B0H5Q2LX9S, B0GYCS81HB, B0GYCRKSNS, B0GYS2XFCZ, B0H5Q3V47Y, B0H8NHJ218, B0H5QBW59D, B0H25D8Z35, B0GYCSH9YS, B0H5QC5QJ3, B0H3T9J32V, B0H3T4L65F, B0H5Q68L55, B0F28JQL1X, B0H2593HF5, B0H5Q26G6R, B0GYRRCW98, B0GYD2SPL3, B0H5Q2VPZK, B0GYCX2B9Y, B0H5PY6863, B0H5Q196ZB, B0GYCSQ5G8, B0H2DTGQGH, B0GYRM5BSW, B0H5Q6KHFB, B0F28HRYGK, B0GYCX7GVL, B0H5PZYSFW, B0FV89GD8R, B0H5Q17SZ5, B0H2DH38C5, B0FV855DQH, B0H3T5ZQTF, B0GYCVQF2C, B0H5PTD3NF, B0GYCV3JT9, B0H5PZTZRK, B0GYCZXDXR, B0H3TJTTTR, B0H3TGLVFB, B0GYCN5FJD, B0GYRMLDTG, B0FW3PM59F, B0FV7L2LNX, B0F28H45HT, B0GYCKWGZD, B0GYCS6D1X, B0GYCQ7K67, B0H2DG6F4F, B0H3T4XR89, B0GYCV34WD, B0H5Q4VM91, B0GYP2Z76W, B0H2DLPL47, B0GYCT6C54, B0GYCNN38F, B0H5PX6MK6, B0GYCS9QTH]",amzn1.campaign.3OA2LPM5HY97Y,Floral Washable NonSlip LowPile Rug Creator Promo-2026/08/14,BESBLEE,2026-08-17,2026-11-24,10.00%,5000.0,5000.0,133,800,false
[B0DHZ86RRG],amzn1.campaign.KZWY1KWWU1TB,W8058,EXTALOW,2026-08-17,2026-10-31,10.00%,5000.0,4986.37,73,800,false
"[B0GTLDTFWL, B0GY8KT2Z3, B0GT9NGKXK, B0GGHY1L98, B0FKMMMJ7P, B0FKMKKZN3, B0GX9V1WF8, B0GGHXX8QX, B0GGHRF4RT, B0FKMKFWKV]",amzn1.campaign.1BYFR1XPL6T94,LDBQH0814,Hotwill,2026-08-17,2026-10-16,10.00%,5000.0,5000.0,106,800,false
"[B0GKGGXKR1, B0GKGR7YPD, B0GKGM362Y, B0GKGHQJ1M, B0GKGHVBRN, B0GKGN7DD1, B0GKGKRTJH, B0GKGN1DWR, B0GKGB8JMH, B0GKGPZGD4, B0GKGVWCW4, B0GKGVVQKW, B0GKGMZ6QC]",amzn1.campaign.35USONCJXDHB2,WV-010-009-创作者影响计划-0813-15%-03-68/38,MolyPark,2026-08-31,2026-10-04,15.00%,5002.0,5002.0,129,800,false
"[B0GXB8XBJS, B0GXBJ87D7, B0GXBCRPL4, B0GXB6QXNQ, B0GXBD14CK]",amzn1.campaign.1N1JBMGCRG3MJ,10% Commission! QLIPIN Oversized Cow Skull Shirt Women Cowgirl Tshirts,QLIPIN,2026-08-17,2026-09-16,10.00%,5000.0,4998.95,78,800,false
"[B0GDZHNBX9, B0GDZPZVFN, B0GDZLZ41B, B0FP54B7N5, B0FQC84Q6F, B0G4BVD6CG, B0GHNN23WH, B0GYNBPCVD, B0FP52PT7D, B0H25GJ255, B0GDZP3X13, B0GDZLTZSZ, B0GDZLSLFQ, B0FP536GCD, B0FQC98PRV, B0GXYZ4Y7X, B0FP54M1TD, B0G4BVZVP5, B0GDZPH8GD, B0FP52SVX7, B0H2GMQ1J8, B0GDZG2XL3, B0FQC8FFZZ, B0FP54M1TF, B0GXYPZVS8, B0FQC89PM5, B0G4BTQGQ1, B0FP5436ZG, B0FQC87LZV, B0GXZ2G8YM, B0FP51BZD3, B0GDZM375K, B0GXYRHKPG, B0G4BWMB7M, B0FP4X1PDJ, B0GXYPX7Y5, B0FP4Z5VC7, B0FP54KM2T, B0GDZ4TGTP, B0FP52H2Q1, B0FP53954H, B0GDZJ6XV2, B0G4BR1YXV, B0FP51G57V, B0GDZF7RBY, B0G4BR1N2B, B0FQC8PX1L, B0G4BW8WQ2, B0GXYVKLFT, B0G4BVGWYC, B0FP53LJ5Z, B0GXZ2SK2G, B0FQC3F5QD, B0GXYS2H6F, B0FP547LLM]",amzn1.campaign.2L902YVUXBA4B,Womens Wide Leg Pants High Elastic Waisted Summer Capri Pants-1414&1543,Tanming,2026-08-17,2026-12-31,18.00%,5000.0,5000.0,50,800,false
"[B0H6P12K7H, B0H6P3D2FC, B0H6NYJBXJ]",amzn1.campaign.8DM7GW5FN9MZ,🌟 Coming Soon! BOSTANTEN New Suede Hobo Bag – Launch Discount Ahead 🎉,BOSTANTEN,2026-08-17,2027-07-15,10.00%,5000.0,5000.0,57,800,false
"[B0GG4FNTBZ, B0F1N8F5SP, B0GG3ZC5ZH, B0F1N6JBKH, B0F1N6BQ5J]",amzn1.campaign.3U1EBJ03YHAQ3,CARFIA Square Unisex Polarized Sunglasses Lightweight TR90 Frame |15% Commission,Carfia,2026-08-17,2026-10-31,15.00%,5000.0,5000.0,113,800,false
[B0FSKQT8WG],amzn1.campaign.XQV48Y5NAYCF,*8.14(带盖5) Popular Stainless Steel Litter Box (12% OFF Limited Deal)!,PTFFF,2026-08-17,2026-09-20,10.00%,5000.0,5000.0,120,800,false
[B0FSKQT8WG],amzn1.campaign.2LZGVVE2CJ0RI,*8.14(带盖4) Top Popular Cat Litter Box (Limited 12% OFF)! Join Us!,PTFFF,2026-08-17,2026-09-19,10.00%,5000.0,5000.0,126,800,false
"[B0GKGGXKR1, B0GKGR7YPD, B0GKGM362Y, B0GKGHQJ1M, B0GKGHVBRN, B0GKGN7DD1, B0GKGKRTJH, B0GKGN1DWR, B0GKGB8JMH, B0GKGPZGD4, B0GKGVWCW4, B0GKGVVQKW, B0GKGMZ6QC]",amzn1.campaign.OBZ71SLEPKLZ,WV-010-009-创作者影响计划-0813-15%-03-68/3844,MolyPark,2026-08-27,2026-10-04,15.00%,5002.0,5002.0,132,800,false
[B0FSKQT8WG],amzn1.campaign.3KDGXJ303QLY3,*8.14(带盖3) Highly Recommended Pet Brand (Limited-Time 12% OFF),PTFFF,2026-08-17,2026-09-18,10.00%,5000.0,5000.0,130,800,false
[B0FSKQT8WG],amzn1.campaign.1P5EBSN9O3SJX,*8.14(带盖2) Popular Choice! Collab with PTFFF & Share Limited 12% OFF Deal!,PTFFF,2026-08-17,2026-09-17,10.00%,5000.0,5000.0,131,800,false
[B0FSKQT8WG],amzn1.campaign.1LFVE5PYMH2WI,*8.14(带盖1) Join Popular Pet Brand PTFFF (Limited 12% OFF)!,PTFFF,2026-08-17,2026-09-16,10.00%,5000.0,5000.0,130,800,false
[B0H2CXLWGG],amzn1.campaign.2SWAF1IZN4F41,3 Pcs Pop Fidget Spinner Toys Gifts | 20% Commission | Amazon's Choice,Wondrus,2026-08-17,2026-11-17,20.00%,10000.0,9973.14,70,800,false
"[B0FKMLBH6Z, B0G8Z5N39P, B0FKMKNQPL, B0GXFD85L2, B0FKMF8MJS, B0FKMMMR57, B0GXF7B3JG, B0GXFMKTXN, B0FKMKCT5W, B0G8Z35X8Y, B0FKMKQB7P, B0FKMLCK9K, B0GXFJQNRD, B0FKMFFZTF, B0G8Z6NRMK, B0G8ZJZDSS]",amzn1.campaign.3BPPXVAEFM77Z,10% Comms |  Mock Neck Sweatshirt | 2570184,Hixiaohe,2026-08-17,2027-02-17,10.00%,8000.0,8000.0,95,800,false
[B0FZVG8VWY],amzn1.campaign.2PI1ELA30UXGZ,AMBER 0814,vancasso,2026-08-17,2026-09-16,10.00%,5000.0,4994.5,76,800,false
"[B0H6P12K7H, B0H6P3D2FC, B0H6NYJBXJ]",amzn1.campaign.3GS0J9JA1EAF7,🎁 New Drop Incoming! BOSTANTEN Hobo Bag – Get Ready for Launch Deals 👛,BOSTANTEN,2026-08-17,2027-07-14,10.00%,5000.0,5000.0,102,800,false
"[B0GKGGXKR1, B0GKGR7YPD, B0GKGM362Y, B0GKGHQJ1M, B0GKGHVBRN, B0GKGN7DD1, B0GKGKRTJH, B0GKGN1DWR, B0GKGB8JMH, B0GKGPZGD4, B0GKGVWCW4, B0GKGVVQKW, B0GKGMZ6QC]",amzn1.campaign.XHYP0TR4IRPY,WV-010-009-创作者影响计划-0813-15%-03-68/384,MolyPark,2026-08-19,2026-10-04,15.00%,5001.0,5001.0,133,800,false
[B0GLM61MXP],amzn1.campaign.2WJ3JMHDSM7KR,Great Deal: 🌟 Glamaker Crochet Lace Maxi Collab -CYT-M26DR0128,Glamaker,2026-08-18,2026-11-23,10.00%,5000.0,5000.0,103,800,false
"[B0H5Q8BM5V, B0F28HT57D, B0F28HJPJL, B0H2DLL3V8, B0GYCQ1FR5, B0GYCQL5PC, B0H5PX9TBZ, B0H2DNP67T, B0FV8DRBPJ, B0GYRTG39R, B0H5Q59DBP, B0GYRY35P8, B0GYCTPFCT, B0H5Q4CFSC, B0H2DKQ8KK, B0GYCQQ3M7, B0H5Q6JZPZ, B0GYRVLN9T, B0GYD118RX, B0GYCTFZHJ, B0GYD54FGB, B0GYCQK99Z, B0H5PT1JCY, B0H3SZH7F4, B0GYCRNLJG, B0GYNY7V23, B0GYDB2L1T, B0FV8JR2Z3, B0GYCQSZFC, B0GYRR9LJF, B0GYCWLXR8, B0GYCX31C4, B0H3T1YL2V, B0GYCYSFRP, B0FW3T8T5J, B0H5Q6D126, B0H5Q76JQV, B0F28H27NB, B0H2DQJJQJ, B0GYNVBDRL, B0FV8DPBHG, B0H2558TM6, B0GYCXYLX7, B0GYD1LWR8, B0H2DNWWH3, B0H5Q9Q27Y, B0GYNV2WFF, B0H5QC8PZ7, B0GYCSWCBZ, B0GYRPZGX3, B0H5Q4MHX3, B0F28HNF7F, B0GYCTQS81, B0GYCS6TFH, B0H5Q8VLZM, B0H5QDHBRV, B0GYCSQDG8, B0GYCSTW7R, B0GYCT5L1V, B0GYD53251, B0GYCKX39Y, B0F28HXD4N, B0H5PXT24G, B0GYCTWCKN, B0FV7CX3W3, B0GYRSYB8Y, B0FW42CH5G, B0H5Q45DDK, B0H5PZ3F6S, B0H2553JB6, B0GYCQCMM5, B0GYRQWY5Q, B0GYCN6TKL, B0GYCNF9RN, B0FV827CVR, B0H25686PD, B0FV7Z6BHR, B0H3SZJC5H, B0H5Q51N73, B0H2DN7QZ7, B0H257PSGT, B0FW3TBZXS, B0GYCZFRPN, B0H3T4BGK4, B0GYCSG9R7, B0H5Q9F54F, B0H5PWZD2G, B0GYNRZLNM, B0H5Q6PLH3, B0H5Q5XH4S, B0GYRN3J77, B0H2DNKXYT, B0GYDHN3Y2, B0H5PYXH6R, B0F28H46R1, B0GYCTGZXH, B0GYNQR6HH, B0H5Q3V1FN, B0GYCSGNLJ, B0GYCXW7QD, B0F28J7P2W, B0H5Q37JBW, B0H25DPB9G, B0FV8GSPMR, B0H5PZPYJC, B0GYCR7D7Z, B0GYCTYGR9, B0FV8D1PDD, B0H5Q7DFWQ, B0GYP18M6S, B0GYCWZK4Z, B0GYCKQBYZ, B0GYCX428S, B0H5PXM669, B0H3T2G7XQ, B0H5PXFFGS, B0GYRRGPT1, B0GYNZNKT2, B0H3T9DJ6V, B0GYCKS4WV, B0GYNT15V7, B0GYCTWVCL, B0GYD2T1JS, B0GYCKKZ6Q, B0H5Q2SRZG, B0H25FF6VM, B0H5Q2TZWH, B0GYCQD75N, B0GYCSKNCC, B0FW2ZLK1N, B0GYD6KJBT, B0GYCY3RQL, B0F28H2FRW, B0GYRY17B6, B0H5QC81DS, B0FW3YTVYM, B0GYCND5W3, B0H5Q2LX9S, B0GYCS81HB, B0GYCRKSNS, B0GYS2XFCZ, B0H5Q3V47Y, B0H8NHJ218, B0H5QBW59D, B0H25D8Z35, B0GYCSH9YS, B0H5QC5QJ3, B0H3T9J32V, B0H3T4L65F, B0H5Q68L55, B0F28JQL1X, B0H2593HF5, B0H5Q26G6R, B0GYRRCW98, B0GYD2SPL3, B0H5Q2VPZK, B0GYCX2B9Y, B0H5PY6863, B0H5Q196ZB, B0GYCSQ5G8, B0H2DTGQGH, B0GYRM5BSW, B0H5Q6KHFB, B0F28HRYGK, B0GYCX7GVL, B0H5PZYSFW, B0FV89GD8R, B0H5Q17SZ5, B0H2DH38C5, B0FV855DQH, B0H3T5ZQTF, B0GYCVQF2C, B0H5PTD3NF, B0GYCV3JT9, B0H5PZTZRK, B0GYCZXDXR, B0H3TJTTTR, B0H3TGLVFB, B0GYCN5FJD, B0GYRMLDTG, B0FW3PM59F, B0FV7L2LNX, B0F28H45HT, B0GYCKWGZD, B0GYCS6D1X, B0GYCQ7K67, B0H2DG6F4F, B0H3T4XR89, B0GYCV34WD, B0H5Q4VM91, B0GYP2Z76W, B0H2DLPL47, B0GYCT6C54, B0GYCNN38F, B0H5PX6MK6, B0GYCS9QTH]",amzn1.campaign.3CDAE7KTEJVSI,Floral Washable NonSlip LowPile Rug Creator Promo-2026/08/14,BESBLEE,2026-08-17,2026-11-23,10.00%,5000.0,5000.0,131,800,false
"[B0DD79435W, B0FHKQPDCQ, B0FVM629VM, B0D8V6H474, B0FHJ3Z8ZP, B0FGJZFGYN, B0D8VP3YNX, B0FJF1PF8H, B0FGV95WL8, B0CPSKR6L5]",amzn1.campaign.226KCJBNW8Q7T,The Tabletop Fire Pit That Makes First-Time Campers Look Like Pros 🏕️,HGD,2026-08-17,2027-08-17,10.04%,5000.0,5000.0,98,800,false
"[B07YFR7RR1, B0FJDQBX1K]",amzn1.campaign.2A8LEEGCXLAGP,15% commission promoting premium Window screen cleaner!!!,MyLifeUNIT,2026-08-17,2026-10-31,15.00%,5000.0,4057.43,46,800,false
"[B0F581FBSD, B0FMY65WHZ, B0F6BWQP2W, B0FMY5RHWT, B0F58BZTXV, B0FHW3VMYV, B0FQV4M88M, B0F58JZNR3, B0F592PB3N, B0FMY7M6H5, B0F5987XFG, B0FQV5K7BT, B0FQV2J8KF, B0FHW4511W, B0F58SPCYY, B0F58JSXGZ, B0F595KP21, B0F595W54D, B0F598D7XQ, B0F58TCG1M, B0FQV6BV7H, B0F58K4J8B, B0F592M63F, B0FHVYBJFR, B0F58BYNFP, B0F58TJDSL, B0F59GF5TF, B0F58SMKLY, B0FHW54TKT, B0FQV49JQ5, B0F6CMHXSL, B0F5992FW8, B0FMYBL6ZF, B0F598SKQK, B0F6BVKD5T, B0F58TK78V, B0F59D4WDC, B0FHVZZJWZ, B0F58C4Q2Z, B0F58SS83T, B0FMY87XGD, B0F58WNPJQ, B0F58WPF2D]",amzn1.campaign.3RB4PWZIC1HP,Collaborate with Us for Womens 2 Piece Outfits Launch to Get 15% Commission!,Uni Clau,2026-08-17,2026-12-31,15.00%,5000.0,4986.89,75,800,false
"[B0H6P12K7H, B0H6P3D2FC, B0H6NYJBXJ]",amzn1.campaign.37L29FPCPCVT1,👜 Brand New! BOSTANTEN Patchwork Hobo Bag – Launch Discount Coming Soon 🎁,BOSTANTEN,2026-08-17,2027-07-13,10.00%,5000.0,5000.0,103,800,false
"[B0GWZT1SYC, B0GWZZW727, B0GWZRPXMC, B0GWZSNP3S, B0GWZZY6MR, B0GWZNKM8T, B0GWZZJKNY, B0GWZTT8XV, B0GWZYJ75C, B0GWZTBM77, B0GWZQRGFD, B0GX11BP7N, B0GWZVGW4R, B0GWZSSKTR, B0GX11K1VM, B0GWZYPKXF, B0GWZRXQPD, B0GWZYR9WS, B0GWZWC26P, B0GWZX3WP2, B0GX12CPC6, B0GWZZGNP1, B0GWZWD541, B0GWZRCXH3]",amzn1.campaign.N04K4700JMZO,Everyday Basic Comfort – Sunm Boutique Seamless Thongs for Women,Sunm Boutique,2026-08-17,2026-11-30,10.00%,5000.0,4984.0,80,800,false
"[B0DLGWV9TR, B0DYCJ2XK7, B0DLGY18Q2, B0DM98MZWH, B0G3978T23, B0DLGXCY87, B0DLH2731K, B0DRHV8K7N, B0DM98ZRCY, B0DLGWT1BQ, B0DLGVFY9H, B0DRHYSDWB, B0DRHY7BFB, B0DYCD34G4, B0DYCMFYK8, B0DYCG1W23, B0G396G9GQ, B0DM95D521, B0DLH383ND, B0DLGYNPMF, B0DRHXLVND, B0DRHZ7D8Q, B0G392CNSJ, B0DRHYDD1F, B0G394LSQ8, B0DLGZJSGF, B0DLMST1W3, B0DRHVS9Z7, B0DLM9XML3, B0DRHYWT4G, B0DLMSNN9J, B0DYCJPYNH, B0G399S7HN, B0DRJ13CX1, B0G397BC96, B0DLGZRJMH, B0DLGXLR1B, B0DLMF6C1H, B0DLGZDX24, B0DYCNQZ73, B0G397P2CG, B0DRHWVGS1, B0DYCYK5P4, B0DM96HFKG, B0G3966CHY, B0DLH2L8NQ, B0DLGZ7T32, B0G398VR4S, B0DYD2RCPX, B0G3986RXR, B0DLGZR5WJ, B0G399729F, B0DRHYP6DT, B0DLH58TL7, B0G39614MH, B0DRHYRX5C]",amzn1.campaign.1PGUB016ICTHX,737 ALL 10,EZBELLE,2026-08-17,2026-09-19,10.00%,5000.0,5000.0,76,800,false
"[B0GL21QJF6, B0GL1TJ8M9, B0G1G9LCQC, B0G1GCQGGK, B0G1G8BFBD, B0GL21JJRR, B0G1G6FDPR, B0G1GCHJ2M, B0GL1WLXHK, B0G1GJ68F1, B0GL26WP33, B0G1GD6D73, B0G1GCLW42, B0G1G7RZ6J, B0G1GG92PN, B0G1GBS6J8, B0G1G8GJ5B, B0GL1MVBYJ]",amzn1.campaign.2G4BFELG4RWRF,"🌸 Promote SANSTHS Women Hole-Free Woven Leather Belt, 12% Commissions !! 9294",SANSTHS,2026-08-17,2026-10-17,12.00%,8000.0,8000.0,89,800,false
[B0DLGSQJYN],amzn1.campaign.2R178OAOJHFT1,🔥10% commission + 3K + monthly sales + Rechargeable Brightest Headlamp🔥,FINICO,2026-08-18,2026-09-20,10.00%,10000.0,10000.0,135,800,false
"[B0GG8Z9VB8, B0GG9CRQHG]",amzn1.campaign.274AMPABFKJZM,Tiny Marvels Bottle Washer Tablets+10%,Tiny Marvels,2026-08-17,2026-10-01,10.00%,5000.0,4958.27,82,800,false
"[B0GXF3RJS4, B0D7M2XN8V, B0GXF1D1VC, B0GXF8XFK4, B0D3L6XFK8, B0D3ZXSRPY, B0D7M3BL36, B0GY67BWBS, B0D7LXM5SY, B0CZDNFS9T, B0GY65CDV7, B0D663LQFL, B0D3L1N44Y, B0D7YMQ5PK, B0GY6XV6W4, B0CZDRXJLG, B0GXF37LWC, B0D7M3P1YN, B0GY6F2S9L, B0D3L21R34]",amzn1.campaign.1A7FK2M39B68P,Women Button Down Shirt Mid Dress,Ladyful,2026-08-18,2026-09-18,10.00%,8000.0,7958.07,46,800,false
"[B0H4ZGNTD5, B0H879F4T8, B0H71C3423, B0H8CT93T7, B0H4LG8RCP, B0H8NV297W, B0H6QCNBBF, B0H4LGKBCB, B0H6MBHY68, B0H87BRLW8, B0H6FFJNP5, B0H4LJS9Y3, B0H94P6FW3, B0H6J9BG1Q, B0H7JHTX9V, B0H4QTQJSM, B0H8YVMXT3, B0H6FNV73M, B0H69W2MYC, B0H6MDS8DP, B0H6JBJ1SD, B0H4VVDRWP, B0H494Z4C3, B0H5C21H9J, B0H7S6RNRF, B0H4R3FDPP, B0H71GGQTG, B0H6BDS5FK, B0H4L9LXHQ, B0H4GDTDZX, B0H6PXSWGZ, B0H7X21RLZ, B0H6PZ8XMH, B0H4LSFFLP, B0H6FLK1M8, B0H6Q1YSZG, B0H7MGH8ZT, B0H6JMBN45, B0H6X9JW2Y, B0H4ZJCQHY, B0H6BBCR71, B0H4VKXMM1, B0H7MF56BB, B0H8S8PBBP, B0H6MJLMW2, B0H6WZ9PKM, B0H7MSPCV2, B0H4GD5V9F, B0H6X6TJ8W, B0H5WKXXBR, B0H6WYX4LD]",amzn1.campaign.1EKD9Q4NTPDZE,2026年8月涡轮增压器促销活动,GZSLKJGS,2026-08-17,2026-12-31,10.00%,5000.0,5000.0,81,800,false
"[B09R4H2HV7, B09LHN4FBM, B09R4LBQDK, B09R4GC29P, B0BZD4CDCN, B09R4JCHX5, B09R4GS9Z4, B0C42MQ5MT, B09R4HVVDX, B09R4HFS89, B09LHL8PMD, B09R4GFG3P, B09LYS3JGQ, B09R4HR2JW, B09R4GMG37, B0B367Q3ND, B09R4HSSBM, B09R4GLWF5, B0BVH9R6JG, B09R4HLLFN]",amzn1.campaign.2YONWZ16OEBEV,Pink Faux Sheepskin Rug Cozy Decor,Latepis,2026-08-17,2027-05-01,10.00%,10000.0,10000.0,84,800,false
"[B0FGCNYRRZ, B0CR6G7GX4, B0FSL65DST, B0D7VJ99Z6, B0D7VJ56T8, B0CQ898S4B, B0D1C75G9L, B0D7VH28H5]",amzn1.campaign.1X68EQRC3FAHS,The Gift That Finally Gets Them Outside – Even From the Balcony 🎁,HGD,2026-08-17,2027-08-17,10.04%,5000.0,4999.4,94,800,false
[B0H6JPDZ1C],amzn1.campaign.X0LMU4Q5WYSA,Rechargeable Motion Sensor Light Indoor,Fuligent,2026-08-17,2026-09-30,15.00%,5000.0,5000.0,73,800,false
"[B0H6GPZJVD, B0H6GRL828, B0H6GTYFRT, B0H6GYPZ7T, B0H6GMLQGZ, B0H6GHZKWD, B0H6GHZYTQ, B0H6GSYRML, B0H6GLPBNN, B0H6GQ5HG6, B0H6GTY7NT, B0H6GM3LXN, B0H6GTBJ63, B0H6GLTZLK, B0H6GPY1RX, B0H6GWJYW9, B0H6GRJXDC, B0H6GS6SNB, B0H6GZHGCW, B0H6GMG5ZS, B0H6H4R7RF, B0H6GM8Q39, B0H6H55XYP, B0H6GMVLN2, B0H6GSBGX6, B0H6GXMTF3, B0H6GKKZBL, B0H6GQ9H2K, B0H6GPCSPC, B0H6GQD675, B0H6GPLLCK, B0H6GH8NHH, B0H6GSTC89, B0H6GMGLB9, B0H6GWG3RB, B0H6GH8NHL, B0H6GK8BRB, B0H6GHWZQX, B0H6GKY9P3, B0H6GMCDRD]",amzn1.campaign.376WJQZAZ0YEV,D2Y954,Coutgo,2026-08-17,2026-10-31,10.00%,5000.0,4926.5,46,800,false
[B0H336P3LF],amzn1.campaign.1WFE0X6ZQ8QE4,W8076,EXTALOW,2026-08-17,2026-10-31,10.00%,5000.0,4995.8,88,800,false
"[B0H6P12K7H, B0H6P3D2FC, B0H6NYJBXJ]",amzn1.campaign.1PW5NA6I7VPJO,"New Season, New Bag! BOSTANTEN Suede Patchwork Hobo Bag – Launch Deal Coming 🎉",BOSTANTEN,2026-08-17,2027-07-12,10.00%,5000.0,5000.0,107,800,false
"[B0H38YF35J, B0H38ZG5CD, B0H38QL81P, B0H3945KMW, B0H391SPTV, B0H38VCWBM, B0H38ZVCFS, B0H39473KD, B0H38Y7LJH, B0H38Q968W, B0H38V6XCP, B0H38S6N25]",amzn1.campaign.2CVL05S4C1KM8,10% Comms |  Linen-like Wide Leg Pants | 265217,Hixiaohe,2026-08-17,2026-11-17,10.00%,5000.0,5000.0,98,800,false
"[B0H5Q8BM5V, B0F28HT57D, B0F28HJPJL, B0H2DLL3V8, B0GYCQ1FR5, B0GYCQL5PC, B0H5PX9TBZ, B0H2DNP67T, B0FV8DRBPJ, B0GYRTG39R, B0H5Q59DBP, B0GYRY35P8, B0GYCTPFCT, B0H5Q4CFSC, B0H2DKQ8KK, B0GYCQQ3M7, B0H5Q6JZPZ, B0GYRVLN9T, B0GYD118RX, B0GYCTFZHJ, B0GYD54FGB, B0GYCQK99Z, B0H5PT1JCY, B0H3SZH7F4, B0GYCRNLJG, B0GYNY7V23, B0GYDB2L1T, B0FV8JR2Z3, B0GYCQSZFC, B0GYRR9LJF, B0GYCWLXR8, B0GYCX31C4, B0H3T1YL2V, B0GYCYSFRP, B0FW3T8T5J, B0H5Q6D126, B0H5Q76JQV, B0F28H27NB, B0H2DQJJQJ, B0GYNVBDRL, B0FV8DPBHG, B0H2558TM6, B0GYCXYLX7, B0GYD1LWR8, B0H2DNWWH3, B0H5Q9Q27Y, B0GYNV2WFF, B0H5QC8PZ7, B0GYCSWCBZ, B0GYRPZGX3, B0H5Q4MHX3, B0F28HNF7F, B0GYCTQS81, B0GYCS6TFH, B0H5Q8VLZM, B0H5QDHBRV, B0GYCSQDG8, B0GYCSTW7R, B0GYCT5L1V, B0GYD53251, B0GYCKX39Y, B0F28HXD4N, B0H5PXT24G, B0GYCTWCKN, B0FV7CX3W3, B0GYRSYB8Y, B0FW42CH5G, B0H5Q45DDK, B0H5PZ3F6S, B0H2553JB6, B0GYCQCMM5, B0GYRQWY5Q, B0GYCN6TKL, B0GYCNF9RN, B0FV827CVR, B0H25686PD, B0FV7Z6BHR, B0H3SZJC5H, B0H5Q51N73, B0H2DN7QZ7, B0H257PSGT, B0FW3TBZXS, B0GYCZFRPN, B0H3T4BGK4, B0GYCSG9R7, B0H5Q9F54F, B0H5PWZD2G, B0GYNRZLNM, B0H5Q6PLH3, B0H5Q5XH4S, B0GYRN3J77, B0H2DNKXYT, B0GYDHN3Y2, B0H5PYXH6R, B0F28H46R1, B0GYCTGZXH, B0GYNQR6HH, B0H5Q3V1FN, B0GYCSGNLJ, B0GYCXW7QD, B0F28J7P2W, B0H5Q37JBW, B0H25DPB9G, B0FV8GSPMR, B0H5PZPYJC, B0GYCR7D7Z, B0GYCTYGR9, B0FV8D1PDD, B0H5Q7DFWQ, B0GYP18M6S, B0GYCWZK4Z, B0GYCKQBYZ, B0GYCX428S, B0H5PXM669, B0H3T2G7XQ, B0H5PXFFGS, B0GYRRGPT1, B0GYNZNKT2, B0H3T9DJ6V, B0GYCKS4WV, B0GYNT15V7, B0GYCTWVCL, B0GYD2T1JS, B0GYCKKZ6Q, B0H5Q2SRZG, B0H25FF6VM, B0H5Q2TZWH, B0GYCQD75N, B0GYCSKNCC, B0FW2ZLK1N, B0GYD6KJBT, B0GYCY3RQL, B0F28H2FRW, B0GYRY17B6, B0H5QC81DS, B0FW3YTVYM, B0GYCND5W3, B0H5Q2LX9S, B0GYCS81HB, B0GYCRKSNS, B0GYS2XFCZ, B0H5Q3V47Y, B0H8NHJ218, B0H5QBW59D, B0H25D8Z35, B0GYCSH9YS, B0H5QC5QJ3, B0H3T9J32V, B0H3T4L65F, B0H5Q68L55, B0F28JQL1X, B0H2593HF5, B0H5Q26G6R, B0GYRRCW98, B0GYD2SPL3, B0H5Q2VPZK, B0GYCX2B9Y, B0H5PY6863, B0H5Q196ZB, B0GYCSQ5G8, B0H2DTGQGH, B0GYRM5BSW, B0H5Q6KHFB, B0F28HRYGK, B0GYCX7GVL, B0H5PZYSFW, B0FV89GD8R, B0H5Q17SZ5, B0H2DH38C5, B0FV855DQH, B0H3T5ZQTF, B0GYCVQF2C, B0H5PTD3NF, B0GYCV3JT9, B0H5PZTZRK, B0GYCZXDXR, B0H3TJTTTR, B0H3TGLVFB, B0GYCN5FJD, B0GYRMLDTG, B0FW3PM59F, B0FV7L2LNX, B0F28H45HT, B0GYCKWGZD, B0GYCS6D1X, B0GYCQ7K67, B0H2DG6F4F, B0H3T4XR89, B0GYCV34WD, B0H5Q4VM91, B0GYP2Z76W, B0H2DLPL47, B0GYCT6C54, B0GYCNN38F, B0H5PX6MK6, B0GYCS9QTH]",amzn1.campaign.2DL71UMBBXO8T,Floral Washable NonSlip LowPile Rug Creator Promo-2026/08/14,BESBLEE,2026-08-17,2026-11-22,10.00%,5000.0,5000.0,133,800,false
[B0GLM61MXP],amzn1.campaign.QKUBJPXUHYYK,Limited Time Deal: 🌺 Glamaker Crochet Maxi Collab Offer -CYT-M26DR0128,Glamaker,2026-08-18,2026-11-22,10.00%,5000.0,5000.0,106,800,false
"[B0H25BL48Q, B0H251QB6L, B0H24XK3DC, B0H2544CVB, B0H25FGRLQ, B0GWQPKTJT, B0H24Y44M3, B0H156V554, B0H14Y51C5, B0H2542Z8T, B0GWQMVBGC, B0H24Y5DVC, B0H2586W3Y, B0H2581797, B0H256YR4Y, B0H254QY9Q, B0H258GFDJ, B0H258BQ38, B0GWQMJ5F2, B0H253FSGR, B0GWQPQ72J, B0H256JM9Y, B0GWQMWB7D, B0H25BN1VS, B0H2599R2Z, B0H2543Q77, B0H1573642, B0H2536LXX, B0H259YKZ6, B0GWQW1XKH, B0H154PSLM, B0H1524HYD, B0H2599R31, B0H24Y1RJ1, B0H1516M89, B0H24Y1RJ2, B0H258VHP4, B0GWQP3PGL, B0H254HVK3, B0GWQS31JP, B0H255Y59K, B0H256C4T7, B0GWQGHD75, B0H25DRKSL, B0H258QZ2N]",amzn1.campaign.1BRSLJTZKU2TZ,rabbitgoo Rainbow Window Film | 10% Commission,Rabbitgoo,2026-08-17,2026-09-16,10.00%,5000.0,4969.58,79,800,false
"[B0F63755V3, B0F632X9LN, B0F6377JP3, B0FKH7DYHW, B0F1MPTX9P]",amzn1.campaign.3UQASN2LID4F,Earn 10% Commissions - Light Up Dart Holder Dart Accessories,CoolGift Mart,2026-08-17,2027-08-17,10.00%,5000.0,5000.0,86,800,false
"[B0H3YXXH1X, B0H3Z41TKY]",amzn1.campaign.399MWCQ9XGHQW,Dainty 18K Gold Plated Cubic Zirconia Clover Pendant Necklace,LINGLUX,2026-08-17,2027-08-17,12.00%,5000.0,5000.0,74,800,false
"[B0CYZVDTZY, B0FH2DGW8P, B0CYZV9VBP, B0CS698QLP, B0CYZVF2R1, B0CYZVPPVX, B0CS6DYK87, B0F1TKF471, B0D62NWKQR, B0CS6CB7TG, B0CYZV6TS9, B0CYZTZ5LL, B0D4TKJ96H, B0DJ5LPSYK, B0FH2HWF2L, B0FH2F72DX, B0CS6FMRHB, B0D53F9MHM, B0CYZV3G25, B0CYZWJVX5, B0FH2K3K6L, B0DJ5KGBX4, B0D53GX9L9, B0CYZTCN97, B0F1TM6LGV, B0D53M148X, B0D4TRXJDT, B0DJ5KLCY7, B0CS5ZKQ78, B0D53PSXZ1, B0F1TMNC37, B0D2SKYSN4, B0D53JWZSG, B0FH2H7BS6, B0FH2DGDQY, B0D53928FN, B0CYZT7P1R, B0FH2D9Z6G, B0FH2DGRN1, B0FH2CFD78, B0D52WMGFK, B0F1TJ1TXN, B0DJ5LB7WQ, B0DNDVTLTR, B0CS6DJ72R, B0F1TKQN44, B0CS65KYQH, B0F1TM8GYT, B0CS6JWXJK, B0DJ5KBJGZ, B0D4T67PTR, B0D52VX2CS, B0D4TNSS2V, B0CS5Z4FB8]",amzn1.campaign.26T01KVJUSFV9,"🌸 Promote Women Reversible Skinny Belt – 2-in-1 Style, 12% Commissions !! 8027",SANSTHS,2026-08-17,2026-10-17,12.00%,8000.0,8000.0,84,800,false
[B0DFWJVW9B],amzn1.campaign.37DXBNSS5CLRQ,"3Pcs Eyeglass Cleaning, Portable Glasses Cleanert",LAMKHOO,2026-08-17,2026-09-16,10.00%,5000.0,4996.76,80,800,false
"[B0FLPKWQNB, B0FSXF79YH, B0FLPZGNR5, B0FLPNKPDP, B0FLPQS14N, B0FSXDCJ5H, B0FLPQSTVM, B0FLQ6NFC8, B0FSXGT7GM, B0FLPLZK59, B0FX2T2FWN, B0FSXJNR2X, B0FSXGQH63, B0FLPNY15V, B0FLPRZT1N, B0FLPMXNF5, B0FLPMWRHD, B0FLPNRFHY, B0FX2TWS1S, B0FLPNS146, B0FLPMVTBT, B0FSXFLWG1, B0FLPKS6XF, B0FSXGS6PL, B0FLPNK8RP, B0FSXGHDCQ, B0FLPNGZWV, B0FSXJW7WN, B0FSXHY7BH, B0FSXDH1KD, B0FLPN73L2, B0FLPR3GLD, B0FSXFPDCX, B0FSXGJKSS, B0FSXCJPKF, B0FX2RS54D, B0FLPR3KV1, B0FX2SXF7H, B0FSXDVJXB, B0FSXFJ2Z2, B0FLPN7FZM, B0FLPL388W, B0FLPNC38H, B0FSXGGBVN, B0FLPZJH6R, B0FLPT5QLP, B0FLPN8R68, B0FSXJQT7P, B0FLPMWDS6, B0FSXHBLH5, B0FLPMYDTY, B0FSXJGDW1, B0FX2QWFRX, B0FSXB7P4Y, B0FSXHBLH1, B0FSXD9QJD, B0FSXDDK89, B0FSXJL64N, B0FLQ32SDN, B0FLPT5PQZ, B0FLPR4827, B0FLPRB4Y8, B0FSXFLWGC, B0FLPQZ6QD, B0FLPNPXWZ, B0FSXFX7M7, B0FLPNR5DG]",amzn1.campaign.2S6VLUPUVSF0Q,867 ALL 10,EZBELLE,2026-08-17,2026-09-19,10.00%,5000.0,4991.45,77,800,false
"[B0GX6LSC6H, B0GX6M2CHT, B0GX5Z9397, B0D4D37VCZ, B0D1FRPQ36, B0GX6BH53J, B0GX6615SJ, B0FH6TSDRB, B0GX62S7M3, B0GX6QR7GX, B0GX6VQ7J1, B0GX6CT583, B0GWVGSZ77, B0GX6M3DWP, B0GXVB227V, B0GWV7YN39, B0GX6K4QYN, B0GWV7Q4ZZ, B0GWV6C6Z5, B0GWV6H2G2, B0GWVD1FCQ, B0GX6T8R1Y, B0GX6TCV7M, B0GX6JY3L9, B0GX6NNV6M, B0GX6STK54, B0GX6DKG1Q, B0GX6RWNNB, B0DWSNFTR7, B0GX6VMSKT, B0FH6SLYZB, B0H386HP5G, B0GWVCJ81Q, B0GX6MD61X, B0GX6FSY95, B0GX6KZGFZ, B0GX6FPSJS, B0GX6LD1DM, B0GX67MQ6C, B0GWV6DZYV, B0GX6LTFVW, B0GX6XSLKQ, B0GX66T3R8, B0DWMVGTLR, B0GWV5QS5C, B0DWMTXBQR, B0GX6L4GY5, B0GWV9FZV5, B0GX6GL5P9, B0GX6MRX5N, B0FH6SPBT5, B0GX6B8V98, B0GX6TN4ZT, B0GX6D66MC, B0GX6QM4W6, B0GX6SQX68, B0GX6DN7R6, B0GWV7HYJ9, B0GX6S7HCB, B0GX6D3RFX, B0D9PYM1QM, B0GWV5X3RZ, B0GX6HK9TF, B0GX6J9W2F, B0FH6K6QZV, B0FH6V6WHV, B0GWV923T1, B0GWTZX8PR, B0GX6VRV4D, B0GX661Y7S, B0GWV4ZVG8, B0GX6S6KPW, B0GWV9G3Q3, B0GWV49R14, B0GX6935FL, B0GX6LB58F, B0GX6H5T9V, B0DWMVVYJC, B0GX63QJYM, B0GX6JC1WB]",amzn1.campaign.MMVJPJDFNZMT,Partner with Baccessor & Earn 11% on Fall Decor,Baccessor,2026-08-17,2026-12-31,11.00%,5000.0,5000.0,58,800,false
"[B0DFW1RP1J, B0FKGZVKPH, B0H743LN4H]",amzn1.campaign.OZJA088JA3UX,*8.14(深盆4) 🔥Hot Sale! Ltd-Time Cat Deal: Earn 10-15% Commission!,PTFFF,2026-08-17,2026-09-19,10.00%,5000.0,5000.0,124,800,false
"[B0DFW1RP1J, B0FKGZVKPH, B0H743LN4H]",amzn1.campaign.3KKF3BU472PR2,*8.14(深盆3) 🔥Hot Sale: Earn 10-15% Comm. + Ltd-Time Cat Deal Inside!,PTFFF,2026-08-17,2026-09-18,10.00%,5000.0,5000.0,133,800,false
"[B0H5Q8BM5V, B0F28HT57D, B0F28HJPJL, B0H2DLL3V8, B0GYCQ1FR5, B0GYCQL5PC, B0H5PX9TBZ, B0H2DNP67T, B0FV8DRBPJ, B0GYRTG39R, B0H5Q59DBP, B0GYRY35P8, B0GYCTPFCT, B0H5Q4CFSC, B0H2DKQ8KK, B0GYCQQ3M7, B0H5Q6JZPZ, B0GYRVLN9T, B0GYD118RX, B0GYCTFZHJ, B0GYD54FGB, B0GYCQK99Z, B0H5PT1JCY, B0H3SZH7F4, B0GYCRNLJG, B0GYNY7V23, B0GYDB2L1T, B0FV8JR2Z3, B0GYCQSZFC, B0GYRR9LJF, B0GYCWLXR8, B0GYCX31C4, B0H3T1YL2V, B0GYCYSFRP, B0FW3T8T5J, B0H5Q6D126, B0H5Q76JQV, B0F28H27NB, B0H2DQJJQJ, B0GYNVBDRL, B0FV8DPBHG, B0H2558TM6, B0GYCXYLX7, B0GYD1LWR8, B0H2DNWWH3, B0H5Q9Q27Y, B0GYNV2WFF, B0H5QC8PZ7, B0GYCSWCBZ, B0GYRPZGX3, B0H5Q4MHX3, B0F28HNF7F, B0GYCTQS81, B0GYCS6TFH, B0H5Q8VLZM, B0H5QDHBRV, B0GYCSQDG8, B0GYCSTW7R, B0GYCT5L1V, B0GYD53251, B0GYCKX39Y, B0F28HXD4N, B0H5PXT24G, B0GYCTWCKN, B0FV7CX3W3, B0GYRSYB8Y, B0FW42CH5G, B0H5Q45DDK, B0H5PZ3F6S, B0H2553JB6, B0GYCQCMM5, B0GYRQWY5Q, B0GYCN6TKL, B0GYCNF9RN, B0FV827CVR, B0H25686PD, B0FV7Z6BHR, B0H3SZJC5H, B0H5Q51N73, B0H2DN7QZ7, B0H257PSGT, B0FW3TBZXS, B0GYCZFRPN, B0H3T4BGK4, B0GYCSG9R7, B0H5Q9F54F, B0H5PWZD2G, B0GYNRZLNM, B0H5Q6PLH3, B0H5Q5XH4S, B0GYRN3J77, B0H2DNKXYT, B0GYDHN3Y2, B0H5PYXH6R, B0F28H46R1, B0GYCTGZXH, B0GYNQR6HH, B0H5Q3V1FN, B0GYCSGNLJ, B0GYCXW7QD, B0F28J7P2W, B0H5Q37JBW, B0H25DPB9G, B0FV8GSPMR, B0H5PZPYJC, B0GYCR7D7Z, B0GYCTYGR9, B0FV8D1PDD, B0H5Q7DFWQ, B0GYP18M6S, B0GYCWZK4Z, B0GYCKQBYZ, B0GYCX428S, B0H5PXM669, B0H3T2G7XQ, B0H5PXFFGS, B0GYRRGPT1, B0GYNZNKT2, B0H3T9DJ6V, B0GYCKS4WV, B0GYNT15V7, B0GYCTWVCL, B0GYD2T1JS, B0GYCKKZ6Q, B0H5Q2SRZG, B0H25FF6VM, B0H5Q2TZWH, B0GYCQD75N, B0GYCSKNCC, B0FW2ZLK1N, B0GYD6KJBT, B0GYCY3RQL, B0F28H2FRW, B0GYRY17B6, B0H5QC81DS, B0FW3YTVYM, B0GYCND5W3, B0H5Q2LX9S, B0GYCS81HB, B0GYCRKSNS, B0GYS2XFCZ, B0H5Q3V47Y, B0H8NHJ218, B0H5QBW59D, B0H25D8Z35, B0GYCSH9YS, B0H5QC5QJ3, B0H3T9J32V, B0H3T4L65F, B0H5Q68L55, B0F28JQL1X, B0H2593HF5, B0H5Q26G6R, B0GYRRCW98, B0GYD2SPL3, B0H5Q2VPZK, B0GYCX2B9Y, B0H5PY6863, B0H5Q196ZB, B0GYCSQ5G8, B0H2DTGQGH, B0GYRM5BSW, B0H5Q6KHFB, B0F28HRYGK, B0GYCX7GVL, B0H5PZYSFW, B0FV89GD8R, B0H5Q17SZ5, B0H2DH38C5, B0FV855DQH, B0H3T5ZQTF, B0GYCVQF2C, B0H5PTD3NF, B0GYCV3JT9, B0H5PZTZRK, B0GYCZXDXR, B0H3TJTTTR, B0H3TGLVFB, B0GYCN5FJD, B0GYRMLDTG, B0FW3PM59F, B0FV7L2LNX, B0F28H45HT, B0GYCKWGZD, B0GYCS6D1X, B0GYCQ7K67, B0H2DG6F4F, B0H3T4XR89, B0GYCV34WD, B0H5Q4VM91, B0GYP2Z76W, B0H2DLPL47, B0GYCT6C54, B0GYCNN38F, B0H5PX6MK6, B0GYCS9QTH]",amzn1.campaign.2O4M47QB7JKLU,Floral Washable NonSlip LowPile Rug Creator Promo-2026/08/14,BESBLEE,2026-08-17,2026-11-21,10.00%,5000.0,5000.0,133,800,false
"[B0DFW1RP1J, B0FKGZVKPH, B0H743LN4H]",amzn1.campaign.33RPRHR1O1JZ1,*8.14(深盆2) ✨Hot Sale! 10-15% Commission on Ltd-Time Pet Deal!,PTFFF,2026-08-17,2026-09-17,10.00%,5000.0,5000.0,130,800,false
"[B0DFW1RP1J, B0FKGZVKPH, B0H743LN4H]",amzn1.campaign.24PZISKLPT0S8,*8.14(深盆1) 🔥Hot Sale! Earn 10-15% Comm. on Ltd-Time Deal!,PTFFF,2026-08-17,2026-09-16,10.00%,5000.0,5000.0,133,800,false
"[B0H397BSYR, B0GM67ZPVV, B0GM5W75Z4, B0H39146X1, B0H3933FDH, B0H38XZK32, B0H3939ZW9, B0GM639MG7, B0GM6BZ41R, B0GM6LNSB6, B0GM5NKWHR, B0H38YMZYY, B0GM5NLRXT, B0GM6BHWFP, B0GM67WW8X, B0GM682HSW, B0H399RLJ4, B0H398S9J7, B0GM63H4C8, B0H399MT5R, B0H391GRHX, B0GM6BG8QC, B0GM5QY5KD, B0GM6D8Q8N, B0H392H74L, B0GM636M83, B0GM6GH23S, B0GM6BQN6G, B0GM67YWTH, B0H3983BKP, B0GM5NHWT6, B0GM67BJK6, B0GM6MSVCB, B0H397669Y, B0GM679QK1, B0GM6KNZX6, B0H39CFNXF, B0H3959HYM, B0GM5T5WTW, B0GM635SKZ, B0GM695WK5, B0GM5V3FDB, B0GM5P88M2, B0GM66MPBR, B0GM6LTRGK]",amzn1.campaign.XRLC7G7ZBCF5,Collaborate with Us for Womens Summer Slit Dress Launch to Get 15% Commission!,Uni Clau,2026-08-17,2026-10-31,15.00%,5000.0,4943.93,77,800,false
[B0H3DGZCNN],amzn1.campaign.19Z2GVZKBB4YZ,Kryansth Memory Foam Neck Pillow | ASIN:B0H3DGZCNN,Kryansth,2026-08-17,2026-09-30,10.00%,5000.0,4997.21,76,800,false
"[B0CHDS24TV, B0CHDSR7R1, B0CHDSB1HB, B0CHDRTQ64, B0CHDS31BL]",amzn1.campaign.3QGZ1T1WSP8FF,The Fire Packets That Make Glamping Even More Glamorous ✨,HGD,2026-08-17,2027-08-14,10.04%,5000.0,4999.41,100,800,false
"[B0H6P12K7H, B0H6P3D2FC, B0H6NYJBXJ]",amzn1.campaign.3PLZIR833HKQU,"New Bag, New Look! BOSTANTEN Patchwork Hobo Bag Launching Soon. Deals Ahead 🎁",BOSTANTEN,2026-08-17,2027-07-11,10.00%,5000.0,5000.0,108,800,false
"[B0F5FZR87N, B0CFDSZJV2, B0CFDSCM2K, B0F5GR1VB5, B0D9QC7VZD, B0CFDT4M9K, B0F5GQTS1K, B0BBFJHG8Y, B08SJMZF4P, B0CFDQ9H1Q, B0BBG687L5, B08K3Y5LVD, B0BBG5XKG4, B0F5GHJ2VG, B0D9QCFTPC, B0F5G8WSVJ, B0F5GR25DS, B0CFDRTVYY, B0D9QF59S6, B0D9QCLXY6, B0F5H478V6, B0D9QHJSM3, B0D9QH8ZMT, B0F5GMGJDB, B0D9QCVQ8S, B0CFDRD9CC, B0CFDQY7HT, B07W9LKH77, B0F5GFXF71, B0F5GMJJ97, B08K3X4Z7C, B0F5GMRZV2, B0F5G3KY54, B08TQKYCDQ, B0F5FZN96W, B0D9QBZ6QK, B0CFDRYYGS, B0D9QD1T2K, B0F5GQZW7D, B08K412BPG, B0D9QDP2GW, B0CFDSQM4K, B0CFDV2FQ9, B0BBFK8BR5, B0F5GJKM45]",amzn1.campaign.9OQR6PNICN7E,15% Comms |  Winter Fleece Lined Leggings | 200617,Hixiaohe,2026-08-17,2027-02-17,15.00%,8000.0,8000.0,94,800,false
"[B0GG3VY57G, B0GSFQH7G4, B0GG4FF6TG, B0FVLKKZQ8, B0FVS953W3, B0GQLN4CJX, B0GQHK7BH4, B0GS4RRV6R, B0GTP1RXHK, B0GHRT8WWF, B0GSFS9W1J, B0GQBCKX94, B0GQLDFBTC, B0FWK829DK, B0GSFR244M, B0DYNPNXT4, B0FWJV9R42, B0FWK125T5, B0DYNTW7N6, B0FV81ZTLJ, B0GSFM8HR2, B0GKV282K3, B0F9F5WKPD, B0GG4LQ1CV, B0GSFVGV3J, B0FVLL9SKJ, B0F93Z3TLP, B0GQ9W41CD, B0FWK7CCM5, B0GQ9ZDC8M, B0FWWW4ZGF, B0GG4HDP42, B0GG4GDHLD, B0FWKBS242, B0GHQBR1LB, B0F941N6Z6, B0F943LS8Z, B0GKTYYB3R, B0FWWLWDQH, B0GQ9X45M8, B0GSFWS53N, B0F93ZWHZ8, B0GG3VXQVZ, B0GQH6YQKK, B0GQLFX9M1, B0GTP1FQMR, B0F942FKV3, B0FVR4FNQ7, B0GSFTR8GF, B0GQLHG8PK, B0F93XWBQX, B0FWKBLQ2C]",amzn1.campaign.1ZMWSOXT7S0MR,back to school,AYoXin,2026-08-17,2026-09-30,30.00%,5000.0,4935.29,69,800,false
[B0GLM61MXP],amzn1.campaign.2Z4HDIV646MVF,HOT Deal: ✨ Glamaker Flowy Crochet Maxi Invite -CYT-M26DR0128,Glamaker,2026-08-18,2026-11-21,10.00%,5000.0,5000.0,106,800,false
"[B0H5Q8BM5V, B0F28HT57D, B0F28HJPJL, B0H2DLL3V8, B0GYCQ1FR5, B0GYCQL5PC, B0H5PX9TBZ, B0H2DNP67T, B0FV8DRBPJ, B0GYRTG39R, B0H5Q59DBP, B0GYRY35P8, B0GYCTPFCT, B0H5Q4CFSC, B0H2DKQ8KK, B0GYCQQ3M7, B0H5Q6JZPZ, B0GYRVLN9T, B0GYD118RX, B0GYCTFZHJ, B0GYD54FGB, B0GYCQK99Z, B0H5PT1JCY, B0H3SZH7F4, B0GYCRNLJG, B0GYNY7V23, B0GYDB2L1T, B0FV8JR2Z3, B0GYCQSZFC, B0GYRR9LJF, B0GYCWLXR8, B0GYCX31C4, B0H3T1YL2V, B0GYCYSFRP, B0FW3T8T5J, B0H5Q6D126, B0H5Q76JQV, B0F28H27NB, B0H2DQJJQJ, B0GYNVBDRL, B0FV8DPBHG, B0H2558TM6, B0GYCXYLX7, B0GYD1LWR8, B0H2DNWWH3, B0H5Q9Q27Y, B0GYNV2WFF, B0H5QC8PZ7, B0GYCSWCBZ, B0GYRPZGX3, B0H5Q4MHX3, B0F28HNF7F, B0GYCTQS81, B0GYCS6TFH, B0H5Q8VLZM, B0H5QDHBRV, B0GYCSQDG8, B0GYCSTW7R, B0GYCT5L1V, B0GYD53251, B0GYCKX39Y, B0F28HXD4N, B0H5PXT24G, B0GYCTWCKN, B0FV7CX3W3, B0GYRSYB8Y, B0FW42CH5G, B0H5Q45DDK, B0H5PZ3F6S, B0H2553JB6, B0GYCQCMM5, B0GYRQWY5Q, B0GYCN6TKL, B0GYCNF9RN, B0FV827CVR, B0H25686PD, B0FV7Z6BHR, B0H3SZJC5H, B0H5Q51N73, B0H2DN7QZ7, B0H257PSGT, B0FW3TBZXS, B0GYCZFRPN, B0H3T4BGK4, B0GYCSG9R7, B0H5Q9F54F, B0H5PWZD2G, B0GYNRZLNM, B0H5Q6PLH3, B0H5Q5XH4S, B0GYRN3J77, B0H2DNKXYT, B0GYDHN3Y2, B0H5PYXH6R, B0F28H46R1, B0GYCTGZXH, B0GYNQR6HH, B0H5Q3V1FN, B0GYCSGNLJ, B0GYCXW7QD, B0F28J7P2W, B0H5Q37JBW, B0H25DPB9G, B0FV8GSPMR, B0H5PZPYJC, B0GYCR7D7Z, B0GYCTYGR9, B0FV8D1PDD, B0H5Q7DFWQ, B0GYP18M6S, B0GYCWZK4Z, B0GYCKQBYZ, B0GYCX428S, B0H5PXM669, B0H3T2G7XQ, B0H5PXFFGS, B0GYRRGPT1, B0GYNZNKT2, B0H3T9DJ6V, B0GYCKS4WV, B0GYNT15V7, B0GYCTWVCL, B0GYD2T1JS, B0GYCKKZ6Q, B0H5Q2SRZG, B0H25FF6VM, B0H5Q2TZWH, B0GYCQD75N, B0GYCSKNCC, B0FW2ZLK1N, B0GYD6KJBT, B0GYCY3RQL, B0F28H2FRW, B0GYRY17B6, B0H5QC81DS, B0FW3YTVYM, B0GYCND5W3, B0H5Q2LX9S, B0GYCS81HB, B0GYCRKSNS, B0GYS2XFCZ, B0H5Q3V47Y, B0H8NHJ218, B0H5QBW59D, B0H25D8Z35, B0GYCSH9YS, B0H5QC5QJ3, B0H3T9J32V, B0H3T4L65F, B0H5Q68L55, B0F28JQL1X, B0H2593HF5, B0H5Q26G6R, B0GYRRCW98, B0GYD2SPL3, B0H5Q2VPZK, B0GYCX2B9Y, B0H5PY6863, B0H5Q196ZB, B0GYCSQ5G8, B0H2DTGQGH, B0GYRM5BSW, B0H5Q6KHFB, B0F28HRYGK, B0GYCX7GVL, B0H5PZYSFW, B0FV89GD8R, B0H5Q17SZ5, B0H2DH38C5, B0FV855DQH, B0H3T5ZQTF, B0GYCVQF2C, B0H5PTD3NF, B0GYCV3JT9, B0H5PZTZRK, B0GYCZXDXR, B0H3TJTTTR, B0H3TGLVFB, B0GYCN5FJD, B0GYRMLDTG, B0FW3PM59F, B0FV7L2LNX, B0F28H45HT, B0GYCKWGZD, B0GYCS6D1X, B0GYCQ7K67, B0H2DG6F4F, B0H3T4XR89, B0GYCV34WD, B0H5Q4VM91, B0GYP2Z76W, B0H2DLPL47, B0GYCT6C54, B0GYCNN38F, B0H5PX6MK6, B0GYCS9QTH]",amzn1.campaign.2LTEUVIZXWM6B,Floral Washable NonSlip LowPile Rug Creator Promo-2026/08/14,BESBLEE,2026-08-17,2026-11-20,10.00%,5000.0,5000.0,135,800,false
"[B0FYPMT4LG, B0FYPD7C6C, B0FYPFC3P4]",amzn1.campaign.1QWSVBD829GFZ,Hanging Closet Organizer 40% off price discount,Ghegicu,2026-08-17,2026-09-30,10.00%,5000.0,5000.0,111,800,false
"[B0G2RSWPFJ, B0DHKLSCS7, B0G2RTY5XB, B0CLTXXK6H, B0DHKPSQSY, B0CLTXTQWF, B0DHKQHLRV, B0G2RTJ1XJ, B0G2R1FXFW, B0CLTXYDNW, B0G2RWQZZ3, B0DHKK9G1W, B0CWRRY8SW, B0G2RQF9VM, B0G2RXJN9Y, B0G2RQ87PM, B0G2RV1M1L, B0CWRS7LY2, B0CLTXFYG9, B0CWRSBQ11, B0DHKQJ249, B0DHKLWC13, B0G2RRMHMF, B0DHKKZX77, B0DHKQJMJ6, B0G2QWBFNK, B0CLTXTL3R, B0G2RSNQ2Y, B0G2RTWYD9, B0DHKQPTVM, B0G2RVJJTX, B0CWRRRQ6G, B0CLTX36QF, B0DG4YZ18F, B0CWRPR6QP, B0DF4XLGL3, B0G2RX65K4, B0CWRP3DM2, B0DHKPK2KW, B0DG53TT7M, B0DHKQNL6X, B0CWRRZ4WT, B0DHKMY8QC, B0CWRTHJ2V, B0G2RV1GQ7, B0CLTWQGMG, B0G2RV5GY4, B0DHKRBPS8, B0G2RSDP8C, B0G2RSRN2G, B0DHKMVLHS, B0CLTYJ4PV, B0CWRT5YBK, B0G2RVR8TB, B0CWRSC924, B0DG5GHW9C, B0CWRTBQ7L, B0DHKMK2VR, B0DHKLKKXC, B0CWRRKTGV]",amzn1.campaign.ZU4UX5VD1W8H,G3P490-mini dress-tuckernuck look alike dress,Wenrine,2026-08-17,2026-09-30,15.00%,88888.0,88844.8,40,800,false
"[B0B2D8L5ZG, B0B2D83JVC, B0B2D9CR6Q, B0B2DBDCH9, B0B3MJ2BK6, B0B2D9Y18C]",amzn1.campaign.1YEQ6X7ZBTD8S,Camlinbo LED Mask Gloves Shoelace Set-2 +10% Commission,Camlinbo,2026-08-17,2026-09-30,10.00%,5000.0,4994.3,70,800,false
[B0GWLRDRKM],amzn1.campaign.3VHVR75TLFEOA,2026 Model 12V RV Air Conditioner Smart App & Voice Control Creator Campaign,iHooToo,2026-08-17,2026-09-30,10.00%,10000.0,10000.0,79,800,false
[B0F4QDDQDF],amzn1.campaign.23I3R8XUF2CME,🎵 10% Commissions - Amp Styled Guitar Pick Holder with Pen Storage,CoolGift Mart,2026-08-17,2027-08-17,10.00%,5000.0,5000.0,88,800,false
[B0FWD8TN1R],amzn1.campaign.2YQOSCYJH15I2,25% Commission - Let Loose Campaign #5 - Daily Pill  8/20 to 9/30,Let Loose,2026-08-20,2026-09-30,25.00%,10000.0,8974.82,60,800,false
"[B0H5KBJLSB, B0H5K8ZS2M, B0H5KB5Z3Z, B0H5K84L2Y, B0H5K6BGMZ, B0H5K8L6MB, B0H5K5WQBG, B0H5K7NMQB, B0H5JZZZT1, B0H5K7W334, B0H5K4KF2H, B0H5K57NHT, B0H5K9NP65, B0H5K6XK3G, B0H5K6X7NY, B0H5K5G8Q3, B0H5K7MR6G, B0H5KBK6HB, B0H5KDP463, B0H5K3GLBT, B0H5K85RTJ, B0H5K3M696, B0H5K7YRC6, B0H5KH4P98, B0H5K4TL78]",amzn1.campaign.X66CBWC3E4ER,"Dokotoo's ""Womens Velvet Dress"", commission 10%- SKU 6128780",Dokotoo,2026-08-17,2026-09-16,10.00%,5000.0,4997.5,46,800,false
"[B0HB4VLMNQ, B0HB4MCRX6, B0HB4Z7G7V, B0HB9CJR5G, B0HB97XB7V, B0HB4TYYFP, B0HB9JZB1H, B0HB4WT8TQ, B0HB4QDYVG, B0HB4W24NB, B0HB9K1Y22, B0HB97Q2TD, B0HB9169BR, B0HB8ZQTMD, B0HB4RWPL4, B0HB95JVBK, B0HB9M84MD, B0HB97NRRJ, B0HB8WZ5H8, B0HB97Q5W9, B0HB4T37YW, B0HB53LFNH, B0HB4TJYNV, B0HB9PT9ZH, B0HB4PGD55, B0HB4YG4XJ]",amzn1.campaign.3VCPD8OEDBW3R,Elspeth 3CT Elongated Marquise Engagement Ring |  Earn 15% Commission,ELSPETH,2026-08-17,2027-08-17,15.00%,10000.0,10000.0,76,800,false
"[B0B1DJLQ3M, B0CPSV2M23, B0CYNP639L, B0B1DJLQ3L, B0CYP2NM6T, B0B1DK37MH, B0B1DJLMTZ, B0CPSTBJFL, B0DSTVBN4P, B0DSTWJ2JT, B0B1DFYXFG, B0B1DKYJF8, B0B1DJC5C7, B0CYPC4KKN, B0B1DQFFRC, B0CYP7LXMG, B0B1DK7YDZ, B0B1DJ2X7X, B0B1DLHXN9, B0CYNYVRJZ, B0CYNXHCMR, B0B1DH5HDS, B0DSTX7MCN, B0CYPDBD36, B0CYNNSG9K, B0B1DHNVVP, B0CYP11DTK, B0CYP48KDG, B0B1DHVTG4, B0B1DHPL8J, B0DSTTYQV2, B0CYP3NDR1, B0B1DMJ1DW, B0CYP3J4ZH, B0CPST8TQG, B0B1DHV3W3, B0CPSTW3RX, B0B1DJL967, B0B1DG1V1F, B0CYPG2YPG, B0B1DJLHHD, B0CYP8L3DQ, B0CPSTGMSD, B0DSTWC5F8, B0CYP3JRFD]",amzn1.campaign.DWY8CCOUC4FZ,Collaborate with Us for Womens Jumpsuits Dressy Launch to Get 15% Commission!,Uni Clau,2026-08-17,2026-12-31,15.00%,5000.0,4823.03,71,800,false
"[B0G2C5285H, B0G2C32Z7N, B0G2C5QMD3, B0GX1QKWQ6, B0G2C3CJDF, B0G2C59GQD, B0G2C4Z6J3, B0G2C7F4GZ, B0G2C6L1P8, B0G2C4Q8ZJ, B0G2C33Z4D, B0G2C817H5, B0GX1JZP4L, B0G2C4QNZJ, B0G2C1P54P, B0G2C3VL58, B0GX19RKWP, B0G2C718JS, B0G2C3VPYZ, B0G2C3DHM2, B0GX1MHWHW, B0G2C54VXN, B0GX1CQWGY, B0G2C3V9GQ, B0GX1JS328, B0G2C7RGYS, B0G2C6PWHB, B0G2C4NWWZ, B0GX1L1YJ3, B0G2C7PH9Z, B0G2C66N85, B0GX1K3PTL]",amzn1.campaign.1PE0LVSQGJT89,902 ALL 10,EZBELLE,2026-08-17,2026-09-19,10.00%,5000.0,4987.71,80,800,false
[B0H2Y7LTRQ],amzn1.campaign.2RZUPTU2IT5S1,Hooded Kids Bath Towel - Bear,SMILEYWORLD,2026-08-17,2026-09-30,10.00%,5000.0,4982.35,62,800,false
"[B0GHY34GVV, B0F8HTJ44N, B0G43RZP47, B0FL22K2SN, B0F8HF9R1M, B0GCR9R7ZX, B0F8H75QH8, B0FL21CYCR, B0F8H72QVH]",amzn1.campaign.2DZPU4GFVBIO6,Sugarzy+Edible Glitter Red - Food Grade for Drinks & Dessert - 10% Commission,Sugarzy,2026-08-17,2026-10-31,10.00%,5000.0,5000.0,82,800,false
[B0H7WXQK7S],amzn1.campaign.1RD5UVXTR4QDC,VAFOTON USB C Extension Cable with Switch/USB C Extender (PD240w/1ft),VAFOTON,2026-08-17,2026-09-16,11.00%,5000.0,4996.04,83,800,false
"[B0H5Q8BM5V, B0F28HT57D, B0F28HJPJL, B0H2DLL3V8, B0GYCQ1FR5, B0GYCQL5PC, B0H5PX9TBZ, B0H2DNP67T, B0FV8DRBPJ, B0GYRTG39R, B0H5Q59DBP, B0GYRY35P8, B0GYCTPFCT, B0H5Q4CFSC, B0H2DKQ8KK, B0GYCQQ3M7, B0H5Q6JZPZ, B0GYRVLN9T, B0GYD118RX, B0GYCTFZHJ, B0GYD54FGB, B0GYCQK99Z, B0H5PT1JCY, B0H3SZH7F4, B0GYCRNLJG, B0GYNY7V23, B0GYDB2L1T, B0FV8JR2Z3, B0GYCQSZFC, B0GYRR9LJF, B0GYCWLXR8, B0GYCX31C4, B0H3T1YL2V, B0GYCYSFRP, B0FW3T8T5J, B0H5Q6D126, B0H5Q76JQV, B0F28H27NB, B0H2DQJJQJ, B0GYNVBDRL, B0FV8DPBHG, B0H2558TM6, B0GYCXYLX7, B0GYD1LWR8, B0H2DNWWH3, B0H5Q9Q27Y, B0GYNV2WFF, B0H5QC8PZ7, B0GYCSWCBZ, B0GYRPZGX3, B0H5Q4MHX3, B0F28HNF7F, B0GYCTQS81, B0GYCS6TFH, B0H5Q8VLZM, B0H5QDHBRV, B0GYCSQDG8, B0GYCSTW7R, B0GYCT5L1V, B0GYD53251, B0GYCKX39Y, B0F28HXD4N, B0H5PXT24G, B0GYCTWCKN, B0FV7CX3W3, B0GYRSYB8Y, B0FW42CH5G, B0H5Q45DDK, B0H5PZ3F6S, B0H2553JB6, B0GYCQCMM5, B0GYRQWY5Q, B0GYCN6TKL, B0GYCNF9RN, B0FV827CVR, B0H25686PD, B0FV7Z6BHR, B0H3SZJC5H, B0H5Q51N73, B0H2DN7QZ7, B0H257PSGT, B0FW3TBZXS, B0GYCZFRPN, B0H3T4BGK4, B0GYCSG9R7, B0H5Q9F54F, B0H5PWZD2G, B0GYNRZLNM, B0H5Q6PLH3, B0H5Q5XH4S, B0GYRN3J77, B0H2DNKXYT, B0GYDHN3Y2, B0H5PYXH6R, B0F28H46R1, B0GYCTGZXH, B0GYNQR6HH, B0H5Q3V1FN, B0GYCSGNLJ, B0GYCXW7QD, B0F28J7P2W, B0H5Q37JBW, B0H25DPB9G, B0FV8GSPMR, B0H5PZPYJC, B0GYCR7D7Z, B0GYCTYGR9, B0FV8D1PDD, B0H5Q7DFWQ, B0GYP18M6S, B0GYCWZK4Z, B0GYCKQBYZ, B0GYCX428S, B0H5PXM669, B0H3T2G7XQ, B0H5PXFFGS, B0GYRRGPT1, B0GYNZNKT2, B0H3T9DJ6V, B0GYCKS4WV, B0GYNT15V7, B0GYCTWVCL, B0GYD2T1JS, B0GYCKKZ6Q, B0H5Q2SRZG, B0H25FF6VM, B0H5Q2TZWH, B0GYCQD75N, B0GYCSKNCC, B0FW2ZLK1N, B0GYD6KJBT, B0GYCY3RQL, B0F28H2FRW, B0GYRY17B6, B0H5QC81DS, B0FW3YTVYM, B0GYCND5W3, B0H5Q2LX9S, B0GYCS81HB, B0GYCRKSNS, B0GYS2XFCZ, B0H5Q3V47Y, B0H8NHJ218, B0H5QBW59D, B0H25D8Z35, B0GYCSH9YS, B0H5QC5QJ3, B0H3T9J32V, B0H3T4L65F, B0H5Q68L55, B0F28JQL1X, B0H2593HF5, B0H5Q26G6R, B0GYRRCW98, B0GYD2SPL3, B0H5Q2VPZK, B0GYCX2B9Y, B0H5PY6863, B0H5Q196ZB, B0GYCSQ5G8, B0H2DTGQGH, B0GYRM5BSW, B0H5Q6KHFB, B0F28HRYGK, B0GYCX7GVL, B0H5PZYSFW, B0FV89GD8R, B0H5Q17SZ5, B0H2DH38C5, B0FV855DQH, B0H3T5ZQTF, B0GYCVQF2C, B0H5PTD3NF, B0GYCV3JT9, B0H5PZTZRK, B0GYCZXDXR, B0H3TJTTTR, B0H3TGLVFB, B0GYCN5FJD, B0GYRMLDTG, B0FW3PM59F, B0FV7L2LNX, B0F28H45HT, B0GYCKWGZD, B0GYCS6D1X, B0GYCQ7K67, B0H2DG6F4F, B0H3T4XR89, B0GYCV34WD, B0H5Q4VM91, B0GYP2Z76W, B0H2DLPL47, B0GYCT6C54, B0GYCNN38F, B0H5PX6MK6, B0GYCS9QTH]",amzn1.campaign.SNJP8R94T6X8,Floral Washable NonSlip LowPile Rug Creator Promo-2026/08/14,BESBLEE,2026-08-17,2026-11-19,10.00%,5000.0,5000.0,138,800,false
"[B0H4LPGTK5, B0FR4GBCFR, B0FR4GBCFT, B0FX1WSXYZ, B0FR43YBK5, B0FR4N3NWY, B0FR4V48Q4, B0FR4G7VDK, B0H4LHWL7P, B0H4LW1TNK, B0FWRQ1YTP, B0FR4MBJDL, B0H4LW1TNF, B0H4LQ8KP1, B0H4LPQYM1, B0FR4MKNGQ, B0H4LDB8CY, B0FR43Z2BM, B0FR4Q2C11, B0H4LY7QY3, B0FR4QSTZT, B0FR4QB3XV, B0FR4N3MTV, B0H4LJ6BZS, B0FX1YXGJT, B0FR4Q3L17, B0FR4S9QFJ, B0FR4N26HJ, B0H4LJP77G, B0H4LQD543, B0H4LPH9ZC, B0FR4TV6Y6, B0FR4G9D9G, B0H4LP8YHF, B0FR4MYM97, B0FR4KVKP7, B0H4LPNDX3, B0FR4G975R, B0FR4G8H8C, B0H4LGB996]",amzn1.campaign.35T2XX4O6EY98,⭐ Top-Rated Women Wide Elastic Corset Belt - 12% Comm & Free Sample!! 6351,SANSTHS,2026-08-17,2026-10-17,12.00%,8000.0,8000.0,89,800,false
[B0GLM61MXP],amzn1.campaign.2TNZSGLH86U7F,Great Deal: 🌞 Glamaker Summer Crochet Maxi Collab -CYT-M26DR0128,Glamaker,2026-08-18,2026-11-20,10.00%,5000.0,5000.0,107,800,false
"[B0H5QLFMK7, B0H5Q3PQLZ, B0H5QNPRJ8, B0H5QKMTJ3, B0H5QPZZFV, B0H5QHGHDL, B0H5QFBC8D, B0H5QHCTZR, B0H5Q7M1NR, B0H5Q7CBCQ, B0H5QJ1DLZ, B0H5Q7Z9W4, B0H5QN422K, B0H5QKBGCQ, B0H5QK5JXT, B0H5QPG9TX, B0H5QBK299, B0H5QNKGKS, B0H5QDY9JQ, B0H5QMMPJ5, B0H5QFM739, B0H5QBJR2X, B0H5QH3RL2, B0H5QCSMJ5, B0H5QVF5FM, B0H5QJ735J, B0H5QCFR5K, B0H5QDSM1M, B0H5QBG1V8, B0H5QCWX16, B0H5QMRL23, B0H5QBMNWV, B0H5Q9RYW7, B0H5QCQDMM, B0H5QB5C9C, B0H5QM617H, B0H5QBW8BK, B0H5QNJ91F, B0H5QB4JHG, B0H5QBWKNL, B0H5QCRLBD, B0H5QKPFFT, B0H5QDC1SZ, B0H5QC6SKZ, B0H5QNB8MZ]",amzn1.campaign.J9157JSIQ35H,H4D438,Coutgo,2026-08-17,2026-10-31,10.00%,5000.0,4977.8,52,800,false
"[B0GX9B58YP, B0H6WV6YH3, B0FWRCPMVB]",amzn1.campaign.2MDGZV39N6LCI,IMQH0814,COLSUR,2026-08-17,2026-10-16,10.00%,5000.0,5000.0,93,800,false
[B0GXZKX1DY],amzn1.campaign.2STY9EPL7RCK7,VELOHEIM Couch Armrest Table,VELOHEIM,2026-08-17,2027-08-17,15.10%,10000.0,10000.0,80,800,false
"[B0H5Q8BM5V, B0F28HT57D, B0F28HJPJL, B0H2DLL3V8, B0GYCQ1FR5, B0GYCQL5PC, B0H5PX9TBZ, B0H2DNP67T, B0FV8DRBPJ, B0GYRTG39R, B0H5Q59DBP, B0GYRY35P8, B0GYCTPFCT, B0H5Q4CFSC, B0H2DKQ8KK, B0GYCQQ3M7, B0H5Q6JZPZ, B0GYRVLN9T, B0GYD118RX, B0GYCTFZHJ, B0GYD54FGB, B0GYCQK99Z, B0H5PT1JCY, B0H3SZH7F4, B0GYCRNLJG, B0GYNY7V23, B0GYDB2L1T, B0FV8JR2Z3, B0GYCQSZFC, B0GYRR9LJF, B0GYCWLXR8, B0GYCX31C4, B0H3T1YL2V, B0GYCYSFRP, B0FW3T8T5J, B0H5Q6D126, B0H5Q76JQV, B0F28H27NB, B0H2DQJJQJ, B0GYNVBDRL, B0FV8DPBHG, B0H2558TM6, B0GYCXYLX7, B0GYD1LWR8, B0H2DNWWH3, B0H5Q9Q27Y, B0GYNV2WFF, B0H5QC8PZ7, B0GYCSWCBZ, B0GYRPZGX3, B0H5Q4MHX3, B0F28HNF7F, B0GYCTQS81, B0GYCS6TFH, B0H5Q8VLZM, B0H5QDHBRV, B0GYCSQDG8, B0GYCSTW7R, B0GYCT5L1V, B0GYD53251, B0GYCKX39Y, B0F28HXD4N, B0H5PXT24G, B0GYCTWCKN, B0FV7CX3W3, B0GYRSYB8Y, B0FW42CH5G, B0H5Q45DDK, B0H5PZ3F6S, B0H2553JB6, B0GYCQCMM5, B0GYRQWY5Q, B0GYCN6TKL, B0GYCNF9RN, B0FV827CVR, B0H25686PD, B0FV7Z6BHR, B0H3SZJC5H, B0H5Q51N73, B0H2DN7QZ7, B0H257PSGT, B0FW3TBZXS, B0GYCZFRPN, B0H3T4BGK4, B0GYCSG9R7, B0H5Q9F54F, B0H5PWZD2G, B0GYNRZLNM, B0H5Q6PLH3, B0H5Q5XH4S, B0GYRN3J77, B0H2DNKXYT, B0GYDHN3Y2, B0H5PYXH6R, B0F28H46R1, B0GYCTGZXH, B0GYNQR6HH, B0H5Q3V1FN, B0GYCSGNLJ, B0GYCXW7QD, B0F28J7P2W, B0H5Q37JBW, B0H25DPB9G, B0FV8GSPMR, B0H5PZPYJC, B0GYCR7D7Z, B0GYCTYGR9, B0FV8D1PDD, B0H5Q7DFWQ, B0GYP18M6S, B0GYCWZK4Z, B0GYCKQBYZ, B0GYCX428S, B0H5PXM669, B0H3T2G7XQ, B0H5PXFFGS, B0GYRRGPT1, B0GYNZNKT2, B0H3T9DJ6V, B0GYCKS4WV, B0GYNT15V7, B0GYCTWVCL, B0GYD2T1JS, B0GYCKKZ6Q, B0H5Q2SRZG, B0H25FF6VM, B0H5Q2TZWH, B0GYCQD75N, B0GYCSKNCC, B0FW2ZLK1N, B0GYD6KJBT, B0GYCY3RQL, B0F28H2FRW, B0GYRY17B6, B0H5QC81DS, B0FW3YTVYM, B0GYCND5W3, B0H5Q2LX9S, B0GYCS81HB, B0GYCRKSNS, B0GYS2XFCZ, B0H5Q3V47Y, B0H8NHJ218, B0H5QBW59D, B0H25D8Z35, B0GYCSH9YS, B0H5QC5QJ3, B0H3T9J32V, B0H3T4L65F, B0H5Q68L55, B0F28JQL1X, B0H2593HF5, B0H5Q26G6R, B0GYRRCW98, B0GYD2SPL3, B0H5Q2VPZK, B0GYCX2B9Y, B0H5PY6863, B0H5Q196ZB, B0GYCSQ5G8, B0H2DTGQGH, B0GYRM5BSW, B0H5Q6KHFB, B0F28HRYGK, B0GYCX7GVL, B0H5PZYSFW, B0FV89GD8R, B0H5Q17SZ5, B0H2DH38C5, B0FV855DQH, B0H3T5ZQTF, B0GYCVQF2C, B0H5PTD3NF, B0GYCV3JT9, B0H5PZTZRK, B0GYCZXDXR, B0H3TJTTTR, B0H3TGLVFB, B0GYCN5FJD, B0GYRMLDTG, B0FW3PM59F, B0FV7L2LNX, B0F28H45HT, B0GYCKWGZD, B0GYCS6D1X, B0GYCQ7K67, B0H2DG6F4F, B0H3T4XR89, B0GYCV34WD, B0H5Q4VM91, B0GYP2Z76W, B0H2DLPL47, B0GYCT6C54, B0GYCNN38F, B0H5PX6MK6, B0GYCS9QTH]",amzn1.campaign.2CMT88N62AKBX,Floral Washable NonSlip LowPile Rug Creator Promo-2026/08/14,BESBLEE,2026-08-17,2026-11-18,10.00%,5000.0,5000.0,137,800,false
[B0G4CSPD2H],amzn1.campaign.KLMD6597KCU3,GREENFURY 2-in-1 Yard Tool Creator Showcase,GREENFURY,2026-08-17,2027-02-28,10.00%,5000.0,5000.0,127,800,false
[B0DLGSQJYN],amzn1.campaign.U53UMJ5UT7ND,🔥10% commission + 3K + monthly sales + Rechargeable Brightest Headlamp🔥,FINICO,2026-08-17,2026-09-19,10.00%,10000.0,10000.0,138,800,false
"[B0GC5ZPXVB, B0DD722XV3, B0DD75PBQX, B0DMZNFYHG, B0DD76R88T, B0DD6ZDNH4, B0DD75FJ5T]",amzn1.campaign.93C53XA2UCAN,60x80 Soft Faux Rabbit Blanket All Seasons,Latepis,2026-08-17,2027-05-01,10.00%,10000.0,9994.0,52,800,false
"[B0D7G8M7MZ, B0GYRPYLYK, B0CSZ2KWF9, B0CSYVZ868, B0CSYD46SM, B0D3T2SQ59, B0CSYL15MH, B0CSYJQ9J4, B0G346W4HL, B0D3T64JXK, B0DPTSV8MV, B0CYB34VCC, B0D3TKV28N, B0CYBFQP42, B0FBW9624K, B0DPTT1XRZ, B0G34D88Y7, B0G34D1YZK, B0FBW9RTP6, B0DZ1P8C1H, B0CYBTJYZM, B0FBW97WV6, B0D3TCTJRX, B0CSYVY7TQ, B0DPTSW51V, B0CYBCXQDC, B0G34GMRTR, B0DPTVFB96, B0CYBYY858, B0CSYPJJ87, B0CSYMD1JV, B0CSYM917D, B0DPTV79H8, B0D8J2KKXS, B0CSYKZV2B, B0CSYFSJNR, B0GYRQM9YW, B0G34DWR6M, B0DPTTHRZ1, B0D3TF1K7J, B0DPTS9NDY, B0D3T1PJ1H, B0D3T2TMPX, B0GYRNCYHJ, B0DZ1PRX9N, B0D7GM7TRR, B0DPTT2QL7, B0CSYL1K9Z, B0GYRR8V99, B0G34CFWX4, B0DZ1RTCCH, B0CSZ2KHBF, B0DPTTNZCX, B0G34FQFJ7, B0CSYW1TDL, B0CSYL1KB4, B0GYRS9WV4, B0CYB9ZPNH, B0G34G4Y5S, B0D7G8KVF8, B0CYBSBCCX, B0DZ1RWBMF, B0CYBQ3LKL, B0G34DSRB8, B0DZ1RFJKQ, B0FBVYX4ST, B0CSYQ7M86, B0D3T9HQWM, B0CSYSMTP4, B0CSYDS9TW, B0CSYN3J3S, B0D3T58S59, B0D7GG83RV, B0CSYBF3Y4, B0D7GL142W, B0D3TKLNMQ, B0G34FY637, B0FBW2YKB3, B0D3T94JN5, B0CSYH2J9L, B0DQ5NJ3Z2]",amzn1.campaign.1H2W6RYWIOH55,Collaborate with Us for Summer Vacation Dress Launch to Get 15% Commission!,ECHOINE,2026-08-17,2026-11-30,15.00%,5000.0,4672.16,61,800,false
"[B0G64KPZF2, B0G64G7WVM, B0G6519CTV, B0G64MDX7T, B0G4RPC2SR, B0G64YZMK3, B0G64RBTLK, B0G4RKQCV4, B0G64M8L17, B0G4RGSR2W, B0G4RPR112, B0G64HC2ND, B0G64LGWQ2, B0G64L2LJ4, B0G4RN1CXN, B0G64SFBK5, B0G4RP687Z, B0G64NT2GS, B0G64TPWJ6, B0G4RNSV2Y, B0G4RN2QW1, B0G64MYLYF, B0G4RLVX17, B0G64W63YV, B0G64SVHQC, B0G657PZC2, B0G4RK86PX, B0G64L3C2B, B0G4RLJGGZ, B0G4RLS27D, B0G64KSKHF, B0G4RG1G15, B0G4RK8F48, B0G4RLQ42R, B0G64PBWXY, B0G654S782, B0G64LBFV5, B0G4RJXQZ7, B0G4RKQY2W, B0G4RLLHX2, B0G4RJXQZB, B0G4RNRMPJ, B0G4RL4FZZ, B0G4RJT3HP, B0G4RM7C6Y, B0G64VZHQ6, B0G64GT8Y4, B0G4RL1KGJ]",amzn1.campaign.3NAZII9AAOFCX,922 949 ALL 10,EZBELLE,2026-08-17,2026-09-19,10.00%,5000.0,5000.0,85,800,false
"[B0GGR24WSL, B0GR9Q3HYN]",amzn1.campaign.FRYCF1WA2OAH,Sugarzy+Edible Soccer Sprinkles - Edible Green Gold Pearls -10% Commission,Sugarzy,2026-08-31,2026-10-31,10.00%,5000.0,4999.4,90,800,false
"[B0GCH3R2CX, B0GCH6PCWH, B0GX14SKZ4, B0GCJJPVX9, B0GWZYWXSG, B0GCHD9LJ6, B0GCG7T3G2, B0GX14PWVD, B0GCHQB413, B0GX115FSL, B0GX127C9J, B0GCH6QKSF, B0GX13B8VS, B0GCJ5RYG1, B0GCG7NQ42, B0GCJK2TVM, B0GWZXHYD4, B0GCHCY1TG, B0GCGHBQX5, B0GCGJ1W7M, B0GWZZX4DN, B0GCHVP6YN, B0GCGXFBHP, B0GCJJS2C8, B0GCH3TYZF, B0GX12Y1QH, B0GCHVXRVZ, B0GX144L4Z, B0GCGJHDRM, B0GCHQZ3WW, B0H6S8RYC8]",amzn1.campaign.3ECWN3F14A43I,"🤠 Promote SANSTHS Women Concho Western Belt, 12% Comm & Free Sample! 9349",SANSTHS,2026-08-17,2026-10-17,12.00%,8000.0,7980.51,88,800,false
"[B0GSQGC3RY, B0GSQLH6Y1]",amzn1.campaign.2EMLNLX8S4PCI,小女孩羊,Tertiosh,2026-08-17,2027-05-08,15.00%,5555.0,5552.5,84,800,false
"[B0H6P12K7H, B0H6P3D2FC, B0H6NYJBXJ]",amzn1.campaign.33FGMWGBSCOPE,🎊 It's Here! BOSTANTEN New Suede Hobo Bag – Launch Sale Coming Soon 👜,BOSTANTEN,2026-08-17,2027-07-10,10.00%,5000.0,5000.0,105,800,false
"[B0GGRFL95C, B0GGR524ZR, B0GGRG6R2M, B0GGR93W62]",amzn1.campaign.29O106OSH8XR0,25N06715木头十字架吊坠,leejory,2026-08-17,2026-10-31,15.00%,5000.0,5000.0,80,800,false
"[B0GJ4NT69N, B0G4GFRMJ5, B0GJ4LGYFD, B0G4GFPPPP]",amzn1.campaign.AU05YY1CP7OS,Sugarzy+Mermaid Cupcake Stand - 10% Commission + High Converting / Party Decor,Sugarzy,2026-08-17,2026-09-30,10.00%,5000.0,5000.0,128,800,false
"[B0H5Q8BM5V, B0F28HT57D, B0F28HJPJL, B0H2DLL3V8, B0GYCQ1FR5, B0GYCQL5PC, B0H5PX9TBZ, B0H2DNP67T, B0FV8DRBPJ, B0GYRTG39R, B0H5Q59DBP, B0GYRY35P8, B0GYCTPFCT, B0H5Q4CFSC, B0H2DKQ8KK, B0GYCQQ3M7, B0H5Q6JZPZ, B0GYRVLN9T, B0GYD118RX, B0GYCTFZHJ, B0GYD54FGB, B0GYCQK99Z, B0H5PT1JCY, B0H3SZH7F4, B0GYCRNLJG, B0GYNY7V23, B0GYDB2L1T, B0FV8JR2Z3, B0GYCQSZFC, B0GYRR9LJF, B0GYCWLXR8, B0GYCX31C4, B0H3T1YL2V, B0GYCYSFRP, B0FW3T8T5J, B0H5Q6D126, B0H5Q76JQV, B0F28H27NB, B0H2DQJJQJ, B0GYNVBDRL, B0FV8DPBHG, B0H2558TM6, B0GYCXYLX7, B0GYD1LWR8, B0H2DNWWH3, B0H5Q9Q27Y, B0GYNV2WFF, B0H5QC8PZ7, B0GYCSWCBZ, B0GYRPZGX3, B0H5Q4MHX3, B0F28HNF7F, B0GYCTQS81, B0GYCS6TFH, B0H5Q8VLZM, B0H5QDHBRV, B0GYCSQDG8, B0GYCSTW7R, B0GYCT5L1V, B0GYD53251, B0GYCKX39Y, B0F28HXD4N, B0H5PXT24G, B0GYCTWCKN, B0FV7CX3W3, B0GYRSYB8Y, B0FW42CH5G, B0H5Q45DDK, B0H5PZ3F6S, B0H2553JB6, B0GYCQCMM5, B0GYRQWY5Q, B0GYCN6TKL, B0GYCNF9RN, B0FV827CVR, B0H25686PD, B0FV7Z6BHR, B0H3SZJC5H, B0H5Q51N73, B0H2DN7QZ7, B0H257PSGT, B0FW3TBZXS, B0GYCZFRPN, B0H3T4BGK4, B0GYCSG9R7, B0H5Q9F54F, B0H5PWZD2G, B0GYNRZLNM, B0H5Q6PLH3, B0H5Q5XH4S, B0GYRN3J77, B0H2DNKXYT, B0GYDHN3Y2, B0H5PYXH6R, B0F28H46R1, B0GYCTGZXH, B0GYNQR6HH, B0H5Q3V1FN, B0GYCSGNLJ, B0GYCXW7QD, B0F28J7P2W, B0H5Q37JBW, B0H25DPB9G, B0FV8GSPMR, B0H5PZPYJC, B0GYCR7D7Z, B0GYCTYGR9, B0FV8D1PDD, B0H5Q7DFWQ, B0GYP18M6S, B0GYCWZK4Z, B0GYCKQBYZ, B0GYCX428S, B0H5PXM669, B0H3T2G7XQ, B0H5PXFFGS, B0GYRRGPT1, B0GYNZNKT2, B0H3T9DJ6V, B0GYCKS4WV, B0GYNT15V7, B0GYCTWVCL, B0GYD2T1JS, B0GYCKKZ6Q, B0H5Q2SRZG, B0H25FF6VM, B0H5Q2TZWH, B0GYCQD75N, B0GYCSKNCC, B0FW2ZLK1N, B0GYD6KJBT, B0GYCY3RQL, B0F28H2FRW, B0GYRY17B6, B0H5QC81DS, B0FW3YTVYM, B0GYCND5W3, B0H5Q2LX9S, B0GYCS81HB, B0GYCRKSNS, B0GYS2XFCZ, B0H5Q3V47Y, B0H8NHJ218, B0H5QBW59D, B0H25D8Z35, B0GYCSH9YS, B0H5QC5QJ3, B0H3T9J32V, B0H3T4L65F, B0H5Q68L55, B0F28JQL1X, B0H2593HF5, B0H5Q26G6R, B0GYRRCW98, B0GYD2SPL3, B0H5Q2VPZK, B0GYCX2B9Y, B0H5PY6863, B0H5Q196ZB, B0GYCSQ5G8, B0H2DTGQGH, B0GYRM5BSW, B0H5Q6KHFB, B0F28HRYGK, B0GYCX7GVL, B0H5PZYSFW, B0FV89GD8R, B0H5Q17SZ5, B0H2DH38C5, B0FV855DQH, B0H3T5ZQTF, B0GYCVQF2C, B0H5PTD3NF, B0GYCV3JT9, B0H5PZTZRK, B0GYCZXDXR, B0H3TJTTTR, B0H3TGLVFB, B0GYCN5FJD, B0GYRMLDTG, B0FW3PM59F, B0FV7L2LNX, B0F28H45HT, B0GYCKWGZD, B0GYCS6D1X, B0GYCQ7K67, B0H2DG6F4F, B0H3T4XR89, B0GYCV34WD, B0H5Q4VM91, B0GYP2Z76W, B0H2DLPL47, B0GYCT6C54, B0GYCNN38F, B0H5PX6MK6, B0GYCS9QTH]",amzn1.campaign.K7GWYVH76MOB,Floral Washable NonSlip LowPile Rug Creator Promo-2026/08/14,BESBLEE,2026-08-17,2026-11-17,10.00%,5000.0,5000.0,138,800,false
[B0GLM61MXP],amzn1.campaign.2I2E9JRM4GGOW,Limited Time Deal: 🌼 Glamaker Maxi Dress Collab -CYT-M26DR0128,Glamaker,2026-08-18,2026-11-19,10.00%,5000.0,5000.0,108,800,false
[B0GKP9SGST],amzn1.campaign.3GE9R714KWQR4,VELOHEIM Desk File Mail Organizer,VELOHEIM,2026-08-17,2027-08-17,15.10%,10000.0,10000.0,86,800,false
"[B0GFMQQB3W, B0GFN7S23Z]",amzn1.campaign.9914ZD35TY15,15%COMM PATELLA STRAP FOR RUNS SQUATS JUMPS NON-SLIP ANATOMICAL FIT,HANDBODE,2026-08-17,2027-08-17,15.00%,5000.0,5000.0,112,800,false
"[B0GJ4NT69N, B0GR9LCPDW, B0FLCHHBG8, B0DS7YJWSM, B0FDFZS2Z1]",amzn1.campaign.1QYU9MS4DFB2R,Sugarzy+WOW! HERO Themed Edible Sprinkles Mix - 10% Commission,Sugarzy,2026-08-17,2026-10-31,10.00%,5000.0,5000.0,88,800,false
[B0GRV8S2NY],amzn1.campaign.WDQY09OQS6WA,GREENFURY 12-Inch Chainsaw Creator Showcase,GREENFURY,2026-08-17,2027-03-31,20.00%,5000.0,5000.0,122,800,false
[B0G273K1RC],amzn1.campaign.3CKKERCJTZZWE,25% Commission - Let Loose Tribiotic Campaign #3:  8/20 to 9/30,Let Loose,2026-08-20,2026-09-30,25.00%,10000.0,9914.56,74,800,false
"[B0DMP7CKLC, B0DMP5MTGF, B0FWC7K4HC, B0DMP6WS1H, B0DMP3Y2ZK, B0DMP42FMD, B0DMP588TJ, B0FXG8FLGY, B0DMP68MQ7, B0DMP4GWLG, B0DMPBRPCG, B0FWC74TCM, B0DMP5YRHQ, B0FXG95NY3, B0DMP7THBN, B0DMP7TH6B, B0DMP629KB, B0DS25N48X, B0FXG6X9KT, B0FXG8N7DK, B0DMP4XJNC, B0DMP6PMFV, B0DMP33712, B0FXG8KJ1Z, B0FXG6418C, B0DS25C68W, B0DS252HC3, B0DMP5SB2G, B0DS24YDGW, B0DP8RMJ11, B0DMP6ZNFD, B0FXG8L6ZL, B0FWC9CZM3, B0DMP6QCYS]",amzn1.campaign.QMEG4EIPKROB,"🌸 Promote SANSTHS Women 2-Pack Classic Belt, 12% Comm & Free Sample! 8077",SANSTHS,2026-08-17,2026-10-17,12.00%,8000.0,8000.0,89,800,false
"[B0GKMC54D5, B0GKLJP3DH, B0GKML8MJ7]",amzn1.campaign.3CV5PC9GAO2GP,VELOHEIM Bamboo C Shaped Side End Table,VELOHEIM,2026-08-17,2027-08-17,15.10%,10000.0,10000.0,83,800,false
"[B0GJ4NT69N, B0G4GFRMJ5, B0GJ4LGYFD, B0G4GFPPPP]",amzn1.campaign.3KXK4RCTWRV11,Sugarzy+Reusable & Fun Cupcake Stand Recommendation - 10% Commission,Sugarzy,2026-08-17,2026-10-31,10.00%,5000.0,4999.2,95,800,false
[B0HBPSRGVC],amzn1.campaign.7MRNLKPU28AM,Earn 25% Commission | Janettar 4-IN-1 CarPlay Adapter,Janettar,2026-08-17,2026-09-16,25.00%,5000.0,4778.96,74,800,false
"[B0HBQ2PFXZ, B0HBQ3BVXS, B0HBQ8PVK8]",amzn1.campaign.MIU8QP2MMRDW,Creator Collaboration: RGB Glass Wine Cabinet--20% Commission,LVSOMT,2026-08-17,2026-10-31,20.00%,5000.0,5000.0,78,800,false
"[B0H1CV1VGJ, B0GV15XK9G, B0GXMRGZJ8, B0H8MMJF48, B0H8M7X6FB, B0GLGLM9TG]",amzn1.campaign.O81K3IR6XZ4O,生发 全部  新   20%,Trzsfr,2026-08-22,2026-12-31,20.05%,5005.0,5005.0,127,800,false
"[B0H6P12K7H, B0H6P3D2FC, B0H6NYJBXJ]",amzn1.campaign.1JOC19NEQEXL2,👛 Fresh Off the Shelf! BOSTANTEN Hobo Bag Launch – Discount Incoming!,BOSTANTEN,2026-08-17,2027-07-09,10.00%,5000.0,5000.0,107,800,false
[B0D2MZ2ND9],amzn1.campaign.UCPSMU6YMPFE,XINRINTONG Heavy Door Installation Tool Kit,XINRINTONG,2026-08-17,2026-12-31,10.00%,5000.0,4996.49,89,800,false
"[B0H1CV1VGJ, B0GV15XK9G, B0GXMRGZJ8, B0H8MMJF48, B0H8M7X6FB, B0GLGLM9TG]",amzn1.campaign.2X5AAB2QPYIQG,生发 全部  新   20%,Trzsfr,2026-08-22,2026-12-31,20.04%,5003.0,5003.0,136,800,false
"[B0GFSMV6G6, B0GFN21KBX]",amzn1.campaign.22JJUVOM43PUG,15%COMM LIFTING STRAPS FOR DEADLIFTS ROWS PULLUPS D-RINGS PADDED CUFFS,HANDBODE,2026-08-17,2027-08-17,15.00%,5000.0,5000.0,113,800,false
"[B0GKGGXKR1, B0GKGR7YPD, B0GKGM362Y, B0GKGHQJ1M, B0GKGHVBRN, B0GKGN7DD1, B0GKGKRTJH, B0GKGN1DWR, B0GKGB8JMH, B0GKGPZGD4, B0GKGVWCW4, B0GKGVVQKW, B0GKGMZ6QC]",amzn1.campaign.3IX9Z7ZDF3DII,WV-010-009-创作者影响计划-0813-14%-03-68/399,MolyPark,2026-08-19,2026-10-04,14.00%,5000.0,5000.0,134,800,false
[B0H6LY9K8L],amzn1.campaign.1DPDNI8FYYHOK,10% Commission:St Michael Protect Us Men Bracelet-Adujustable Fit:7.08-7.87'',JZPZ,2026-08-18,2026-09-30,10.00%,5000.0,5000.0,79,800,false
"[B0H4LWP1M3, B0DSB67PTM]",amzn1.campaign.TBO20R58MHDH,Sugarzy+Mermaid-Themed Sprinkle Mix Recommendation- 10% Commission,Sugarzy,2026-08-17,2026-10-31,10.00%,5000.0,5000.0,124,800,false
"[B0FLXCH4W5, B0FLXDB5Q3, B0FLXB4YH6, B0FLXC7CQ2, B0FLXCT4V2, B0FLXCMZZ2, B0FLXF888Z, B0FLX9YJ27, B0FLXF7366, B0FLXCKWTF, B0FLXBSNZ3, B0FLXD9JZJ, B0FLXBYWZR, B0FLXBG2S8, B0FLXD3MMX, B0FLX9P8VM, B0GLM61MXP, B0FLX9FNM9, B0FLXDF5FX, B0FLXBX2K1, B0FLX9F6W2, B0FLXCB1L4]",amzn1.campaign.HZ492G7K96EM,HOT Deal: 🌟 Glamaker Crochet Lace Maxi Dress -CYT-M26DR0128,Glamaker,2026-08-18,2027-05-18,10.00%,5000.0,5000.0,55,800,false
"[B0H1CV1VGJ, B0GV15XK9G, B0GXMRGZJ8, B0H8MMJF48, B0H8M7X6FB, B0GLGLM9TG]",amzn1.campaign.1D9ARH6OAVXGX,生发 全部  新   20%,Trzsfr,2026-08-21,2026-12-31,20.03%,5002.0,5002.0,140,800,false
[B0GCZG5GS6],amzn1.campaign.H8GFK1QB36BT,VELOHEIM Bamboo 2-Tier Corner Bread Storage Box,VELOHEIM,2026-08-17,2027-08-17,15.10%,10000.0,10000.0,79,800,false
"[B0GJ9NPQDX, B0GWV13RK6]",amzn1.campaign.1NMJU0GKT2XCV,Earn $0.999+ Commission Per Order | 3K+ Monthly Sales | ASIN: B0GJ9NPQDX,Shall Shell,2026-08-17,2026-09-16,10.00%,5000.0,5000.0,121,800,false
[B0GXVMDR2J],amzn1.campaign.29C6K76IK4HAX,DONAMA Cervical Neck Pillow with 10% Commission of Sales,DONAMA,2026-08-17,2026-11-01,10.00%,5000.0,4680.48,49,800,false
"[B0F9NRQVLN, B0F9NRGR8Q, B0F9NR6RXZ, B0F9FJNVC6, B0FPFMLLZD, B0FPLVQT52, B0F9NV33C5, B0F9FJMGWW, B0F9NR2YC9, B0F9NKXYYJ]",amzn1.campaign.2XQSHZBWS12CS,Poultry water and food feeder,Oncpcare,2026-08-17,2026-10-01,10.00%,5000.0,4996.4,83,800,false
"[B0H1CV1VGJ, B0GV15XK9G, B0GXMRGZJ8, B0H8MMJF48, B0H8M7X6FB, B0GLGLM9TG]",amzn1.campaign.2NP8ADWCJ27KV,生发 全部  新   20%,Trzsfr,2026-08-21,2026-12-31,20.00%,5000.0,5000.0,141,800,false
"[B0GKGGXKR1, B0GKGR7YPD, B0GKGM362Y, B0GKGHQJ1M, B0GKGHVBRN, B0GKGN7DD1, B0GKGKRTJH, B0GKGN1DWR, B0GKGB8JMH, B0GKGPZGD4, B0GKGVWCW4, B0GKGVVQKW, B0GKGMZ6QC]",amzn1.campaign.XJFDCJEZUYX3,WV-010-009-创作者影响计划-0813-14%-03-68/39,MolyPark,2026-08-28,2026-10-04,14.00%,5000.0,5000.0,134,800,false
"[B0H6P12K7H, B0H6P3D2FC, B0H6NYJBXJ]",amzn1.campaign.2OT2YD03TFI41,"⭐ New Launch! BOSTANTEN Suede Hobo Bag – Reversible Style, Big Deal Ahead 🎁",BOSTANTEN,2026-08-17,2027-07-08,10.00%,5000.0,5000.0,107,800,false
"[B0H1CV1VGJ, B0GV15XK9G, B0GXMRGZJ8, B0H8MMJF48, B0H8M7X6FB, B0GLGLM9TG]",amzn1.campaign.37DACZ9TIUDYY,生发 全部  新   20%,Trzsfr,2026-08-20,2026-12-31,20.01%,5001.0,5001.0,139,800,false
"[B0HC37HY12, B0GXV1LPL6]",amzn1.campaign.1BJLH9OI39XDS,💥 Prime Day Treadmills Walking Pad – Maximum Earnings for Selected Creators!,HomePoweron,2026-08-17,2027-06-04,12.00%,78990.0,78728.73,64,800,false
"[B0D5H66GBS, B0D4M7GBN3, B0D5LJPTBL, B0D5GT8HC5, B0D2DF7L1D, B0D5GZFB6Q, B0GYW774HX, B0DSFPTSL3, B0GYWC35YS, B0D5LLWZ95, B0DDH94ZQ7, B0D4M8Z92F, B0D4M7ZY4Y, B0DDH39WWD, B0GYWFCZ7K, B0D4M8QXTZ, B0DDGCPZHJ, B0GRV6D9G7, B0DDH8WBY7, B0GRV7GS3Y, B0GRTZ1YM3, B0DDGXPC48, B0D5LTY7X3, B0DDGR9HGZ, B0D4M6J5BS, B0D4M7D41X]",amzn1.campaign.22P1V3RLN11RX,🤠 SANSTHS Women Western Concho Belt - 12% Comm & Free Sample !!! 4255,SANSTHS,2026-08-17,2026-10-17,12.00%,8000.0,7998.86,83,800,false
"[B0H98S9Q38, B0GD73JGPV, B0DYD8QB53, B0H98VQYQW, B0H98VTYQ7, B0F997K7PF, B0H98VQCVK, B0D4TJ2M8Y, B0H993DXTH, B0H98Y2GP3, B0GXZ3KXNZ, B0GT961QG1, B0H98TT6K4, B0D9XFRVHH, B0DJLLRCLX, B0D9XZ6T6K, B0H98WWLB4, B0H98TT6K7, B0CYPD5GND, B0F997SYD1, B0H98Y7JW9, B0H98V9ZT3, B0GXYNX6SQ, B0H98TR9F9, B0GXYW2TWS, B0DQXCWMM9, B0D9XPYT43, B0DYCXF1GG, B0H991KXNF, B0D9XLMS45, B0F1CHY49W, B0F9DLPNZN, B0H98X3H1R, B0H98TMT1F, B0D9XVW15W, B0CYPF8J2T, B0DJLMH11J, B0H98QZ3X7, B0H98WTWYY, B0H991RKWL, B0G2S2DVPR, B0CZQQTZ5Q, B0H99271XK, B0F99829D2, B0H98NQGQB, B0GXYXSN78, B0DG8FQLP5, B0H995KLBR, B0DK5C1C58, B0H98VN873, B0DJLMCQS6, B0H98VN875, B0CZQT9Z6F, B0H98S87DR, B0H98TSLJW, B0F996FR4P, B0H9923QZQ, B0H36PFLY1, B0F1CJ239H, B0GXYVCHJ5, B0H98T6GXK, B0H98Z74LS, B0H9968RSK, B0H98PY27L, B0DJLKR1NB, B0D9XB8VTJ, B0H98RPYVJ, B0H98VBHCD, B0D9Y1H775, B0DQXHL5W5, B0GXYT4775, B0DJLMR43X, B0H991W92L, B0DQXBTQP8, B0H98SCWTV, B0H98QLPTC, B0GXYT4776, B0DJLMB2Y1, B0F9DM58PN, B0DQX78NWQ, B0GXYXTFSL, B0DJLMPD94, B0H98XZN6Z, B0H98SCWTL, B0H991VYM4, B0DJLLJVKC, B0F1CJZ3J6, B0F2SKZMMM, B0H98Q1YFL, B0DG8FSDXF, B0CYPGKQJW, B0CZQQD7NJ, B0GXYSTBYF, B0H98Y94YD, B0DG8BC8MR, B0DG8FP9BP, B0H98K6HL1, B0DJLL3RQR, B0H98QPZ3Z, B0F995XX4X, B0H36M764H, B0F9DT3KQR, B0H98TKWC7, B0H98X9FWS, B0DYDBYQBN, B0D4TBN2RD, B0CYPG4983, B0F99BQYWD, B0DJLMLBTT, B0D4TJ7CRS, B0H98YB184, B0H98YMFHF, B0D3GZNMJL, B0H98XCYWH, B0H991JJYT, B0F997VCTS, B0DG8DMR2W, B0GXYYBWSG, B0GXYYZMH9, B0D9MDV9MZ, B0F2SDWPZS, B0F995XX52, B0H98YH4CT, B0F1CHFZZC, B0DJLMYX7Z, B0H98VTKJT, B0GXZ3PM54, B0F9946VBJ, B0G2RMMS9K, B0F99DCYVW, B0H9925NC4, B0DJLL6XDT, B0H98ZD3HY, B0H98ZZSZW, B0CYPBW1SX, B0CZQRC7SY, B0GXYTX4P6, B0H9929K8H, B0DJLM6WYM, B0H98VGJL7, B0GD6YG9BL, B0H98R3LDR, B0GXYYK9ZY, B0DQXCY3WS, B0GT9BHFM2, B0H98YTRZS, B0H98XNLTN, B0DQXCZ455, B0H98R5122, B0CZQSCZ11, B0H98Y71P5, B0H98WBL1J, B0GXYTZTZ7, B0H98R36RF, B0H98VB3MQ, B0H98NVB39, B0H98XT42C, B0H98STQBC, B0GXYV979M, B0F2SL91HW, B0GXYRK2TZ, B0H993SZC6, B0H98ZWMHR, B0H995BF3Y, B0H98W88R6, B0H99BJFJP, B0DG8FQS7F, B0FL6MWZ73, B0G2S1CJ5G, B0F2S4VZ4V, B0H98VVVY7, B0D9X948XX, B0H1WT6L4Y, B0H98LXQ4B, B0H98R3WTS, B0H98Z4QR8, B0H98YTLLZ, B0H98P6Z1H, B0D3H2V14Z]",amzn1.campaign.YP62XBTD3UHW,Boho Washable NonSlip LowPile Rug Creator Promo-2026/08/14,BESBLEE,2026-08-17,2026-11-24,10.00%,5000.0,5000.0,132,800,false
"[B0CQM2GTQ9, B0CQM4NHZ4, B0CQM2LH5J, B0DSG6PLF7, B0CQM5B1T4, B0D4DPF8HN, B0DSG6L2NR, B0D832XNCY, B0CWTWFQLX, B0CQM31P16, B0CQM7D1VJ, B0D83FMB83, B0CWTW9DJ2, B0D28F7TZM, B0D832B7JT, B0CQM3W4T3, B0GCKFF711, B0D4D9V91R, B0D28Z3W81, B0CQM2Z1BP, B0CQM3Q5BV, B0GCJGKT2W, B0DMVP1JKN, B0GCKDR3HK, B0GCJ4Z6HQ, B0D4DBZTKG, B0CVV88LVY, B0CWTS1M3G, B0DR25225Z, B0D83G3PHS, B0DR1FT1RZ, B0DR1NJKLH, B0CWTTHVXH, B0D4CV4MRP, B0D2KPXFJW, B0CQM1Y1C2, B0DR1RYCZB, B0DPXC1S37, B0CQM5DNQR, B0CQM67B39, B0GCJFZSNL, B0CYGGWVHY, B0D291WXQJ, B0CQM3Q4VR, B0D4DC6MJC, B0CQM23XN7, B0DR1H62QH, B0D4CXXLKN, B0GCJGLC3W, B0CWTYSXWJ, B0DSG7435T, B0CWTX4KCY, B0DSG4H66R, B0GCK5HRD3, B0CQM4X4RM, B0CQM3HCG6, B0CQM7V3JX, B0DR1ZZLHQ, B0GCJXZY1H, B0DSG7XDPZ, B0D2HJK457, B0CQLZN6W1, B0CWTM3CZT, B0CQM72PC4, B0GCHM6BZ5, B0CWTYH6Y5, B0CQLZT244, B0D83J8H95, B0CQM3HFST, B0CQM32TZK, B0CYGZNHWC, B0D4CY134H, B0DPXC1WZK, B0D82Y6JJS, B0D28VZZ7F, B0DPXBVNRH, B0DR1HG1VC, B0CQM4T52G, B0CYGJQ2N9, B0CQM31L8T, B0CWTSJZQS, B0DPXBDN2G, B0CQM1T1DB, B0D4D8YBTK, B0CQM2BDNM, B0CQM1T1D7, B0CQM138HD, B0CQM2569M, B0D4DB4F9K, B0CQLZJ3Z6]",amzn1.campaign.3RTLZGH11YGCT,10% Commissions Women's Short Sleeve Scoop Neck Ribbed Fitted Tops,Chulianyouhuo,2026-08-17,2026-09-16,10.00%,5000.0,4967.97,72,800,false
[B0D16RH26D],amzn1.campaign.35NS5DQ6N0PEM,XINRINTONG 4-Position 7-Terminal Riding Mower Ignition Switch,XINRINTONG,2026-08-17,2026-12-31,10.00%,5000.0,4998.67,88,800,false
"[B0H1CV1VGJ, B0GV15XK9G, B0GXMRGZJ8, B0H8MMJF48, B0H8M7X6FB, B0GLGLM9TG]",amzn1.campaign.1NCT6AYPUF9CF,生发 全部  新   20%,Trzsfr,2026-08-20,2026-12-31,20.00%,5000.0,5000.0,141,800,false
"[B0GKGGXKR1, B0GKGR7YPD, B0GKGM362Y, B0GKGHQJ1M, B0GKGHVBRN, B0GKGN7DD1, B0GKGKRTJH, B0GKGN1DWR, B0GKGB8JMH, B0GKGPZGD4, B0GKGVWCW4, B0GKGVVQKW, B0GKGMZ6QC]",amzn1.campaign.3JJBCJ73DAQ13,WV-010-009-创作者影响计划-0813-14.5%-03-68/348,MolyPark,2026-08-20,2026-10-04,14.50%,5000.0,5000.0,134,800,false
[B0DLGSQJYN],amzn1.campaign.L7LVBG0VO392,🔥10% commission + 3K + monthly sales + Rechargeable Brightest Headlamp🔥,FINICO,2026-08-18,2026-09-19,10.00%,10000.0,10000.0,138,800,false
"[B0FCTZV23P, B0FCTRYQ6Q, B0FCTRJHMZ, B0FCT7463R, B0FCT7463P, B0FCTS6PKF, B0FCTFG7XW, B0FCV2FWYT, B0FCTVMRNC, B0FCTLXS3B, B0FCTT215X, B0FCTM5XP7, B0FCTM1M9G, B0FCTSWK17, B0FCTLWHWN, B0FCTZGJJJ, B0FCV27BD3, B0FCTMRGP8, B0FCT76X9D, B0FCTD9PZX, B0FCTRB2XG, B0FCV69J7P, B0FCTW87QS, B0FCT764Q8, B0FCTV2CP1, B0FCTJF21F, B0FCTH962Y, B0FCTPJQB1, B0FCTHVFYT, B0FCTKP5DP, B0FCTS9D52, B0FCTK54XY, B0FCTJMZTT, B0FCV5XZDT, B0FCTG4DWP, B0FCTRG47L, B0FCTHG9K8, B0FCTHGZZF, B0FCTHDB79, B0FCTG7HXT, B0FCTH7K9H, B0FCTF9S69, B0FCTLSBQ9, B0FCTRY5S2]",amzn1.campaign.2E45WLPIJNBQD,B0FCTW6B5R,Libsorge,2026-08-17,2026-09-16,10.00%,5000.0,4801.8,57,800,false
"[B0GGRBTKZ3, B0H4LNTGZ1, B0GGR441KL, B0H4LNRG2C]",amzn1.campaign.3RQAG3RLBVLJC,Sugarzy+Mickey & Donald Themed Sprinkle Mixes Recommendation-10% Commission,Sugarzy,2026-08-17,2026-10-31,10.00%,5000.0,5000.0,121,800,false
[B0H1RGR11D],amzn1.campaign.34CPIEFT1F5VP,🔥12% commission + 3K + monthly sales + Rechargeable Red Light Headlamp🔥,FINICO,2026-08-17,2026-09-17,12.00%,10000.0,10000.0,138,800,false
[B0D468LJC2],amzn1.campaign.11GH52N7F5QIM,XINRINTONG 4-Position 7-Terminal Mower Ignition Switch,XINRINTONG,2026-08-17,2026-12-31,10.00%,5000.0,5000.0,85,800,false
"[B0GCLT7MXG, B0GCLGWXY1, B0GCKXNQKJ, B0GCLH6YHS]",amzn1.campaign.1DE2R6LUXHV2O,"Biker Shorts with Pockets for Women, 2 Pack High Waisted Spandex Yoga Shorts",CADITEX,2026-08-17,2026-09-16,20.00%,5000.0,4566.74,51,800,false
"[B0GVQHH8CB, B0GCXPL4MW]",amzn1.campaign.2UXBIWO41QVGT,VELOHEIM 2-Tier Bamboo Round Side Table,VELOHEIM,2026-08-17,2027-08-17,15.10%,10000.0,10000.0,84,800,false
"[B0B2DCXMXX, B096NNJ8HT]",amzn1.campaign.77FDP3ZW2AYT,Camlinbo LED Mask Gloves Shoelace Set +10% Commission,Camlinbo,2026-08-17,2026-09-30,10.00%,5000.0,4988.6,76,800,false
"[B0H98S9Q38, B0GD73JGPV, B0DYD8QB53, B0H98VQYQW, B0H98VTYQ7, B0F997K7PF, B0H98VQCVK, B0D4TJ2M8Y, B0H993DXTH, B0H98Y2GP3, B0GXZ3KXNZ, B0GT961QG1, B0H98TT6K4, B0D9XFRVHH, B0DJLLRCLX, B0D9XZ6T6K, B0H98WWLB4, B0H98TT6K7, B0CYPD5GND, B0F997SYD1, B0H98Y7JW9, B0H98V9ZT3, B0GXYNX6SQ, B0H98TR9F9, B0GXYW2TWS, B0DQXCWMM9, B0D9XPYT43, B0DYCXF1GG, B0H991KXNF, B0D9XLMS45, B0F1CHY49W, B0F9DLPNZN, B0H98X3H1R, B0H98TMT1F, B0D9XVW15W, B0CYPF8J2T, B0DJLMH11J, B0H98QZ3X7, B0H98WTWYY, B0H991RKWL, B0G2S2DVPR, B0CZQQTZ5Q, B0H99271XK, B0F99829D2, B0H98NQGQB, B0GXYXSN78, B0DG8FQLP5, B0H995KLBR, B0DK5C1C58, B0H98VN873, B0DJLMCQS6, B0H98VN875, B0CZQT9Z6F, B0H98S87DR, B0H98TSLJW, B0F996FR4P, B0H9923QZQ, B0H36PFLY1, B0F1CJ239H, B0GXYVCHJ5, B0H98T6GXK, B0H98Z74LS, B0H9968RSK, B0H98PY27L, B0DJLKR1NB, B0D9XB8VTJ, B0H98RPYVJ, B0H98VBHCD, B0D9Y1H775, B0DQXHL5W5, B0GXYT4775, B0DJLMR43X, B0H991W92L, B0DQXBTQP8, B0H98SCWTV, B0H98QLPTC, B0GXYT4776, B0DJLMB2Y1, B0F9DM58PN, B0DQX78NWQ, B0GXYXTFSL, B0DJLMPD94, B0H98XZN6Z, B0H98SCWTL, B0H991VYM4, B0DJLLJVKC, B0F1CJZ3J6, B0F2SKZMMM, B0H98Q1YFL, B0DG8FSDXF, B0CYPGKQJW, B0CZQQD7NJ, B0GXYSTBYF, B0H98Y94YD, B0DG8BC8MR, B0DG8FP9BP, B0H98K6HL1, B0DJLL3RQR, B0H98QPZ3Z, B0F995XX4X, B0H36M764H, B0F9DT3KQR, B0H98TKWC7, B0H98X9FWS, B0DYDBYQBN, B0D4TBN2RD, B0CYPG4983, B0F99BQYWD, B0DJLMLBTT, B0D4TJ7CRS, B0H98YB184, B0H98YMFHF, B0D3GZNMJL, B0H98XCYWH, B0H991JJYT, B0F997VCTS, B0DG8DMR2W, B0GXYYBWSG, B0GXYYZMH9, B0D9MDV9MZ, B0F2SDWPZS, B0F995XX52, B0H98YH4CT, B0F1CHFZZC, B0DJLMYX7Z, B0H98VTKJT, B0GXZ3PM54, B0F9946VBJ, B0G2RMMS9K, B0F99DCYVW, B0H9925NC4, B0DJLL6XDT, B0H98ZD3HY, B0H98ZZSZW, B0CYPBW1SX, B0CZQRC7SY, B0GXYTX4P6, B0H9929K8H, B0DJLM6WYM, B0H98VGJL7, B0GD6YG9BL, B0H98R3LDR, B0GXYYK9ZY, B0DQXCY3WS, B0GT9BHFM2, B0H98YTRZS, B0H98XNLTN, B0DQXCZ455, B0H98R5122, B0CZQSCZ11, B0H98Y71P5, B0H98WBL1J, B0GXYTZTZ7, B0H98R36RF, B0H98VB3MQ, B0H98NVB39, B0H98XT42C, B0H98STQBC, B0GXYV979M, B0F2SL91HW, B0GXYRK2TZ, B0H993SZC6, B0H98ZWMHR, B0H995BF3Y, B0H98W88R6, B0H99BJFJP, B0DG8FQS7F, B0FL6MWZ73, B0G2S1CJ5G, B0F2S4VZ4V, B0H98VVVY7, B0D9X948XX, B0H1WT6L4Y, B0H98LXQ4B, B0H98R3WTS, B0H98Z4QR8, B0H98YTLLZ, B0H98P6Z1H, B0D3H2V14Z]",amzn1.campaign.3BH47QS3OKSZE,Boho Washable NonSlip LowPile Rug Creator Promo-2026/08/14,BESBLEE,2026-08-17,2026-11-23,10.00%,5000.0,5000.0,131,800,false
"[B0GJ54HVQH, B0GDFQ5NTH, B0GJ4Z31GY, B0GDG54GZT, B0GJ5HGDDC, B0CH5HJWYY, B0GDG1Y5V6, B0GJ4Y27BT, B0GDGFV31F, B0GJ5GRZHP, B0GDFYQW1R, B0GDG9MDNL, B0GJ512JS1, B0GDG232KW, B0GF8F73MG]",amzn1.campaign.3OS49V4XERWT1,15%COMM ADJUSTABLE BENCH 21 POSITIONS 1500LB CAPACITY STURDY MOBILE FOLDABLE,HANDBODE,2026-08-17,2027-08-17,15.00%,5000.0,5000.0,116,800,false
"[B0H6P12K7H, B0H6P3D2FC, B0H6NYJBXJ]",amzn1.campaign.26EFJVLRGXPUP,🆕 Just Dropped! BOSTANTEN Patchwork Hobo Bag – Big Savings at Launch 👜,BOSTANTEN,2026-08-17,2027-07-07,10.00%,5000.0,5000.0,107,800,false
"[B0DS2JGVWP, B0GYLPVTCL, B0GYLX6MWB, B0DS2DC53W, B0FNR6LPDN, B0DS2GR2XL]",amzn1.campaign.1449BNPVKFXN4,Wloskance Rolling tote bag,Wloskance,2026-08-17,2026-10-31,15.00%,5000.0,5000.0,72,800,false
[B0CQF8FNW2],amzn1.campaign.CIK93D7IW05N,XINRINTONG 3-Position 5-Terminal Mower Ignition Switch,XINRINTONG,2026-08-17,2026-12-31,10.00%,5000.0,5000.0,92,800,false
[B0GZP2H3M7],amzn1.campaign.2UEA9SLZX5OMC,🔥 15% Premium Commission! Prvite 1800W Standing Steamer,Prvite,2026-08-17,2026-09-16,15.00%,5000.0,5000.0,114,800,false
"[B0FDWN6Y6X, B0F299BH3G, B0GXMQTBC5]",amzn1.campaign.3FEKCZDGYLRIV,Sugarzy+Rainbow Confetti Sprinkle Mix Recommendation- 10% Commission,Sugarzy,2026-08-17,2026-10-31,10.00%,5000.0,5000.0,91,800,false
"[B0GKZXF8NC, B0FWRYPZY7, B0FWRVV6ZX, B0GKZS4YW6, B0FWRZXPQJ, B0FYMMDP1N, B0FYMMYJGZ, B0GQ9ZRB71, B0FWRXN5Q5, B0FWRZ2L12, B0FYMJLG2F, B0FWRZWGRB, B0FWRZTDDT, B0FWRZGSQJ, B0FYMMR53C, B0GKZTF42Z, B0FYMW3P8G, B0FWRYR8Q3, B0FWRTXB3V, B0FWS29GLW, B0FWRWKCH4, B0FWS1MJSC, B0FWRVWJF9, B0FYMM8QXJ, B0FWRWPMTV, B0FWRY9FVY, B0FWRYPDVT, B0FWRYTM3N, B0FYMHBR5J, B0FWRZDVYK, B0FWRX89Q5, B0FWRYXBS1, B0FWRZBVXR, B0FWRZ7TDR, B0FYMPK5SX, B0FWRXZC2D, B0FWRZBVXS, B0FWS1LLK9, B0FWS18Q7L, B0FWRZDM7N, B0GL11946V, B0FYMQ286X, B0FYMH86SK, B0FYMMR81W, B0FYML62NX, B0FYMLS7JY, B0FWRWW9WN, B0FYMJZ1ZT, B0FWS17D1T, B0GL14PRNV, B0FWRTFW97, B0FYMLRZ1L, B0FYMLLVLC, B0FWRZ8LJX, B0FWRYZMKZ, B0FWRY6HV8, B0FWRWH3GJ, B0FWRWG276, B0FWRZWN3R, B0FWRXMV8D, B0GQ9PT2RJ, B0GQ9TNDHT, B0FYMTFSDW, B0GQ9SH6BK, B0FYMGP5RR, B0FWRZQFF9, B0GL11Q6SM, B0FYMR7XC5, B0FWRY8LY7, B0FYMP9L41, B0FYMNPJJY, B0FWRY3PWS, B0FYMFMN9D, B0FYMN4LQF, B0FYMR2YZV, B0FWRYWP51, B0GXL95RQL, B0FYMSSM4B, B0GQ9LW6FV, B0FYMQMSSR, B0FYMJQZ3T, B0FYMLTLBT, B0FYMLVCSQ, B0FWRZTCGW, B0FWRY1GPT, B0FYMQ49P6, B0GQ9J1MRG, B0FYMM5GBJ, B0FYMMYQL5, B0FWRYQ2LH, B0FWRWMDP2, B0FWRX12RN, B0FWRZZXJ8, B0FWRWKQNY, B0FWS2LZ5P, B0FWRYP5W5, B0FYMRDZDT, B0FWRYMLTZ, B0FWRZDC9R, B0FWRZDC9Q, B0FYMNQ1XP, B0FWRXKP79, B0FYMHNJ3M, B0FWRZFL4L, B0FWRXKP77, B0FWS174GH, B0FWRV3YZ9]",amzn1.campaign.1OAPB2SP5RTUZ,B0FWRX9ZB2 10%commission 08-18-09-30,Weripoah,2026-08-18,2026-09-30,10.00%,5000.0,5000.0,83,800,false
[B0DX5RGFV8],amzn1.campaign.340QVLTP7ZKYM,RC581-1 Elegant White Gold Dinnerware Setwith  a BIG 20% DISCUONT,supernal,2026-08-17,2026-09-17,12.00%,5000.0,5000.0,84,800,false
"[B0H2VX4GQH, B0H2W3JXLZ, B0H2VYPRX6, B0H2VZHGVG, B0H2VXKT59, B0H2VT2RGX, B0H2VXR8JJ, B0H2VXKMKL, B0H2VZ6QTL, B0H2VZJCHG, B0H2VVG1D9, B0H2W2X2HP, B0H2VVZQ7S, B0H2W2215C, B0H2W1ZQC9, B0H2VXK4DV]",amzn1.campaign.12KZYEF2X183T,Sisters in Christ Sweatshirt,WIPAEIU,2026-08-17,2026-09-16,10.00%,5000.0,4998.02,79,800,false
"[B0G8J65T24, B0G8J6RKDX, B0FPC1HJZF, B0FPBZFN6R, B0G8JJWG9N, B0G8HWPWT1, B0FPC15YZK, B0FPC15YZJ, B0FPC1CY41, B0FPC1QQVP, B0FPBZ9P38, B0FPC2PMQN, B0G8HMDJX6, B0G8JG7KFP, B0G8JCKXR2, B0G8HZ4328, B0G8J3JWL7, B0FPC1B5DM, B0FPBZKBF1, B0FPBYYSVD, B0FPC17L55, B0FPC2W5F5, B0FPC2P6Q5, B0FPBZK4D3, B0FPC1CYZ5, B0FPC18CVW, B0FPBYZV3L, B0G8JB6FV7, B0FPC199H7]",amzn1.campaign.2R3BWEPJX6QK1,"106g GINGTTO 15% Commission Is So Wild, Even Small Creators Are Cashing In Big",GINGTTO,2026-08-17,2026-11-30,15.00%,5000.0,5000.0,81,800,false
"[B0H98S9Q38, B0GD73JGPV, B0DYD8QB53, B0H98VQYQW, B0H98VTYQ7, B0F997K7PF, B0H98VQCVK, B0D4TJ2M8Y, B0H993DXTH, B0H98Y2GP3, B0GXZ3KXNZ, B0GT961QG1, B0H98TT6K4, B0D9XFRVHH, B0DJLLRCLX, B0D9XZ6T6K, B0H98WWLB4, B0H98TT6K7, B0CYPD5GND, B0F997SYD1, B0H98Y7JW9, B0H98V9ZT3, B0GXYNX6SQ, B0H98TR9F9, B0GXYW2TWS, B0DQXCWMM9, B0D9XPYT43, B0DYCXF1GG, B0H991KXNF, B0D9XLMS45, B0F1CHY49W, B0F9DLPNZN, B0H98X3H1R, B0H98TMT1F, B0D9XVW15W, B0CYPF8J2T, B0DJLMH11J, B0H98QZ3X7, B0H98WTWYY, B0H991RKWL, B0G2S2DVPR, B0CZQQTZ5Q, B0H99271XK, B0F99829D2, B0H98NQGQB, B0GXYXSN78, B0DG8FQLP5, B0H995KLBR, B0DK5C1C58, B0H98VN873, B0DJLMCQS6, B0H98VN875, B0CZQT9Z6F, B0H98S87DR, B0H98TSLJW, B0F996FR4P, B0H9923QZQ, B0H36PFLY1, B0F1CJ239H, B0GXYVCHJ5, B0H98T6GXK, B0H98Z74LS, B0H9968RSK, B0H98PY27L, B0DJLKR1NB, B0D9XB8VTJ, B0H98RPYVJ, B0H98VBHCD, B0D9Y1H775, B0DQXHL5W5, B0GXYT4775, B0DJLMR43X, B0H991W92L, B0DQXBTQP8, B0H98SCWTV, B0H98QLPTC, B0GXYT4776, B0DJLMB2Y1, B0F9DM58PN, B0DQX78NWQ, B0GXYXTFSL, B0DJLMPD94, B0H98XZN6Z, B0H98SCWTL, B0H991VYM4, B0DJLLJVKC, B0F1CJZ3J6, B0F2SKZMMM, B0H98Q1YFL, B0DG8FSDXF, B0CYPGKQJW, B0CZQQD7NJ, B0GXYSTBYF, B0H98Y94YD, B0DG8BC8MR, B0DG8FP9BP, B0H98K6HL1, B0DJLL3RQR, B0H98QPZ3Z, B0F995XX4X, B0H36M764H, B0F9DT3KQR, B0H98TKWC7, B0H98X9FWS, B0DYDBYQBN, B0D4TBN2RD, B0CYPG4983, B0F99BQYWD, B0DJLMLBTT, B0D4TJ7CRS, B0H98YB184, B0H98YMFHF, B0D3GZNMJL, B0H98XCYWH, B0H991JJYT, B0F997VCTS, B0DG8DMR2W, B0GXYYBWSG, B0GXYYZMH9, B0D9MDV9MZ, B0F2SDWPZS, B0F995XX52, B0H98YH4CT, B0F1CHFZZC, B0DJLMYX7Z, B0H98VTKJT, B0GXZ3PM54, B0F9946VBJ, B0G2RMMS9K, B0F99DCYVW, B0H9925NC4, B0DJLL6XDT, B0H98ZD3HY, B0H98ZZSZW, B0CYPBW1SX, B0CZQRC7SY, B0GXYTX4P6, B0H9929K8H, B0DJLM6WYM, B0H98VGJL7, B0GD6YG9BL, B0H98R3LDR, B0GXYYK9ZY, B0DQXCY3WS, B0GT9BHFM2, B0H98YTRZS, B0H98XNLTN, B0DQXCZ455, B0H98R5122, B0CZQSCZ11, B0H98Y71P5, B0H98WBL1J, B0GXYTZTZ7, B0H98R36RF, B0H98VB3MQ, B0H98NVB39, B0H98XT42C, B0H98STQBC, B0GXYV979M, B0F2SL91HW, B0GXYRK2TZ, B0H993SZC6, B0H98ZWMHR, B0H995BF3Y, B0H98W88R6, B0H99BJFJP, B0DG8FQS7F, B0FL6MWZ73, B0G2S1CJ5G, B0F2S4VZ4V, B0H98VVVY7, B0D9X948XX, B0H1WT6L4Y, B0H98LXQ4B, B0H98R3WTS, B0H98Z4QR8, B0H98YTLLZ, B0H98P6Z1H, B0D3H2V14Z]",amzn1.campaign.3EB7K6RVX428L,Boho Washable NonSlip LowPile Rug Creator Promo-2026/08/14,BESBLEE,2026-08-17,2026-11-22,10.00%,5000.0,5000.0,133,800,false
[B0HF4319V9],amzn1.campaign.Y1OU734EEMDG,"Hot items are coming! HNVHNV tablet set, 40% super high commission!",HNVHNV,2026-08-17,2026-09-16,40.00%,5000.0,5000.0,98,800,false
[B0CSPDJ77L],amzn1.campaign.29V6SYDYBDF58,XINRINTONG 42-Piece Thread Checker Set - Red,XINRINTONG,2026-08-17,2026-12-31,10.00%,5000.0,5000.0,87,800,false
"[B0GCMGMPVR, B0GCM4JK4H, B0H27VC7SS]",amzn1.campaign.11EVYZ18MJ4SY,VELOHEIM Bamboo Bathtub Side Table,VELOHEIM,2026-08-17,2027-08-17,15.10%,10000.0,10000.0,78,800,false
"[B0H6P12K7H, B0H6P3D2FC, B0H6NYJBXJ]",amzn1.campaign.1G4DRB8SQNQYZ,🎉 New Arrival Alert! BOSTANTEN Suede Hobo Bag – Launch Discount Coming Soon!,BOSTANTEN,2026-08-17,2027-07-06,10.00%,5000.0,5000.0,107,800,false
[B0GGQY9Z7G],amzn1.campaign.2VE1A50E4SQRN,Sugarzy+Spider-Man Themed Sprinkles Recommendation-10% Commission,Sugarzy,2026-08-17,2026-10-31,10.00%,5000.0,5000.0,89,800,false
"[B09JP1G67S, B0BKFT9PB9, B07WNPG4K1, B0FXGK3HPS, B0FXGGF1MD, B0DMP5CXMH, B0FXGGJ35H, B0DMNZ6PC4, B07WVPBTVY, B07WWT6TYV, B07WVPJYHK, B09JNZJ893, B09SW6ZPGF, B09SW5MDNZ, B0DMP5XS72, B0C7KTCRMQ, B0FXGJL2TN, B0FXGKW4ZC, B0CLY5B3BT, B0FXG9NDDH, B0C7KSGBNG, B0FXGLPNY3, B0DMP35CFS, B09JP1ZT23, B0FXGKD33S, B07WTL5SWJ, B0FXGJG1ND, B0FXGQ7W93, B0B8YXVL1N, B0CLYBRKB7, B0FXGMPHGB, B0FXGHMZNB, B0DMP4QP9D]",amzn1.campaign.38YPMMINBQH4A,"⭐ Promote SANSTHS Women Leather Belt, 12% Comm + Free Sample!!! 296",SANSTHS,2026-08-17,2026-10-17,12.00%,8000.0,7998.32,81,800,false
[B0GYWX9S2L],amzn1.campaign.2DGOBPWK48UMQ,kids bento box,SHANHUJING,2026-08-17,2026-09-30,20.00%,5000.0,5000.0,114,800,false
"[B0CX8QNRHH, B0CX7WGKSM]",amzn1.campaign.36WHLI7AEU6MW,"8.14 Limited time: 10% off | 10-15% Commission, Higher Rate for Bulk Sales 🤝",KPWACD,2026-08-17,2026-09-18,10.00%,5000.0,5000.0,118,800,false
"[B0HC7M7TRP, B0HC7CWB2L, B0HC7BJTVZ]",amzn1.campaign.36S03MKD44DSN,Collaboration Opportunity: Feature Our 47.2” Home Office Desk--20% Commission,Vlsrka,2026-08-17,2026-10-31,20.00%,5000.0,4640.0,61,800,false
"[B0CX8QNRHH, B0CX7WGKSM]",amzn1.campaign.1I1OBXGEQMQNW,"8.14 Limited time: 10% off | 10-15% Commission, Up to 20-30% for 20 Daily Sales",KPWACD,2026-08-17,2026-09-17,10.00%,5000.0,5000.0,124,800,false
"[B0GKGGXKR1, B0GKGR7YPD, B0GKGM362Y, B0GKGHQJ1M, B0GKGHVBRN, B0GKGN7DD1, B0GKGKRTJH, B0GKGN1DWR, B0GKGB8JMH, B0GKGPZGD4, B0GKGVWCW4, B0GKGVVQKW, B0GKGMZ6QC]",amzn1.campaign.14OX3QC96BM0F,WV-010-009-创作者影响计划-0813-14.4%-03-68/348,MolyPark,2026-08-24,2026-10-04,14.40%,5000.0,5000.0,130,800,false
"[B0CX8QNRHH, B0CX7WGKSM]",amzn1.campaign.2FHBGNQOS5387,"8.14 Hot New Product | 10-15% Commission, Limited time: 10% off",KPWACD,2026-08-17,2026-09-16,10.00%,5000.0,5000.0,127,800,false
"[B0H6P12K7H, B0H6P3D2FC, B0H6NYJBXJ]",amzn1.campaign.15S79F2I4HAHD,"👜 BOSTANTEN Suede Hobo Bag – 2 Looks, 1 Bag! New Deals Soon 🎉",BOSTANTEN,2026-08-17,2027-07-05,10.00%,5000.0,5000.0,106,800,false
"[B0CJPNR44S, B0CB86M3MW, B0FK3DD37V, B0FK3B631D]",amzn1.campaign.3OINUH54P5GWO,易拉扣,COOKOOKY,2026-09-05,2027-09-05,10.00%,5000.0,5000.0,87,800,false
"[B0DDPXD2F5, B0DDPWR1RW]",amzn1.campaign.8AENOV4NYQSD,JCWQH0814,COLSUR,2026-08-17,2026-10-16,10.00%,5000.0,5000.0,98,800,false
"[B0FJ8CFMG5, B0H1HQ15CQ, B0F293NZ8Y, B0FLQ7RTWX, B0FLQ8D34P, B0H4LGWL17]",amzn1.campaign.2J8ZECMTBSOTC,Sugarzy+Frozen/Ice Princess Themed Sprinkle Mix Recommendation- 10% Commission,Sugarzy,2026-08-17,2026-10-31,10.00%,5000.0,5000.0,91,800,false
[B0GX6S6P5X],amzn1.campaign.3JB83ZUV27PH2,Coffee Machine Cleaner & Descaler Tablets—24 Pack for One-year Supply,EKoBRIT,2026-08-17,2026-09-16,10.00%,10000.0,9531.54,27,800,false
"[B0GKGGXKR1, B0GKGR7YPD, B0GKGM362Y, B0GKGHQJ1M, B0GKGHVBRN, B0GKGN7DD1, B0GKGKRTJH, B0GKGN1DWR, B0GKGB8JMH, B0GKGPZGD4, B0GKGVWCW4, B0GKGVVQKW, B0GKGMZ6QC]",amzn1.campaign.2OKV4VUK0GF83,WV-010-009-创作者影响计划-0813-13.4%-03-68/348,MolyPark,2026-08-19,2026-10-04,13.40%,5000.0,5000.0,132,800,false
"[B0H98S9Q38, B0GD73JGPV, B0DYD8QB53, B0H98VQYQW, B0H98VTYQ7, B0F997K7PF, B0H98VQCVK, B0D4TJ2M8Y, B0H993DXTH, B0H98Y2GP3, B0GXZ3KXNZ, B0GT961QG1, B0H98TT6K4, B0D9XFRVHH, B0DJLLRCLX, B0D9XZ6T6K, B0H98WWLB4, B0H98TT6K7, B0CYPD5GND, B0F997SYD1, B0H98Y7JW9, B0H98V9ZT3, B0GXYNX6SQ, B0H98TR9F9, B0GXYW2TWS, B0DQXCWMM9, B0D9XPYT43, B0DYCXF1GG, B0H991KXNF, B0D9XLMS45, B0F1CHY49W, B0F9DLPNZN, B0H98X3H1R, B0H98TMT1F, B0D9XVW15W, B0CYPF8J2T, B0DJLMH11J, B0H98QZ3X7, B0H98WTWYY, B0H991RKWL, B0G2S2DVPR, B0CZQQTZ5Q, B0H99271XK, B0F99829D2, B0H98NQGQB, B0GXYXSN78, B0DG8FQLP5, B0H995KLBR, B0DK5C1C58, B0H98VN873, B0DJLMCQS6, B0H98VN875, B0CZQT9Z6F, B0H98S87DR, B0H98TSLJW, B0F996FR4P, B0H9923QZQ, B0H36PFLY1, B0F1CJ239H, B0GXYVCHJ5, B0H98T6GXK, B0H98Z74LS, B0H9968RSK, B0H98PY27L, B0DJLKR1NB, B0D9XB8VTJ, B0H98RPYVJ, B0H98VBHCD, B0D9Y1H775, B0DQXHL5W5, B0GXYT4775, B0DJLMR43X, B0H991W92L, B0DQXBTQP8, B0H98SCWTV, B0H98QLPTC, B0GXYT4776, B0DJLMB2Y1, B0F9DM58PN, B0DQX78NWQ, B0GXYXTFSL, B0DJLMPD94, B0H98XZN6Z, B0H98SCWTL, B0H991VYM4, B0DJLLJVKC, B0F1CJZ3J6, B0F2SKZMMM, B0H98Q1YFL, B0DG8FSDXF, B0CYPGKQJW, B0CZQQD7NJ, B0GXYSTBYF, B0H98Y94YD, B0DG8BC8MR, B0DG8FP9BP, B0H98K6HL1, B0DJLL3RQR, B0H98QPZ3Z, B0F995XX4X, B0H36M764H, B0F9DT3KQR, B0H98TKWC7, B0H98X9FWS, B0DYDBYQBN, B0D4TBN2RD, B0CYPG4983, B0F99BQYWD, B0DJLMLBTT, B0D4TJ7CRS, B0H98YB184, B0H98YMFHF, B0D3GZNMJL, B0H98XCYWH, B0H991JJYT, B0F997VCTS, B0DG8DMR2W, B0GXYYBWSG, B0GXYYZMH9, B0D9MDV9MZ, B0F2SDWPZS, B0F995XX52, B0H98YH4CT, B0F1CHFZZC, B0DJLMYX7Z, B0H98VTKJT, B0GXZ3PM54, B0F9946VBJ, B0G2RMMS9K, B0F99DCYVW, B0H9925NC4, B0DJLL6XDT, B0H98ZD3HY, B0H98ZZSZW, B0CYPBW1SX, B0CZQRC7SY, B0GXYTX4P6, B0H9929K8H, B0DJLM6WYM, B0H98VGJL7, B0GD6YG9BL, B0H98R3LDR, B0GXYYK9ZY, B0DQXCY3WS, B0GT9BHFM2, B0H98YTRZS, B0H98XNLTN, B0DQXCZ455, B0H98R5122, B0CZQSCZ11, B0H98Y71P5, B0H98WBL1J, B0GXYTZTZ7, B0H98R36RF, B0H98VB3MQ, B0H98NVB39, B0H98XT42C, B0H98STQBC, B0GXYV979M, B0F2SL91HW, B0GXYRK2TZ, B0H993SZC6, B0H98ZWMHR, B0H995BF3Y, B0H98W88R6, B0H99BJFJP, B0DG8FQS7F, B0FL6MWZ73, B0G2S1CJ5G, B0F2S4VZ4V, B0H98VVVY7, B0D9X948XX, B0H1WT6L4Y, B0H98LXQ4B, B0H98R3WTS, B0H98Z4QR8, B0H98YTLLZ, B0H98P6Z1H, B0D3H2V14Z]",amzn1.campaign.3E6WUGNLKG98A,Boho Washable NonSlip LowPile Rug Creator Promo-2026/08/14,BESBLEE,2026-08-17,2026-11-21,10.00%,5000.0,5000.0,134,800,false
[B0DF2G676H],amzn1.campaign.19SW5NSD3X0KD,XINRINTONG 42-Piece Thread Checker Set - Black,XINRINTONG,2026-08-17,2026-12-31,10.00%,5000.0,5000.0,86,800,false
"[B0FBKYJF8Y, B0CL352KVZ, B0CL3571TZ, B0CL352XQ1, B0FRSX7P8C, B0CL35NJB5, B0CL357143, B0FCMYHX15, B0FCMXFHSB, B0CH1G5RDB, B0CGVKH4WJ, B0C62HZ9VC, B0GCZRH1NM, B0CL346MJK, B0GCZPBCJR, B0GCZPT4X8, B0C62LC78H, B0GCZSQXF5, B0CL35QRXB, B0GCZLC6N8, B0G5JLMDFJ, B0CL351ZXG, B0GD195MXL, B0CGVLBKKT, B0FCN18RKY, B0CL3487J4, B0G4XBXM7Y, B0GD12X51Z, B0FCMXNGHF, B0CL34L8PS, B0GCZZN2R6, B0CL35TXKJ, B0FCMWLN7Q, B0GCZRYTP7, B0CL35RLKY, B0CL35DC2S, B0CL35PQKZ, B0CL34MBC5, B0CL35BNNW, B0FCMVFPXG, B0CL36M876, B0CL35LLNK, B0FRSXQSCB, B0CL329MWD, B0GCZV5SZQ, B0CL323B18, B0FRSYM4DC, B0FCMZDG2P, B0CGVLZM8K, B0CL3567FJ, B0CL34JLQ3, B0FBL8SMW6, B0FBL8KZGK, B0CL32HSTX, B0CL354TDN, B0CXN2KQRG, B0CL34VVPG, B0CL35NCF3, B0CL3568XK, B0CL354S2F, B0CGVJ4VML, B0CL35KFG3, B0GD19H6WY, B0CL36CZJH, B0C62HMJJL, B0GCZRCVS7, B0GD12H39Y, B0CGVL4MCH, B0GD11GVMW, B0CL3444CG, B0CL35GJJ7, B0CL35C81M, B0CL34Q1WH, B0CL35TS66, B0CL35W886, B0GD18WHZ1, B0CL35HPS2, B0FCMYQN81, B0GCZTBP2D, B0CL35BG3G, B0CL3588DB, B0FBL14H9R, B0CL34QDMF, B0CL35BDMZ, B0GCZTWW21, B0FCN1CRZW, B0CL35HXSC, B0CL352SJY, B0CGVLSMJK, B0G5JSWGYD, B0FBL166SL, B0CL35JS4X, B0CL34F5RB, B0GD17VN5M, B0CL34MLJQ, B0CL357VCB, B0CL34DJ12, B0G5JP8RQR, B0CL35HXF8, B0CL34PX8B, B0CL35D2WN, B0CL341MPC, B0CL35TKWN, B0CL34Z3CQ, B0CL351W7J, B0CL365H11, B0CL351W7T, B0CL3468H1, B0CGVLGQ5W, B0GD132Z9L, B0CL34ZTTX, B0GD14DYFL, B0CL34MLJW, B0CL35Q791, B0CL34S6N4, B0CL34ZMW9, B0CL35LNV5, B0CL34P9LS, B0GCZV898N, B0CL349WLJ, B0FCN29ZFC, B0CL356KBL, B0FCMVJFBL, B0CL34K3QB, B0CL35N97W, B0CGVL6YB6, B0GCZXQR74, B0CL34S26Z, B0CH1FLTGX, B0CL35G4RZ, B0GCZTFX1Z, B0CL35H6SX, B0CGVLF4YK, B0CL34H8CB, B0CXN3D2G9, B0CL34XBH4, B0CL35G4RS, B0CL34H3J4, B0GD128B2F, B0CL35LZPH, B0CL35PQ26, B0CL35W3S6, B0CL34NJ66, B0FBL7Z426, B0CL35DP3M, B0CL34VGHX, B0CL35DP3J, B0CL35DP3H, B0CL34NJ62, B0CGVKPLH6, B0CL34JR1K, B0CGVK22MN, B0CL34DFM2, B0CL34B7CV, B0CL351MF8, B0FCMX8TL5, B0CL353FRH, B0CL35NCL7, B0FCMR9M11, B0GD13DL5J, B0CL35P6NP, B0CL34QSPJ, B0CL352N5R, B0CL369JNF, B0GCZQBR6K, B0FBKZR23Z, B0CL34JTX1, B0GCZTHJNJ, B0CL34VDTC, B0CL35399R, B0CL34DFM4, B0CL35MGYW, B0GCZLJRTX, B0CL361YTQ, B0CL34MW4F, B0CL35PQ29, B0CL35Q8NT, B0FCN1FM4M, B0G4XCXXH5, B0CL35PQ2F, B0CL34XX62, B0CH1GM3KN, B0CL35K3G8, B0CL33Y36D, B0CL365183, B0CL362B1Z, B0GD13JTT3, B0CGVKH5CW, B0CL354WSB, B0CL35B2PG, B0CL36113W, B0CL35WQNT, B0FBL1W3B6, B0CL3568QJ, B0CL353KP1, B0FCMZ5N64, B0CL35XWJ3, B0CL3568QG, B0G5JL6ZBV, B0CL3567P1, B0FBL8FYF4, B0CL3224PS, B0CL34LHJX, B0CL3567NX, B0C62DC93P, B0GCZPBKNJ, B0CL35NP9V, B0FBL8WBV8, B0FBKXJ6ZQ, B0GCZS7G3F, B0CL34Y4NT, B0CL35FJVW, B0CL36TN74, B0CL3592N7, B0FCMVF1RM, B0CL355X3G, B0GCZMW4LT, B0CL34H75P, B0GD1BQ4B4, B0CL34LCB7, B0FBL8WH22, B0GCZX984S, B0FCN267WX, B0CGVKPPKS, B0G4XD42Z5, B0CL36TN71, B0CL35XPNC, B0CL35D7GW, B0CL35H1PK, B0GD1718PV, B0FCMZPNY5, B0GCZLGDW6, B0CL35PQ7B, B0CL34W7L2, B0CL34W7L3, B0FRSZSTYR, B0GCZSXZW8, B0CL3467LZ, B0CL345C6W, B0G4XFNVHK, B0GD14FZKR, B0FCMRC1ZF, B0CL35N6Z3, B0CL35FSXX, B0CL35V1GM, B0CL35QRX9, B0CL341WKT, B0CL357T7Y, B0CGVJJTBT, B0GD147J7G, B0FBL7W1SW, B0CL347M5P, B0G4XD3GTS, B0CL35Q8S5, B0FBKZRD4X, B0CL3552KS, B0FCN1B5MT, B0CL34WFZF, B0GD12RVX6, B0CL34BDCK, B0CL3588NJ, B0CL34THWD, B0CL35KNPC, B0CGVJV644, B0CL34MWYR, B0CL35BJD2, B0CGVLNTNR, B0CL34LRR5, B0CH1D6YTH, B0CL368SFB, B0CL34DKKS, B0CL33XSLJ, B0CL35NHKV, B0CL35F7RK, B0CXN1P14C]",amzn1.campaign.10Y06OQLXHP3F,Silk Scarf head scarf 10% commission The event is valid for a long time,CODCOS,2026-08-17,2027-06-02,10.00%,5000.0,5000.0,81,800,false
"[B0H6P12K7H, B0H6P3D2FC, B0H6NYJBXJ]",amzn1.campaign.HPQOFCVGVUZ9,🎒 Say Hi to Your New Bag! BOSTANTEN Hobo Bag Big Launch Sale Coming!,BOSTANTEN,2026-08-17,2027-07-04,10.00%,5000.0,5000.0,108,800,false
"[B0BM3WYSB7, B0GVNHWV8Q, B0CTHTFNXZ, B0BW3WZCPD]",amzn1.campaign.7VEFGLQ9RX23,Legging Organizer for Closet & Earn 10% Commission!,ORROENS,2026-08-17,2026-09-30,10.00%,5000.0,4486.41,55,800,false
"[B0GV2TTXKP, B0GV36CSPM, B0GV3CRX73, B0GCC2G8BD, B0GCBJBVR5, B0GC9681CZ, B0GV36B73G, B0GCBJZM8Q, B0GV3H46WM, B0GC965V1H, B0GV335PND, B0GCBM6DX3, B0GV32FW4P, B0GV2ZPGGT, B0GV333V7F, B0GC9NNTJC, B0GCCW182B, B0GV3BDZX9, B0GCCCCZWW, B0GV38FHJV, B0GCCK2QHR, B0GCBLWLQ6, B0GC8WK7CX, B0GV3BM1XK, B0GCBJJC4W, B0GC9S2XMG, B0GCBWZ6B1, B0GCCCKQ5K, B0GCCL63BN, B0GC9S21M9, B0GV3D8SV3, B0GV3C72X9, B0GV2ZJFSD, B0GV36DDRV, B0GC9N8N1J, B0GCBM3ZQX, B0GV3V12LR, B0GCBYB9WQ, B0GCB3V834, B0GCCJZSJY, B0GV3DQL8X, B0GC96K89T, B0GV36HFG4, B0GV2WZRD9, B0GC9P5FWK, B0GV316PRV, B0GCC2HSCM, B0GCC7QF4F, B0GV3JLN4Q, B0GCD665WR, B0GV35QR5Z, B0GV32ZK8N, B0GV2ZP5FY, B0GCB413H5, B0GC8W9612, B0GCBWTFKZ, B0GCBK11QY, B0GCCSJ6MT, B0GC9P3TGX, B0GCB3SGVH, B0GV2XVD5R, B0GCBMNC78, B0GV35S2NF, B0GV2XGJ14, B0GCBM15FL, B0GC966GT5, B0GV34MHZB, B0GV33RNWZ, B0GCBX1FLG, B0GV36JJCM, B0GV32FJ8X, B0GCDK1GQM, B0GV35JBPW, B0GV39MDP6, B0GC9RFB21, B0GCBMBM21, B0GCB3YK5D, B0GC97YHM8, B0GV33D6FL, B0GCC1TW5N, B0GV2VFDWB, B0GC9RLZJK, B0GCD656PV, B0GCC824XD, B0GV33HLNJ, B0GV35Y2SL, B0GCCSDDYB, B0GV2ZMG17, B0GC95SRXC, B0GV2X4D2L]",amzn1.campaign.19CCMXN5N3F2B,hdp 330-3组---Totatuit Women Wide Straps Ribbed Tank Top-10%,Totatuit,2026-08-17,2027-08-09,10.00%,5000.0,4998.0,101,800,false
[B0GCY69QCL],amzn1.campaign.2VOCBRS4WHUTV,VELOHEIM Bamboo Squat Toilet Stool,VELOHEIM,2026-08-17,2027-08-17,15.10%,10000.0,10000.0,85,800,false
"[B0FK4H7YSM, B0DGD6F28P]",amzn1.campaign.DFST6DU3C2FM,"9FT Artificial Norfolk Pine Garland, Real Touch Greenery Christmas Garlands",LWuuywa,2026-08-17,2027-08-17,10.00%,5000.0,4989.5,61,800,false
[B0DLGSQJYN],amzn1.campaign.3VTYYRDM2SV39,🔥10% commission + 3K + monthly sales + Rechargeable Brightest Headlamp🔥,FINICO,2026-08-18,2026-09-18,10.00%,10000.0,10000.0,138,800,false
"[B0FS631B17, B0DFTCQ25Z, B0DFTG9WHW, B0G43B7TBH, B0DFS4SNF4, B0DFTVX3HQ, B0DFTTJN1T, B0FS5RMFW1, B0DFT13X77, B0FL2H5235, B0G43BFHCS, B0DFTHFRP7, B0F2F8NRDL, B0DFTGBKYR, B0FS5MNSTF, B0G43D21FY, B0FS5LSN2J, B0DFTPQQTH, B0FGTSGYXN, B0FL2BGL3R, B0G438XQ4P, B0DFTTHZ2G, B0FL2C9YTB, B0DFTF3H91, B0FS5K7QPL, B0DFT5TPV9, B0G436T1R7, B0DFTJRFQ5, B0FS597LWQ, B0FS5JD11J, B0FS5W6VZV, B0G43F3Q8H, B0DFT5GG9H, B0DTJXL21K, B0G439KBBQ, B0F2F6TP9D, B0G436F886, B0F2F8913T, B0G43F7JNX, B0FS637TML, B0DPQKSZT2, B0DWJVPLX4, B0FS5TY1TL, B0DFSX41N6, B0G4398P7B, B0FGTT1P18, B0FL2DW224, B0DFTJ9WLH, B0FS5P59L4, B0FL2DXV68, B0FGTN5KJD, B0DFT3MSGV, B0DFTG9GJM, B0FL29FB5N, B0G43DZQ82, B0FGTS6LNT, B0FS5QFTB6, B0DFTJC37K, B0G43DK4P8, B0F2FBRP57]",amzn1.campaign.I6847EB0YTIE,⭐ Top-Rated Women Wide Elastic Belts - 12% Commission & Free Sample !! 6243,SANSTHS,2026-08-17,2026-10-17,12.00%,8000.0,8000.0,89,800,false
"[B0GFWF3QHB, B0GFWGDSNM, B0GY47PH4G, B0GL85W8T7, B0H3L2312M, B0GY44F7T5, B0GL8B8CZH, B0H39MQR57, B0H3KXFVGL, B0GPVJ6PQR, B0GFWG54NC, B0GL8CXFYZ, B0H3KQV41N, B0GFW711HD, B0GL8HZVZS, B0GL83YMMM, B0GFW2D4QV, B0GFWG2QQ2, B0GPVXZS76, B0GFWNL7VY, B0GL8DT6KD, B0GFW939Q4, B0H3KXKLT5, B0GPVB41G4, B0GL7WM82D, B0H3KW7QVQ, B0GLMG5SJ4, B0GL8C8ZGB, B0GPVPXV61, B0GFW9VB58, B0H3KT5HGJ, B0H39GH35Z, B0GFWCTM81, B0GY4HSL35, B0GL86DCHD, B0GY42HS3B, B0GY43QVNR, B0GFWGTYMX, B0GFWKFCRP, B0GY436K4Y, B0GL82CCYM, B0H39B3HXV, B0GY4BCKCJ, B0GY481T5V, B0GY3YXPTP, B0GY4972S1, B0GLMH1KZ3, B0H39HYBWC, B0GFWCHF4Q, B0H3KXBNMV, B0GY454Z8C, B0GFW24C2D, B0GLMNRDLY, B0GFWK7H1H, B0GFW9L33M, B0H3KWLQ7T, B0GL893H7S, B0GFWD5NM6, B0H3KZGF83, B0GFWDS3PV, B0GL8KBP2H, B0H39F65RR, B0H3KY4S7N, B0GY441N7V, B0GFW5RKS1, B0GFW9GF39, B0GLN8M1HW, B0GFW7ZW95, B0GFW5VSK2, B0GFWN6NPN, B0GFW1XM26, B0GFWDS3QP]",amzn1.campaign.1B941UUE7NG1K,011 897 ALL 10,EZBELLE,2026-08-17,2026-09-19,10.00%,5000.0,4994.51,79,800,false
"[B0BXXK36RQ, B0F1FQF82N, B0GYJ6WSXY, B0BN3M6MRX, B0CH9Y5GD1, B0GYJ7F8RG, B0B396LHSP, B0GYJ561BF, B0GYJHNC2D, B0GYJF3GJ6, B0B3953Q27, B0GYJ355DT, B0BN3RXYKQ, B0C54TZWC5, B0CGXCGW4K, B0C54WT447, B0DFGMPQBH, B0DFGFVQB5, B0B3954RYC, B0CNZT52JL, B0B396GCQ3, B0F5QHT4VP, B0CLRXGDRB, B0GYJC1MVJ, B0CH9Z8P9L, B0F5QHSZCS, B0GYJBY8ZL, B0F1FP822X, B0GYJ7BCCF, B0CH9XW1WD, B0CNZSVLNJ, B0DFG4P7H9, B0GYJ7MYN2, B0CH9ZQ76T, B0FHPWYVG8, B0B8ZL5YJV, B0BMVG6QD9, B0GYJB8Q5Y, B0CH9YB9Y7, B0GYJDN38W, B0GYJJZXSH, B0FX2QH8PY, B0GYJ91NF2, B0FX2PJ479, B07ZYSRFC5, B0C54W6Q48, B0BXXLC5TZ, B0GYHYCQRS, B0FHQ4DZY8, B0GYJ3HZSW, B0BXXHR2SZ, B0B394VYDF, B0C54Z8YX4, B0C54VZL2P, B0CNZSYQJF, B0CH9WRXQR, B0GYJ5HS9G, B0BXXL5ZVW, B0DFGHT72X, B0C54VNR1K, B0CH9YBM1X, B0FHQ1GRGK, B0GYJ8TPT1, B0C54Y624C, B0GYHY2SR4, B0B8ZKB1T8, B0FHQ26QB9, B0GYJB3VDX, B0BXXGN32Z, B0GYHY2SR3, B0B8ZGYLVV, B0GYJJZV4M, B0F1FP74B1, B0BYV2L6ZC, B0F1FQV1JX, B0GYJD9P69, B0CNZT7LQ9, B0GYJJVBJ3, B0GYJBM56L, B0GYJ93RVG, B0B92N1NRH, B0FHQ36CJT, B0BXXH4231, B0CLRY9T2T, B0GYJ7VBRP, B0B8ZK1FXF, B0GYHYDMZF, B0B395L555, B0F5QHHB9D, B0C54WY1CL, B0CLRXBK2D, B0GYJ5MCNL, B0BXXF8P4F, B0B4JXYT6D, B0B8ZG885R, B0C54W543H, B0BXXT486H, B0CNZTBX1L, B0DFG3YY8C, B0BXXK6TXN, B0BMVFH8DJ, B0DFGVFDBC, B0B8ZMMBNR, B0F5QK5SPB, B0F1FQMJ4S, B0CLRWS115, B0CGXB1M9J, B0BN3S8W6S, B0GYJ65Z5J, B0BMVCN4F2, B0BN3MH8X7, B0B398RQG7, B0C54Y1G6N, B0BXXPF6T5, B0GYJGDGZ6, B0DFGDXD5C, B0CLRX4RZ7, B0C54X5QKJ, B0GYJ4DKV7, B0B39724ZF, B0B3929LFQ, B0C54XMJMZ, B0GYJ7FKZS, B0BYV51JFM, B0CLRWFDDB, B0GYJ49MZX, B0CNZTGYDR, B0CNZS7FKP, B0FHQ2JN2J, B0FHQ2SWV2, B0CYZTH4M8, B0CH9Y8YLW, B0CGXBKMC9, B0BYV3N6JG, B0C54WXFB6, B0GYJ5TPLX, B0GYJ9YDDC, B0BXXGGK4C, B0F1FQSF25, B0B3987XGT, B0B92CMHQT, B0BXXRB9V4, B0FX2NGBPD, B0FHQ4DRV3, B0CLRVKLWF, B0B4JXDDSL, B0C54WYS8S, B0B8ZGV94G, B0GYJBJ8YK, B0GYJ8ZYFV, B0FHPTZDDX, B0FHQ1X4VF, B0FGQ4ZP1Q, B0BMVDW1RS, B07ZYTXFL9, B0BYV4JT4M, B0FX2PDX8Q, B0GYJ4WZ43, B0FHPXV4P8, B0DFG6F168, B0GYJ6Z19D, B0F1FPNX6J, B0GYJH3ZG2, B0CJBWG6XB, B07ZYRRTQY, B0CLRWMZHD, B0GYJGSZT8, B0BMVCYB9D, B0C54WK9Q7, B0FX2QLLVL, B07ZYTMHGM, B0FX2MBHNK, B0F5QHQ3XD, B0F5QJCTQZ, B0GYJ7Y4W2, B0FHQ264N1]",amzn1.campaign.1POVZTHAMP754,🏆 4.5★ & 5K+ SOLD – 12% on JASGOOD Skinny Leather Belt Set,JASGOOD,2026-08-17,2026-12-31,12.00%,29864.66,29864.66,62,800,false
"[B0H45JWNLC, B0HCYT28WY]",amzn1.campaign.3UNSVC9LGW62N,"15%COMM - FOLDABLE, NO ASSEMBLY, 5 ANGLES, 660LB CAP, STURDY INCLINE BOARD",HANDBODE,2026-08-17,2027-08-17,15.00%,5000.0,5000.0,115,800,false
"[B0HBB5GLSW, B0HB9S73KX, B0HBB3X8HP, B0HBB4F1X1, B0HBB565XV, B0HB9XJ2D2, B0HB9W9FJD, B0HBBCBG3X, B0HBB8G85C, B0HB9RJW6S, B0HBB52VBD, B0HB9WDYVX, B0HB9YX4GJ, B0HB9V12L1, B0HB9VX2HH, B0HBB2NPBG, B0HBB1SC6T, B0HBB8Y68X, B0HBB2NSJ6, B0HB9RMZ32, B0HBB6Q7MR, B0HBB7QXRF, B0HBB6WM71, B0HB9YG9NX, B0HBB3HCGN, B0HB9XQHK6]",amzn1.campaign.12DTAOMJCL1PI,Elspeth 3CT Bezel Radiant Cut Engagement Ring | Earn 15% Commission,ELSPETH,2026-08-17,2027-08-17,15.00%,10000.0,10000.0,60,800,false
"[B0H98S9Q38, B0GD73JGPV, B0DYD8QB53, B0H98VQYQW, B0H98VTYQ7, B0F997K7PF, B0H98VQCVK, B0D4TJ2M8Y, B0H993DXTH, B0H98Y2GP3, B0GXZ3KXNZ, B0GT961QG1, B0H98TT6K4, B0D9XFRVHH, B0DJLLRCLX, B0D9XZ6T6K, B0H98WWLB4, B0H98TT6K7, B0CYPD5GND, B0F997SYD1, B0H98Y7JW9, B0H98V9ZT3, B0GXYNX6SQ, B0H98TR9F9, B0GXYW2TWS, B0DQXCWMM9, B0D9XPYT43, B0DYCXF1GG, B0H991KXNF, B0D9XLMS45, B0F1CHY49W, B0F9DLPNZN, B0H98X3H1R, B0H98TMT1F, B0D9XVW15W, B0CYPF8J2T, B0DJLMH11J, B0H98QZ3X7, B0H98WTWYY, B0H991RKWL, B0G2S2DVPR, B0CZQQTZ5Q, B0H99271XK, B0F99829D2, B0H98NQGQB, B0GXYXSN78, B0DG8FQLP5, B0H995KLBR, B0DK5C1C58, B0H98VN873, B0DJLMCQS6, B0H98VN875, B0CZQT9Z6F, B0H98S87DR, B0H98TSLJW, B0F996FR4P, B0H9923QZQ, B0H36PFLY1, B0F1CJ239H, B0GXYVCHJ5, B0H98T6GXK, B0H98Z74LS, B0H9968RSK, B0H98PY27L, B0DJLKR1NB, B0D9XB8VTJ, B0H98RPYVJ, B0H98VBHCD, B0D9Y1H775, B0DQXHL5W5, B0GXYT4775, B0DJLMR43X, B0H991W92L, B0DQXBTQP8, B0H98SCWTV, B0H98QLPTC, B0GXYT4776, B0DJLMB2Y1, B0F9DM58PN, B0DQX78NWQ, B0GXYXTFSL, B0DJLMPD94, B0H98XZN6Z, B0H98SCWTL, B0H991VYM4, B0DJLLJVKC, B0F1CJZ3J6, B0F2SKZMMM, B0H98Q1YFL, B0DG8FSDXF, B0CYPGKQJW, B0CZQQD7NJ, B0GXYSTBYF, B0H98Y94YD, B0DG8BC8MR, B0DG8FP9BP, B0H98K6HL1, B0DJLL3RQR, B0H98QPZ3Z, B0F995XX4X, B0H36M764H, B0F9DT3KQR, B0H98TKWC7, B0H98X9FWS, B0DYDBYQBN, B0D4TBN2RD, B0CYPG4983, B0F99BQYWD, B0DJLMLBTT, B0D4TJ7CRS, B0H98YB184, B0H98YMFHF, B0D3GZNMJL, B0H98XCYWH, B0H991JJYT, B0F997VCTS, B0DG8DMR2W, B0GXYYBWSG, B0GXYYZMH9, B0D9MDV9MZ, B0F2SDWPZS, B0F995XX52, B0H98YH4CT, B0F1CHFZZC, B0DJLMYX7Z, B0H98VTKJT, B0GXZ3PM54, B0F9946VBJ, B0G2RMMS9K, B0F99DCYVW, B0H9925NC4, B0DJLL6XDT, B0H98ZD3HY, B0H98ZZSZW, B0CYPBW1SX, B0CZQRC7SY, B0GXYTX4P6, B0H9929K8H, B0DJLM6WYM, B0H98VGJL7, B0GD6YG9BL, B0H98R3LDR, B0GXYYK9ZY, B0DQXCY3WS, B0GT9BHFM2, B0H98YTRZS, B0H98XNLTN, B0DQXCZ455, B0H98R5122, B0CZQSCZ11, B0H98Y71P5, B0H98WBL1J, B0GXYTZTZ7, B0H98R36RF, B0H98VB3MQ, B0H98NVB39, B0H98XT42C, B0H98STQBC, B0GXYV979M, B0F2SL91HW, B0GXYRK2TZ, B0H993SZC6, B0H98ZWMHR, B0H995BF3Y, B0H98W88R6, B0H99BJFJP, B0DG8FQS7F, B0FL6MWZ73, B0G2S1CJ5G, B0F2S4VZ4V, B0H98VVVY7, B0D9X948XX, B0H1WT6L4Y, B0H98LXQ4B, B0H98R3WTS, B0H98Z4QR8, B0H98YTLLZ, B0H98P6Z1H, B0D3H2V14Z]",amzn1.campaign.3BF6EF7A5UVSO,Boho Washable NonSlip LowPile Rug Creator Promo-2026/08/14,BESBLEE,2026-08-17,2026-11-20,10.00%,5000.0,5000.0,133,800,false
"[B0GCYCV3T8, B0GCYHPF5Q]",amzn1.campaign.1QV8K9QDEOATE,X9 LONG 60 120 COUNT Cotton Cover Panty Liners | 20% Commission,X9,2026-08-17,2026-09-16,20.00%,5000.0,5000.0,80,800,false
"[B0F48JGB2G, B0F48MMLT7, B0F48KY8HT, B0F48KMS6B]",amzn1.campaign.38UDB63LL5F72,钻石牌,COOKOOKY,2026-09-01,2027-08-31,10.00%,5000.0,5000.0,94,800,false
[B0FY1TQYVZ],amzn1.campaign.2O00I4K1AC7YY,"2oz Fishing Reel Oil --- Lubricant for Reels, Boat Motors, Winches & Trailers",HappyAlley,2026-08-17,2026-11-11,10.00%,5000.0,5000.0,80,800,false
[B0H6G39KCM],amzn1.campaign.2E7MGVFGP3R97,Manual Push-and-Hold Mini Heat Sealer,seanme,2026-08-18,2026-09-30,10.00%,5000.0,4981.4,85,800,false
"[B0H6P12K7H, B0H6P3D2FC, B0H6NYJBXJ]",amzn1.campaign.2V0JGFFAMBYBX,👜 Flip It & Slay It! BOSTANTEN Patchwork Hobo Bag – Launch Deals Soon 🎁,BOSTANTEN,2026-08-17,2027-07-03,10.00%,5000.0,5000.0,108,800,false
[B0H1BQMJWQ],amzn1.campaign.2CM0XSEWBM6JU,✨ drayvorx: 15% Comm. + Massive Discount —— Electric Grill Brush,drayvorx,2026-08-17,2026-09-16,15.00%,10000.0,10000.0,112,800,false
"[B0GVS75731, B0GVS42N7Q, B0GVS9RDCP, B0GVS4H41L, B0GVSDZPKM]",amzn1.campaign.257FBLFR7HNVT,8.14(按压3) 🔥 Earn Up to 30% Commission | Premium Stainless Steel Cat Litter Box,PTLOM,2026-08-17,2026-09-19,20.00%,5000.0,5000.0,76,800,false
"[B0GVS75731, B0GVS42N7Q, B0GVS9RDCP, B0GVS4H41L, B0GVSDZPKM]",amzn1.campaign.PM7S5B2MN5II,8.14(按压2)  Up to 30% Commission | High-Converting Stainless Steel Cat Litter Box,PTLOM,2026-08-17,2026-09-18,20.00%,5000.0,5000.0,114,800,false
"[B0G58XB6P7, B0G58XN57R, B0FC692TH5, B0G58SCQ7Y, B0DQ8NW93Y, B0G58TQFB5, B0G58XKK8W, B0G58WYBZ3, B0G58ZN7L8]",amzn1.campaign.2IHXPZOD3I3RS,"15%COMM - ADJUSTABLE DUMBBELL STAND, 500LB CAP, 27"" HT, FLOOR PADS, NO BEND",HANDBODE,2026-08-17,2027-08-17,15.00%,5000.0,5000.0,81,800,false
"[B0H6P12K7H, B0H6P3D2FC, B0H6NYJBXJ]",amzn1.campaign.174SDOVJ5MK1O,"✨ Soft Suede, Double Personality! BOSTANTEN Hobo Bag, Roomy & Chic",BOSTANTEN,2026-08-17,2027-07-02,10.00%,5000.0,5000.0,104,800,false
"[B0H98S9Q38, B0GD73JGPV, B0DYD8QB53, B0H98VQYQW, B0H98VTYQ7, B0F997K7PF, B0H98VQCVK, B0D4TJ2M8Y, B0H993DXTH, B0H98Y2GP3, B0GXZ3KXNZ, B0GT961QG1, B0H98TT6K4, B0D9XFRVHH, B0DJLLRCLX, B0D9XZ6T6K, B0H98WWLB4, B0H98TT6K7, B0CYPD5GND, B0F997SYD1, B0H98Y7JW9, B0H98V9ZT3, B0GXYNX6SQ, B0H98TR9F9, B0GXYW2TWS, B0DQXCWMM9, B0D9XPYT43, B0DYCXF1GG, B0H991KXNF, B0D9XLMS45, B0F1CHY49W, B0F9DLPNZN, B0H98X3H1R, B0H98TMT1F, B0D9XVW15W, B0CYPF8J2T, B0DJLMH11J, B0H98QZ3X7, B0H98WTWYY, B0H991RKWL, B0G2S2DVPR, B0CZQQTZ5Q, B0H99271XK, B0F99829D2, B0H98NQGQB, B0GXYXSN78, B0DG8FQLP5, B0H995KLBR, B0DK5C1C58, B0H98VN873, B0DJLMCQS6, B0H98VN875, B0CZQT9Z6F, B0H98S87DR, B0H98TSLJW, B0F996FR4P, B0H9923QZQ, B0H36PFLY1, B0F1CJ239H, B0GXYVCHJ5, B0H98T6GXK, B0H98Z74LS, B0H9968RSK, B0H98PY27L, B0DJLKR1NB, B0D9XB8VTJ, B0H98RPYVJ, B0H98VBHCD, B0D9Y1H775, B0DQXHL5W5, B0GXYT4775, B0DJLMR43X, B0H991W92L, B0DQXBTQP8, B0H98SCWTV, B0H98QLPTC, B0GXYT4776, B0DJLMB2Y1, B0F9DM58PN, B0DQX78NWQ, B0GXYXTFSL, B0DJLMPD94, B0H98XZN6Z, B0H98SCWTL, B0H991VYM4, B0DJLLJVKC, B0F1CJZ3J6, B0F2SKZMMM, B0H98Q1YFL, B0DG8FSDXF, B0CYPGKQJW, B0CZQQD7NJ, B0GXYSTBYF, B0H98Y94YD, B0DG8BC8MR, B0DG8FP9BP, B0H98K6HL1, B0DJLL3RQR, B0H98QPZ3Z, B0F995XX4X, B0H36M764H, B0F9DT3KQR, B0H98TKWC7, B0H98X9FWS, B0DYDBYQBN, B0D4TBN2RD, B0CYPG4983, B0F99BQYWD, B0DJLMLBTT, B0D4TJ7CRS, B0H98YB184, B0H98YMFHF, B0D3GZNMJL, B0H98XCYWH, B0H991JJYT, B0F997VCTS, B0DG8DMR2W, B0GXYYBWSG, B0GXYYZMH9, B0D9MDV9MZ, B0F2SDWPZS, B0F995XX52, B0H98YH4CT, B0F1CHFZZC, B0DJLMYX7Z, B0H98VTKJT, B0GXZ3PM54, B0F9946VBJ, B0G2RMMS9K, B0F99DCYVW, B0H9925NC4, B0DJLL6XDT, B0H98ZD3HY, B0H98ZZSZW, B0CYPBW1SX, B0CZQRC7SY, B0GXYTX4P6, B0H9929K8H, B0DJLM6WYM, B0H98VGJL7, B0GD6YG9BL, B0H98R3LDR, B0GXYYK9ZY, B0DQXCY3WS, B0GT9BHFM2, B0H98YTRZS, B0H98XNLTN, B0DQXCZ455, B0H98R5122, B0CZQSCZ11, B0H98Y71P5, B0H98WBL1J, B0GXYTZTZ7, B0H98R36RF, B0H98VB3MQ, B0H98NVB39, B0H98XT42C, B0H98STQBC, B0GXYV979M, B0F2SL91HW, B0GXYRK2TZ, B0H993SZC6, B0H98ZWMHR, B0H995BF3Y, B0H98W88R6, B0H99BJFJP, B0DG8FQS7F, B0FL6MWZ73, B0G2S1CJ5G, B0F2S4VZ4V, B0H98VVVY7, B0D9X948XX, B0H1WT6L4Y, B0H98LXQ4B, B0H98R3WTS, B0H98Z4QR8, B0H98YTLLZ, B0H98P6Z1H, B0D3H2V14Z]",amzn1.campaign.2XZTEMQ94O1MG,Boho Washable NonSlip LowPile Rug Creator Promo-2026/08/14,BESBLEE,2026-08-17,2026-11-19,10.00%,5000.0,5000.0,132,800,false
"[B0GXV9T7FD, B0GL7XXBVB, B07WSMMZPJ, B0F12R8999, B0BYSVSJVF, B0CZTGTGY2, B0FZR42TZM, B0CZS3W24B, B0GBVL8KZW, B0G2GVCJ2C, B0CZX7GPXW, B0CZTHCCFX, B0G7Y93BMS, B0CZS388DQ, B0DZWT1J8K, B0H7H297XN, B0B9XYWJZK, B0F6LKGHPN, B0C5WWW966, B0FH2W6YKW, B0BYSWCCJN, B0H2MGZR5S, B0FB9FSYFN, B0GF2L2WJ5, B0D99GNX5Y, B07FNPDPKC, B0CNXC4CKM, B0GBW7T2QV, B0GWH57JZH, B0FZTZJ4BX, B0GBWM64TY, B07MDFD6W4, B0CG6BQXCY, B0CF9N5LHY, B0CNXC2RH3, B0FBRJL5FK, B0CZTJVJT8, B0CZS5MVDG, B0CJLK828K, B0CSYKJSY1, B0G93LYFJZ, B0F4VPNH2L, B0BKZC3SDP, B07FMY3XCF, B0GTQT9P7F, B0CF9JGRQN, B0H8NDHYQF, B0GBTZ28DQ, B0DYNZJJPX, B0FQC39P1F, B0G2GSRHY4, B0GJD1GCCC, B0BYSZ2YDH, B0DFC9853W, B0DX5M5Z8W, B0CZX7RSSJ, B0F4VQHTPG, B0GYMSXCMG, B0CZTK5HDM, B0GBWF1YZN, B0CGM43CQ1, B0BCW5MRYL, B0F6LP2FJ6, B0DK36DNCS, B0GBV85YNV, B0GXTYDSV1, B0D8KTCK76, B0CZWPPKT6]",amzn1.campaign.VAFR2TLCR9BC,"#Bestsell KEMIMOTO Essential Golf Cart Accessories",KEMIMOTO,2026-08-17,2026-12-31,10.00%,5000.0,4936.69,41,800,false
[B0GDF2NPVJ],amzn1.campaign.1JPIXDXICEKGN,🔥 drayvorx: 15% Comm. + 44% OFF | Electric Grill Brush,drayvorx,2026-08-17,2026-09-16,15.00%,50000.0,50000.0,96,800,false
"[B0GCYZZC8Z, B0GCYHFW7C, B0GCY2MLF4, B0GCY6JMJZ]",amzn1.campaign.1F6B78RUSKMLC,VELOHEIM Bamboo Bed Risers,VELOHEIM,2026-08-17,2026-12-31,15.00%,10000.0,10000.0,120,800,false
"[B0H6FQNKH7, B0H6FRB27R]",amzn1.campaign.1FRKRR7RFWVRQ,Galaxy Z Fold 8 Ultra Case with 360° Kickstand & MagSafe – 18% Commission,Hoerrye,2026-08-17,2026-10-31,18.00%,49998.0,49946.8,72,800,false
"[B0FP1X5Q7S, B0FP1YDHDM, B0FP1VXSG9, B0FP1RDV4V, B0FP1X91TZ, B0FP1ZH6LV, B0FP1YYLVB, B0FP1Y37L6, B0FP1VXCLK, B0FP1Y3KG8, B0FP1V723Q, B0FP1Y5MDV, B0FP1YLLRR, B0FP1V9WGY, B0FP21RB72, B0FP1V9V4F, B0FP1TTLMV, B0FP21SQGS, B0FP1XMK5L, B0FP21VCP5]",amzn1.campaign.2A2R2V67700Q4,B0FP1YBKNC,BreathSunny,2026-08-17,2026-09-16,10.00%,5000.0,4987.8,72,800,false
"[B0H98S9Q38, B0GD73JGPV, B0DYD8QB53, B0H98VQYQW, B0H98VTYQ7, B0F997K7PF, B0H98VQCVK, B0D4TJ2M8Y, B0H993DXTH, B0H98Y2GP3, B0GXZ3KXNZ, B0GT961QG1, B0H98TT6K4, B0D9XFRVHH, B0DJLLRCLX, B0D9XZ6T6K, B0H98WWLB4, B0H98TT6K7, B0CYPD5GND, B0F997SYD1, B0H98Y7JW9, B0H98V9ZT3, B0GXYNX6SQ, B0H98TR9F9, B0GXYW2TWS, B0DQXCWMM9, B0D9XPYT43, B0DYCXF1GG, B0H991KXNF, B0D9XLMS45, B0F1CHY49W, B0F9DLPNZN, B0H98X3H1R, B0H98TMT1F, B0D9XVW15W, B0CYPF8J2T, B0DJLMH11J, B0H98QZ3X7, B0H98WTWYY, B0H991RKWL, B0G2S2DVPR, B0CZQQTZ5Q, B0H99271XK, B0F99829D2, B0H98NQGQB, B0GXYXSN78, B0DG8FQLP5, B0H995KLBR, B0DK5C1C58, B0H98VN873, B0DJLMCQS6, B0H98VN875, B0CZQT9Z6F, B0H98S87DR, B0H98TSLJW, B0F996FR4P, B0H9923QZQ, B0H36PFLY1, B0F1CJ239H, B0GXYVCHJ5, B0H98T6GXK, B0H98Z74LS, B0H9968RSK, B0H98PY27L, B0DJLKR1NB, B0D9XB8VTJ, B0H98RPYVJ, B0H98VBHCD, B0D9Y1H775, B0DQXHL5W5, B0GXYT4775, B0DJLMR43X, B0H991W92L, B0DQXBTQP8, B0H98SCWTV, B0H98QLPTC, B0GXYT4776, B0DJLMB2Y1, B0F9DM58PN, B0DQX78NWQ, B0GXYXTFSL, B0DJLMPD94, B0H98XZN6Z, B0H98SCWTL, B0H991VYM4, B0DJLLJVKC, B0F1CJZ3J6, B0F2SKZMMM, B0H98Q1YFL, B0DG8FSDXF, B0CYPGKQJW, B0CZQQD7NJ, B0GXYSTBYF, B0H98Y94YD, B0DG8BC8MR, B0DG8FP9BP, B0H98K6HL1, B0DJLL3RQR, B0H98QPZ3Z, B0F995XX4X, B0H36M764H, B0F9DT3KQR, B0H98TKWC7, B0H98X9FWS, B0DYDBYQBN, B0D4TBN2RD, B0CYPG4983, B0F99BQYWD, B0DJLMLBTT, B0D4TJ7CRS, B0H98YB184, B0H98YMFHF, B0D3GZNMJL, B0H98XCYWH, B0H991JJYT, B0F997VCTS, B0DG8DMR2W, B0GXYYBWSG, B0GXYYZMH9, B0D9MDV9MZ, B0F2SDWPZS, B0F995XX52, B0H98YH4CT, B0F1CHFZZC, B0DJLMYX7Z, B0H98VTKJT, B0GXZ3PM54, B0F9946VBJ, B0G2RMMS9K, B0F99DCYVW, B0H9925NC4, B0DJLL6XDT, B0H98ZD3HY, B0H98ZZSZW, B0CYPBW1SX, B0CZQRC7SY, B0GXYTX4P6, B0H9929K8H, B0DJLM6WYM, B0H98VGJL7, B0GD6YG9BL, B0H98R3LDR, B0GXYYK9ZY, B0DQXCY3WS, B0GT9BHFM2, B0H98YTRZS, B0H98XNLTN, B0DQXCZ455, B0H98R5122, B0CZQSCZ11, B0H98Y71P5, B0H98WBL1J, B0GXYTZTZ7, B0H98R36RF, B0H98VB3MQ, B0H98NVB39, B0H98XT42C, B0H98STQBC, B0GXYV979M, B0F2SL91HW, B0GXYRK2TZ, B0H993SZC6, B0H98ZWMHR, B0H995BF3Y, B0H98W88R6, B0H99BJFJP, B0DG8FQS7F, B0FL6MWZ73, B0G2S1CJ5G, B0F2S4VZ4V, B0H98VVVY7, B0D9X948XX, B0H1WT6L4Y, B0H98LXQ4B, B0H98R3WTS, B0H98Z4QR8, B0H98YTLLZ, B0H98P6Z1H, B0D3H2V14Z]",amzn1.campaign.3Q71RBGTBPQ91,Boho Washable NonSlip LowPile Rug Creator Promo-2026/08/14,BESBLEE,2026-08-17,2026-11-18,10.00%,5000.0,5000.0,135,800,false
"[B0GVQ5P5RM, B0GVQYX6H6]",amzn1.campaign.2LG9G3O2UMGHU,粉色牛仔,KYIYHZP,2026-08-17,2027-05-07,15.00%,5555.0,5555.0,116,800,false
"[B0GKGGXKR1, B0GKGR7YPD, B0GKGM362Y, B0GKGHQJ1M, B0GKGHVBRN, B0GKGN7DD1, B0GKGKRTJH, B0GKGN1DWR, B0GKGB8JMH, B0GKGPZGD4, B0GKGVWCW4, B0GKGVVQKW, B0GKGMZ6QC]",amzn1.campaign.3PS0D2CYUTME0,WV-010-009-创作者影响计划-0813-13.0%-03-68/341,MolyPark,2026-08-23,2026-10-04,13.00%,5004.0,5004.0,134,800,false
"[B0H9M19NW9, B0H9M2FW6J, B0H9LY1GCH, B0H9LXMVKN]",amzn1.campaign.3V5R5DJ04U4C3,🔥 NEW | JOYWINK Bird Feeder Kit: Earn 10% Comm. (Squirrel-Proof),JOYWINK,2026-08-17,2026-09-16,10.00%,10000.0,10000.0,128,800,false
"[B0CPTQNVPD, B0DL627G3Z, B0H2VDSXRZ, B0CHJKV4C8, B0DM559PJB, B0CYC3Y2WQ, B0CYC4J6HF, B0H296RTM2, B0FKSQS7JJ, B0F23SDC83, B0CJMD97CB, B0DR8KN8JC, B0FP53RNSX, B0FP53WY9L, B0CPTR5TJ5, B0CJ27M6RP, B0FKSNNJ7T, B0CF8DV1FN, B0CJLRRTYW, B0H8CGZZ1H, B0H32821F9, B0CJMD3DW9, B0CYC3H5PV, B0FKSW9LD6, B0CPTQKZ9K, B0GZVQLJ4G, B0GLF5JHGH, B0FKSVDFSQ, B0CPTR76ZL, B0FP51HRZ2, B0CPTR6XP8, B0H2948LB2, B0CPTQ8TNK, B0DR8LQYY1, B0CJM6ZVP6, B0H2974PGS, B0GZVV45QF, B0G2RYC22N, B0FKT2ZQJG, B0F1CPQD9G, B0CYC5XGFK, B0DRBCBF2B, B0CJMDY8RC, B0CPTNX19K, B0DM55DFLL, B0CJMCFVTG, B0CJMBC4VW, B0CJLX6CK9, B0CYC4GQH6, B0DR8M3JP1, B0DM4YH984, B0GLFD419P, B0DRB9M56V, B0FKSSRK61, B0CFTPQQHJ, B0CJM8XD9T, B0CPTQ45WM, B0FKSZ96R7, B0G2RXX3KH, B0H8BLKNHH, B0CYC2L9TN, B0CLC3KH83, B0H2VBFB6X, B0F23RZD7D, B0DM58DJH2, B0CPTQLMWD, B0CYC3WRXF, B0CJMCG2HT, B0GZVPN2NP, B0FKSLN7JW, B0DM54H8ZS, B0CJLX7PHK, B0CPTQDW25, B0G2RVQMSW, B0H8CLMVQZ, B0CPTQJ68G, B0FKSQ98M2, B0H297Y9BZ, B0H293SGFB, B0FKSQXMBC, B0CPTQXXZX, B0GLF533N5, B0CT4PJ62W, B0CJM99MKB, B0G3899P43, B0CJMBVDSW, B0CJMC969L, B0CYC4BZJW, B0H2W3F8K9, B0H2931QN4, B0CT4RQ13W, B0H2946SZ3, B0CT4QQ4PG, B0CHJHJWC5, B0CPTQ9RT2, B0F1CNWGRV, B0CJLRSVNB, B0GLFJSQV8, B0DR8K36RQ, B0CYC4QRGP, B0CPTPQGRJ, B0H295675H, B0CJM9J22C, B0G2RYVFL4, B0CPTR251X, B0FKRX8CJZ, B0FKSNVDQV, B0FP51GM5N, B0CJLX6DZJ, B0FP52Q6NT, B0FH1MCW5F, B0DPZG8H2X, B0H298X422, B0CPTQ41B8, B0FKSWQD5H, B0F1CK8T8L, B0H295N46G, B0FKT8VS3T, B0CLC8FCZK, B0CYC38B9R, B0DHFT5WDQ, B0CCRPBN4V, B0CYC3XMF8, B0DM566YJQ, B0CJLX7L4R, B0CPTQHPSX, B0FKSWQD57, B0F23VWNXR, B0CPTR7QTN, B0FKT8DJ7G, B0FKSMRRBL, B0FKSY6J1V, B0G33C4NW2, B0CT4N618H, B0FKSN15P3, B0G2RZJQ2Y, B0H2V74NSM, B0CT4P3FLD, B0CFQHQ75K, B0CJLRRQGR, B0H297LTKL, B0CYC3Z9Z1, B0CPTPFR1S, B0H8CPF9VH, B0CYC4Q5PM, B0CPTQFNWH, B0CJMB4GDB, B0GZVMKLTG, B0DM8SY1L6, B0FKS4LLQC, B0CJMCQHC8, B0CYC4S9JH, B0FW2ZR859, B0G2RZGC6Y, B0DM8QTHPZ, B0FVXJS6TC, B0FKSV8DMB, B0FKSXM9XD, B0FKSQXK9R, B0CHMH6VS6, B0CPTRJSPH, B0CJM9RFY8, B0DPYG6RGW, B0DM8PMZ4K, B0H3275P86, B0DL618B58]",amzn1.campaign.BOVSK9HX82WN,LUCA SMITH Discover Your Style | Long-Term Creator Partnership,LUCA SMITH,2026-08-17,2027-08-17,15.00%,5000.0,4997.0,47,800,false
"[B0GYP4VR7F, B0GYPMR6DT, B0GYP7GDHW, B0GYPCF3L4]",amzn1.campaign.29CCQ5KZLDXQE,蜻蜓,Jungsang,2026-08-17,2026-09-16,10.00%,5000.0,4836.66,85,800,false
"[B0GVQ2S188, B0GVQBHNHB]",amzn1.campaign.6NJFTOP3O2IN,蓝色时尚,KYIYHZP,2026-08-17,2027-05-07,15.00%,5555.0,5555.0,120,800,false
"[B0H4ZCX5GP, B0H4ZGY5HF, B0H4Z2NHGK, B0H4ZBTK47, B0H4Z9GVWL, B0H4Z5WX5N, B0H4Z5RM54, B0H4Z2SHSB, B0H4ZF1NCR, B0H4Z785HX, B0H4ZH157S, B0H4Z2QN5S, B0H4Z9XKPJ, B0H4Z7P74W, B0H4YYQK22, B0H4Z59M88, B0H4Z5CXD2, B0H4Z329JC, B0H4Z9BYPV, B0H4Z9S74V, B0H4Z7VQX1, B0H4ZF48DH, B0H4ZBSYN1, B0H4Z89LL9, B0H4Z5X19J, B0H4ZBR9QK, B0H4ZBSR2X, B0H4ZBN137, B0H4Z3F47T, B0H4Z3S4MR]",amzn1.campaign.5KSNEYHI87WU,10% Commissions on Women Crew Neck Sweater Long Sleeve Lightweight Knit Pullover,Bellcoco,2026-08-17,2026-10-31,10.00%,5000.0,5000.0,72,800,false
"[B0DWF88PN7, B0G144QKD7, B0D1CBZDWY, B0D1C2MVBG, B0DWF8H1YY, B0D1C3NLXT, B0DT97NV6X, B0G14CN5T8, B0DWF9R4J6, B0DWFBLZ1L, B0DWFCKPVJ, B0DWDZBLMJ, B0DWF9SCDZ, B0D1C3F6R5, B0DWFDV6KH, B0G14BW8FS, B0G144T6VQ, B0DWFBHBKK, B0DWF7NC9F, B0DWF87S4W, B0D1CGPLPC, B0DWFBLR37, B0DWF6SVPG, B0D1BWRCWZ, B0D1C4B2L1, B0D1C4D3PD, B0DWF9SSR4, B0DWF8T5P9, B0G1465JSZ, B0D1CGRC52, B0G14DBY3Y, B0D1C7S4NK, B0D1C1R26K, B0DWFG32J1, B0D1C98NML, B0D1CC4DRW, B0D1C3GDD6, B0G149F39J, B0D1C3LTM4, B0G149N6D9, B0D1C5MD6G, B0DWFBKPYC, B0DWFBHZ8J, B0D1C3FMBP, B0G149XCDX, B0DWFBDCCP, B0G14FVTYZ, B0DWFBVW9Z, B0G146B4S4, B0D1C5WHVW, B0D1C3X6LH, B0D1C3XSMM, B0D1BZQ9H5, B0G149QTFY, B0DWF8D6CB, B0D1BZRL9L]",amzn1.campaign.3MVJO2T0WCMZE,⭐ Top-Rated 3-Pack Women's Leather Belts - 12% Comm & Free Sample !! 8519,SANSTHS,2026-08-17,2026-10-17,12.00%,8000.0,8000.0,86,800,false
"[B0F2GYTRZ1, B0F2FS29DB, B0F2FXB853, B0F2T2BDT9]",amzn1.campaign.2ZLUVNSXDB2A2,DIMPORY 2026 Back-to-School Boys Backpack Campaign,DIMPORY,2026-08-17,2026-09-30,15.00%,5000.0,4966.35,64,800,false
"[B0GKGGXKR1, B0GKGR7YPD, B0GKGM362Y, B0GKGHQJ1M, B0GKGHVBRN, B0GKGN7DD1, B0GKGKRTJH, B0GKGN1DWR, B0GKGB8JMH, B0GKGPZGD4, B0GKGVWCW4, B0GKGVVQKW, B0GKGMZ6QC]",amzn1.campaign.1UE31KRNFSIWL,WV-010-009-创作者影响计划-0813-13.8%-03-68/340,MolyPark,2026-08-28,2026-10-04,13.80%,5004.0,5004.0,131,800,false
"[B0FLXCH4W5, B0FLXDB5Q3, B0FLXB4YH6, B0FLXC7CQ2, B0FLXCT4V2, B0FLXCMZZ2, B0FLXF888Z, B0FLX9YJ27, B0FLXF7366, B0FLXCKWTF, B0FLXBSNZ3, B0FLXD9JZJ, B0FLXBYWZR, B0FLXBG2S8, B0FLXD3MMX, B0FLX9P8VM, B0FLX9FNM9, B0FLXDF5FX, B0FLXBX2K1, B0FLX9F6W2, B0FLXCB1L4]",amzn1.campaign.HWU8TJSB92N8,HOT Deal: 💥 Glamaker Vest Collab—Limited Price! -WYN-M25OW0031,Glamaker,2026-08-18,2026-11-24,10.00%,5000.0,5000.0,97,800,false
"[B0GGR1768W, B0GGQV9YD3, B0GKP2JMFJ, B0GKND3C84]",amzn1.campaign.18WHZMIYDYAVE,🔥 JOYWINK: Earn 15% Comm. | Squirrel-Proof Bird Feeding Station,JOYWINK,2026-08-17,2026-09-16,15.00%,10000.0,10000.0,112,800,false
"[B0H9WV58N3, B0GGRW5BKN, B0GHN4VPTY, B0GGRWK8BJ, B0GGRTVVYJ, B0DSKZ3NHJ, B0GLXLP16T, B0H7RWBLR4, B0GLY1PGW8, B0GLYR23TM, B0GLYGGPJ7, B0GLYCZRLQ, B0GHNDX41Z, B0GLY5Z76F, B0GLYFCZ8Q, B0GLYMKR5Q, B0GLXXWTZ1, B0GLXXNTG1, B0GHN335JZ]",amzn1.campaign.2DK51BMPL9GRA,"15%COMM - 2-IN-1 LEG MACHINE, 1000LB CAP, 29 ADJUSTMENTS, STRONG DEMAND, STEADY",HANDBODE,2026-08-17,2027-08-17,15.00%,5000.0,5000.0,111,800,false
"[B0DBLHTKMF, B0FRF282Q7, B0DBLG5B8K, B0CDL2XHDR, B0CDLC9CJ7, B0CDKZ3Z17, B0HC1NVHJV, B0DBLFYWJ2, B0CDL199XM, B0FRF49ZGY, B0FRF4KS1W, B0DBLDV834, B0CDLDNJ29, B0HC249P56, B0DBLDZM6N, B0CDL4ZMJY, B0CDL3Q8G8, B0FRF57DQY, B0FRF47HPC, B0CDL1R984, B0FRFGV4C8, B0DBLBBD5G, B0DBLH4DSQ, B0DBLHDB4V, B0DBLDCB3R]",amzn1.campaign.2BJMWOXS2KH3Y,25% Commission – Toddler Beanie Hat (3M-6T) – Limited Samples,Urban Virgin,2026-08-17,2026-09-16,25.00%,5000.0,4967.25,101,800,false
"[B0H98S9Q38, B0GD73JGPV, B0DYD8QB53, B0H98VQYQW, B0H98VTYQ7, B0F997K7PF, B0H98VQCVK, B0D4TJ2M8Y, B0H993DXTH, B0H98Y2GP3, B0GXZ3KXNZ, B0GT961QG1, B0H98TT6K4, B0D9XFRVHH, B0DJLLRCLX, B0D9XZ6T6K, B0H98WWLB4, B0H98TT6K7, B0CYPD5GND, B0F997SYD1, B0H98Y7JW9, B0H98V9ZT3, B0GXYNX6SQ, B0H98TR9F9, B0GXYW2TWS, B0DQXCWMM9, B0D9XPYT43, B0DYCXF1GG, B0H991KXNF, B0D9XLMS45, B0F1CHY49W, B0F9DLPNZN, B0H98X3H1R, B0H98TMT1F, B0D9XVW15W, B0CYPF8J2T, B0DJLMH11J, B0H98QZ3X7, B0H98WTWYY, B0H991RKWL, B0G2S2DVPR, B0CZQQTZ5Q, B0H99271XK, B0F99829D2, B0H98NQGQB, B0GXYXSN78, B0DG8FQLP5, B0H995KLBR, B0DK5C1C58, B0H98VN873, B0DJLMCQS6, B0H98VN875, B0CZQT9Z6F, B0H98S87DR, B0H98TSLJW, B0F996FR4P, B0H9923QZQ, B0H36PFLY1, B0F1CJ239H, B0GXYVCHJ5, B0H98T6GXK, B0H98Z74LS, B0H9968RSK, B0H98PY27L, B0DJLKR1NB, B0D9XB8VTJ, B0H98RPYVJ, B0H98VBHCD, B0D9Y1H775, B0DQXHL5W5, B0GXYT4775, B0DJLMR43X, B0H991W92L, B0DQXBTQP8, B0H98SCWTV, B0H98QLPTC, B0GXYT4776, B0DJLMB2Y1, B0F9DM58PN, B0DQX78NWQ, B0GXYXTFSL, B0DJLMPD94, B0H98XZN6Z, B0H98SCWTL, B0H991VYM4, B0DJLLJVKC, B0F1CJZ3J6, B0F2SKZMMM, B0H98Q1YFL, B0DG8FSDXF, B0CYPGKQJW, B0CZQQD7NJ, B0GXYSTBYF, B0H98Y94YD, B0DG8BC8MR, B0DG8FP9BP, B0H98K6HL1, B0DJLL3RQR, B0H98QPZ3Z, B0F995XX4X, B0H36M764H, B0F9DT3KQR, B0H98TKWC7, B0H98X9FWS, B0DYDBYQBN, B0D4TBN2RD, B0CYPG4983, B0F99BQYWD, B0DJLMLBTT, B0D4TJ7CRS, B0H98YB184, B0H98YMFHF, B0D3GZNMJL, B0H98XCYWH, B0H991JJYT, B0F997VCTS, B0DG8DMR2W, B0GXYYBWSG, B0GXYYZMH9, B0D9MDV9MZ, B0F2SDWPZS, B0F995XX52, B0H98YH4CT, B0F1CHFZZC, B0DJLMYX7Z, B0H98VTKJT, B0GXZ3PM54, B0F9946VBJ, B0G2RMMS9K, B0F99DCYVW, B0H9925NC4, B0DJLL6XDT, B0H98ZD3HY, B0H98ZZSZW, B0CYPBW1SX, B0CZQRC7SY, B0GXYTX4P6, B0H9929K8H, B0DJLM6WYM, B0H98VGJL7, B0GD6YG9BL, B0H98R3LDR, B0GXYYK9ZY, B0DQXCY3WS, B0GT9BHFM2, B0H98YTRZS, B0H98XNLTN, B0DQXCZ455, B0H98R5122, B0CZQSCZ11, B0H98Y71P5, B0H98WBL1J, B0GXYTZTZ7, B0H98R36RF, B0H98VB3MQ, B0H98NVB39, B0H98XT42C, B0H98STQBC, B0GXYV979M, B0F2SL91HW, B0GXYRK2TZ, B0H993SZC6, B0H98ZWMHR, B0H995BF3Y, B0H98W88R6, B0H99BJFJP, B0DG8FQS7F, B0FL6MWZ73, B0G2S1CJ5G, B0F2S4VZ4V, B0H98VVVY7, B0D9X948XX, B0H1WT6L4Y, B0H98LXQ4B, B0H98R3WTS, B0H98Z4QR8, B0H98YTLLZ, B0H98P6Z1H, B0D3H2V14Z]",amzn1.campaign.30HS8YXXD8TPU,Boho Washable NonSlip LowPile Rug Creator Promo-2026/08/14,BESBLEE,2026-08-17,2026-11-17,10.00%,5000.0,5000.0,135,800,false
"[B0FKC1G7GX, B0FKC1C8L9, B0FKC1KJ88, B0FKBYGVHC, B0FKC19L6N, B0FKC1B13W, B0FKC1WY59, B0FKC1L8Y7]",amzn1.campaign.3CZCVJVENK1WB,"TETOTE Home Gym Mirror | Distortion-Free, Shatterproof | 15% Comm",TETOTE,2026-08-18,2026-10-18,15.00%,10000.0,9764.2,72,800,false
"[B0H6RQVC8W, B0H6RFNTP2]",amzn1.campaign.25750IZCJW1U,ZX Narrow Nightstand Black-15%,JOINICE,2026-08-17,2026-10-31,15.00%,5000.0,5000.0,79,800,false
"[B0GKGGXKR1, B0GKGR7YPD, B0GKGM362Y, B0GKGHQJ1M, B0GKGHVBRN, B0GKGN7DD1, B0GKGKRTJH, B0GKGN1DWR, B0GKGB8JMH, B0GKGPZGD4, B0GKGVWCW4, B0GKGVVQKW, B0GKGMZ6QC]",amzn1.campaign.H423Z1HCXQ4H,WV-010-009-创作者影响计划-0813-13.3%-03-68/340,MolyPark,2026-08-23,2026-10-04,13.30%,5004.0,5004.0,134,800,false
"[B0GYS4NRNW, B0GYS2M4TQ]",amzn1.campaign.25XRZ53PPCKKJ,蓝色豹纹,KYIYHZP,2026-08-17,2027-05-07,15.00%,5555.0,5555.0,118,800,false
"[B0FRS7SVR7, B0GXDJVWZX, B0G3Y6559R, B0H5BKMQ2X]",amzn1.campaign.3EJAK0Z980YOV,Galnolt LED Desk Lamp Home Office Campaign,Galnolt,2026-08-17,2027-07-07,15.00%,8000.0,7982.9,51,800,false
"[B0H6RQVC8W, B0H6RFNTP2]",amzn1.campaign.16KKWXV1U8506,ZX Narrow Nightstand Black-14%,JOINICE,2026-08-17,2026-10-31,14.00%,5000.0,5000.0,120,800,false
"[B0G38142PN, B0GVND41ZG, B0GVN26BZT, B0G383YBWN, B0G37YZ158, B0GVN8X28D, B0G383GQJJ, B0GVNG589D, B0G3826344, B0G382RMMB, B0G37YWVBR, B0GVN8N81Z, B0GVN4FSF3, B0G382RYZ6, B0GVNG7NFG, B0G37WF9YJ, B0G383DF64, B0G37Z83R1, B0G37WF9YB, B0G37XJZ81, B0GVN5K1W3, B0G382Y68F, B0GVNFDCRN, B0G381K6FV, B0G37YX7QZ, B0GVNB8J9N, B0G3852PJM, B0GVNJ63LM, B0G383RV4W, B0GVN6VBWR, B0GVNJCVSD, B0GVN44KTP, B0G37ZCDF2, B0G3826FCS, B0GVN7DVQ8, B0GVNG6XTW, B0GVNB6757, B0GVN7KWYN, B0GVN46GVG, B0G381227Y, B0GVN91MPF, B0G383SRP6, B0G37WCJ8R, B0G37XPWFM, B0GVND65C6, B0G37Z5Y2G, B0GVN6JX2G, B0GVN935MM, B0G37Z4YB2, B0GVNG37CF, B0G383G4X9, B0G37SKS43, B0GVN9DMNN, B0G383C7N1, B0G38166X3]",amzn1.campaign.4OMPG8JLNWGK,RT1125-polka dot maxi dress,Wenrine,2026-08-17,2026-09-30,15.00%,88888.0,86984.2,35,800,false
[B0H6X8RZ7G],amzn1.campaign.1O16DCDQA5Y81,35%-Anal Plug Vibrator Butt Plug,Elmocin,2026-08-17,2027-05-31,35.00%,5000.0,5000.0,75,800,false
"[B0GYS1PGRR, B0GYS2M4TR]",amzn1.campaign.EVEJPHI48IJ4,粉色豹纹,KYIYHZP,2026-08-17,2027-05-07,15.00%,5555.0,5553.47,119,800,false
[B0DX1MBDJS],amzn1.campaign.1X1435Y4192GR,RC568-1 Elegant Clear Black Plastic Plates with  a BIG 20% DISCUONT,supernal,2026-08-17,2026-09-17,12.00%,5000.0,5000.0,86,800,false
[B0DLGSQJYN],amzn1.campaign.2HRTAG2GV55H7,🔥10% commission + 3K + monthly sales + Rechargeable Brightest Headlamp🔥,FINICO,2026-08-17,2026-09-18,10.00%,10000.0,10000.0,137,800,false
"[B0H6RQVC8W, B0H6RFNTP2]",amzn1.campaign.3AA33BEBLQV33,ZX Narrow Nightstand Black-13%,JOINICE,2026-08-17,2026-10-31,13.00%,5000.0,5000.0,123,800,false
"[B0B2MYBNLX, B0B2N1QXSD, B0B2MZ89RT, B0B2MZ83KD, B0CS6Y2T2W, B0D9Y7H6RM, B0B2MZ7GY8, B0B373KSQ5]",amzn1.campaign.1I7DEFP3IP0B7,1.2CM 绳子,COOKOOKY,2026-08-17,2027-08-17,10.00%,5000.0,4985.39,80,800,false
"[B0H2GQK4K1, B0GXV9GW7H, B0DRCC838T, B0FZBW2ZYD, B0DPGVBRYN, B0DPGWPTL4, B0GYNN3LZ7, B0GXTYZMCV, B0F2DQNNBV, B0H2GWX587, B0H2GWT26K, B0DRCC19ZR, B0GXV45RLS, B0FZBCSPWD, B0GXV8TRJX, B0FCFH2ZRJ, B0DRCF7SGT, B0FZGMHR77, B0DPGVDPT5, B0FZBH444V, B0GYMXVMS7, B0G6D98QV6, B0H2H21MN2, B0GXH8ZRFP, B0DPGY2FPV, B0H2H1M5L1, B0G1FF6F4K, B0DQKCQ5W2, B0G1F7CHQ4, B0GXV7SJCJ, B0FRFXPRP5, B0H2GY25PC, B0G6D3FC6C, B0G6D17RS6, B0FZGT86B4, B0GXV66BNY, B0G1DVMYBW, B0G1GMYZVB, B0H2G7F14C, B0GXTYB8T1, B0GYMQCJQB, B0GTYVL952, B0H2H1HKW5, B0GXV9BT1V, B0DQK8C9W3, B0F2DXK6Z6, B0FRFXF1YJ, B0G1FFZX4G, B0DRCF4H99, B0H2GZWXD1, B0FZBBQMTX, B0H2H4CH3P, B0FZGQY4YT, B0GYMV11FR, B0GYNRW5VJ, B0DM47YTRN, B0F2DJRV52, B0FRF71H73, B0DQK9N63Y, B0FCFJHKNB, B0FG78PLHZ, B0DM4LFDB8, B0GXTY8Z2X, B0DPGX58VH, B0FRF6XVYY, B0GTYSP6GH, B0DZNKBNH4, B0DZNGJYB9, B0F2DF663X, B0H2GDFSLF, B0F2DXGHF4, B0H2H7PLGX, B0H2GZKGZS, B0H2GTPQNV, B0GYNL5G5V, B0H2GK9LYL, B0DPGVQYMC, B0DPGY5D21, B0DRCB9TQ7, B0DQK8S76C, B0H2GYYTJX, B0DQGXWT2R, B0H2GXW2NN, B0F2DPWDQX, B0F2DYKQNW]",amzn1.campaign.2ZSCQUG1KOG5U,Recruit US Amazon Influencers | Free Jewelry For Honest Reviews,YOIHUR,2026-08-17,2027-08-17,10.00%,5000.0,5000.0,106,800,false
"[B0FLXCH4W5, B0FLXDB5Q3, B0FLXB4YH6, B0FLXC7CQ2, B0FLXCT4V2, B0FLXCMZZ2, B0FLXF888Z, B0FLX9YJ27, B0FLXF7366, B0FLXCKWTF, B0FLXBSNZ3, B0FLXD9JZJ, B0FLXBYWZR, B0FLXBG2S8, B0FLXD3MMX, B0FLX9P8VM, B0FLX9FNM9, B0FLXDF5FX, B0FLXBX2K1, B0FLX9F6W2, B0FLXCB1L4]",amzn1.campaign.2WRPZB9ME3PM0,Great Deal: 🔥 Glamaker Vest Partnership Invite -WYN-M25OW0031,Glamaker,2026-08-18,2027-02-23,10.00%,5000.0,5000.0,99,800,false
"[B0G3XFMYF1, B0FLQ7KLTJ, B0G3XDXTRS, B0FLQ9LKCR, B0G3XFCS59, B0G3XBNLV7, B0G3XD64D1, B0FLQDZ1ZS, B0FLQD37YD, B0FLX4ZMN5, B0FLQB1B5N, B0FLQ8RM9V, B0FLQ9BXR8, B0FLX4VQJJ, B0G3XHH1B2, B0FLQ8PL42, B0FLQ8XH28, B0G3X9TJY8, B0FLX41W65, B0FLQGD4GY, B0FLQD9DL6, B0G3XC44H8, B0FLQBD63S, B0G3XCSB47, B0FLQBJNDC, B0FLQ9K588, B0FLQC5V4F, B0FLQBYL5Z, B0FLX59VHF, B0FLQ95KCF, B0G3XC98TK, B0FLQC411P, B0G3XGPSC6, B0FLQGPS1F, B0G3XB4NWG, B0FLQ95Q2K, B0FLX4RDP9, B0FLQB9V6S, B0FLQCC5ZM, B0FLX3LSWR, B0FLQDC4CF, B0FLQDS47B]",amzn1.campaign.5N7KUMEWS8UC,"LessonZoo 3 Pack Boys Thermal Turtleneck: Warm, Cozy & Active-Ready",LessonZoo,2026-08-17,2027-08-17,10.00%,5000.0,5000.0,84,800,false
[B0H8S7B67L],amzn1.campaign.2VFPWLG1AS2VD,Extractor Hose Kit for Shop Vac,jjxeqo,2026-08-17,2027-08-16,10.00%,5000.0,5000.0,82,800,false
[B0GQBDQF5R],amzn1.campaign.R35H2144P624,8月红色清洁刷15% 2,NeatLt,2026-08-17,2026-10-01,15.00%,13000.0,13000.0,83,800,false
"[B0FZKGKRK4, B0FLKDTKLZ, B0GY82QZJC, B0FLKDV2MX, B0FLK8SGJW, B0FLKDV2MZ, B0FLKDMDST, B0GY88W59B, B0FZKCD42F, B0FLKDW3DZ, B0FLKB8QC8, B0FLKDLPFQ, B0FLKFHMMM, B0GY8GT9V8, B0GXF66BZ5, B0GY86TW3Z, B0GXF8SYQN, B0FLKF1PH7, B0FLKDS8T7, B0FLK9L1PB, B0FZKDZVGP, B0GY8CNTQJ, B0H3C3RSRX, B0GY87VJ2T, B0GY89XD8S, B0FLKD76JR, B0GY83LZWG, B0FLKC6427, B0FLKDG9J6, B0FRMSXNKL, B0FLKBZTJ6, B0FLK7939F, B0FLKFLZ3X, B0FZKBFLJ4, B0FLKH37ZR, B0GTNKH6S7, B0FZKDM8WM, B0GY86Z9F7, B0GY86525R, B0FLKDDZ3G, B0GY89VXYS, B0FZKHCYT8, B0FLKG6N12, B0GY83NNNV, B0FZK8MGQZ, B0FLK9MBTY, B0GXF7Q1XP, B0GY892T3H, B0FZKDHF7Z, B0FLK8Z85J, B0FZKSHTQD, B0GXF54Y37, B0GY8DPF94, B0FZKG6J4Q, B0H4G5PFZW, B0H4GF12YF, B0H3BN3ZDC, B0GY7YQ58D, B0FLK8JRPF, B0FLKBCPSH, B0FLKCRWBS, B0FLKC6HVN, B0FLKF2N4G, B0FLK9XJR1, B0FLKBB18H, B0FLKD6WRP, B0FLK9PZY2, B0GY8H63ZJ, B0FLKC8P6H, B0FLKDT72Z, B0GY89M7N7, B0GY8D2TX2, B0GY8DHPVC, B0GY8GTRQ7, B0FLK9T245, B0GXF7NJX9, B0FLKF35YR, B0FLK83PTX, B0FLK9SDKG, B0FLKDT732, B0H5PWTDM1, B0GY8CQMXW, B0GXF3T9CY, B0FZKFD7BQ, B0GY8DNWZ6, B0H4G3RKJJ, B0H4G8MZY4, B0FLKDFKMB, B0FLK989M1, B0H4GBMXGB, B0GY84ZCMR, B0FLKF5PR5, B0FZKSJPWK, B0FZKFGNW9, B0GXF51X91, B0GXF8LKQZ, B0FLKF21MB]",amzn1.campaign.202I6SLQI4QEX,Washable NonSlip Runner Creator Promo-2026/08/14,BESBLEE,2026-08-17,2026-11-24,10.00%,5000.0,5000.0,132,800,false
"[B0H5JXSB2D, B0H5JYSRM8, B0H5K4L6KW, B0H5K3KQ3B, B0H5K14MLR, B0H5K357MV, B0H5K3FTH8, B0H5JZJQXW, B0H5KBVX17, B0H5K4ZJTV, B0H5K3MWYP, B0H5K6Z4VM, B0H5JR68BM, B0H5KB1H1H, B0H5K37XWK, B0H5K24T7J, B0H5K44WFV, B0H5JXGDMK, B0H5K3VZCV, B0H5K496LK, B0H5K3BML9, B0H5JRHBY5, B0H5JYQY8S, B0H5K65LK6, B0H5JXPXJW, B0H5K4P1B9]",amzn1.campaign.217MDXHPL585B,Final Chance 50% OFF + 10% Commission Deal -Z-saibs,PureCozy,2026-08-17,2026-11-14,10.00%,5000.0,5000.0,131,800,false
"[B0FYCVWGTR, B0FYD51P79]",amzn1.campaign.G85H4XX7E9PV,🏈 Promote High-Converting Youth Football Gloves – Only $9.99!,Reasunsdy,2026-08-17,2026-09-17,10.00%,5000.0,5000.0,88,800,false
[B0GQBDQF5R],amzn1.campaign.1K0WJM1PJRKHX,8月红色清洁刷15% 1,NeatLt,2026-08-17,2026-09-30,15.00%,12000.0,12000.0,117,800,false
[B0GVYQXPBB],amzn1.campaign.15FBVM1US5GPE,🔥15% High Commission! Join Us to Promote LED Desk Lamp,LIONVISON,2026-08-17,2026-11-17,15.00%,5000.0,5000.0,113,800,false
[B0GGGCNLBY],amzn1.campaign.9MCKNGD1DGW5,25%-Go Brush Pro Cordless Hair Straightener Brush,BUFAZO,2026-08-17,2026-10-31,25.00%,5000.0,5000.0,75,800,false
"[B0FZKGKRK4, B0FLKDTKLZ, B0GY82QZJC, B0FLKDV2MX, B0FLK8SGJW, B0FLKDV2MZ, B0FLKDMDST, B0GY88W59B, B0FZKCD42F, B0FLKDW3DZ, B0FLKB8QC8, B0FLKDLPFQ, B0FLKFHMMM, B0GY8GT9V8, B0GXF66BZ5, B0GY86TW3Z, B0GXF8SYQN, B0FLKF1PH7, B0FLKDS8T7, B0FLK9L1PB, B0FZKDZVGP, B0GY8CNTQJ, B0H3C3RSRX, B0GY87VJ2T, B0GY89XD8S, B0FLKD76JR, B0GY83LZWG, B0FLKC6427, B0FLKDG9J6, B0FRMSXNKL, B0FLKBZTJ6, B0FLK7939F, B0FLKFLZ3X, B0FZKBFLJ4, B0FLKH37ZR, B0GTNKH6S7, B0FZKDM8WM, B0GY86Z9F7, B0GY86525R, B0FLKDDZ3G, B0GY89VXYS, B0FZKHCYT8, B0FLKG6N12, B0GY83NNNV, B0FZK8MGQZ, B0FLK9MBTY, B0GXF7Q1XP, B0GY892T3H, B0FZKDHF7Z, B0FLK8Z85J, B0FZKSHTQD, B0GXF54Y37, B0GY8DPF94, B0FZKG6J4Q, B0H4G5PFZW, B0H4GF12YF, B0H3BN3ZDC, B0GY7YQ58D, B0FLK8JRPF, B0FLKBCPSH, B0FLKCRWBS, B0FLKC6HVN, B0FLKF2N4G, B0FLK9XJR1, B0FLKBB18H, B0FLKD6WRP, B0FLK9PZY2, B0GY8H63ZJ, B0FLKC8P6H, B0FLKDT72Z, B0GY89M7N7, B0GY8D2TX2, B0GY8DHPVC, B0GY8GTRQ7, B0FLK9T245, B0GXF7NJX9, B0FLKF35YR, B0FLK83PTX, B0FLK9SDKG, B0FLKDT732, B0H5PWTDM1, B0GY8CQMXW, B0GXF3T9CY, B0FZKFD7BQ, B0GY8DNWZ6, B0H4G3RKJJ, B0H4G8MZY4, B0FLKDFKMB, B0FLK989M1, B0H4GBMXGB, B0GY84ZCMR, B0FLKF5PR5, B0FZKSJPWK, B0FZKFGNW9, B0GXF51X91, B0GXF8LKQZ, B0FLKF21MB]",amzn1.campaign.22TBBXI5PE0YK,Washable NonSlip Runner Creator Promo-2026/08/14,BESBLEE,2026-08-17,2026-11-23,10.00%,5000.0,5000.0,133,800,false
"[B0FWK3FS8R, B0DQ8KSHYW, B0GGRLDTR7, B0H5VNYQFM, B0HC6GXWG9, B0DQ8HJDD7]",amzn1.campaign.30540CX1JDHMU,"""15%COMM - ADJUSTABLE ROMAN CHAIR, 350LB CAPACITY, STRONG DEMAND, STEADY """,HANDBODE,2026-08-17,2027-08-17,15.00%,5000.0,5000.0,111,800,false
"[B0DWJXH62G, B0DWK4HM85, B0GRY3RLPN, B0DWK3PDS9, B0GRXF888B, B0G2XBX138, B0DWK64VCL, B0DWK2ZK7P, B0DWK3QLN2, B0G2XJ892S, B0DWK4XHMK, B0DWK5VQ17, B0DWK3YBFH, B0DWK37H5B, B0DWK3HZFX, B0GRY65X13, B0G2XB1KCL, B0GRYGPTYG, B0DWK3DWNY, B0GRYG98JJ, B0DWK66SWM, B0DWJSR557, B0DWK34W38, B0GRZ4NK5G, B0GRY535PJ, B0GRXZWYWQ, B0GRXN56XV, B0GRXS9NT2, B0DWK36NPM, B0DWK3JP1T, B0DWK3698G, B0DWJW3LLZ, B0DWK13SKL, B0DWK36BH4, B0DWK56BDQ, B0G2XDXBCJ, B0DWK5F3LB, B0G2XF266G, B0GRXJN49V, B0DWK3TQB6, B0G2XLYVHG]",amzn1.campaign.13CMXKCDNOTCL,⭐ Top-Rated Baseball Belt & Sock Set - 12% Comm & Free Sample !! 4452+8533,SANSTHS,2026-08-17,2026-10-17,12.00%,8000.0,8000.0,84,800,false
"[B0FMPBFMNL, B0GW8FCVCC, B0D46CX1PS, B0D5J4T56Z, B0CR36C1XP, B0D2J7PR7B, B0G3XSWFP1, B0GVYRCBNF, B0F9FJFBZG, B0D46YYNVB, B0GVYP4YTL]",amzn1.campaign.QG7SLSEMISGX,10% commission   Tarentlight ceiling light collection,Tarentlight,2026-08-17,2027-07-08,10.00%,5000.0,5000.0,110,800,false
[B0H25PQSBQ],amzn1.campaign.2W4GV8FWEFGPD,UTIMATEJOY Male Masturbator Sex Toys for Men with Detachable Butt Plug,UTIMATEJOY,2026-08-17,2027-08-17,10.00%,10000.0,9968.1,81,800,false
"[B0GVS75731, B0GVS42N7Q, B0GVS9RDCP, B0GVS4H41L, B0GVS6CQXJ, B0GVSDZPKM]",amzn1.campaign.2EMLAFUPGMUEX,8.14(按压1) 🔥 Tiered 20%-30% Commission | Cat-Friendly Litter Box,PTLOM,2026-08-17,2026-09-16,20.00%,5000.0,5000.0,75,800,false
"[B0H4ZLV3L7, B0H4ZCNFJW, B0H4ZDHSFS]",amzn1.campaign.HW9YMDG5LVZX,托马斯励志,KYIYHZP,2026-08-17,2027-05-07,15.00%,5555.0,5551.1,118,800,false
[B0GWH2K5ZK],amzn1.campaign.18EPS8YD8MUM2,TURNMEON Lighted Hanging Witch Hat Ghost Halloween Decor +10% Commission,TURNMEON,2026-08-17,2026-09-27,10.00%,5000.0,4991.42,78,800,false
"[B0FVFX87S4, B0FVFZG57H, B0FVFZTPFR, B0FVFWR4RZ, B0FVFV1YN6, B0FVFZFQ33, B0FVFV749G, B0FVFZR93N, B0FVFWBS49, B0FVFTJD39, B0FVFXPN97, B0FVFW2XTV, B0FVFX4DMQ, B0FVFVN3DG, B0FVFTKTM4, B0FVFTMYN4, B0FVFWBWD7, B0FVFXPXJ3, B0FVFX7223, B0FVFWPV92]",amzn1.campaign.13QODM4BXIG1U,"LessonZoo 3 Pack Boys' Pullover Hoodies – Long Sleeve, Lightweight, Size 5-14Y",LessonZoo,2026-08-17,2027-08-17,10.00%,5000.0,5000.0,78,800,false
"[B0FZKGKRK4, B0FLKDTKLZ, B0GY82QZJC, B0FLKDV2MX, B0FLK8SGJW, B0FLKDV2MZ, B0FLKDMDST, B0GY88W59B, B0FZKCD42F, B0FLKDW3DZ, B0FLKB8QC8, B0FLKDLPFQ, B0FLKFHMMM, B0GY8GT9V8, B0GXF66BZ5, B0GY86TW3Z, B0GXF8SYQN, B0FLKF1PH7, B0FLKDS8T7, B0FLK9L1PB, B0FZKDZVGP, B0GY8CNTQJ, B0H3C3RSRX, B0GY87VJ2T, B0GY89XD8S, B0FLKD76JR, B0GY83LZWG, B0FLKC6427, B0FLKDG9J6, B0FRMSXNKL, B0FLKBZTJ6, B0FLK7939F, B0FLKFLZ3X, B0FZKBFLJ4, B0FLKH37ZR, B0GTNKH6S7, B0FZKDM8WM, B0GY86Z9F7, B0GY86525R, B0FLKDDZ3G, B0GY89VXYS, B0FZKHCYT8, B0FLKG6N12, B0GY83NNNV, B0FZK8MGQZ, B0FLK9MBTY, B0GXF7Q1XP, B0GY892T3H, B0FZKDHF7Z, B0FLK8Z85J, B0FZKSHTQD, B0GXF54Y37, B0GY8DPF94, B0FZKG6J4Q, B0H4G5PFZW, B0H4GF12YF, B0H3BN3ZDC, B0GY7YQ58D, B0FLK8JRPF, B0FLKBCPSH, B0FLKCRWBS, B0FLKC6HVN, B0FLKF2N4G, B0FLK9XJR1, B0FLKBB18H, B0FLKD6WRP, B0FLK9PZY2, B0GY8H63ZJ, B0FLKC8P6H, B0FLKDT72Z, B0GY89M7N7, B0GY8D2TX2, B0GY8DHPVC, B0GY8GTRQ7, B0FLK9T245, B0GXF7NJX9, B0FLKF35YR, B0FLK83PTX, B0FLK9SDKG, B0FLKDT732, B0H5PWTDM1, B0GY8CQMXW, B0GXF3T9CY, B0FZKFD7BQ, B0GY8DNWZ6, B0H4G3RKJJ, B0H4G8MZY4, B0FLKDFKMB, B0FLK989M1, B0H4GBMXGB, B0GY84ZCMR, B0FLKF5PR5, B0FZKSJPWK, B0FZKFGNW9, B0GXF51X91, B0GXF8LKQZ, B0FLKF21MB]",amzn1.campaign.17IFEIDUAVYCH,Washable NonSlip Runner Creator Promo-2026/08/14,BESBLEE,2026-08-17,2026-11-22,10.00%,5000.0,5000.0,132,800,false
"[B0D78WVC95, B0H1R2RJBL, B0D78XGDXT, B0DDKF9269, B0DWFLMQMS, B0DDKCV4WT, B0D78XXK77, B0DDK9SW9J, B0H1QX83LW, B0D78XGJSQ, B0H1QSML5F, B0DDKB3X4L, B0D78X8QFD, B0D78XJJBN, B0DDKBV2TK, B0DDKCRNSG, B0D78WZ68H, B0H1QXBPB1, B0D78W7467, B0DDKBK2C1, B0D78X52C2, B0H1QVKVVX, B0H2VNYSXW, B0H1QSXQQ1, B0H1R1G7DX, B0D78YL936, B0D78Y53HS, B0D78WKD4L, B0D78X9Q3T, B0D78W4XQR, B0D78WW4ZT, B0FB3SP4Q6, B0DDKCK2N5, B0D78VT9Z9, B0D78XGLM3, B0DDKBKPQD, B0H1QZC7ST, B0DDKBSXQK, B0H1R28B5J, B0D78W4186, B0D78WFNQ5, B0D78W9WLD, B0D78Y1MR1, B0H1QW88HW, B0H1QKWD2X, B0D78VN6XZ, B0H1VZQWMB, B0DDKBZ6B7, B0DDKBXKZ9, B0H1QYTL5X, B0DDKDZW5Z, B0H1QVJTJZ, B0DDK95PNB, B0H1R2W1QX, B0DDKB59LN, B0H1R6JBRH, B0H1QT45YD, B0D78X3BR9, B0D78XT317, B0H1QSYL5F, B0H1QVJJKQ, B0H1QVLWP4, B0D78XCRG2, B0DDKD3141, B0DDKDN2NN, B0D78WVTBC, B0DDKB9KBR, B0H1QVV5SJ, B0DNJDZVT7, B0D78W6MGW, B0D78XYY1Q, B0DDK9V9YV]",amzn1.campaign.2EE38W3S8YOP8,"Dokotoo's ""Womens Sweaters"", commission 10%- SKU 2724707",Dokotoo,2026-08-17,2026-11-30,10.00%,10000.0,9992.09,51,800,false
"[B0H8CL92G9, B0H8CJD2MY, B0H8CM4VFB, B0H8CFDFMV, B0H8CDCN7R, B0H8CR7RGW, B0H8CK7G8V, B0H8CC7L3F, B0H8CKBQQT, B0H8CPYVLS, B0H8CJC39L, B0H8CCK7T2, B0H8CV61WT, B0H8CCJ3KJ, B0H8CCDM6V, B0H8C5N31C, B0H8CBTBQS, B0H8CF6X3P, B0H8CKGCBS, B0H8CFHBPN]",amzn1.campaign.OAABJKPKTGNX,DY856097 swimsuit coverup for women-12% commission,Bsubseach,2026-08-17,2026-12-31,12.00%,99999.0,99978.84,73,800,false
[B0HB9JSKPV],amzn1.campaign.2JEZOAZFBFCLC,Anti Snoring Spray-2,Onzzyl,2026-08-18,2026-10-14,12.00%,5000.0,5000.0,122,800,false
"[B0H6MBQ9GD, B0H6M9BT9Q, B0H6MCBF8Q, B0H6M1J1XQ, B0H6MB658R, B0H6LYXR91, B0H6M4SY9D, B0H6M5KWMC, B0H6M7DQPF, B0H6M4Z9WN, B0H6M8CL5D, B0H6M57BSP]",amzn1.campaign.3K53BBYE6TPB1,Collaborate with Us for Women's Plaid Lining Windbreaker to Get 10% Commission!,Zoziiee,2026-08-17,2026-09-17,10.00%,5000.0,4990.8,84,800,false
"[B0H3P8FYQN, B0H3PHQV78, B0H3PDJQHS, B0H3PB28ZB, B0H3P7GRRV, B0H3PQ81CW, B0H3PD5KWS, B0H3PGN76F, B0H3P8H57J, B0H3PG7345, B0H3P7RR3G, B0H3P6C99K, B0H3P98QSF, B0H3PGQHF4, B0H3P9P8ZR, B0H3PG2ZR3, B0H3PGFPM3, B0H3PN9RD9, B0H3PFWMD3, B0H3P6BLPB, B0H3PBZTGL, B0H3PD62TG, B0H3PJ6HR5, B0H3P7Y84M, B0H3P7XTKH, B0H3PH6W1X, B0H3P74XW6, B0H3PJRDS7, B0H3PB45FD, B0H3P5WXQD]",amzn1.campaign.RSWUZP8JD38P,10% Commissions Magic Shirt for Women Cute Fairy Castle Graphic Tops,Binshre,2026-08-17,2026-09-16,10.00%,5000.0,4973.75,79,800,false
"[B0H4ZLLQ8Z, B0H4ZQY1X9, B0H4ZMYN7C]",amzn1.campaign.2OGK2TKUDPHFA,飞机励志,KYIYHZP,2026-08-17,2027-05-07,15.00%,5555.0,5550.8,117,800,false
"[B0FLXCH4W5, B0FLXDB5Q3, B0FLXB4YH6, B0FLXC7CQ2, B0FLXCT4V2, B0FLXCMZZ2, B0FLXF888Z, B0FLX9YJ27, B0FLXF7366, B0FLXCKWTF, B0FLXBSNZ3, B0FLXD9JZJ, B0FLXBYWZR, B0FLXBG2S8, B0FLXD3MMX, B0FLX9P8VM, B0FLX9FNM9, B0FLXDF5FX, B0FLXBX2K1, B0FLX9F6W2, B0FLXCB1L4]",amzn1.campaign.3RWHOEM8IC7UE,HOT Deal: ✨ Glamaker Collab—Lightweight Puffer Vest -WYN-M25OW0031,Glamaker,2026-08-18,2026-11-21,10.00%,5000.0,5000.0,106,800,false
[B0GCBWKVQB],amzn1.campaign.ACONKGXWRTSQ,"This rechargeable LED work light is a must-have for car repairs, emergencies.",SHiLiPAi,2026-08-17,2027-01-31,10.00%,5000.0,5000.0,121,800,false
"[B0FZKGKRK4, B0FLKDTKLZ, B0GY82QZJC, B0FLKDV2MX, B0FLK8SGJW, B0FLKDV2MZ, B0FLKDMDST, B0GY88W59B, B0FZKCD42F, B0FLKDW3DZ, B0FLKB8QC8, B0FLKDLPFQ, B0FLKFHMMM, B0GY8GT9V8, B0GXF66BZ5, B0GY86TW3Z, B0GXF8SYQN, B0FLKF1PH7, B0FLKDS8T7, B0FLK9L1PB, B0FZKDZVGP, B0GY8CNTQJ, B0H3C3RSRX, B0GY87VJ2T, B0GY89XD8S, B0FLKD76JR, B0GY83LZWG, B0FLKC6427, B0FLKDG9J6, B0FRMSXNKL, B0FLKBZTJ6, B0FLK7939F, B0FLKFLZ3X, B0FZKBFLJ4, B0FLKH37ZR, B0GTNKH6S7, B0FZKDM8WM, B0GY86Z9F7, B0GY86525R, B0FLKDDZ3G, B0GY89VXYS, B0FZKHCYT8, B0FLKG6N12, B0GY83NNNV, B0FZK8MGQZ, B0FLK9MBTY, B0GXF7Q1XP, B0GY892T3H, B0FZKDHF7Z, B0FLK8Z85J, B0FZKSHTQD, B0GXF54Y37, B0GY8DPF94, B0FZKG6J4Q, B0H4G5PFZW, B0H4GF12YF, B0H3BN3ZDC, B0GY7YQ58D, B0FLK8JRPF, B0FLKBCPSH, B0FLKCRWBS, B0FLKC6HVN, B0FLKF2N4G, B0FLK9XJR1, B0FLKBB18H, B0FLKD6WRP, B0FLK9PZY2, B0GY8H63ZJ, B0FLKC8P6H, B0FLKDT72Z, B0GY89M7N7, B0GY8D2TX2, B0GY8DHPVC, B0GY8GTRQ7, B0FLK9T245, B0GXF7NJX9, B0FLKF35YR, B0FLK83PTX, B0FLK9SDKG, B0FLKDT732, B0H5PWTDM1, B0GY8CQMXW, B0GXF3T9CY, B0FZKFD7BQ, B0GY8DNWZ6, B0H4G3RKJJ, B0H4G8MZY4, B0FLKDFKMB, B0FLK989M1, B0H4GBMXGB, B0GY84ZCMR, B0FLKF5PR5, B0FZKSJPWK, B0FZKFGNW9, B0GXF51X91, B0GXF8LKQZ, B0FLKF21MB]",amzn1.campaign.8113KTP6N322,Washable NonSlip Runner Creator Promo-2026/08/14,BESBLEE,2026-08-17,2026-11-21,10.00%,5000.0,5000.0,139,800,false
[B0HB9JSKPV],amzn1.campaign.BWJEH8VJRLEJ,Anti Snoring Spray-1,Onzzyl,2026-08-17,2026-10-13,12.00%,5000.0,4989.23,124,800,false
"[B0GKGGXKR1, B0GKGR7YPD, B0GKGM362Y, B0GKGHQJ1M, B0GKGHVBRN, B0GKGN7DD1, B0GKGKRTJH, B0GKGN1DWR, B0GKGB8JMH, B0GKGPZGD4, B0GKGVWCW4, B0GKGVVQKW, B0GKGMZ6QC]",amzn1.campaign.1CITIEXUX5H2Z,WV-010-009-创作者影响计划-0813-13.24%-03-68/344,MolyPark,2026-08-27,2026-10-04,13.24%,5004.0,5004.0,132,800,false
"[B07NZ69KZZ, B0DNPHMV9Y, B0C7BYWSGL, B0CYFS6LG9, B0DTK6DPWR, B07H4MSJPG, B0CG566NLT, B07P194R29, B0CG586BH1, B0CYFQ3YQ4, B0CG576935, B0DNPRF75S, B0C7BXKN2D, B0DNP3BZGZ, B0C532SLJW, B0C52P7ZMK, B0CG56TKCG, B07DNXKLZG, B07P18XFL1, B0CG57JLY5, B0CYFQ2ZHY, B07NZ7VFSY, B0CYFCKJV3, B0CYFQ6JX6, B0DNP6RLKR, B07DNXRTR2, B0C52RTLR8, B0CYFKRBHB, B0DQTLNNDC, B07DNWCVWX, B0C52VN38V, B0DTK443TG, B0CYFZV4JY, B0DNP519YH, B0DQTJ291Y, B0DNPVS2FY, B0DTK661X1, B0DTK5BX5K, B0DQT97TDW, B0D3BN2KM1, B07DNY9Z9F, B0C52QS56T, B0DTK4M52Q, B07NY9LSZ4, B0CYFLHX69, B0CYG65PX4, B0CYFJ1NW6]",amzn1.campaign.1BBJNZDYRLC9O,"2g GINGTTO 15% Commission Is So Wild, Even Small Creators Are Cashing In Big",GINGTTO,2026-08-17,2026-10-31,15.00%,5000.0,5000.0,114,800,false
"[B0H5JXSB2D, B0H5JYSRM8, B0H5K4L6KW, B0H5K3KQ3B, B0H5K14MLR, B0H5K357MV, B0H5K3FTH8, B0H5JZJQXW, B0H5KBVX17, B0H5K4ZJTV, B0H5K3MWYP, B0H5K6Z4VM, B0H5JR68BM, B0H5KB1H1H, B0H5K37XWK, B0H5K24T7J, B0H5K44WFV, B0H5JXGDMK, B0H5K3VZCV, B0H5K496LK, B0H5K3BML9, B0H5JRHBY5, B0H5JYQY8S, B0H5K65LK6, B0H5JXPXJW, B0H5K4P1B9]",amzn1.campaign.1I1R0IPWTHWRB,PureCozy Hot Sale 50% OFF + 10% Commission -Z-saibs,PureCozy,2026-08-17,2026-11-13,10.00%,5000.0,5000.0,135,800,false
[B0H6ZWV3N3],amzn1.campaign.1I3UDKMVNSCY5,Electric Spinning Grill Brush - 20% Commission,SPLENPAW,2026-08-18,2027-08-18,20.00%,6000.0,5992.0,75,800,false
"[B0G46JG31J, B0G46H3BYN]",amzn1.campaign.1U37EEPH8348B,14% Comm | Hand-Painted Floral Soup Bowl With Handle for Women,ALMA,2026-08-17,2027-08-17,14.00%,50000.0,50000.0,112,800,false
"[B0H4ZRHHCV, B0H4ZFZC93, B0H4ZGJ79K]",amzn1.campaign.IF0XQ24YR961,简约励志,KYIYHZP,2026-08-17,2027-05-07,15.00%,5555.0,5549.45,118,800,false
"[B0GKGGXKR1, B0GKGR7YPD, B0GKGM362Y, B0GKGHQJ1M, B0GKGHVBRN, B0GKGN7DD1, B0GKGKRTJH, B0GKGN1DWR, B0GKGB8JMH, B0GKGPZGD4, B0GKGVWCW4, B0GKGVVQKW, B0GKGMZ6QC]",amzn1.campaign.1YZX5MBD0HQMV,WV-010-009-创作者影响计划-0813-13.29%-03-68/342,MolyPark,2026-08-29,2026-10-04,13.29%,5004.0,5004.0,132,800,false
"[B0FLJ5YSD6, B0FLJPP1FK, B0FLJMLB55, B0FLJ8KGJL]",amzn1.campaign.3D2X1C51AAR8Y,"15%COMM - 5LB MINI BAR, RUST-PROOF, BEGINNER-FRIENDLY, STRONG DEMAND, STEADY",HANDBODE,2026-08-17,2027-08-17,15.00%,5000.0,5000.0,120,800,false
"[B0FZKGKRK4, B0FLKDTKLZ, B0GY82QZJC, B0FLKDV2MX, B0FLK8SGJW, B0FLKDV2MZ, B0FLKDMDST, B0GY88W59B, B0FZKCD42F, B0FLKDW3DZ, B0FLKB8QC8, B0FLKDLPFQ, B0FLKFHMMM, B0GY8GT9V8, B0GXF66BZ5, B0GY86TW3Z, B0GXF8SYQN, B0FLKF1PH7, B0FLKDS8T7, B0FLK9L1PB, B0FZKDZVGP, B0GY8CNTQJ, B0H3C3RSRX, B0GY87VJ2T, B0GY89XD8S, B0FLKD76JR, B0GY83LZWG, B0FLKC6427, B0FLKDG9J6, B0FRMSXNKL, B0FLKBZTJ6, B0FLK7939F, B0FLKFLZ3X, B0FZKBFLJ4, B0FLKH37ZR, B0GTNKH6S7, B0FZKDM8WM, B0GY86Z9F7, B0GY86525R, B0FLKDDZ3G, B0GY89VXYS, B0FZKHCYT8, B0FLKG6N12, B0GY83NNNV, B0FZK8MGQZ, B0FLK9MBTY, B0GXF7Q1XP, B0GY892T3H, B0FZKDHF7Z, B0FLK8Z85J, B0FZKSHTQD, B0GXF54Y37, B0GY8DPF94, B0FZKG6J4Q, B0H4G5PFZW, B0H4GF12YF, B0H3BN3ZDC, B0GY7YQ58D, B0FLK8JRPF, B0FLKBCPSH, B0FLKCRWBS, B0FLKC6HVN, B0FLKF2N4G, B0FLK9XJR1, B0FLKBB18H, B0FLKD6WRP, B0FLK9PZY2, B0GY8H63ZJ, B0FLKC8P6H, B0FLKDT72Z, B0GY89M7N7, B0GY8D2TX2, B0GY8DHPVC, B0GY8GTRQ7, B0FLK9T245, B0GXF7NJX9, B0FLKF35YR, B0FLK83PTX, B0FLK9SDKG, B0FLKDT732, B0H5PWTDM1, B0GY8CQMXW, B0GXF3T9CY, B0FZKFD7BQ, B0GY8DNWZ6, B0H4G3RKJJ, B0H4G8MZY4, B0FLKDFKMB, B0FLK989M1, B0H4GBMXGB, B0GY84ZCMR, B0FLKF5PR5, B0FZKSJPWK, B0FZKFGNW9, B0GXF51X91, B0GXF8LKQZ, B0FLKF21MB]",amzn1.campaign.OANJRTMN0TGT,Washable NonSlip Runner Creator Promo-2026/08/14,BESBLEE,2026-08-17,2026-11-20,10.00%,5000.0,5000.0,142,800,false
"[B0FPKPSN3B, B0FLNYZ1WT]",amzn1.campaign.148ZRLQL0ETEI,UTIMATEJOY 9 Inch Realistic Big Thick Dildo Sex Toys,UTIMATEJOY,2026-08-17,2027-08-17,10.00%,10000.0,9997.75,81,800,false
"[B0GKZXF8NC, B0FXXRVFJ2, B0FWRYPZY7, B0H3T98J9Q, B0FWRVV6ZX, B0FXXRCWCB, B0GKZS4YW6, B0FWRZXPQJ, B0FXXT9TKL, B0GQ9ZRB71, B0FXXR25JZ, B0GMZ1H97M, B0FWRXN5Q5, B0FWRZ2L12, B0FMDSM97G, B0FXXQDX54, B0FMD8XWSQ, B0FWRZWGRB, B0FWRZTDDT, B0FXXQ33WF, B0FWRZGSQJ, B0GKZTF42Z, B0FXXRWFNS, B0FWRYR8Q3, B0FWRTXB3V, B0FXXT4VWR, B0FWS29GLW, B0FWRWKCH4, B0FXXRWZWQ, B0FWS1MJSC, B0H3T2K2T2, B0FWRVWJF9, B0FXXQY6W4, B0FXXTZPJ6, B0FXXWBN3F, B0FWRWPMTV, B0FWRY9FVY, B0FWRYPDVT, B0FWRYTM3N, B0H3T1Z5HH, B0FWRZDVYK, B0FWRX89Q5, B0FWRYXBS1, B0FXXSJS36, B0FWRZBVXR, B0FWRZ7TDR, B0GMYVFL7Q, B0FWRXZC2D, B0FWRZBVXS, B0FMDL111Z, B0FXXQF8C5, B0FWS1LLK9, B0FWS18Q7L, B0FXXTJCVN, B0GMYSN4TF, B0FXXSY8PD, B0FXXTBTX5, B0FWRZDM7N, B0FXXNL833, B0GL11946V, B0H3T8V1FM, B0H3SYTT1B, B0H3T3WKDW, B0FXXSQ2RW, B0FXXSQZ96, B0FXXTD2MG, B0FXXW8M8M, B0FXXRV68P, B0FXXRWQ2R, B0FXXQ21GF, B0H3T1RZS6, B0FWRWW9WN, B0FMDN5ZN8, B0FMDHH2ZR, B0FWS17D1T, B0GL14PRNV, B0FMDSN13Q, B0FXXPJVMG, B0FWRTFW97, B0FXXSPKXQ, B0FXXPH7F4, B0FWRZ8LJX, B0FWRYZMKZ, B0FWRY6HV8, B0FWRWH3GJ, B0FWRWG276, B0FWRZWN3R, B0FWRXMV8D, B0FXXRQM1C, B0GQ9PT2RJ, B0FXXS2P7D, B0FXXQ6ZX8, B0FXXQNK21, B0GQ9TNDHT, B0GQ9SH6BK, B0FXXSNG2H, B0FWRZQFF9, B0GL11Q6SM, B0FXXR5Y52, B0FWRY8LY7, B0FXXR44GG, B0FXXTKW8D, B0FWRY3PWS, B0GMYQG7WG, B0FXXRZWLK, B0GMYP6VCK, B0FWRYWP51, B0GXL95RQL, B0GQ9LW6FV, B0FXXRZGLH, B0FXXS1MFJ, B0FXXTJVHR, B0FXXT5DTT, B0FMF2HC5J, B0FWRZTCGW, B0H3T7GDCX, B0FWRY1GPT, B0FXXQJTZV, B0FXXSQBG9, B0FXXRRDST, B0GQ9J1MRG, B0FXXSQ9MC, B0FWRYQ2LH, B0FWRWMDP2, B0FWRX12RN, B0FWRZZXJ8, B0FXXRT9XT, B0FXXQM64Z, B0FWRWKQNY, B0FXXQD3RJ, B0FXXRHTYD, B0FWS2LZ5P, B0FXXSG59Z, B0GMYZ7Z9Y, B0H3T69XXZ, B0FMDKSN6X, B0FXXSB5QM, B0FMDN3KQV, B0H3T3GDDK, B0FXXSX8WY, B0FWRYP5W5, B0FWRYMLTZ, B0FWRZDC9R, B0FWRZDC9Q, B0FXXRLH5F, B0FXXSSD4X, B0FXXSMM8Q, B0H3T4PNH1, B0FMD7FGHG, B0H3T2BKV3, B0FWRXKP79, B0FWRZFL4L, B0FWRXKP77, B0FXXRGCKF, B0FWS174GH, B0FXXRH9M5, B0FXXRG69B, B0FXXQJ133, B0FWRV3YZ9, B0FXXS4YJZ]",amzn1.campaign.12RP38QPAQOH,B0FMDNNVBZ 10%commission 08-18-09-30,Weripoah,2026-08-18,2026-09-30,10.00%,5000.0,4887.13,78,800,false
"[B0GKGGXKR1, B0GKGR7YPD, B0GKGM362Y, B0GKGHQJ1M, B0GKGHVBRN, B0GKGN7DD1, B0GKGKRTJH, B0GKGN1DWR, B0GKGB8JMH, B0GKGPZGD4, B0GKGVWCW4, B0GKGVVQKW, B0GKGMZ6QC]",amzn1.campaign.151CGFE3VIZY8,WV-010-009-创作者影响计划-0813-13.21%-03-68/3421,MolyPark,2026-08-27,2026-10-04,13.21%,5004.0,5004.0,130,800,false
"[B0H4ZR1BVM, B0H4ZCS3K8, B0H4ZLR1ZX]",amzn1.campaign.30S0X0Q4M5BCM,乌龟励志,KYIYHZP,2026-08-17,2027-05-07,15.00%,5555.0,5546.46,115,800,false
"[B0FMF5SM96, B0DSKK6KTN, B0DR78R5JW, B0CMT6PYNY, B0FM7ZZTZQ, B0FYLVKV2R, B0F2HJ68CV, B0FYLSV1PM, B0FYM1C3P8, B0CR31X6GG, B0CQWPKGSF, B0D9TL2ZBY, B0G2SD24NV, B0DZCPCXF4, B0F2T4LVG6, B0G2SDD5GC, B0CRH9VWWJ, B0CMT8X7GJ, B0DR79944K, B0FYLTZFZF, B0FNQRXX2W, B0DFCH33RS, B0DZCR4BH2]",amzn1.campaign.2P3I36YWI6H2M,"13% Comm - ALMA Modern Vase | One Piece, A Whole New Feeling",ALMA,2026-08-17,2027-08-17,13.00%,50000.0,50000.0,99,800,false
[B0CYXV1DNN],amzn1.campaign.31U4J3WOKCUVX,RC399-1 Elegant White and Gold Plastic Dinnerware Set with  a BIG 20% DISCUONT,supernal,2026-08-17,2026-09-17,12.00%,5000.0,5000.0,82,800,false
"[B0FLXCH4W5, B0FLXDB5Q3, B0FLXB4YH6, B0FLXC7CQ2, B0FLXCT4V2, B0FLXCMZZ2, B0FLXF888Z, B0FLX9YJ27, B0FLXF7366, B0FLXCKWTF, B0FLXBSNZ3, B0FLXD9JZJ, B0FLXBYWZR, B0FLXBG2S8, B0FLXD3MMX, B0FLX9P8VM, B0FLX9FNM9, B0FLXDF5FX, B0FLXBX2K1, B0FLX9F6W2, B0FLXCB1L4]",amzn1.campaign.2PGFRQD0EK76H,Great Deal: 🌟 Glamaker Vest Collab Opportunity -WYN-M25OW0031,Glamaker,2026-08-18,2026-11-20,10.00%,5000.0,5000.0,109,800,false
[B0GD6KGH76],amzn1.campaign.3193E3DS4BP6B,✨ JOYWINK: Earn 15% Comm. | Effortless & Upgraded Electric Grill Brush,JOYWINK,2026-08-17,2026-09-16,15.00%,10000.0,10000.0,118,800,false
"[B0G46JG31J, B0DKSWHXL9, B0DS9KPG12, B0DP6K4Q29, B0CH7C6C9J, B0CLJD9845, B0FHFBPKHK, B0CNZZSPZ8, B0FFHLNRSS, B0G46H3BYN, B0FHF7MRRV]",amzn1.campaign.2KXYPEY0DMMVH,12% Comm | Hand-Painted Floral Soup Bowl With Handle for Mom,ALMA,2026-08-17,2027-08-17,12.00%,50000.0,50000.0,96,800,false
"[B0H4ZGQV87, B0H4ZFWDL8, B0H4ZP8KRK]",amzn1.campaign.3YAZUTP45IOC,金钱时间,KYIYHZP,2026-08-17,2027-05-07,15.00%,5555.0,5555.0,121,800,false
[B0DLGSQJYN],amzn1.campaign.DV2770JYEBHW,🔥10% commission + 3K + monthly sales + Rechargeable Brightest Headlamp🔥,FINICO,2026-08-17,2026-09-17,10.00%,10000.0,10000.0,143,800,false
"[B0GSMSTW2H, B0GSMPF52M, B0GSMS18Z8]",amzn1.campaign.36YG3LTKF8LUI,12% Comm | Handpainted Soup Bowl Set For Everyday Meals | Gift For Mom,ALMA,2026-08-17,2027-08-17,12.00%,50000.0,50000.0,119,800,false
"[B0GY8B1C43, B0GY87H3P1]",amzn1.campaign.3AQCRY6AVF1FE,8.14(太空3) 🔥 Tiered 20%-30% Commission | Space Capsule Stylish Design Litter Box,PTLOM,2026-08-17,2026-09-18,20.00%,5000.0,5000.0,112,800,false
"[B0HF34J4WC, B0HF3996PC, B0HF31GFH8]",amzn1.campaign.390HI5YBJ1EN7,DOWNSTORIA Down Pillows with gusset,DOWNSTORIA,2026-08-17,2027-08-17,15.00%,100000.0,99622.08,50,800,false
"[B0FZKGKRK4, B0FLKDTKLZ, B0GY82QZJC, B0FLKDV2MX, B0FLK8SGJW, B0FLKDV2MZ, B0FLKDMDST, B0GY88W59B, B0FZKCD42F, B0FLKDW3DZ, B0FLKB8QC8, B0FLKDLPFQ, B0FLKFHMMM, B0GY8GT9V8, B0GXF66BZ5, B0GY86TW3Z, B0GXF8SYQN, B0FLKF1PH7, B0FLKDS8T7, B0FLK9L1PB, B0FZKDZVGP, B0GY8CNTQJ, B0H3C3RSRX, B0GY87VJ2T, B0GY89XD8S, B0FLKD76JR, B0GY83LZWG, B0FLKC6427, B0FLKDG9J6, B0FRMSXNKL, B0FLKBZTJ6, B0FLK7939F, B0FLKFLZ3X, B0FZKBFLJ4, B0FLKH37ZR, B0GTNKH6S7, B0FZKDM8WM, B0GY86Z9F7, B0GY86525R, B0FLKDDZ3G, B0GY89VXYS, B0FZKHCYT8, B0FLKG6N12, B0GY83NNNV, B0FZK8MGQZ, B0FLK9MBTY, B0GXF7Q1XP, B0GY892T3H, B0FZKDHF7Z, B0FLK8Z85J, B0FZKSHTQD, B0GXF54Y37, B0GY8DPF94, B0FZKG6J4Q, B0H4G5PFZW, B0H4GF12YF, B0H3BN3ZDC, B0GY7YQ58D, B0FLK8JRPF, B0FLKBCPSH, B0FLKCRWBS, B0FLKC6HVN, B0FLKF2N4G, B0FLK9XJR1, B0FLKBB18H, B0FLKD6WRP, B0FLK9PZY2, B0GY8H63ZJ, B0FLKC8P6H, B0FLKDT72Z, B0GY89M7N7, B0GY8D2TX2, B0GY8DHPVC, B0GY8GTRQ7, B0FLK9T245, B0GXF7NJX9, B0FLKF35YR, B0FLK83PTX, B0FLK9SDKG, B0FLKDT732, B0H5PWTDM1, B0GY8CQMXW, B0GXF3T9CY, B0FZKFD7BQ, B0GY8DNWZ6, B0H4G3RKJJ, B0H4G8MZY4, B0FLKDFKMB, B0FLK989M1, B0H4GBMXGB, B0GY84ZCMR, B0FLKF5PR5, B0FZKSJPWK, B0FZKFGNW9, B0GXF51X91, B0GXF8LKQZ, B0FLKF21MB]",amzn1.campaign.1OV279JVDFRDP,Washable NonSlip Runner Creator Promo-2026/08/14,BESBLEE,2026-08-17,2026-11-19,10.00%,5000.0,5000.0,141,800,false
"[B0FLJSMG56, B0FLJ81D7Z]",amzn1.campaign.2L7P7JX9OYSYQ,"15%COMM - 1500LB CAPACITY, 29MM SHAFT, IPF KNURLING, PRO-GRADE, STRONG DEMAND",HANDBODE,2026-08-17,2027-08-17,15.00%,5000.0,5000.0,118,800,false
"[B0GY8B1C43, B0GY87H3P1]",amzn1.campaign.14UVSG3ODLD1J,8.14(太空2) Up to 30% Commission | Stylish Enclosed Stainless Steel Cat Litter Box,PTLOM,2026-08-17,2026-09-17,20.00%,5000.0,5000.0,118,800,false
"[B0GY8B1C43, B0GY87H3P1]",amzn1.campaign.SC7U9OBUMK5Y,8.14(太空1) 🔥 Earn Up to 30% Commission | Fashion Stainless Steel Cat Litter Box,PTLOM,2026-08-17,2026-09-16,20.00%,5000.0,5000.0,123,800,false
"[B0H4ZN2MLG, B0H4ZKK1BK, B0H4ZFTLJ9]",amzn1.campaign.1CXJ9BY1I5SQ2,阶梯励志,KYIYHZP,2026-08-17,2027-05-07,15.00%,5555.0,5546.99,116,800,false
"[B0H2LMX2D7, B0H2LKF9Z1, B0H2LG4WNZ, B0H2LKXBNY, B0HC27V52B, B0H2L7XV4J, B0H2LNKMGQ, B0H2L7XK4Y, B0H2LHGMZ7, B0H2LGWRFY, B0H2LGWRFX, B0HC1Z281K, B0H2LD8RVW, B0H2LHNWQC, B0H2LF7W4C, B0H2LPYYL7, B0H2L7S97D, B0H2LGDYP8, B0HC274WDC, B0H2L5V5JY, B0H2LH6VMG, B0H2LCF3B4]",amzn1.campaign.17MEI303M2J46,Custom Gold Diamond Cuban Link Dog Chain Collar with Personalized Bone ID Tag,EVERKING,2026-08-17,2027-08-17,10.00%,5000.0,4998.4,75,800,false
"[B0G1LSJW2P, B0CD75KSZ3]",amzn1.campaign.3SIBBQ7APCRU8,"🔋✨ Earn 10%! Promote the ""No Limits"" 3-in-1 Wireless Charger for Thick Cases",eazpower,2026-08-17,2026-10-05,10.00%,5000.0,4961.4,65,800,false
"[B0D2N5F8RQ, B0H9CRG7B4, B0H6W57PYP, B0F1JZ2L7D, B0H2HJK1G5, B0H2LBPNPJ, B0DKJHJQZT, B0H9DDBFZM, B0DKJMS4TB, B09KTJCPTP, B0H9CKX667, B08LG2M9J3, B0CP6QTH57, B0H2H4X4TR, B0H2KK7T5K, B0H9CHV28W, B0H9CRCM9B, B0H2LFGNSB, B0H2F2XHJ1, B0H2LLYRZX, B0H19Y7Q1Y, B0GK5ZTG7M, B0H9CLVFRX, B0G1SXBPMZ, B0FD9BRQYZ, B0GK5DF38C, B0GK6M2HQX, B0H6VT3XFM, B0H2HFNHWK, B0H2DX9C3B, B0G389P8BC, B07VYNXDJ8, B0FD99GFMX, B0H6WTLBW9, B0H9CSJP57, B0H1C9K58Q, B0FVL18J86, B0H9DLYBRG, B07W1WCKFZ, B0H9CPVRYK, B0FVKN9SFX, B0F1K2KCKW, B0H2L231Z9, B0DYJTC678, B0H2LHVNH6, B0H6WRTGQ6, B0H6W3GVX7, B0H1CHLJ5M, B0H1BFS87W, B0H2LBSV9M, B0H2LHG5BT, B0H1BC7CY2, B07VZTBF1G, B0D2N67Q4M, B0G38C6KHL, B0FD9B5MS3, B0H6VRLB8J, B088K4B1VX, B07VYPY5YP, B0DYJWJSFZ, B08LGVPHJM, B0H6WQJJLH, B0H9CVJJCZ, B0H2DRW7KG, B0H1CH1WQ3, B0F2DZBRQS, B0H1CSMD8W, B0GK5PFX4D, B0H6WP32LK, B0H9CVLCXP, B0H6WK3FMM, B0H1CHDQTW, B0H2LR17HF, B0DMNQ368B, B07VWMR8T4, B09PKTF1QC, B0FD9BMBW5, B0H6WRCFFM, B0FVKQXQFR, B09PKV7ZVL, B0H9CMN6RT, B0FVKGBQ9B, B0H2HMMGNB, B0GK6SDTZB, B0H2LKSF3X, B0G38BRX83, B0H2GT717P, B0DYJRR1TQ, B0H2L5SVBV, B0FVKW1S7K, B09PKTLR12, B0GK7BFK6Z, B0CSD86WM9, B0H6VZ3Y33, B0G1SY3KHL, B0DKJNC3HJ, B0DR29L2CY, B0H2LP5RT4, B0FV748V1Q, B07VXLTLXC, B0H9CZ5TVH, B0DKJKL3K6, B07VVFW3V7, B0GTLKF9NL, B0H2KNPDBP, B07VWLYHPG, B0DYJVT78Q, B0DYJSX1PF, B0H1CCSLVV, B0H2L321D4, B0H2GZWFLN, B0H6W1X99W, B0D2N3M421, B08LFY6GX5, B0H9D5FDQH, B0H1BH2JYR, B0H2GSV2Q8, B0H2GVQ71D, B0GTLSMJ9M, B07VYP4VSN, B0GK6RXR9M, B0FVL64QG6, B0H6WVFYQ5, B0G389476B, B0GK5R4VP2, B0H9D54VYK, B0D2N9GNDZ, B0DYJTW39R, B0H6WHGVMW, B09PKVJBY3, B0D9QDCJQ3, B0GK5XPYG5, B0GK5RY4VK, B0H2HFYYSF, B0G38C6LW2, B0DYJV4G8W, B0H2HS8YSS, B0H6VSJYTM]",amzn1.campaign.2KTXI47UAKFTS,Fashion jewelry promotion,JINEAR,2026-08-17,2027-08-08,15.00%,100000.0,100000.0,108,800,false
"[B0G58HPSY7, B0DYK5H8GP, B0FMP8D2S7, B0DRT9QP1B, B0FMP7DMYW, B0FCY3NCC7, B0CR69RHSB, B0DRT9MKPJ, B0FG2D6GW8, B0FG24GCFD, B0DYK69L17, B0DJVZP4SG, B0FG28WTFB, B0DRTBLBKJ, B0F8B31B17, B0DJW1R19F, B0CR7H3QHJ, B0FPLSKYYD, B0D2HK179L, B0DYK7J955, B0DMM6H6SR, B0FR4P9468, B0DJW2P4LR, B0DYK3FL6S, B0F8B1YWQJ, B0FB924ZZT, B0CR2TYCZ1, B0FB94XGBY, B0D2HK4WC1, B0FPLZRM38, B0FB96FYX7, B0FR25BH69, B0FG248STJ, B0FG24KVV2, B0F9FP1JHT, B0D2HL1BXW]",amzn1.campaign.Y482W9L7KK4D,12% commission on every sale you make! The US high‑end outdoor wall ligh,Tarentlight,2026-08-17,2027-07-08,12.00%,5000.0,4940.09,73,800,false
"[B0H3PTYC8T, B0H6M73JHW, B0H3PHN8QG, B0H3PHNLJL, B0H44KRKJ9, B0H3PHRLK1, B0H3PW4YDY, B0H44GLJ1Z, B0H3PFWVHF, B0H6M9SPLP, B0H712LTRL, B0H6M3BGS4, B0H3Q1M2F8, B0H6M95TZR, B0H448N79Y, B0H3Q2M76V, B0H6ZXN9Z6, B0H3PK7VZ3, B0H6ZWJKXH, B0H3PSZQXY, B0H3PWSLHW, B0H3PXL6FQ, B0H3PRG38L, B0H3PTT7KP, B0H711147V, B0H6M7GBT2, B0H3PPJCGB, B0H3PMBDN3, B0H44J5HM2, B0H3PQ5RFS, B0H3PPCW98, B0H6ZTXXC5, B0H3PTS6G6, B0H3PRNXF7, B0H3PK9CDF, B0H3PWD77Z, B0H3PT7MVN, B0H43YFHZJ, B0H3PF142Q, B0H3PNYYX6]",amzn1.campaign.9A5Z7I8QVETT,10% Commissions 80s Outfit for Women Y2k Off The Shoulder Long Sleeve Shirt,Binshre,2026-08-17,2026-09-16,10.00%,5000.0,4986.34,78,800,false
[B0H6ZWV3N3],amzn1.campaign.SUR598X6M76N,Electric Grill Brush - Super Fast Cleaning For Outdoor Grill - 20% Commission,SPLENPAW,2026-08-17,2027-08-17,20.00%,5000.0,4966.4,116,800,false
"[B0FLXCH4W5, B0FLXDB5Q3, B0FLXB4YH6, B0FLXC7CQ2, B0FLXCT4V2, B0FLXCMZZ2, B0FLXF888Z, B0FLX9YJ27, B0FLXF7366, B0FLXCKWTF, B0FLXBSNZ3, B0FLXD9JZJ, B0FLXBYWZR, B0FLXBG2S8, B0FLXD3MMX, B0FLX9P8VM, B0FLX9FNM9, B0FLXDF5FX, B0FLXBX2K1, B0FLX9F6W2, B0FLXCB1L4]",amzn1.campaign.KL66SKEJ9T3P,Limited Time Deal: ✨ Glamaker Puffer Vest Collab Invite -WYN-M25OW0031,Glamaker,2026-08-18,2026-11-19,10.00%,5000.0,5000.0,112,800,false
"[B0FZKGKRK4, B0FLKDTKLZ, B0GY82QZJC, B0FLKDV2MX, B0FLK8SGJW, B0FLKDV2MZ, B0FLKDMDST, B0GY88W59B, B0FZKCD42F, B0FLKDW3DZ, B0FLKB8QC8, B0FLKDLPFQ, B0FLKFHMMM, B0GY8GT9V8, B0GXF66BZ5, B0GY86TW3Z, B0GXF8SYQN, B0FLKF1PH7, B0FLKDS8T7, B0FLK9L1PB, B0FZKDZVGP, B0GY8CNTQJ, B0H3C3RSRX, B0GY87VJ2T, B0GY89XD8S, B0FLKD76JR, B0GY83LZWG, B0FLKC6427, B0FLKDG9J6, B0FRMSXNKL, B0FLKBZTJ6, B0FLK7939F, B0FLKFLZ3X, B0FZKBFLJ4, B0FLKH37ZR, B0GTNKH6S7, B0FZKDM8WM, B0GY86Z9F7, B0GY86525R, B0FLKDDZ3G, B0GY89VXYS, B0FZKHCYT8, B0FLKG6N12, B0GY83NNNV, B0FZK8MGQZ, B0FLK9MBTY, B0GXF7Q1XP, B0GY892T3H, B0FZKDHF7Z, B0FLK8Z85J, B0FZKSHTQD, B0GXF54Y37, B0GY8DPF94, B0FZKG6J4Q, B0H4G5PFZW, B0H4GF12YF, B0H3BN3ZDC, B0GY7YQ58D, B0FLK8JRPF, B0FLKBCPSH, B0FLKCRWBS, B0FLKC6HVN, B0FLKF2N4G, B0FLK9XJR1, B0FLKBB18H, B0FLKD6WRP, B0FLK9PZY2, B0GY8H63ZJ, B0FLKC8P6H, B0FLKDT72Z, B0GY89M7N7, B0GY8D2TX2, B0GY8DHPVC, B0GY8GTRQ7, B0FLK9T245, B0GXF7NJX9, B0FLKF35YR, B0FLK83PTX, B0FLK9SDKG, B0FLKDT732, B0H5PWTDM1, B0GY8CQMXW, B0GXF3T9CY, B0FZKFD7BQ, B0GY8DNWZ6, B0H4G3RKJJ, B0H4G8MZY4, B0FLKDFKMB, B0FLK989M1, B0H4GBMXGB, B0GY84ZCMR, B0FLKF5PR5, B0FZKSJPWK, B0FZKFGNW9, B0GXF51X91, B0GXF8LKQZ, B0FLKF21MB]",amzn1.campaign.39PWPDH5ZYFU1,Washable NonSlip Runner Creator Promo-2026/08/14,BESBLEE,2026-08-17,2026-11-18,10.00%,5000.0,5000.0,140,800,false
[B0G58JNBY3],amzn1.campaign.31B9QBIMLR5TW,2-in-1 Electric Salt and Pepper Grinder Set,Pancellent,2026-08-17,2026-09-16,10.00%,5000.0,4736.55,56,800,false
"[B0FXQ88W7T, B0FXQ6TPBS, B0FXQ45947, B0FXQ7CFPB, B0FXQ3YL93, B0FXQ6RDV3, B0FXQ4QWDY, B0FXQ6YHBJ, B0FXQ65QBP, B0FXQ6TPBY, B0FXQ8B73N, B0FXQ4ZH9P, B0FXQ7PKHR, B0FXQ6RWTN, B0FXQ6T7SV, B0FXQ7D6JS, B0FXQ22CLL, B0FXQ2R397, B0FXQ5YYVP, B0FXQ6678N, B0FXQ6W1DS, B0FXQ8L9JL, B0FXQ7JBVT, B0FXQ43YTT, B0FXQ7DZV5, B0FXQB11X6, B0FXQ68FSB, B0FXQ5F1MY, B0FXQ6WP4G, B0FXQ6NBW8, B0FXQ7F6JD, B0FXQ6Q9GT, B0FXQ5TMCN, B0FXQ66QDN, B0FXQ9K8XM, B0FXQ51372, B0FXQ51371, B0FXQ7ZZJW, B0FXQ62SMC, B0FXQ4D851]",amzn1.campaign.3I03ZH10AMS1Y,B0FXQ8SMVZ 10%commission 08-18-09-30,Weripoah,2026-08-18,2026-09-30,10.00%,5000.0,4992.74,83,800,false
"[B0H5JXSB2D, B0H5JYSRM8, B0H5K4L6KW, B0H5K3KQ3B, B0H5K14MLR, B0H5K357MV, B0H5K3FTH8, B0H5JZJQXW, B0H5KBVX17, B0H5K4ZJTV, B0H5K3MWYP, B0H5K6Z4VM, B0H5JR68BM, B0H5KB1H1H, B0H5K37XWK, B0H5K24T7J, B0H5K44WFV, B0H5JXGDMK, B0H5K3VZCV, B0H5K496LK, B0H5K3BML9, B0H5JRHBY5, B0H5JYQY8S, B0H5K65LK6, B0H5JXPXJW, B0H5K4P1B9]",amzn1.campaign.12GMB9263Z0OZ,50% OFF Creator Campaign + 10% Commission -Z-saibs,PureCozy,2026-08-17,2026-11-12,10.00%,5000.0,5000.0,129,800,false
"[B0GKGGXKR1, B0GKGR7YPD, B0GKGM362Y, B0GKGHQJ1M, B0GKGHVBRN, B0GKGN7DD1, B0GKGKRTJH, B0GKGN1DWR, B0GKGB8JMH, B0GKGPZGD4, B0GKGVWCW4, B0GKGVVQKW, B0GKGMZ6QC]",amzn1.campaign.13X2BZMSY4DMP,WV-010-009-创作者影响计划-0813-13.22%-03-68/342,MolyPark,2026-08-24,2026-10-04,13.22%,5004.0,5004.0,130,800,false
"[B0D2N5F8RQ, B0H9CRG7B4, B0H6W57PYP, B0F1JZ2L7D, B0H2HJK1G5, B0H2LBPNPJ, B0DKJHJQZT, B0H9DDBFZM, B0DKJMS4TB, B09KTJCPTP, B0H9CKX667, B08LG2M9J3, B0CP6QTH57, B0H2H4X4TR, B0H2KK7T5K, B0H9CHV28W, B0H9CRCM9B, B0H2LFGNSB, B0H2F2XHJ1, B0H2LLYRZX, B0H19Y7Q1Y, B0GK5ZTG7M, B0H9CLVFRX, B0G1SXBPMZ, B0FD9BRQYZ, B0GK5DF38C, B0GK6M2HQX, B0H6VT3XFM, B0H2HFNHWK, B0H2DX9C3B, B0G389P8BC, B07VYNXDJ8, B0FD99GFMX, B0H6WTLBW9, B0H9CSJP57, B0H1C9K58Q, B0FVL18J86, B0H9DLYBRG, B07W1WCKFZ, B0H9CPVRYK, B0FVKN9SFX, B0F1K2KCKW, B0H2L231Z9, B0DYJTC678, B0H2LHVNH6, B0H6WRTGQ6, B0H6W3GVX7, B0H1CHLJ5M, B0H1BFS87W, B0H2LBSV9M, B0H2LHG5BT, B0H1BC7CY2, B07VZTBF1G, B0D2N67Q4M, B0G38C6KHL, B0FD9B5MS3, B0H6VRLB8J, B088K4B1VX, B07VYPY5YP, B0DYJWJSFZ, B08LGVPHJM, B0H6WQJJLH, B0H9CVJJCZ, B0H2DRW7KG, B0H1CH1WQ3, B0F2DZBRQS, B0H1CSMD8W, B0GK5PFX4D, B0H6WP32LK, B0H9CVLCXP, B0H6WK3FMM, B0H1CHDQTW, B0H2LR17HF, B0DMNQ368B, B07VWMR8T4, B09PKTF1QC, B0FD9BMBW5, B0H6WRCFFM, B0FVKQXQFR, B09PKV7ZVL, B0H9CMN6RT, B0FVKGBQ9B, B0H2HMMGNB, B0GK6SDTZB, B0H2LKSF3X, B0G38BRX83, B0H2GT717P, B0DYJRR1TQ, B0H2L5SVBV, B0FVKW1S7K, B09PKTLR12, B0GK7BFK6Z, B0CSD86WM9, B0H6VZ3Y33, B0G1SY3KHL, B0DKJNC3HJ, B0DR29L2CY, B0H2LP5RT4, B0FV748V1Q, B07VXLTLXC, B0H9CZ5TVH, B0DKJKL3K6, B07VVFW3V7, B0GTLKF9NL, B0H2KNPDBP, B07VWLYHPG, B0DYJVT78Q, B0DYJSX1PF, B0H1CCSLVV, B0H2L321D4, B0H2GZWFLN, B0H6W1X99W, B0D2N3M421, B08LFY6GX5, B0H9D5FDQH, B0H1BH2JYR, B0H2GSV2Q8, B0H2GVQ71D, B0GTLSMJ9M, B07VYP4VSN, B0GK6RXR9M, B0FVL64QG6, B0H6WVFYQ5, B0G389476B, B0GK5R4VP2, B0H9D54VYK, B0D2N9GNDZ, B0DYJTW39R, B0H6WHGVMW, B09PKVJBY3, B0D9QDCJQ3, B0GK5XPYG5, B0GK5RY4VK, B0H2HFYYSF, B0G38C6LW2, B0DYJV4G8W, B0H2HS8YSS, B0H6VSJYTM]",amzn1.campaign.QS2Z27VY9JL8,Fashion jewelry promotion,JINEAR,2026-08-17,2027-08-05,15.00%,100000.0,100000.0,115,800,false
"[B0D2N5F8RQ, B0H9CRG7B4, B0H6W57PYP, B0F1JZ2L7D, B0H2HJK1G5, B0H2LBPNPJ, B0DKJHJQZT, B0H9DDBFZM, B0DKJMS4TB, B09KTJCPTP, B0H9CKX667, B08LG2M9J3, B0CP6QTH57, B0H2H4X4TR, B0H2KK7T5K, B0H9CHV28W, B0H9CRCM9B, B0H2LFGNSB, B0H2F2XHJ1, B0H2LLYRZX, B0H19Y7Q1Y, B0GK5ZTG7M, B0H9CLVFRX, B0G1SXBPMZ, B0FD9BRQYZ, B0GK5DF38C, B0GK6M2HQX, B0H6VT3XFM, B0H2HFNHWK, B0H2DX9C3B, B0G389P8BC, B07VYNXDJ8, B0FD99GFMX, B0H6WTLBW9, B0H9CSJP57, B0H1C9K58Q, B0FVL18J86, B0H9DLYBRG, B07W1WCKFZ, B0H9CPVRYK, B0FVKN9SFX, B0F1K2KCKW, B0H2L231Z9, B0DYJTC678, B0H2LHVNH6, B0H6WRTGQ6, B0H6W3GVX7, B0H1CHLJ5M, B0H1BFS87W, B0H2LBSV9M, B0H2LHG5BT, B0H1BC7CY2, B07VZTBF1G, B0D2N67Q4M, B0G38C6KHL, B0FD9B5MS3, B0H6VRLB8J, B088K4B1VX, B07VYPY5YP, B0DYJWJSFZ, B08LGVPHJM, B0H6WQJJLH, B0H9CVJJCZ, B0H2DRW7KG, B0H1CH1WQ3, B0F2DZBRQS, B0H1CSMD8W, B0GK5PFX4D, B0H6WP32LK, B0H9CVLCXP, B0H6WK3FMM, B0H1CHDQTW, B0H2LR17HF, B0DMNQ368B, B07VWMR8T4, B09PKTF1QC, B0FD9BMBW5, B0H6WRCFFM, B0FVKQXQFR, B09PKV7ZVL, B0H9CMN6RT, B0FVKGBQ9B, B0H2HMMGNB, B0GK6SDTZB, B0H2LKSF3X, B0G38BRX83, B0H2GT717P, B0DYJRR1TQ, B0H2L5SVBV, B0FVKW1S7K, B09PKTLR12, B0GK7BFK6Z, B0CSD86WM9, B0H6VZ3Y33, B0G1SY3KHL, B0DKJNC3HJ, B0DR29L2CY, B0H2LP5RT4, B0FV748V1Q, B07VXLTLXC, B0H9CZ5TVH, B0DKJKL3K6, B07VVFW3V7, B0GTLKF9NL, B0H2KNPDBP, B07VWLYHPG, B0DYJVT78Q, B0DYJSX1PF, B0H1CCSLVV, B0H2L321D4, B0H2GZWFLN, B0H6W1X99W, B0D2N3M421, B08LFY6GX5, B0H9D5FDQH, B0H1BH2JYR, B0H2GSV2Q8, B0H2GVQ71D, B0GTLSMJ9M, B07VYP4VSN, B0GK6RXR9M, B0FVL64QG6, B0H6WVFYQ5, B0G389476B, B0GK5R4VP2, B0H9D54VYK, B0D2N9GNDZ, B0DYJTW39R, B0H6WHGVMW, B09PKVJBY3, B0D9QDCJQ3, B0GK5XPYG5, B0GK5RY4VK, B0H2HFYYSF, B0G38C6LW2, B0DYJV4G8W, B0H2HS8YSS, B0H6VSJYTM]",amzn1.campaign.2X141Z3V7ZR0A,Fashion jewelry promotion,JINEAR,2026-08-17,2027-08-04,15.00%,100000.0,100000.0,114,800,false
"[B0FLJBVLJK, B0H2YQQ3GS, B0FLJ866WV, B0DS1R8LNN, B0H2YL43TJ, B0FLJC2TL1]",amzn1.campaign.28LZYSA7FL64Y,"15%COMM - 500LB EZ BAR, CURVED, SMOOTH SPIN, PROTECT WRISTS, STRONG DEMAND",HANDBODE,2026-08-17,2027-08-17,15.00%,5000.0,5000.0,117,800,false
"[B0GXH9X28R, B0GXHDDJ5H, B0GXH9N9DN, B0GXHNYTGQ, B0GXHBX16N, B0GXHSTGT2, B0GXH9NR61, B0GXHCPCM9, B0GXHTCF6V, B0GXHR8HFV, B0GXHQYGPQ, B0GXHNV5HL, B0GXHNY3J4, B0H6P1TT15, B0GXHJ254Z, B0GXHCTN39, B0GXHRBG46, B0GXHQBQP9, B0GXHP62L2, B0H6PB5L8L, B0GXHCWX19, B0GXHGKJNB, B0GXHP18ZN, B0GXHMX6N1, B0GXHFX51W, B0GXHHYM7G]",amzn1.campaign.1D7ACR0AEGZF9,Premium Canvas & Framed Art Showcase (Video Content Highly Preferred),LECYHCYHLE,2026-08-17,2026-10-27,10.00%,9999.0,9999.0,131,800,false
[B0DLZGM7FN],amzn1.campaign.1Q2OF4559DI8U,8.14(深盆5) Earn 15% Commission with Ptlom! 🐈,PTLOM,2026-08-17,2026-09-20,15.00%,5000.0,5000.0,117,800,false
"[B0GKGGXKR1, B0GKGR7YPD, B0GKGM362Y, B0GKGHQJ1M, B0GKGHVBRN, B0GKGN7DD1, B0GKGKRTJH, B0GKGN1DWR, B0GKGB8JMH, B0GKGPZGD4, B0GKGVWCW4, B0GKGVVQKW, B0GKGMZ6QC]",amzn1.campaign.2OC7BLDJKECUT,WV-010-009-创作者影响计划-0813-13.2%-03-68/341,MolyPark,2026-08-27,2026-10-04,13.20%,5004.0,5004.0,133,800,false
[B0DLZGM7FN],amzn1.campaign.1659NPCMSZFC6,8.14(深盆4)  Earn 15% Commission! 🐾,PTLOM,2026-08-17,2026-09-19,15.00%,5000.0,5000.0,123,800,false
"[B0FXGQ6D7Q, B0FXGT2QG4, B0FYMMDP1N, B0FYMMYJGZ, B0FXGTHG9Z, B0FYMTFSDW, B0FYMJLG2F, B0FYMGP5RR, B0FXGR3KNX, B0FXGS366F, B0FXGSGLJ9, B0GMJTD96N, B0FYMR7XC5, B0FYMP9L41, B0FYMMR53C, B0FYMNPJJY, B0FYMW3P8G, B0GYR7BVVG, B0FXGTKFNK, B0FYMFMN9D, B0FXGVB4FD, B0FYMN4LQF, B0FYMR2YZV, B0FXGR14JS, B0GMZ4SPWQ, B0FXGTLYQD, B0FXGSVZW7, B0FXGPKKNG, B0FYMM8QXJ, B0FYMSSM4B, B0FXGQZRBP, B0FXGS9G6Y, B0GZP9PMRR, B0FYMQMSSR, B0GMZ19Y45, B0GYR8W5SH, B0FYMJQZ3T, B0FYMLTLBT, B0FYMLVCSQ, B0GYR3WL9T, B0FYMHBR5J, B0FXGSF54G, B0FXGPSWJJ, B0FXGS46M2, B0GMZ2S3GH, B0GYR6FX6V, B0FXGQYZVN, B0FYMPK5SX, B0FYMQ49P6, B0FXGVKVN8, B0GYRLH5VH, B0FYMM5GBJ, B0FXGTFJDB, B0FXGRXPV5, B0FYMMYQL5, B0FXGTTLS5, B0FXGTF2Z4, B0GZPG6MHW, B0GZPMR273, B0FXGS4Q6G, B0FXGSGLLC, B0FYMQ286X, B0FXGQYNX9, B0FXGRHDNL, B0FYMH86SK, B0FYMMR81W, B0FYMRDZDT, B0FXGSLFK7, B0FYML62NX, B0FYMLS7JY, B0FXGRZ2R6, B0FXGS7695, B0FYMNQ1XP, B0FYMJZ1ZT, B0FXGRBC1M, B0GMZ1Y72S, B0GZP7XDY1, B0FXGV4CFM, B0FYMHNJ3M, B0FXGPB69W, B0FXGTYF6T, B0GMYVYVJK, B0GWJ17WB9, B0FXGTHFJ2, B0FYMLRZ1L, B0FYMLLVLC, B0GZP1JH83, B0GZPTC84J, B0FXGTWXQ3, B0GMYVV19S, B0FXGRZTHP, B0GYR3KBPW, B0GVDYXZT7]",amzn1.campaign.3CNCGHUF735CE,B0FXGZBQR7 10%commission 08-18-09-30,Weripoah,2026-08-18,2026-09-30,10.00%,5000.0,4989.66,84,800,false
[B0DLZGM7FN],amzn1.campaign.2RZZ4C00U2Z4,8.14(深盆3)HOT SALE !15% Commission for You! 💸,PTLOM,2026-08-17,2026-09-18,15.00%,5000.0,5000.0,129,800,false
[B0DLZGM7FN],amzn1.campaign.3RCBW21T76UCM,8.14(深盆2) Hot Sale!  Earn 15% Commission,PTLOM,2026-08-17,2026-09-17,15.00%,5000.0,5000.0,131,800,false
"[B0D2N5F8RQ, B0H9CRG7B4, B0H6W57PYP, B0F1JZ2L7D, B0H2HJK1G5, B0H2LBPNPJ, B0DKJHJQZT, B0H9DDBFZM, B0DKJMS4TB, B09KTJCPTP, B0H9CKX667, B08LG2M9J3, B0CP6QTH57, B0H2H4X4TR, B0H2KK7T5K, B0H9CHV28W, B0H9CRCM9B, B0H2LFGNSB, B0H2F2XHJ1, B0H2LLYRZX, B0H19Y7Q1Y, B0GK5ZTG7M, B0H9CLVFRX, B0G1SXBPMZ, B0FD9BRQYZ, B0GK5DF38C, B0GK6M2HQX, B0H6VT3XFM, B0H2HFNHWK, B0H2DX9C3B, B0G389P8BC, B07VYNXDJ8, B0FD99GFMX, B0H6WTLBW9, B0H9CSJP57, B0H1C9K58Q, B0FVL18J86, B0H9DLYBRG, B07W1WCKFZ, B0H9CPVRYK, B0FVKN9SFX, B0F1K2KCKW, B0H2L231Z9, B0DYJTC678, B0H2LHVNH6, B0H6WRTGQ6, B0H6W3GVX7, B0H1CHLJ5M, B0H1BFS87W, B0H2LBSV9M, B0H2LHG5BT, B0H1BC7CY2, B07VZTBF1G, B0D2N67Q4M, B0G38C6KHL, B0FD9B5MS3, B0H6VRLB8J, B088K4B1VX, B07VYPY5YP, B0DYJWJSFZ, B08LGVPHJM, B0H6WQJJLH, B0H9CVJJCZ, B0H2DRW7KG, B0H1CH1WQ3, B0F2DZBRQS, B0H1CSMD8W, B0GK5PFX4D, B0H6WP32LK, B0H9CVLCXP, B0H6WK3FMM, B0H1CHDQTW, B0H2LR17HF, B0DMNQ368B, B07VWMR8T4, B09PKTF1QC, B0FD9BMBW5, B0H6WRCFFM, B0FVKQXQFR, B09PKV7ZVL, B0H9CMN6RT, B0FVKGBQ9B, B0H2HMMGNB, B0GK6SDTZB, B0H2LKSF3X, B0G38BRX83, B0H2GT717P, B0DYJRR1TQ, B0H2L5SVBV, B0FVKW1S7K, B09PKTLR12, B0GK7BFK6Z, B0CSD86WM9, B0H6VZ3Y33, B0G1SY3KHL, B0DKJNC3HJ, B0DR29L2CY, B0H2LP5RT4, B0FV748V1Q, B07VXLTLXC, B0H9CZ5TVH, B0DKJKL3K6, B07VVFW3V7, B0GTLKF9NL, B0H2KNPDBP, B07VWLYHPG, B0DYJVT78Q, B0DYJSX1PF, B0H1CCSLVV, B0H2L321D4, B0H2GZWFLN, B0H6W1X99W, B0D2N3M421, B08LFY6GX5, B0H9D5FDQH, B0H1BH2JYR, B0H2GSV2Q8, B0H2GVQ71D, B0GTLSMJ9M, B07VYP4VSN, B0GK6RXR9M, B0FVL64QG6, B0H6WVFYQ5, B0G389476B, B0GK5R4VP2, B0H9D54VYK, B0D2N9GNDZ, B0DYJTW39R, B0H6WHGVMW, B09PKVJBY3, B0D9QDCJQ3, B0GK5XPYG5, B0GK5RY4VK, B0H2HFYYSF, B0G38C6LW2, B0DYJV4G8W, B0H2HS8YSS, B0H6VSJYTM]",amzn1.campaign.2QH9AM0KT9XP3,Fashion jewelry promotion,JINEAR,2026-08-17,2027-08-02,15.00%,100000.0,100000.0,115,800,false
"[B0GKGGXKR1, B0GKGR7YPD, B0GKGM362Y, B0GKGHQJ1M, B0GKGHVBRN, B0GKGN7DD1, B0GKGKRTJH, B0GKGN1DWR, B0GKGB8JMH, B0GKGPZGD4, B0GKGVWCW4, B0GKGVVQKW, B0GKGMZ6QC]",amzn1.campaign.1G6D0F8I4DLSZ,WV-010-009-创作者影响计划-0813-13.7%-03-68/348,MolyPark,2026-08-19,2026-10-04,13.70%,5004.0,5004.0,134,800,false
"[B0GXH9X28R, B0GXHDDJ5H, B0GXH9N9DN, B0GXHNYTGQ, B0GXHBX16N, B0GXHSTGT2, B0GXH9NR61, B0GXHCPCM9, B0GXHTCF6V, B0GXHR8HFV, B0GXHQYGPQ, B0GXHNV5HL, B0GXHNY3J4, B0H6P1TT15, B0GXHJ254Z, B0GXHCTN39, B0GXHRBG46, B0GXHQBQP9, B0GXHP62L2, B0H6PB5L8L, B0GXHCWX19, B0GXHGKJNB, B0GXHP18ZN, B0GXHMX6N1, B0GXHFX51W, B0GXHHYM7G]",amzn1.campaign.3H5SE0NPY58AD,Premium Canvas & Framed Art Showcase (Video Content Highly Preferred),LECYHCYHLE,2026-08-17,2026-10-28,10.00%,9999.0,9999.0,136,800,false
[B0DLZGM7FN],amzn1.campaign.3MCXUU8QO2NIE,8.14(深盆1) 🔥 HOT SALE!  Earn 15% Commission,PTLOM,2026-08-17,2026-09-16,15.00%,5000.0,5000.0,132,800,false
[B0GQBDQF5R],amzn1.campaign.2L4S4SRAJKAI3,8月红色清洁刷-15%-2,NeatLt,2026-08-17,2026-10-01,15.00%,18000.0,17993.73,82,800,false
"[B0GT4D27JR, B0H7589C6H]",amzn1.campaign.34YDZLF6780JY,bed bridge-Influencer,ENITYA,2026-08-17,2027-01-31,10.00%,5000.0,4949.4,86,800,false
"[B0FXMBWMTC, B0FXWX632G, B0FXQQ516N, B0FXWYP45M, B0FXMCVBRS, B0FXWXKBBJ, B0FXWWY8X1, B0FXMFWZ5F, B0FXMFMN1W]",amzn1.campaign.261JDVGGS4XUM,18%Commission | EISENGRID Men’s Stretch Tapered Jeans – Deep Blue & Vintage Wash,EISENGRID,2026-08-17,2027-01-12,18.00%,5000.0,5000.0,131,800,false
"[B0H3KXTW2P, B0H3L2WYP8]",amzn1.campaign.1ZBDURUH240PB,MetalHome‑Checkerboard Bamboo Cutting Board‑20%Off +10% Commission Campaign,METALHOME,2026-08-17,2026-09-16,10.00%,5000.0,5000.0,77,800,false
"[B0H6P12K7H, B0H6P3D2FC, B0H6NYJBXJ]",amzn1.campaign.352A2BR0TO66O,"👜 One Bag, Two Looks! BOSTANTEN Suede Hobo Bag – Big Discount Coming Soon!",BOSTANTEN,2026-08-17,2027-08-17,10.00%,5000.0,4915.88,74,800,false
"[B0BVB9TCXC, B0BVB4H9R1, B0BVB7HPY5, B0FLXCMZZ2, B0FLXF888Z, B0BVB8LJZ2, B0FLX9YJ27, B0BVB7GJ4V, B0BVB6WWC3, B0FLXCKWTF, B0BVB9TCX2, B0FLXBYWZR, B0FLX9P8VM, B0BVB7ZBNQ, B0FLXDF5FX, B0BVB88BYX, B0FLXBX2K1, B0BVB78HF3, B0FLX9F6W2, B0FLXCB1L4, B0FLXCH4W5, B0FLXDB5Q3, B0FLXB4YH6, B0BVB72P1K, B0BVB6BKG1, B0FLXC7CQ2, B0FLXCT4V2, B0FLXF7366, B0FLXBSNZ3, B0BVB884C9, B0FLXD9JZJ, B0FLXBG2S8, B0FLXD3MMX, B0FLX9FNM9, B0BVB8H7YK, B0BVB6QZVH, B0BVB7GSCJ]",amzn1.campaign.WN838680MRXY,HOT Deal: 🔥 Glamaker Lightweight Puffer Vest Collab -WYN-M25OW0031,Glamaker,2026-08-18,2026-11-18,10.00%,5000.0,5000.0,95,800,false
"[B0D2N5F8RQ, B0H9CRG7B4, B0H6W57PYP, B0F1JZ2L7D, B0H2HJK1G5, B0H2LBPNPJ, B0DKJHJQZT, B0H9DDBFZM, B0DKJMS4TB, B09KTJCPTP, B0H9CKX667, B08LG2M9J3, B0CP6QTH57, B0H2H4X4TR, B0H2KK7T5K, B0H9CHV28W, B0H9CRCM9B, B0H2LFGNSB, B0H2F2XHJ1, B0H2LLYRZX, B0H19Y7Q1Y, B0GK5ZTG7M, B0H9CLVFRX, B0G1SXBPMZ, B0FD9BRQYZ, B0GK5DF38C, B0GK6M2HQX, B0H6VT3XFM, B0H2HFNHWK, B0H2DX9C3B, B0G389P8BC, B07VYNXDJ8, B0FD99GFMX, B0H6WTLBW9, B0H9CSJP57, B0H1C9K58Q, B0FVL18J86, B0H9DLYBRG, B07W1WCKFZ, B0H9CPVRYK, B0FVKN9SFX, B0F1K2KCKW, B0H2L231Z9, B0DYJTC678, B0H2LHVNH6, B0H6WRTGQ6, B0H6W3GVX7, B0H1CHLJ5M, B0H1BFS87W, B0H2LBSV9M, B0H2LHG5BT, B0H1BC7CY2, B07VZTBF1G, B0D2N67Q4M, B0G38C6KHL, B0FD9B5MS3, B0H6VRLB8J, B088K4B1VX, B07VYPY5YP, B0DYJWJSFZ, B08LGVPHJM, B0H6WQJJLH, B0H9CVJJCZ, B0H2DRW7KG, B0H1CH1WQ3, B0F2DZBRQS, B0H1CSMD8W, B0GK5PFX4D, B0H6WP32LK, B0H9CVLCXP, B0H6WK3FMM, B0H1CHDQTW, B0H2LR17HF, B0DMNQ368B, B07VWMR8T4, B09PKTF1QC, B0FD9BMBW5, B0H6WRCFFM, B0FVKQXQFR, B09PKV7ZVL, B0H9CMN6RT, B0FVKGBQ9B, B0H2HMMGNB, B0GK6SDTZB, B0H2LKSF3X, B0G38BRX83, B0H2GT717P, B0DYJRR1TQ, B0H2L5SVBV, B0FVKW1S7K, B09PKTLR12, B0GK7BFK6Z, B0CSD86WM9, B0H6VZ3Y33, B0G1SY3KHL, B0DKJNC3HJ, B0DR29L2CY, B0H2LP5RT4, B0FV748V1Q, B07VXLTLXC, B0H9CZ5TVH, B0DKJKL3K6, B07VVFW3V7, B0GTLKF9NL, B0H2KNPDBP, B07VWLYHPG, B0DYJVT78Q, B0DYJSX1PF, B0H1CCSLVV, B0H2L321D4, B0H2GZWFLN, B0H6W1X99W, B0D2N3M421, B08LFY6GX5, B0H9D5FDQH, B0H1BH2JYR, B0H2GSV2Q8, B0H2GVQ71D, B0GTLSMJ9M, B07VYP4VSN, B0GK6RXR9M, B0FVL64QG6, B0H6WVFYQ5, B0G389476B, B0GK5R4VP2, B0H9D54VYK, B0D2N9GNDZ, B0DYJTW39R, B0H6WHGVMW, B09PKVJBY3, B0D9QDCJQ3, B0GK5XPYG5, B0GK5RY4VK, B0H2HFYYSF, B0G38C6LW2, B0DYJV4G8W, B0H2HS8YSS, B0H6VSJYTM]",amzn1.campaign.5U24LDWBP3P0,Fashion jewelry promotion,JINEAR,2026-08-17,2027-08-01,15.00%,100000.0,99998.74,119,800,false
"[B0GXH9X28R, B0GXHDDJ5H, B0GXH9N9DN, B0GXHNYTGQ, B0GXHBX16N, B0GXHSTGT2, B0GXH9NR61, B0GXHCPCM9, B0GXHTCF6V, B0GXHR8HFV, B0GXHQYGPQ, B0GXHNV5HL, B0GXHNY3J4, B0H6P1TT15, B0GXHJ254Z, B0GXHCTN39, B0GXHRBG46, B0GXHQBQP9, B0GXHP62L2, B0H6PB5L8L, B0GXHCWX19, B0GXHGKJNB, B0GXHP18ZN, B0GXHMX6N1, B0GXHFX51W, B0GXHHYM7G]",amzn1.campaign.29KJ4LM0LF8R5,Premium Canvas & Framed Art Showcase (Video Content Highly Preferred),LECYHCYHLE,2026-08-17,2026-10-29,10.00%,10000.0,10000.0,132,800,false
[B0H6B9VLD3],amzn1.campaign.3R6L73WGCMSCE,Create Content for a 10W 12V Solar Battery Maintainer & Trickle Charger,TOPRAY Solar,2026-08-17,2026-09-16,20.00%,5000.0,4971.2,75,800,false
"[B0FZKGKRK4, B0FLKDTKLZ, B0GY82QZJC, B0FLKDV2MX, B0FLK8SGJW, B0FLKDV2MZ, B0FLKDMDST, B0GY88W59B, B0FZKCD42F, B0FLKDW3DZ, B0FLKB8QC8, B0FLKDLPFQ, B0FLKFHMMM, B0GY8GT9V8, B0GXF66BZ5, B0GY86TW3Z, B0GXF8SYQN, B0FLKF1PH7, B0FLKDS8T7, B0FLK9L1PB, B0FZKDZVGP, B0GY8CNTQJ, B0H3C3RSRX, B0GY87VJ2T, B0GY89XD8S, B0FLKD76JR, B0GY83LZWG, B0FLKC6427, B0FLKDG9J6, B0FRMSXNKL, B0FLKBZTJ6, B0FLK7939F, B0FLKFLZ3X, B0FZKBFLJ4, B0FLKH37ZR, B0GTNKH6S7, B0FZKDM8WM, B0GY86Z9F7, B0GY86525R, B0FLKDDZ3G, B0GY89VXYS, B0FZKHCYT8, B0FLKG6N12, B0GY83NNNV, B0FZK8MGQZ, B0FLK9MBTY, B0GXF7Q1XP, B0GY892T3H, B0FZKDHF7Z, B0FLK8Z85J, B0FZKSHTQD, B0GXF54Y37, B0GY8DPF94, B0FZKG6J4Q, B0H4G5PFZW, B0H4GF12YF, B0H3BN3ZDC, B0GY7YQ58D, B0FLK8JRPF, B0FLKBCPSH, B0FLKCRWBS, B0FLKC6HVN, B0FLKF2N4G, B0FLK9XJR1, B0FLKBB18H, B0FLKD6WRP, B0FLK9PZY2, B0GY8H63ZJ, B0FLKC8P6H, B0FLKDT72Z, B0GY89M7N7, B0GY8D2TX2, B0GY8DHPVC, B0GY8GTRQ7, B0FLK9T245, B0GXF7NJX9, B0FLKF35YR, B0FLK83PTX, B0FLK9SDKG, B0FLKDT732, B0H5PWTDM1, B0GY8CQMXW, B0GXF3T9CY, B0FZKFD7BQ, B0GY8DNWZ6, B0H4G3RKJJ, B0H4G8MZY4, B0FLKDFKMB, B0FLK989M1, B0H4GBMXGB, B0GY84ZCMR, B0FLKF5PR5, B0FZKSJPWK, B0FZKFGNW9, B0GXF51X91, B0GXF8LKQZ, B0FLKF21MB]",amzn1.campaign.31Y1SIIZXD7SO,Washable NonSlip Runner Creator Promo-2026/08/14,BESBLEE,2026-08-17,2026-11-17,10.00%,5000.0,5000.0,142,800,false
"[B0FXMBWMTC, B0FXWX632G, B0FXQQ516N, B0FXWYP45M, B0FXMCVBRS, B0FXWXKBBJ, B0FXWWY8X1, B0FXMFWZ5F, B0FXMFMN1W]",amzn1.campaign.SEFQGNTKHCTO,18%Commission | EISENGRID Men’s Stretch Tapered Jeans – Deep Blue & Vintage Wash,EISENGRID,2026-08-17,2027-01-11,18.00%,5000.0,5000.0,134,800,false
"[B0FLJ2QD6S, B0FLJM1TDT, B0FLJLX9WL, B0FLJ9N8GD, B0GMPRVTLP]",amzn1.campaign.1KOE6X7RCAGTK,"15%COMM - 1000LB 33LB BAR, SMOOTH SPIN, FEMALE GRIP, STRONG DEMAND, STEADY",HANDBODE,2026-08-17,2027-08-17,15.00%,5000.0,5000.0,121,800,false
"[B0GXH9X28R, B0GXHDDJ5H, B0GXH9N9DN, B0GXHNYTGQ, B0GXHBX16N, B0GXHSTGT2, B0GXH9NR61, B0GXHCPCM9, B0GXHTCF6V, B0GXHR8HFV, B0GXHQYGPQ, B0GXHNV5HL, B0GXHNY3J4, B0H6P1TT15, B0GXHJ254Z, B0GXHCTN39, B0GXHRBG46, B0GXHQBQP9, B0GXHP62L2, B0H6PB5L8L, B0GXHCWX19, B0GXHGKJNB, B0GXHP18ZN, B0GXHMX6N1, B0GXHFX51W, B0GXHHYM7G]",amzn1.campaign.1SVYNYL7SPH5R,Premium Canvas & Framed Art Showcase (Video Content Highly Preferred),LECYHCYHLE,2026-08-17,2026-10-30,10.00%,10000.0,10000.0,135,800,false
"[B0G4ZFP4RV, B0DXV5QCZ2, B0DXV2ZVNY, B0DXV4SNLG, B0G4Z5NTLC, B0G4ZCYV4W, B0DXV2VSDZ, B0FWKC54G9, B0FR4LL2NH, B0GTLYN1QT, B0DXV3FGZ7, B0GTLYS3VV, B0DXV2WF8C, B0F4QHKSYQ, B0DXV4HRDB, B0F4QGTTBP, B0DXV8FLX8, B0F4QHL1ZG, B0GTLXG2BV, B0DXVC1ZCZ, B0DXV61NSM, B0DXV6MSZ4, B0F4QFPNPH, B0F4QFZL5R, B0GTLWMNDX, B0F4QGJ2NW, B0DXV2VXTZ, B0GTLXGG37, B0GTM4BX9P, B0GTM4DR87, B0FRFT2XSQ, B0F4QGHVHX, B0GTM8C451, B0G4ZRCYPJ, B0DXV5K5J3, B0DXV67FJW, B0FDKSK1GK, B0F4QJHJT1, B0GTLT7NSJ, B0DXV5S5BG, B0F4QHS64J, B0F4QGM5BC, B0F4QKLV3P, B0F4QGWW62, B0G4ZD33K4, B0G24Z1STN, B0DXVB7DS2, B0GTLY4YJZ, B0G2522JX4, B0GTM5RJ16, B0G24X2FMN, B0DXV5XRMX, B0F4QG9M9P, B0G24Z8T7Q, B0G4ZNH76J, B0DXV5QV2K, B0GTLQGNQF, B0G4ZF8XDP, B0DXV2ZD7J, B0DXV5HMCX, B0F4QHVFK7, B0DXV32Z3M, B0F4QDRKFF, B0DXV2P4NK, B0GTM38SLF, B0DXV3254G, B0GTLZ51N3, B0F4QGP2Y1, B0F4QFW9FK, B0G4ZG4PV2, B0DXV2DQ9X, B0DXV6JQJB, B0DXV98JM9, B0FDG225LW, B0F4QG9BDQ, B0DXV6FPMX, B0F4QFK2R1, B0F4QFPH5G, B0DXV4YPPM, B0F4QK9LKB, B0FWK9NZFF, B0DXV6F1YH, B0G4ZMGT3X, B0DXV3D5V9, B0DXV5N7QD, B0DXV3H19M, B0F4QG8RCW, B0DXV6S4XC, B0F4QHQZ6N, B0F4QG44FF, B0DXV2YV1X, B0DXV2YV1W, B0GTM2JLWD, B0GTLPMR6J, B0DXV6FSM9, B0DXV2XMTP, B0DXV2JR8C, B0DXV98HCF, B0GTM4PSQQ, B0GTLX3QF4, B0DXV2RFQL, B0G4Z9STRC, B0F4QDC1PY, B0F4QFDJNR, B0GTLX41CT, B0F4QH8YG2, B0DXV2HM3V, B0GTM3JWXQ, B0FWKC3DGF, B0DXV6KSV6]",amzn1.campaign.O9F6LW4EORSQ,LY0901-1.1,UNCLECAT,2026-08-17,2026-12-31,10.00%,5000.0,4976.28,55,800,false
"[B0G4CZLFNK, B0G4CXKF41, B0G4CYPF5F, B0G4D1WH9C, B0G4D3JKQ9, B0G4CZ7YP4, B0G4D1JL4F, B0G4D3GLVY, B0G4D2PSVJ, B0G4CY8MNC, B0G4CXWGFC, B0G4CYS7WN, B0G4D1CNFZ, B0G4D2GD6F, B0G4D3GKMF, B0G4D2NMC9, B0G4CZZFVR, B0G4D16X2M, B0G4CZ461F, B0G4CYB7LR, B0G4CY973N, B0G4D1TNMP, B0G4CWHGDV, B0G4D1GT2B]",amzn1.campaign.8KW94YV3YYZB,B0G4D236H7 10%commission 08-18-09-30,Weripoah,2026-08-18,2026-09-30,10.00%,5000.0,4988.0,87,800,false
"[B0D1Y1KF7C, B0F6YKG9FR, B0FHHJ1PR8, B0CW3DRBQD, B0D1XNF7XG, B0DZ2NJPP3, B0GJZJ93XG, B0F6B9MM4B, B0DZ6BJYNP, B0FHHHD3XT, B0CZDNZ8V9, B0F6B977T6, B0D4YX2HQP, B0F5MLW9VB, B0F6YKBDKV, B0F5LZ9H23, B0F6YH5HTB, B0DZ2NJD87, B0F6B5LTTF, B0FK5D7XGQ, B0DZ69PJH4, B0F6B9G29N, B0FHHJ77GT, B0F6BKCTYG, B0F6YB6G5B, B0D4YZYLGR, B0F6YK1JGT, B0FLJDR2QV, B0FDFK45YJ, B0F6YLXK4D, B0F6YKRKZW, B0CZDN29N8, B0FK59W78J, B0FHHDN42Y, B0DZ2NHYPT, B0DZ69B3KQ, B0D4YXGT92, B0D1Y6WS2N, B0F9K59HJR, B0DZ6C2JT6, B0D3QDXBC3, B0F6YH1R9B, B0DZ2QCMQS, B0DZ2MQMZX, B0D3QFR791, B0D3Q9SP1B, B0DZ6BN4PQ, B0F5M962XX, B0F9KM29R6, B0CW3BKBWD, B0CZDV8F1W, B0DZ2M9WM5, B0F6YMGZJT, B0FK5B6QJL, B0FLJ8MCMX, B0D1XJGXG2, B0D1XQHVJQ, B0F6YLK2SS, B0DZ2MV4RH, B0FLJDQ1GC, B0D3QF1CJ5, B0D4YYS271, B0CW3B3T8P, B0GK1236QT, B0FDF1F2SH, B0D4YX3YZP, B0D4YX6K3L, B0DZ2MF1RX, B0D3QC3KRB, B0D4YXR79V, B0F5M2425J, B0DZ2NLPPW, B0F5LKLBPX, B0FHHF48N2, B0F6CGH6TX, B0F6YLTRQ1, B0GJZY5J17, B0CW3F851X, B0F6CBXR27, B0DZ2QTMVB, B0D4YXPZ46, B0D3QGDH6K, B0DZ2NLGKQ, B0D4YYJWXR, B0DZ2MS5WR, B0CZDFSFF1, B0GJZSHPXM, B0DZ2L8B3Y, B0F6BFSZZX, B0CZDQZWD1, B0FHHHV5B3, B0F5LRHGT7, B0DZ2MD92D, B0DZ6867FM, B0FK5D8MJW, B0DZ6B179W, B0D1XGNLW3, B0CZDCHJY8, B0CZDB8T7K, B0CZDQCS7M, B0DZ67SJR9, B0FHHJHZ5D, B0D4YZ6W7P, B0F6YK3L1H, B0GJZDTV56, B0F6YJ8759, B0FLJDXSMB, B0FLJHBYCD, B0F6YK2Y66, B0DZ2N7K88, B0CZDNKL4V, B0F9K6N9W9, B0F6BSYBLC, B0F6BK9RG4, B0F9K5J2Y8, B0F9KJLXTC, B0F6YN5MKX, B0D4YYTKTP, B0D3QCYD45, B0FDFSDQ8J, B0D1XRVB9Y, B0F6YKRPQ9, B0DZ2NZLMK, B0D3QDTPFL, B0F5LW382Q, B0GJZP2LM5, B0FK5DV2MN, B0F5M6KKRM, B0F6CBLVPK, B0D1XTJTVK, B0FHHKC6CM, B0F9KGJNR6, B0FLJ88T14, B0DZ69TM41, B0CZDQC1K8, B0DZ2M2PP4, B0FHHJJ7M2, B0D3QF81MR, B0FDFC7MBW, B0FLJ5XRRS, B0F5LJK3WJ, B0F5M59384, B0FK59W2LP, B0DZ6BDMSW, B0FLJVWDVT, B0F6YL8TBQ, B0F6YHKW2L, B0DZ6CNGV8, B0FDFGDNCY, B0FLJC5LJL, B0F6YHT7J4, B0CZDCW2XX, B0DZ2NFLF9, B0D4YTBX97, B0FHHK2ML5, B0F6YJVHS1, B0DZ2LXQ4N, B0DZ2M224J, B0CW3CLWZP, B0D3QD9JTV, B0DZ2Q7VR7, B0D1XNR1D5, B0F5LPHM7L, B0DZ2L9BRM, B0D4YTBX7Z, B0FLJDJNBC, B0F6YKBRV8, B0DZ67SJR3, B0F6YLTPHV, B0D4YWS2DX, B0CW3FHFHR, B0FLJDJNBM, B0FDF777TP, B0F6BPC72S, B0F5LKKZFT, B0D4YXSV7R, B0FHHJ3GQ9, B0CZDB9SPR, B0D1XXYN3G, B0DZ2K1DKT, B0FLJDP5WS, B0FHH671RX, B0D4YW8J4F, B0DZ2N5RV9, B0F6YL9B4L, B0F6YL8DCW]",amzn1.campaign.1XEKEFAQCVRFF,JiAmy Girls Gymnastics Leotards B0DR7T27Z9,JiAmy,2026-08-17,2026-09-16,10.00%,5000.0,4894.37,70,800,false
"[B0FXMBWMTC, B0FXWX632G, B0FXQQ516N, B0FXWYP45M, B0FXMCVBRS, B0FXWXKBBJ, B0FXWWY8X1, B0FXMFWZ5F, B0FXMFMN1W]",amzn1.campaign.30TJ6L5DC9F8L,18%Commission | EISENGRID Men’s Stretch Tapered Jeans – Deep Blue & Vintage Wash,EISENGRID,2026-08-17,2027-01-10,18.00%,5000.0,5000.0,136,800,false
[B0DM7DVX78],amzn1.campaign.2267UBZAMYKZ1,⚡Earn 10% Commission! Promote Our Invisible Wireless Charger Under Desk,eazpower,2026-08-17,2026-10-05,10.00%,5000.0,4954.0,76,800,false
"[B0GTRJPGTB, B0GTRT59M5, B0GTRDR7FC, B0GTR7CX5L, B0GTR99SCJ, B0GTRJH27D, B0GTRG5QCC]",amzn1.campaign.2WW6V6TKE30H2,Marvelous Marble Multi-Function Napkin Holder & Tray (10% Commission),Stavorae,2026-08-17,2026-09-16,10.00%,5000.0,4979.2,81,800,false
"[B0FXMBWMTC, B0FXWX632G, B0FXQQ516N, B0FXWYP45M, B0FXMCVBRS, B0FXWXKBBJ, B0FXWWY8X1, B0FXMFWZ5F, B0FXMFMN1W]",amzn1.campaign.3TARKF9AZZGEL,18%Commission | EISENGRID Men’s Stretch Tapered Jeans – Deep Blue & Vintage Wash,EISENGRID,2026-08-17,2027-01-09,18.00%,5000.0,5000.0,142,800,false
"[B0GXH9X28R, B0GXHDDJ5H, B0GXH9N9DN, B0GXHNYTGQ, B0GXHBX16N, B0GXHSTGT2, B0GXH9NR61, B0GXHCPCM9, B0GXHTCF6V, B0GXHR8HFV, B0GXHQYGPQ, B0GXHNV5HL, B0GXHNY3J4, B0H6P1TT15, B0GXHJ254Z, B0GXHCTN39, B0GXHRBG46, B0GXHQBQP9, B0GXHP62L2, B0H6PB5L8L, B0GXHCWX19, B0GXHGKJNB, B0GXHP18ZN, B0GXHMX6N1, B0GXHFX51W, B0GXHHYM7G]",amzn1.campaign.217KG5QSZ5DHS,Premium Canvas & Framed Art Showcase (Video Content Highly Preferred),LECYHCYHLE,2026-08-17,2026-10-31,10.00%,10000.0,10000.0,134,800,false
"[B0H6HDGKDJ, B0H6HN7LYG]",amzn1.campaign.3PC2R5FNQ1PEG,WSKEN Z Fold 8 Ultra Case with 360° Kickstand – 15% Commission Opportunity,WSKEN,2026-08-17,2026-10-31,15.00%,20000.0,19990.07,81,800,false
"[B0G1T59CTV, B0G1T2NKB8, B0G1T56BWZ, B0G1TBN2TT, B0G1T4GBJG, B0G1T4QX6D, B0G1TBTRZ1, B0G1T4TRPJ, B0G1T6N4PX, B0G1T3C8YG, B0G1T2MYY3, B0G1T5TXG4, B0G1T5BG7L, B0G1T5NX5G, B0G1T2H1X3, B0G1T3CSG5, B0G1T4KDVH, B0G1TDVKZW, B0G1T4JMPW, B0G1TB6W75]",amzn1.campaign.450DE4GIS9MF,B0G1T2XGHQ 10%commission 08-18-09-30,Weripoah,2026-08-18,2026-09-30,10.00%,5000.0,4995.5,86,800,false
[B0DYMN7YMH],amzn1.campaign.116RF7C4B7WMD,垃圾袋 11%,Frnoip,2026-08-19,2026-12-31,11.06%,5001.0,5001.0,119,800,false
[B0GQBDQF5R],amzn1.campaign.1RMNZDTC0W5U9,8月红色清洁刷-15%,NeatLt,2026-08-17,2026-09-30,15.00%,20000.0,19923.44,117,800,false
"[B0FXMBWMTC, B0FXWX632G, B0FXQQ516N, B0FXWYP45M, B0FXMCVBRS, B0FXWXKBBJ, B0FXWWY8X1, B0FXMFWZ5F, B0FXMFMN1W]",amzn1.campaign.3SIFWD147T0WV,18%Commission | EISENGRID Men’s Stretch Tapered Jeans – Deep Blue & Vintage Wash,EISENGRID,2026-08-17,2027-01-08,18.00%,5000.0,5000.0,144,800,false
"[B0F4BVGL78, B0HCD7ZBK9, B0FLJF94TK, B0FLJQ3D1N, B0FLHZWB7M, B0FLJ52FZ1, B0FLJDBG9M, B0F4CWVDDZ, B0FLJ57K5C, B0DS1PMP5N, B0FLJF55HM, B0FLJ9QN88, B0F4C6XGB2]",amzn1.campaign.1QZMFWIOTY614,"15%COMM - 4FT 500LB BAR, PROTECT JOINTS, 4.7⭐ PROVEN WINNER, STRONG DEMAND",HANDBODE,2026-08-17,2027-08-17,15.00%,5000.0,5000.0,114,800,false
"[B0H5JXSB2D, B0H5JYSRM8, B0H5K4L6KW, B0H5K3KQ3B, B0H5K14MLR, B0H5K357MV, B0H5K3FTH8, B0H5JZJQXW, B0H5KBVX17, B0H5K4ZJTV, B0H5K3MWYP, B0H5K6Z4VM, B0H5JR68BM, B0H5KB1H1H, B0H5K37XWK, B0H5K24T7J, B0H5K44WFV, B0H5JXGDMK, B0H5K3VZCV, B0H5K496LK, B0H5K3BML9, B0H5JRHBY5, B0H5JYQY8S, B0H5K65LK6, B0H5JXPXJW, B0H5K4P1B9]",amzn1.campaign.QNVEJQS7SAFS,Save $50 Now + 10% Creator Commission -Z-saibs,PureCozy,2026-08-17,2026-11-11,10.00%,5000.0,5000.0,137,800,false
"[B0FXMBWMTC, B0FXWX632G, B0FXQQ516N, B0FXWYP45M, B0FXMCVBRS, B0FXWXKBBJ, B0FXWWY8X1, B0FXMFWZ5F, B0FXMFMN1W]",amzn1.campaign.2UDQLF7B404TZ,18%Commission | EISENGRID Men’s Stretch Tapered Jeans – Deep Blue & Vintage Wash,EISENGRID,2026-08-17,2027-01-07,18.00%,5000.0,5000.0,143,800,false
"[B0H6JT38V2, B0H6LVGMJ2, B0FRMDDRRN, B0FRMXDDSC, B0H6JKB2DW, B0FRMDBWVH, B0FRMXB16F, B0GYRZ7PPS, B0H6JBV49M, B0HB4H2QK1, B0GYS8WFDQ, B0HB4R4ZXW, B0GYS4W2SW, B0FRMZ8CJ8, B0H6LLXMFP, B0FRMSRPS3, B0H6LRZBCD, B0FRMVV7XG, B0FRMRYLQR, B0FRMRG7JB, B0FRMVHJRQ, B0FRMSXNKL, B0FRMVGTJY, B0H6LDC54M, B0HB4WT783, B0FRMLFB5C, B0H6LY7LB7, B0FRMLF9DV, B0HB4NK1VV, B0FRMT2648, B0HB4S1FJQ, B0FRMRNHQV, B0FRMSL3N8, B0FRMRM36P, B0H6JJSR7R, B0FRMSL3N7, B0HB4JP98X, B0GYRZQ5ZY, B0FRMQ1WDD, B0HB4HF9D8, B0FRMSRKJG, B0H6JVCBJ1, B0HB4Z2X4Z, B0H6JNRJD6, B0HB4JPHG6, B0HB4R2331, B0FRMT17HB, B0HB53CKXP, B0FRMLFHT6, B0HB4JPHGB, B0FRMWL3G9, B0FRMLDTDP]",amzn1.campaign.27LJR8DHXR8M1,Vintage Washable NonSlip LowPile Rug Campaign-2026/08/14,BESBLEE,2026-08-17,2026-11-24,10.00%,5000.0,5000.0,133,800,false
[B0DYMN7YMH],amzn1.campaign.31TAXDA6IFON3,垃圾袋 11%,Frnoip,2026-08-19,2026-11-30,11.03%,5002.0,5002.0,134,800,false
"[B0FXMBWMTC, B0FXWX632G, B0FXQQ516N, B0FXWYP45M, B0FXMCVBRS, B0FXWXKBBJ, B0FXWWY8X1, B0FXMFWZ5F, B0FXMFMN1W]",amzn1.campaign.11LBEH10M6ZK9,18%Commission | EISENGRID Men’s Stretch Tapered Jeans – Deep Blue & Vintage Wash,EISENGRID,2026-08-17,2027-01-06,18.00%,5000.0,5000.0,139,800,false
"[B0FWKWYRS2, B0FWKRB28Y, B0FWKVKL92, B0FWKQNY1H, B0FWKWS8X6, B0FWKX2GZJ, B0FWKRFV3X, B0FWKRCVDM, B0FWKRG69F, B0FWKRJH3P, B0FWKWB4Q4, B0FWKV8FDK, B0FWKXDZDW, B0FWKYJ797, B0FWKLX53Z, B0FWKX8SR1, B0FWKM3QMP, B0FWKZMFZT, B0FWKWT3ST, B0H6XKNPV7, B0FWKR1VSN, B0FWKR77Y3, B0FWKLZ3DQ, B0FWKM2GC7, B0FWKTMB14, B0FWKZYVQD, B0H6XGXBSN, B0FWKQNKZW, B0FWKTW8K1, B0FWKM2LGJ, B0FWKVPLR7, B0FWKR3PD8, B0FWKZVQGN, B0FWKLWGZD, B0FWKM3YF7, B0FWKXJ2GJ, B0FWKVFH39]",amzn1.campaign.12JKMOZ5MHXVD,B0FWKTYY14 10%commission 08-18-09-27,Weripoah,2026-08-18,2026-09-27,10.00%,5000.0,4997.67,80,800,false
"[B0HCNJLSFD, B0BP1S1B6B, B0HCNR5JYL, B0BP1SGW1F, B0BP1S9SVB, B0HCNQZDWJ, B0BP1R49GK, B0BP1QWSZ5]",amzn1.campaign.2ZHKVE71VCL4M,10% Commission Rate for BASN MTPro Planar IEM Headphones,BASN,2026-08-17,2027-08-17,10.00%,10000.0,9990.9,76,800,false
"[B0FXMBWMTC, B0FXWX632G, B0FXQQ516N, B0FXWYP45M, B0FXMCVBRS, B0FXWXKBBJ, B0FXWWY8X1, B0FXMFWZ5F, B0FXMFMN1W]",amzn1.campaign.2J6NIU4SPHV3R,18%Commission | EISENGRID Men’s Stretch Tapered Jeans – Deep Blue & Vintage Wash,EISENGRID,2026-08-17,2027-01-05,18.00%,5000.0,5000.0,144,800,false
[B0DYMN7YMH],amzn1.campaign.ZCYRL5ULE3JL,垃圾袋 11%,Frnoip,2026-08-18,2026-11-30,11.02%,5001.0,5001.0,138,800,false
"[B0FJRNL4ZJ, B0F8B1YJQW, B0FHKHPFSP]",amzn1.campaign.1O7GJBRJ7EYAA,Rechargeable Flameless Tea Light Candles with Timer Remote,PIDZPOW,2026-08-17,2026-09-30,10.00%,5000.0,4981.8,78,800,false
"[B0DSJ2PW59, B0CX818LPM, B0G2BL7KVX]",amzn1.campaign.3AFRQSO7J1B5K,🚀 Earn 10% Commission! Promote Our Viral 3-in-1 Magnetic Wireless Charger,eazpower,2026-08-17,2026-10-05,10.00%,5000.0,4916.37,64,800,false
"[B0FXMBWMTC, B0FXWX632G, B0FXQQ516N, B0FXWYP45M, B0FXMCVBRS, B0FXWXKBBJ, B0FXWWY8X1, B0FXMFWZ5F, B0FXMFMN1W]",amzn1.campaign.1SM4B2O53IET2,18%Commission | EISENGRID Men’s Stretch Tapered Jeans – Deep Blue & Vintage Wash,EISENGRID,2026-08-17,2027-01-04,18.00%,5000.0,5000.0,144,800,false
[B0DYMN7YMH],amzn1.campaign.1XC7QW2NN5XME,垃圾袋 11%,Frnoip,2026-08-18,2026-11-30,11.00%,5000.0,5000.0,137,800,false
"[B0H2CXMP69, B0H2DBQKVH, B0H2D5FKCK, B0H2D5R88H, B0H2D5HD6B, B0H2D777MR, B0H2D2SKW4, B0H2D4WWW4, B0H2D5CHMN, B0H2CX8WGW, B0H2D5TJZK, B0H2D6Q7BX]",amzn1.campaign.2O1LBEM7RV9DY,752新品推广,MAIKANONG,2026-08-17,2026-09-16,10.00%,5000.0,5000.0,85,800,false
"[B0FXMBWMTC, B0FXWX632G, B0FXQQ516N, B0FXWYP45M, B0FXMCVBRS, B0FXWXKBBJ, B0FXWWY8X1, B0FXMFWZ5F, B0FXMFMN1W]",amzn1.campaign.7ZOERLUBC4CY,18%Commission | EISENGRID Men’s Stretch Tapered Jeans – Deep Blue & Vintage Wash,EISENGRID,2026-08-17,2027-01-03,18.00%,5000.0,5000.0,145,800,false
"[B0GF6JBC12, B0GBLNHBMY]",amzn1.campaign.3IKAXM1PUMDCF,盒装垃圾袋 11%,Frnoip,2026-08-19,2026-11-30,11.02%,5001.0,5001.0,136,800,false
"[B0G6L6YMXW, B0G6CHV1PL, B0G6CGCGNP, B0G69WWR24, B0G6BC3HS8, B0G6D937XF, B0G6BT6ST1, B0G6DGGXXZ, B0G6BC2JDS, B0G6CHW7G6, B0G6C8QF6K, B0G6C6BH1S, B0G6KW6BLB, B0G6CGGQZW, B0G6L7JR5V, B0G69ZG7QW, B0G6C4NJ2S, B0G6C2L24Y, B0G6DGGXY4, B0G6LCYV3K, B0G6D2QMKH, B0G6C7HN8Z, B0G6D938Z3, B0G6CC6P7Y]",amzn1.campaign.2I27U990GHWLQ,B0G6BN4SLB 10%commission 08-18-09-27,Weripoah,2026-08-18,2026-09-27,10.00%,5000.0,4998.6,83,800,false
"[B0H1CFJHLP, B0H1CFLT5H, B0GLYZJQYK, B0GLZ3BRGD, B0H1CQ9DWK, B0H1CFJHLK, B0GLZ2K538, B0H1C7N7QW, B0GLZ857W3, B0H1C5LGVB, B0H1CFCZ76, B0GLZ9VVJ3, B0H1BXJG21, B0H1C84WCW, B0GLZ45PFM, B0GLZ94YTR, B0H1CBLLNH, B0GLYZWL5G, B0H1C5B54K, B0GLYYTKV2, B0GLYZ4WCM, B0H1C8SRRM, B0GLYZ2K5H, B0H1C69F8N, B0GLZGPKC4, B0H1BYTCJD, B0GLZ3P48B, B0H1CCBRHK, B0GLZ3BCXF, B0GLZ9V3CP, B0GLZ3SSM5, B0GLZJHBZ4, B0H1CC741V, B0GLZYN3DK, B0GLZB5MDC, B0H1C8D5TX, B0H1C69T51, B0H1C5HZ4K, B0GLYZCRZT, B0GLZ6Y2D6, B0H1CBRCCW, B0GLZ37Y88, B0GLYQDGZP, B0GLZ89V1S, B0GLZ3TH4G, B0GLZCS9C1, B0GLZ46HND, B0GLZ436SC, B0H1C4GYKR]",amzn1.campaign.F6QUV8ZNCRUR,39HF Long Term Win-Win! 15% Commission Builds Stable Career Layout,Heyfanee,2026-08-17,2026-12-06,15.00%,5000.0,5000.0,88,800,false
"[B0FXMBWMTC, B0FXWX632G, B0FXQQ516N, B0FXWYP45M, B0FXMCVBRS, B0FXWXKBBJ, B0FXWWY8X1, B0FXMFWZ5F, B0FXMFMN1W]",amzn1.campaign.2YE9JLX1CKXFI,18%Commission | EISENGRID Men’s Stretch Tapered Jeans – Deep Blue & Vintage Wash,EISENGRID,2026-08-17,2027-01-02,18.00%,5000.0,5000.0,144,800,false
"[B0G2KQWD1R, B0FPC94SC7, B0FPC8YM2W]",amzn1.campaign.1OPVVZ8ISBRWC,Triple Protection Bracelet for Women/Men,LAVEIR,2026-08-17,2026-12-31,10.00%,5000.0,4987.7,85,800,false
"[B0GKGGXKR1, B0GKGR7YPD, B0GKGM362Y, B0GKGHQJ1M, B0GKGHVBRN, B0GKGN7DD1, B0GKGKRTJH, B0GKGN1DWR, B0GKGB8JMH, B0GKGPZGD4, B0GKGVWCW4, B0GKGVVQKW, B0GKGMZ6QC]",amzn1.campaign.FFJ5ADIYD803,WV-010-009-创作者影响计划-0813-13.6%-03-68/344,MolyPark,2026-08-28,2026-10-04,13.60%,5004.0,5004.0,134,800,false
"[B0GF6JBC12, B0GBLNHBMY]",amzn1.campaign.167HHBOKPLGCE,盒装垃圾袋 11%,Frnoip,2026-08-19,2026-11-30,11.00%,5000.0,5000.0,139,800,false
"[B0H6JT38V2, B0H6LVGMJ2, B0FRMDDRRN, B0FRMXDDSC, B0H6JKB2DW, B0FRMDBWVH, B0FRMXB16F, B0GYRZ7PPS, B0H6JBV49M, B0HB4H2QK1, B0GYS8WFDQ, B0HB4R4ZXW, B0GYS4W2SW, B0FRMZ8CJ8, B0H6LLXMFP, B0FRMSRPS3, B0H6LRZBCD, B0FRMVV7XG, B0FRMRYLQR, B0FRMRG7JB, B0FRMVHJRQ, B0FRMSXNKL, B0FRMVGTJY, B0H6LDC54M, B0HB4WT783, B0FRMLFB5C, B0H6LY7LB7, B0FRMLF9DV, B0HB4NK1VV, B0FRMT2648, B0HB4S1FJQ, B0FRMRNHQV, B0FRMSL3N8, B0FRMRM36P, B0H6JJSR7R, B0FRMSL3N7, B0HB4JP98X, B0GYRZQ5ZY, B0FRMQ1WDD, B0HB4HF9D8, B0FRMSRKJG, B0H6JVCBJ1, B0HB4Z2X4Z, B0H6JNRJD6, B0HB4JPHG6, B0HB4R2331, B0FRMT17HB, B0HB53CKXP, B0FRMLFHT6, B0HB4JPHGB, B0FRMWL3G9, B0FRMLDTDP]",amzn1.campaign.308RRGWIZR8O4,Vintage Washable NonSlip LowPile Rug Campaign-2026/08/14,BESBLEE,2026-08-17,2026-11-23,10.00%,5000.0,5000.0,137,800,false
"[B0HCVJJ8TY, B0HCVDLHJ4, B0HCVC9Q2H, B0HCV8SNMW, B0HCV7ZLK2, B0HCVG683K, B0HCV7Z9SL, B0HCVG5R5S, B0HCV8X5J4, B0HCVG683N, B0HCV82HRD, B0HCV8ZVRZ, B0HCVCV6D5, B0HCVLFG4J, B0HCV8SNMQ, B0HCVCTZ2C, B0HCV7XSQT, B0HCVGGPJT, B0HCVDPT7P, B0HCV99LPF, B0HCV9JZRB, B0HCVGGPJQ, B0HCVC5J9X, B0HCVKSFQR, B0HCVGYVCH, B0HCVL4FN4, B0HCV4YB3Y, B0HCVH4GSZ]",amzn1.campaign.1H1WSPDT85OP3,004,Dressmine,2026-08-17,2026-09-16,10.00%,5000.0,5000.0,78,800,false
"[B0FXMBWMTC, B0FXWX632G, B0FXQQ516N, B0FXWYP45M, B0FXMCVBRS, B0FXWXKBBJ, B0FXWWY8X1, B0FXMFWZ5F, B0FXMFMN1W]",amzn1.campaign.3PPEAXPYGVFGU,18%Commission | EISENGRID Men’s Stretch Tapered Jeans – Deep Blue & Vintage Wash,EISENGRID,2026-08-17,2027-01-01,18.00%,5000.0,5000.0,146,800,false
[B0FHJPGHLQ],amzn1.campaign.1QZXNROUKBMP1,Gold Lariat Long Necklaces,NEPULOY,2026-08-17,2026-09-16,40.00%,5000.0,5000.0,67,800,false
"[B0FBVRX493, B0FBVPZ2R6, B0FBVR7S4H, B0FBW5FJGP, B0FBW61WTD, B0FBVR6685, B0FBV32VV4, B0FBW7XNNQ, B0FBVZ4DXC, B0FBVT7TC9, B0FBVYQTB8, B0FBVR54DV, B0FBVSVRB4, B0FBW33SK9, B0FBVN97MT, B0FBV9YQRM]",amzn1.campaign.22DGKTG3DG0O8,Notch Lapel Double Breasted Wool Blend Pea Coat-YK1195-8.14,Yeokou,2026-08-17,2026-09-16,13.00%,5000.0,5000.0,70,800,false
"[B0GF6JBC12, B0GBLNHBMY]",amzn1.campaign.16166WPP70HOQ,盒装垃圾袋 11%,Frnoip,2026-08-18,2026-11-30,11.01%,5001.0,5001.0,136,800,false
"[B0GF6JBC12, B0GBLNHBMY]",amzn1.campaign.3HVZCWEBX39K2,盒装垃圾袋 11%,Frnoip,2026-08-18,2026-11-30,11.00%,5000.0,5000.0,143,800,false
"[B0G6CZVC4M, B0G6CQW9N1, B0G6D25ZC9, B0G6KXFKR6, B0G6L2GZVJ, B0G6D1312R, B0G6D3K1R6, B0G6D12LW6, B0G6DJN4M4, B0G6D3JHGX, B0G6CYDN51, B0G6L1XTBL, B0G6CZ3VLJ, B0G6DGFWMB, B0G6C8MP6L, B0G6CQMPV1, B0G6D13PY5, B0G6D9LW8B]",amzn1.campaign.1Z65IQXDAOTVW,B0G6CVFNW5 10%commission 08-18-09-27,Weripoah,2026-08-18,2026-09-27,10.00%,5000.0,4997.27,82,800,false
[B0H8PZ6K68],amzn1.campaign.1MVMKR8SF2LH9,Console Table with Scalloped Drawers（B0H8PZ6K68）-13%,JOINICE,2026-08-17,2026-10-31,13.00%,5000.0,4914.2,75,800,false
"[B0HCTZNFBC, B0HCTT5J9F, B0HCTSZ4WD, B0HCV9VLVV, B0HCTXP1WQ, B0HCTQ13G5, B0HCTXL7HW, B0HCV3YNWZ, B0HCV16B6N, B0HCTXZL35, B0HCTYD3K3, B0HCV6BNF2, B0HCTSYMRQ, B0HCV535RH, B0HCV2P75H]",amzn1.campaign.H1R5ENNDBIHN,012,Dressmine,2026-08-17,2026-09-16,10.00%,5000.0,5000.0,79,800,false
"[B0BXPFNZGL, B0BXPF7VLM]",amzn1.campaign.1FHZAS663JT4X,10% Commission Rate for BASN Metalen 4 Drivers Noise Isolating IEMs,BASN,2026-08-17,2027-08-17,10.00%,10000.0,10000.0,82,800,false
"[B0H6JT38V2, B0H6LVGMJ2, B0FRMDDRRN, B0FRMXDDSC, B0H6JKB2DW, B0FRMDBWVH, B0FRMXB16F, B0GYRZ7PPS, B0H6JBV49M, B0HB4H2QK1, B0GYS8WFDQ, B0HB4R4ZXW, B0GYS4W2SW, B0FRMZ8CJ8, B0H6LLXMFP, B0FRMSRPS3, B0H6LRZBCD, B0FRMVV7XG, B0FRMRYLQR, B0FRMRG7JB, B0FRMVHJRQ, B0FRMSXNKL, B0FRMVGTJY, B0H6LDC54M, B0HB4WT783, B0FRMLFB5C, B0H6LY7LB7, B0FRMLF9DV, B0HB4NK1VV, B0FRMT2648, B0HB4S1FJQ, B0FRMRNHQV, B0FRMSL3N8, B0FRMRM36P, B0H6JJSR7R, B0FRMSL3N7, B0HB4JP98X, B0GYRZQ5ZY, B0FRMQ1WDD, B0HB4HF9D8, B0FRMSRKJG, B0H6JVCBJ1, B0HB4Z2X4Z, B0H6JNRJD6, B0HB4JPHG6, B0HB4R2331, B0FRMT17HB, B0HB53CKXP, B0FRMLFHT6, B0HB4JPHGB, B0FRMWL3G9, B0FRMLDTDP]",amzn1.campaign.2Q2KASF5VXPQX,Vintage Washable NonSlip LowPile Rug Campaign-2026/08/14,BESBLEE,2026-08-17,2026-11-22,10.00%,5000.0,5000.0,137,800,false
"[B0G9T9HLJ5, B0G9TMRFG1, B0G9TJ1D7F, B0G9V9ZD64, B0G9STMVWR, B0G9SYTRY7, B0G9THMRM8, B0G9V8MDHK, B0G9TJFCCY, B0G9TGT492, B0G9TT7H2G, B0G9TMRFFS, B0G9TRG384, B0G9TPMCRL, B0G9VLRMF6, B0G9T3VN3W, B0G9STPK2M, B0G9S1CVKR, B0G9VKQMFJ, B0G9S37FYG, B0G9TFTVD9, B0G9TKWJ5Q]",amzn1.campaign.D8XK48JEO8T2,B0G9T9926L 10%commission 08-18-09-27,Weripoah,2026-08-18,2026-09-27,10.00%,5000.0,4997.0,85,800,false
"[B0B51N7DJ3, B09D73N3GC, B09D74HBFP]",amzn1.campaign.2LRBBR1AOAIKC,10% Commission Rate for BASN Unique Triple Driver IEM Headphones for Musicians,BASN,2026-08-17,2027-08-17,10.00%,10000.0,10000.0,74,800,false
"[B0CZ6NXXQP, B0BS62JVFZ]",amzn1.campaign.2ZQ54NSST25ZE,bed bridge twin to king-Influencer,ENITYA,2026-08-17,2027-01-31,10.00%,5000.0,4885.89,74,800,false
[B0GTQC11M3],amzn1.campaign.3KWCY8G5UL13S,Earn 10% Commission! Promote Our 15W Ultra Fast MagSafe Foldable Travel Station,Eddibox,2026-08-17,2026-10-05,10.00%,5000.0,4978.54,75,800,false
[B0H8PZ6K68],amzn1.campaign.2HKZAB4CPLN93,Console Table with Scalloped Drawers（B0H8PZ6K68）-11%,JOINICE,2026-08-17,2026-10-31,11.00%,5000.0,5000.0,121,800,false
"[B0H5JXSB2D, B0H5JYSRM8, B0H5K4L6KW, B0H5K3KQ3B, B0H5K14MLR, B0H5K357MV, B0H5K3FTH8, B0H5JZJQXW, B0H5KBVX17, B0H5K4ZJTV, B0H5K3MWYP, B0H5K6Z4VM, B0H5JR68BM, B0H5KB1H1H, B0H5K37XWK, B0H5K24T7J, B0H5K44WFV, B0H5JXGDMK, B0H5K3VZCV, B0H5K496LK, B0H5K3BML9, B0H5JRHBY5, B0H5JYQY8S, B0H5K65LK6, B0H5JXPXJW, B0H5K4P1B9]",amzn1.campaign.3QMUOUUN59C2X,Limited 50% OFF Promotion + 10% Commission -Z-saibs,PureCozy,2026-08-17,2026-11-10,10.00%,5000.0,5000.0,136,800,false
[B0H8PZ6K68],amzn1.campaign.1KR939HCQQM94,Console Table with Scalloped Drawers（B0H8PZ6K68）-10%,JOINICE,2026-08-17,2026-10-31,10.00%,5000.0,5000.0,125,800,false
"[B0F7J1YP8G, B0F7J249PN, B0F7J31V3D, B0F7J5G7WS, B0F7HYCWFF, B0F7HZB4CP, B0F7HZPBKV, B0F7HYMZXB, B0F7J11TSX, B0F7HZ7GKY, B0F7J17BS9, B0F7HZH9LQ, B0F7JB2JHM, B0FMNVQYN4, B0F7HX82KB, B0F7HZRZ7V]",amzn1.campaign.OUIF9VR9GXPN,B0F7HZ57BY 10%commission 08-18-09-30,Weripoah,2026-08-18,2026-09-30,10.00%,5000.0,5000.0,83,800,false
"[B0H6JT38V2, B0H6LVGMJ2, B0FRMDDRRN, B0FRMXDDSC, B0H6JKB2DW, B0FRMDBWVH, B0FRMXB16F, B0GYRZ7PPS, B0H6JBV49M, B0HB4H2QK1, B0GYS8WFDQ, B0HB4R4ZXW, B0GYS4W2SW, B0FRMZ8CJ8, B0H6LLXMFP, B0FRMSRPS3, B0H6LRZBCD, B0FRMVV7XG, B0FRMRYLQR, B0FRMRG7JB, B0FRMVHJRQ, B0FRMSXNKL, B0FRMVGTJY, B0H6LDC54M, B0HB4WT783, B0FRMLFB5C, B0H6LY7LB7, B0FRMLF9DV, B0HB4NK1VV, B0FRMT2648, B0HB4S1FJQ, B0FRMRNHQV, B0FRMSL3N8, B0FRMRM36P, B0H6JJSR7R, B0FRMSL3N7, B0HB4JP98X, B0GYRZQ5ZY, B0FRMQ1WDD, B0HB4HF9D8, B0FRMSRKJG, B0H6JVCBJ1, B0HB4Z2X4Z, B0H6JNRJD6, B0HB4JPHG6, B0HB4R2331, B0FRMT17HB, B0HB53CKXP, B0FRMLFHT6, B0HB4JPHGB, B0FRMWL3G9, B0FRMLDTDP]",amzn1.campaign.2A09LY32KSE6T,Vintage Washable NonSlip LowPile Rug Campaign-2026/08/14,BESBLEE,2026-08-17,2026-11-21,10.00%,5000.0,5000.0,134,800,false
[B0H698RRPQ],amzn1.campaign.2G60QZ5WHBABO,"10% commission + 15% OFF, automatic dog feeder",ATALOII,2026-08-17,2026-09-30,10.00%,10000.0,9993.2,75,800,false
[B0FWRX47CS],amzn1.campaign.2X0ZMUZOA4JJI,AI Voice Recorder Headphone （awen_code - tiktok）,oleap,2026-08-17,2026-09-16,10.00%,5000.0,5000.0,119,800,false
"[B0H2HMD5HC, B0H2HJ4DH6, B0H2HJS6HR, B0H2H931S6, B0H2HNLZZG, B0H2HM9CHN, B0H2HKK9G6, B0H2HQL2PX, B0H2HGJGWV, B0H2HKQ6GD, B0H2HJQHVZ, B0H2HP3PR1, B0H2HRGYD1, B0H2HWWGNY, B0H2HGDLWB, B0H2HNJ7GZ, B0H2HNBW9V, B0H2HHR6SX, B0H2HR6X4S, B0H2HKV6T8, B0H2HLVSG8, B0H2HP15QH, B0H2HKZWTG, B0H2HNGQX5, B0H2HG5NRR, B0H2HGR7K3, B0H2HM4X22, B0H2HMTK5S, B0H2HJTLFX, B0H2HGHD8V, B0H2HQNJD4, B0H2HRF4M9, B0H2HQRS8Z, B0H2HR6NWD, B0H2HL8P5Z, B0H2HGDHM6, B0H2HR5VVQ, B0H2HKXJ2G, B0H2HV23GV, B0H2HJJH55, B0H2HY9F96, B0H2HG72DC, B0H2HN22VH, B0H2HGVJK5, B0H2HLMN9F, B0H2HQWD5G, B0H2HM2FNJ, B0H2HJ612Q, B0H2HP67PN, B0H2HQZM38, B0H2HK8DZQ, B0H2HNFWXX, B0H2HNV4SN, B0H2HTGWVX, B0H2HJJSB9, B0H2HNS647, B0H2HP9W9N, B0H2HKKJ8J, B0H2HSRK1P]",amzn1.campaign.3JFJV3AMPNFY,12% Commission🔥| Wiholl Busisness Causual Tops 2026 WBL9575,WIHOLL,2026-08-18,2026-10-31,12.00%,5000.0,4994.84,34,800,false
"[B0G269LJYZ, B0G265KJ2B, B0GXNJ2CXQ, B0GXN4B4FL, B0GXNC98SL, B0G262KRYR, B0GXNHJP63, B0GXN8QQTR, B0G264VSFS, B0GXN6RFBV, B0G262NN7D, B0G2652VGV, B0G267STHM, B0G265Y2MG, B0GXNJ1ZP1, B0G263L63T, B0G265WKQ4, B0G261TWFV, B0GXNMBYNQ, B0GXNVPWYH, B0G266HY7P, B0G2647SM8, B0GXNBNL9M, B0GXNC588F, B0GXNLYMNM, B0G267M8Y4, B0GXNFFYR6, B0GXNQ1GGL, B0HCNRK3L1, B0GXNTLF2K, B0GXNC3X14, B0GXNJ4PF2, B0G269CWSV, B0G264NGR2, B0G2664MBQ, B0G261RHVP, B0G269S2X4, B0GXNF9N93, B0G266MFC1, B0GXNC9H4D, B0GXNRD8RG, B0GXN41YGW, B0GXNF262V, B0G266RPLC, B0GXNFHPPY, B0G266XS36, B0G2632LDL, B0GXNPL4X2, B0GXN8LKQ3, B0G266468K, B0G267DG2H, B0GXN42RZ7, B0G262DJT7, B0G264MPWW, B0G267L6J6, B0G267CBTF, B0GXNHKLVP, B0GXN8N7KL, B0G267NLNT, B0GXNJFQVG]",amzn1.campaign.2JDVNEZHR3P36,B0G263N3JP 10%commission 08-17-09-30,Weripoah,2026-08-17,2026-09-30,10.00%,5000.0,4965.43,81,800,false
[B0GK76YP6G],amzn1.campaign.366VTIN57HQKN,🔥30% High Commission! Join Us to Promote Caged Ceiling Fan with Light,LIONVISON,2026-08-17,2026-11-17,30.00%,5000.0,5000.0,112,800,false
"[B0H7168Y2C, B0DGFXJ8BK, B0H6F6NT5F, B0DHRWC3MV, B0H6FB9B7J]",amzn1.campaign.2ZFZGFLK1GEFG,No More Fighting Over Chairs!The Double Camping Sofa all Audience Will Fight for,VAGANTH,2026-08-17,2027-08-17,12.00%,5000.0,5000.0,107,800,false
"[B0FB8SRDQS, B0FB8TV7T8, B0FB8QPWVT, B0FB8V457K]",amzn1.campaign.CQKUR84SL6JE,🎄✨ Cozy Christmas Magic: Amélie Home Holiday Chenille Throw ✨🎄,Amélie Home,2026-08-17,2026-09-16,10.00%,5000.0,5000.0,20,800,false
"[B0FN7FKHFX, B0FN7GZRC1, B0FN7HR1F9, B0D8VTX8J4, B0FRXJ1Y26, B0DJM6S15J, B0FN7FJ6VN, B0FN7H6KTS, B0FN7CZ96F, B0D8VR9CCM, B0FN7HG54K, B0FN7H3JQV, B0FN7H88P8, B0FN7JQ9ZM, B0FRXG6ZR2, B0D8VQFDSM, B0D8VRQY79, B0FN7GG3MN, B0D8VR7FH5, B0DBTSCYMM, B0FN7HX928, B0D8VQTGDC, B0D8VQ1K79, B0FN7HPG4K, B0D8VRVJY8, B0FN7JKJWN, B0FN7GCHPK, B0DJM6PS3P, B0FN7GDJ8Q, B0FN7FN8TM, B0FN7J451G, B0FN7GX7Q6, B0D8VQQ6DP, B0D8VSDW2G, B0D8VR3DV2, B0FN7HQ1NF, B0FN7HVCZM, B0FN7JN3J7, B0D8VTCK9Y, B0FN7H2K4P, B0D9W325J6, B0FRXFMQVM, B0DJM7KK5D, B0FN7F7B59, B0FN7FY81G, B0D8V6VNC9, B0D8VRXYW2, B0FRXFBLXW, B0FN7J9P9F, B0D9W1TJZ3, B0FN7FZCM6, B0FN7FKDKG, B0D8V6WRXX, B0FN7HQWXH, B0D8VQYSK5, B0D8VRMTLT, B0FN7H6CHG, B0FN7JQLBX, B0D8VPW1JM, B0DBV2V651, B0FN7GC2BP, B0D8VQYPMG, B0DJM712T9, B0D9W2BJ9B, B0D8VRLNDW, B0FN7CDK79, B0FN7GC3W1, B0FN7DWBR1, B0D8VRC8CV, B0D8VSRB6B, B0DBV55M7T, B0FRXFCXCS, B0FN7GYNQR, B0FN7G3JS7, B0D8VR11LD, B0D8VPTMSZ, B0FN7GYNQL, B0FN7FRKLW, B0D8VQZTXQ, B0FN7FCYB9, B0FRXHZSFH, B0D8VRV2MN, B0FN7HXHKR, B0FN7FSDQM, B0D8VSC9HB, B0FN7GMGVD, B0D8VS2ZJN, B0DBT6N8PK, B0FN7GS5YH, B0FN7GR818, B0D8VQF7SD, B0FN7JNKD3, B0FN7HHS86, B0D9W1K3Z2, B0FN7HV4YK, B0FN7FV3HC, B0FN7HJJGW, B0D9W24LQH, B0FN7FBRPV, B0DJM638Q6, B0DBTT6MK7, B0FN7H2W8C, B0DBTRRNZ7, B0FN7HQHNW, B0D9W141YB, B0FN7G8C3P, B0D8VTPW6Z]",amzn1.campaign.2TFIRNUJZY5C0,Collaboration Opportunity with Colorfulkoala U Back Sports Bra Tank Tops,Colorfulkoala,2026-08-17,2026-09-30,10.00%,20000.0,19929.82,17,800,false
"[B0H6JT38V2, B0H6LVGMJ2, B0FRMDDRRN, B0FRMXDDSC, B0H6JKB2DW, B0FRMDBWVH, B0FRMXB16F, B0GYRZ7PPS, B0H6JBV49M, B0HB4H2QK1, B0GYS8WFDQ, B0HB4R4ZXW, B0GYS4W2SW, B0FRMZ8CJ8, B0H6LLXMFP, B0FRMSRPS3, B0H6LRZBCD, B0FRMVV7XG, B0FRMRYLQR, B0FRMRG7JB, B0FRMVHJRQ, B0FRMSXNKL, B0FRMVGTJY, B0H6LDC54M, B0HB4WT783, B0FRMLFB5C, B0H6LY7LB7, B0FRMLF9DV, B0HB4NK1VV, B0FRMT2648, B0HB4S1FJQ, B0FRMRNHQV, B0FRMSL3N8, B0FRMRM36P, B0H6JJSR7R, B0FRMSL3N7, B0HB4JP98X, B0GYRZQ5ZY, B0FRMQ1WDD, B0HB4HF9D8, B0FRMSRKJG, B0H6JVCBJ1, B0HB4Z2X4Z, B0H6JNRJD6, B0HB4JPHG6, B0HB4R2331, B0FRMT17HB, B0HB53CKXP, B0FRMLFHT6, B0HB4JPHGB, B0FRMWL3G9, B0FRMLDTDP]",amzn1.campaign.JZMQO20CSUKY,Vintage Washable NonSlip LowPile Rug Campaign-2026/08/14,BESBLEE,2026-08-17,2026-11-20,10.00%,5000.0,5000.0,140,800,false
[B0DX1LZH9J],amzn1.campaign.1V5ADMDNAO2JB,RC565-1 100pcs Green Plastic Plates with  a BIG 20% DISCUONT,supernal,2026-08-17,2026-09-17,12.00%,5000.0,5000.0,84,800,false
"[B0GKGGXKR1, B0GKGR7YPD, B0GKGM362Y, B0GKGHQJ1M, B0GKGHVBRN, B0GKGN7DD1, B0GKGKRTJH, B0GKGN1DWR, B0GKGB8JMH, B0GKGPZGD4, B0GKGVWCW4, B0GKGVVQKW, B0GKGMZ6QC]",amzn1.campaign.MNBFV8JZFQ73,WV-010-009-创作者影响计划-0813-13.5%-03-68/344,MolyPark,2026-08-20,2026-10-04,13.50%,5003.0,5003.0,134,800,false
"[B0GCHR42XN, B0GCH44C5G]",amzn1.campaign.2OSSMWLBRYHGZ,🔋✨ Earn 10%! Promote the 3-in-1 Samsung Wireless Charger for Thick Cases,Eddibox,2026-08-17,2026-10-05,10.00%,5000.0,4982.4,73,800,false
"[B0H3B9CL23, B0H3KJM12C, B0H3KKW94F, B0H3K6KJVD]",amzn1.campaign.TKXLEM5SEIT3,Zubest Pet Probiotics & Joint Support Creator Campaign,Zubest,2026-08-18,2026-11-30,15.00%,5000.0,4988.15,70,800,false
"[B0GKGGXKR1, B0GKGR7YPD, B0GKGM362Y, B0GKGHQJ1M, B0GKGHVBRN, B0GKGN7DD1, B0GKGKRTJH, B0GKGN1DWR, B0GKGB8JMH, B0GKGPZGD4, B0GKGVWCW4, B0GKGVVQKW, B0GKGMZ6QC]",amzn1.campaign.1ZZQDWPGSQMVB,WV-010-009-创作者影响计划-0813-13.4%-03-68/344,MolyPark,2026-08-24,2026-10-04,13.40%,5003.0,5003.0,132,800,false
"[B0GKGGXKR1, B0GKGR7YPD, B0GKGM362Y, B0GKGHQJ1M, B0GKGHVBRN, B0GKGN7DD1, B0GKGKRTJH, B0GKGN1DWR, B0GKGB8JMH, B0GKGPZGD4, B0GKGVWCW4, B0GKGVVQKW, B0GKGMZ6QC]",amzn1.campaign.2C53R5SKBESFW,WV-010-009-创作者影响计划-0813-13.44%-03-68/34,MolyPark,2026-08-31,2026-10-04,13.44%,5003.0,5003.0,132,800,false
"[B0H6JT38V2, B0H6LVGMJ2, B0FRMDDRRN, B0FRMXDDSC, B0H6JKB2DW, B0FRMDBWVH, B0FRMXB16F, B0GYRZ7PPS, B0H6JBV49M, B0HB4H2QK1, B0GYS8WFDQ, B0HB4R4ZXW, B0GYS4W2SW, B0FRMZ8CJ8, B0H6LLXMFP, B0FRMSRPS3, B0H6LRZBCD, B0FRMVV7XG, B0FRMRYLQR, B0FRMRG7JB, B0FRMVHJRQ, B0FRMSXNKL, B0FRMVGTJY, B0H6LDC54M, B0HB4WT783, B0FRMLFB5C, B0H6LY7LB7, B0FRMLF9DV, B0HB4NK1VV, B0FRMT2648, B0HB4S1FJQ, B0FRMRNHQV, B0FRMSL3N8, B0FRMRM36P, B0H6JJSR7R, B0FRMSL3N7, B0HB4JP98X, B0GYRZQ5ZY, B0FRMQ1WDD, B0HB4HF9D8, B0FRMSRKJG, B0H6JVCBJ1, B0HB4Z2X4Z, B0H6JNRJD6, B0HB4JPHG6, B0HB4R2331, B0FRMT17HB, B0HB53CKXP, B0FRMLFHT6, B0HB4JPHGB, B0FRMWL3G9, B0FRMLDTDP]",amzn1.campaign.5TNGSLB587U6,Vintage Washable NonSlip LowPile Rug Campaign-2026/08/14,BESBLEE,2026-08-17,2026-11-19,10.00%,5000.0,5000.0,140,800,false
"[B0GTVBT2P8, B0GTV2JKL9, B0GTV9WQ3H, B0FX7WFHDG, B0GTV3Y9PT, B0GTV4RKYV, B0FX7T8Y4Z, B0FX7PYNZ9, B0FX7RM37H, B0FX84CDH4, B0FX7ZC34Y, B0FX7S3D5T, B0FX7SJJST, B0GTV4TL8X, B0FX7QYJ13, B0FX7R88D4, B0GTV7L4C3, B0GTTWK2ZR, B0GTVCM7NF, B0GTV8X2DP, B0GTVCCNVT, B0GTV8BSDP, B0H2DHS7RC, B0GTV9KDJT, B0GTV9XX7R, B0GTVC77TS, B0GTTX3X85, B0GTTVTP41, B0FX7SBQ14, B0GTV6X9TC, B0FX7PZDF9, B0FX7RXVRL, B0FX7PVSST, B0FX7S9WHB, B0FX7RCCGZ, B0GTV6K1WW, B0FX7PKJPW, B0FX7MMCKV, B0GTVG5TW2, B0FX7T64YH, B0FX7RT8BY, B0GTTT7737, B0GTV8KVJP, B0FX7RPKTJ, B0GTVB8PPN, B0FX7Q7X3Q, B0GTV1T4MY, B0GTV7JX3V, B0GTVC92JX, B0GTVDRCQF, B0FX7ZJXRF, B0FX811SQ3, B0FX7TM1TF, B0FX7PK6RB, B0GTVCP225, B0FX7VVF55, B0GTV67X9K, B0FX7VTSLP, B0FX83Z959, B0GTVC9K7P]",amzn1.campaign.EWWT5F59WQM5,RP6561-tube top dress,Wenrine,2026-08-17,2026-09-30,15.00%,88888.0,88456.0,36,800,false
"[B0GKGGXKR1, B0GKGR7YPD, B0GKGM362Y, B0GKGHQJ1M, B0GKGHVBRN, B0GKGN7DD1, B0GKGKRTJH, B0GKGN1DWR, B0GKGB8JMH, B0GKGPZGD4, B0GKGVWCW4, B0GKGVVQKW, B0GKGMZ6QC]",amzn1.campaign.149IQQOT3447E,WV-010-009-创作者影响计划-0813-13.4%-03-68/34,MolyPark,2026-08-21,2026-10-04,13.40%,5003.0,5003.0,130,800,false
"[B0G42QJX21, B0GCFKL4G2, B0GVQK47YB, B0GH7HG78T, B0GWXRGCW6, B0GVRF35MP, B0GW8KHD3C, B0GWT96QQV, B0GWTGNTKG, B0GWZJJ4W4, B0GWXPVKQ8]",amzn1.campaign.4KCDHS5I8RVG,12% commission rate for every sale you drive!  Caringlight outdoor wall Light,Caringlight,2026-08-17,2027-08-01,12.00%,5000.0,5000.0,112,800,false
[B0CW5P1PZM],amzn1.campaign.1PGCMGVD7XQHB,Chunky Spiral Swirl Vintage Stud Earrings,NEPULOY,2026-08-17,2026-09-16,20.00%,5000.0,4994.8,72,800,false
"[B0FHHL5MTW, B0FHHK9Q12, B0H3KW6QGS, B0GVNMW8YL]",amzn1.campaign.3JU9ATCSC0BT4,The Gym Bag & Travel Hack Every Fitness Person Needs! 💪🧳,VAGANTH,2026-08-17,2027-08-17,12.00%,5000.0,4996.88,71,800,false
"[B0GKGGXKR1, B0GKGR7YPD, B0GKGM362Y, B0GKGHQJ1M, B0GKGHVBRN, B0GKGN7DD1, B0GKGKRTJH, B0GKGN1DWR, B0GKGB8JMH, B0GKGPZGD4, B0GKGVWCW4, B0GKGVVQKW, B0GKGMZ6QC]",amzn1.campaign.UBJN7DO6OSB5,WV-010-009-创作者影响计划-0813-13.23%-03-68/34,MolyPark,2026-08-17,2026-10-04,13.23%,5003.0,5003.0,134,800,false
"[B0H6JT38V2, B0H6LVGMJ2, B0FRMDDRRN, B0FRMXDDSC, B0H6JKB2DW, B0FRMDBWVH, B0FRMXB16F, B0GYRZ7PPS, B0H6JBV49M, B0HB4H2QK1, B0GYS8WFDQ, B0HB4R4ZXW, B0GYS4W2SW, B0FRMZ8CJ8, B0H6LLXMFP, B0FRMSRPS3, B0H6LRZBCD, B0FRMVV7XG, B0FRMRYLQR, B0FRMRG7JB, B0FRMVHJRQ, B0FRMSXNKL, B0FRMVGTJY, B0H6LDC54M, B0HB4WT783, B0FRMLFB5C, B0H6LY7LB7, B0FRMLF9DV, B0HB4NK1VV, B0FRMT2648, B0HB4S1FJQ, B0FRMRNHQV, B0FRMSL3N8, B0FRMRM36P, B0H6JJSR7R, B0FRMSL3N7, B0HB4JP98X, B0GYRZQ5ZY, B0FRMQ1WDD, B0HB4HF9D8, B0FRMSRKJG, B0H6JVCBJ1, B0HB4Z2X4Z, B0H6JNRJD6, B0HB4JPHG6, B0HB4R2331, B0FRMT17HB, B0HB53CKXP, B0FRMLFHT6, B0HB4JPHGB, B0FRMWL3G9, B0FRMLDTDP]",amzn1.campaign.LBOSSOE2SZ05,Vintage Washable NonSlip LowPile Rug Campaign-2026/08/14,BESBLEE,2026-08-17,2026-11-18,10.00%,5000.0,5000.0,141,800,false
"[B0H5JXSB2D, B0H5JYSRM8, B0H5K4L6KW, B0H5K3KQ3B, B0H5K14MLR, B0H5K357MV, B0H5K3FTH8, B0H5JZJQXW, B0H5KBVX17, B0H5K4ZJTV, B0H5K3MWYP, B0H5K6Z4VM, B0H5JR68BM, B0H5KB1H1H, B0H5K37XWK, B0H5K24T7J, B0H5K44WFV, B0H5JXGDMK, B0H5K3VZCV, B0H5K496LK, B0H5K3BML9, B0H5JRHBY5, B0H5JYQY8S, B0H5K65LK6, B0H5JXPXJW, B0H5K4P1B9]",amzn1.campaign.1WHZJ9TIVMQ8K,Biggest Deal: 50% OFF + 10% Commission -Z-saibs,PureCozy,2026-08-17,2026-11-09,10.00%,5000.0,5000.0,132,800,false
"[B0GY869R4Q, B0GY8G82TG]",amzn1.campaign.1OOU07OMDMTUK,Selectico Twin to King Bed Converter-Influencer,Selectico,2026-08-17,2027-01-31,10.00%,5000.0,4942.8,85,800,false
"[B0C8HZDFJ6, B0CGDLWCPT, B0G34HZ46B, B0C4YRG3WP, B0DMZ67VYX, B0D3HKK21C, B0G34LJVJT, B0C54WT447, B0G34GPGDP, B0FN7Q128S, B0C1MW1GFH, B0GHXR9BMQ, B0FQJJJGW4, B0FQJF34SM, B0F5QHT4VP, B0F5QHSZCS, B0G34F17N8, B0F1FP822X, B0CNZSVLNJ, B0DMZMMR73, B0C8HZY2V1, B0G34GXLFT, B0G34JP3LQ, B0GS8FZYMM, B0CWLD9Q7G, B0CL6YJNM2, B0FX2PJ479, B0C54W6Q48, B0G34D5322, B0GHXP2TNK, B0FN7MWPTC, B0DMZ1PS54, B0G337HZR7, B0CNR51MST, B0GS8KXD29, B0DMZGHRGK, B0DQPLSVDP, B0GS91MKS9, B0CWLDCXG3, B0D3HKRXK8, B0C54Y624C, B0DMZY15B6, B0GHXRC4BQ, B0G34GCLDD, B0GS8G3CHM, B0F1FQV1JX, B0CNZT7LQ9, B0GHXVBLTH, B0CJFM99VW, B0C1H21GT8, B0FN7S499Z, B0DMZZNQNR, B0C1GXXKFT, B0F5QHHB9D, B0C54WY1CL, B0C4YTS6VL, B0CL6ZL7CC, B0CWLC9RL6, B0F5WSK37Q, B0F5QK5SPB, B0C8HY78LQ, B0CGXB1M9J, B0G34FZ9T6, B0G34FTVNL, B0F6JWXFCK, B0CG9N6X7B, B0G34DWFLN, B0G2PMZ8P1, B0G34DHNH8, B0FQJJ525Q, B0FQJJN2LN, B0C1MRCCPC, B0C54XMJMZ, B0CH9K5FNH, B0GHY2KFZ5, B0D3HL4Y4L, B0GS87TPJG, B0C54WXFB6, B0DMZHK3X5, B0CL7DRTXY, B0F1FQSF25, B0C8HWVLM5, B0C54WYS8S, B0DMZLXFFZ, B0GHXV86T5, B0CL7G3FVN, B0GS8PV34Q, B0FGQ4ZP1Q, B0GS91CXFJ, B0G34DWGQ9, B0C8HWRRCW, B0GHY5DCB1, B0CNR57GQZ, B0CJFL5RTV, B0C8HXH5M2, B0C8HYPR28, B0CL6ZD79M, B0G2PK4F66, B0CWLDCQM8, B0DMZ6LZ1Z, B0DMZL2GXZ, B0D3HKLGGH, B0C4YVB29M, B0DQPLL94C, B0C54WK9Q7, B0FX2QLLVL, B0C1NBF9F8, B0FX2MBHNK, B0C1GWWBRD, B0G2PVL8ZW, B0DMZS9QPV, B0F5QJCTQZ, B0DMZFYR4H, B0CWLGJCW4, B0GHXXX57G, B0F1FQF82N, B0C4YV6JPM, B0GS88BZRG, B0G34HG1Q9, B0G34GX2LM, B0C54TZWC5, B0CGXCGW4K, B0G34G2G5Q, B0G34J9128, B0GHXZQS1K, B0G34GVK3F, B0CNZT52JL, B0G34H6ZTZ, B0GS8Q351W, B0CNR42VW4, B0DMZRFQGW, B0G34GSLN2, B0G34G6WJT, B0CNR383K6, B0GHXZSYWR, B0DMZC8NWH, B0C1GZSNR9, B0G34J6KMR, B0D3HHYGKW, B0DMZ6MWDF, B0FX2QH8PY, B0GHXX1J6W, B0GHXGCCXP, B0CWLF63HX, B0FQJJ9Y36, B0G34G62QT, B0C1MW452V, B0GHXM8562, B0DMZYF9TT, B0C54Z8YX4, B0C54VZL2P, B0CNZSYQJF, B0DMZQBX9H, B0CWLCYJNL, B0GS825JLZ, B0F8TMR25Z, B0C8HY3TJ3, B0G2PX4Y6F, B0C8HXZYKP, B0C54VNR1K, B0GHXV8Q41, B0G34FC9B4, B0CWLDQTCM, B0FQJJG77Z, B0DMZ6LW8F, B0C1GYWZ3W, B0DMZW1535, B0F1FP74B1, B0CJFMZN4G, B0CL7GZY1K, B0F5WQ9YFN, B0GQH1LDZY, B0G2PRB2RR, B0CJFMYD5G, B0GS7V4VJS, B0G34HZRVH, B0C54W543H, B0C1GXJJ5R, B0FQJHF5Z7, B0CNZTBX1L, B0FQJFBJNL, B0F1FQMJ4S, B0DMZCBH1K, B0G346XW5D, B0DMZPMXC4, B0CL71HQ5B, B0G34FPYXP, B0DMZLYJSY, B0C54Y1G6N, B0G34K1ZDK, B0DMZMM1ZR, B0GHXZNQZP, B0C54X5QKJ, B0GHXQFTXN, B0DMZ7RZJQ, B0CWKT47FK, B0CNZTGYDR, B0DMZRBQ81, B0CNZS7FKP, B0G34F63XS, B0G34G7716, B0C1GYN1KN, B0GQH17S41, B0GS8MDRBQ, B0F82YCRWN, B0CYZTH4M8, B0CGXBKMC9, B0C8HY224C, B0CL6XSDZK, B0F5WS8Z6G, B0C1GZBPPB, B0FQJHNMBM, B0G2PMSCBC, B0FX2NGBPD, B0F5WTW4D9, B0DMZYFP5P, B0FX2PDX8Q, B0G2PN4BB4, B0FN7TCKQK, B0GS8LQQWK, B0C1MVXFKB, B0CWLDDB46, B0F1FPNX6J, B0F5WRVTMB, B0CG9LT9CF, B0C1GZVJ69, B0D3HK1B58, B0C1H1YPFY, B0G34HKFGZ, B0F5QHQ3XD, B0FQJKHN22, B0GS8L6VBB, B0C1GXLDB7, B0GHY6S6W3]",amzn1.campaign.304FFATQARWVC,🏆 #1 BEST-SELLER – 12% on JASGOOD Skinny Elastic Belt for Dresses,JASGOOD,2026-08-17,2026-12-31,12.00%,39854.85,39852.16,54,800,false
"[B0FLJB166T, B0FLJSSKYC, B0DB7GGBXF, B0DK75RJYC, B0DS1R7CJB, B0FLJ337F9]",amzn1.campaign.2RUTOG5FYQGKC,HIGH-TICKET UPSIDE: SERIOUS STRENGTH TRAINING BARBELL — HOME GYM POWER,HANDBODE,2026-08-17,2027-08-17,15.00%,5000.0,5000.0,105,800,false
[B0GSYJQLZ7],amzn1.campaign.1H1W17E7P565H,43-5,ABITAKE,2026-08-17,2026-09-20,30.00%,5000.0,5000.0,116,800,false
[B0D5GJ69KR],amzn1.campaign.241HM2FEJMPRA,TURNMEON Animated Halloween Inflatable Dog +10% Commission,TURNMEON,2026-08-17,2026-09-20,10.00%,5000.0,4990.9,60,800,false
"[B0GKGGXKR1, B0GKGR7YPD, B0GKGM362Y, B0GKGHQJ1M, B0GKGHVBRN, B0GKGN7DD1, B0GKGKRTJH, B0GKGN1DWR, B0GKGB8JMH, B0GKGPZGD4, B0GKGVWCW4, B0GKGVVQKW, B0GKGMZ6QC]",amzn1.campaign.1RYFZXT1WC4RR,WV-010-009-创作者影响计划-0813-13.25%-03-68/34,MolyPark,2026-08-23,2026-10-04,13.25%,5003.0,5003.0,132,800,false
"[B0D91J7HDX, B0DCMWS7HW, B0FFGWZRHY, B0DCMLTRBJ, B0FH64L777, B0FPLBFWLC, B0D3FXW6VQ, B0DL5MP5LF, B0D3FWLZ34, B0DQXWHJG8, B0DCMQ2XC3, B0DCMV1W16, B0DQXVK2MR, B0DG2H3Z2B, B0FPL8K3ZN, B0F32V1BKH, B0DG28J3JQ, B0FPLLCGHS, B0D3FVZ7GF, B0FPLZJV6Z, B0DCMTNRZY, B0DCMM8B37, B0FPLTFKDQ, B0FH64T6X5, B0FPLRRF55, B0DCMJ3FSJ, B0FH62XPB9, B0DL5KQCWT, B0FPLWGB84]",amzn1.campaign.2A6CPX2NXF283,AW24+810+808T+318N+A54 365天清仓8.17-9.30,FLYING EAGLE,2026-08-17,2026-09-30,12.00%,5000.0,5000.0,118,800,false
"[B0H6JT38V2, B0H6LVGMJ2, B0FRMDDRRN, B0FRMXDDSC, B0H6JKB2DW, B0FRMDBWVH, B0FRMXB16F, B0GYRZ7PPS, B0H6JBV49M, B0HB4H2QK1, B0GYS8WFDQ, B0HB4R4ZXW, B0GYS4W2SW, B0FRMZ8CJ8, B0H6LLXMFP, B0FRMSRPS3, B0H6LRZBCD, B0FRMVV7XG, B0FRMRYLQR, B0FRMRG7JB, B0FRMVHJRQ, B0FRMSXNKL, B0FRMVGTJY, B0H6LDC54M, B0HB4WT783, B0FRMLFB5C, B0H6LY7LB7, B0FRMLF9DV, B0HB4NK1VV, B0FRMT2648, B0HB4S1FJQ, B0FRMRNHQV, B0FRMSL3N8, B0FRMRM36P, B0H6JJSR7R, B0FRMSL3N7, B0HB4JP98X, B0GYRZQ5ZY, B0FRMQ1WDD, B0HB4HF9D8, B0FRMSRKJG, B0H6JVCBJ1, B0HB4Z2X4Z, B0H6JNRJD6, B0HB4JPHG6, B0HB4R2331, B0FRMT17HB, B0HB53CKXP, B0FRMLFHT6, B0HB4JPHGB, B0FRMWL3G9, B0FRMLDTDP]",amzn1.campaign.3RYNCRQTIS7RL,Vintage Washable NonSlip LowPile Rug Campaign-2026/08/14,BESBLEE,2026-08-17,2026-11-17,10.00%,5000.0,5000.0,140,800,false
"[B0FCXQHXR7, B0GVWJ8F7L, B0CJN458BQ, B0GVWB189B, B0CJN7TGJW, B0DNDWLYDB, B0FCXVYSL7, B0DNF1HR57]",amzn1.campaign.32KHT9FIE1CF3,Collab Idea: Crocodile Texture Makeover Peel & Stick for Your Space,Zeeko,2026-08-17,2026-10-31,10.00%,5000.0,4851.73,77,800,false
"[B07Z3W5ZN4, B07Z3YY35Z]",amzn1.campaign.1RSVOMTDSZM0M,BiJun Ironing Board Wall Mount Home Storage Promotion Campaign,BiJun,2026-08-17,2027-08-17,12.00%,5000.0,4956.65,63,800,false
[B0H2DGQGN1],amzn1.campaign.16GBUJXYHPN6A,Disposable Coffee Filters,Heysagix,2026-08-17,2027-08-17,10.00%,5000.0,4997.7,80,800,false
[B0FJM3X2BR],amzn1.campaign.2HDWWDS03P9OW,8月红光落地灯15%,Puroth,2026-08-17,2026-10-02,15.00%,14000.0,13528.42,60,800,false
[B0GSYJQLZ7],amzn1.campaign.24E0I6K4DDLPW,43-4,ABITAKE,2026-08-17,2026-09-19,30.00%,5000.0,5000.0,122,800,false
"[B0FXWNJFJS, B0BRZQLWTS, B0GZNGKGC4, B0CHM3Z836, B0FZSZ4Z9B, B0H71QCLQD, B0FXWKK6YH, B0FXWQT6YM, B0C7MX2YC2, B0GZNL1GFH, B0GTNC9SY7, B0BRZS6QQP, B0GTNFVY39, B0GTN9X78X, B0GTNML8G4, B0H28ZGVYT, B0GTN7JKD3, B0GZNL7LJ5, B0GZNR663W, B0FXWQ7SD7, B0FVXPZ522, B0FVXVH4R9, B0FP2PJ68S, B0FVXQC9LV, B0FZSVQKZR, B0FXWNSHD6, B0BRZQY9YB, B0C7MW8TLQ]",amzn1.campaign.1UVB6OEIUY0Z8,Anti Fatigue Kitchen Rugs and Mats，Washable Area Rugs for Living Room Modern Rug,WEZVIX,2026-08-17,2026-09-30,10.00%,5000.0,4923.13,68,800,false
[B0H7HVXCDR],amzn1.campaign.FOQXS9O8P7LZ,14% Commission | Shower Caddy Adhesive Replacement 14PCS,COOLMI,2026-08-13,2026-09-14,14.59%,5000.0,5000.0,121,800,false
"[B0FCFL2S9J, B0FRR9W1NM, B0FSRMD86X, B0FJVVBJPX, B0FFS31NLN, B0FSRMRZQV]",amzn1.campaign.LCK5NBETDHZZ,Collaborate with Us for Candles and Bottle Lamp Launch to Get Commission,YTRUSTIX,2026-08-17,2026-12-31,10.00%,5000.0,4966.04,62,800,false
"[B0FNWSF9LW, B0FNWPGKVY]",amzn1.campaign.27HL65CJ1EQB7,"15% COMMISSION - 500LB PULL-UP BAR, STRONG DEMAND & STEADY COMMISSIONS",HANDBODE,2026-08-17,2027-08-17,15.00%,5000.0,5000.0,115,800,false
"[B0H7168Y2C, B0DGFXJ8BK, B0H6F6NT5F, B0DHRWC3MV, B0H6FB9B7J]",amzn1.campaign.2FROPIOPIT7UQ,🏕️ FINALLY! The Camping Chair That Doesn't Suck (And Fits TWO!),VAGANTH,2026-08-17,2027-08-17,12.30%,5000.0,5000.0,74,800,false
[B0H7HVXCDR],amzn1.campaign.3IQAS0PNHQTYT,14% Commission | Shower Caddy Adhesive Replacement 14PCS,COOLMI,2026-08-13,2026-09-14,14.57%,5000.0,5000.0,130,800,false
"[B0D6YWQ87B, B0H2HBR3J7, B0D28KDR22, B0D6YWTGKV, B0D28QW58F, B0D6YYQCN1, B0H2DY59T7]",amzn1.campaign.N30NK5AOC9PC,桶装杯tee200只-B0H2F4TX8V,GKandi,2026-08-17,2026-11-30,10.00%,5000.0,5000.0,91,800,false
"[B0CT36PQ42, B0H68Y62VP, B0BB2SZ27L, B0B68D1X9S, B0DGK7YTXR, B0H692N5DC, B0CT36YSVG, B0CT36H6Q5, B07RNVYMLV, B0BB2V7MDW, B0DGKCWZVV, B0H69BVGVX, B0BB2VKLJB, B0B6898NGD, B0B68951BW, B0H68YBHPT, B0H68VBKFQ]",amzn1.campaign.XB5VHPXW8E5V,JQinHome_2PCS_Chair_Slipcover_Influencer_Collab_10%Commission,JQinHome,2026-08-17,2026-09-16,10.00%,5000.0,4977.05,79,800,false
[B0FJM3X2BR],amzn1.campaign.1Z1QDNY0PQV5N,8月红光落地灯12%,Puroth,2026-08-17,2026-10-01,12.00%,13000.0,13000.0,116,800,false
[B0GSYJQLZ7],amzn1.campaign.16IPQX1ESMDXF,43-3,ABITAKE,2026-08-17,2026-09-18,30.00%,5000.0,5000.0,122,800,false
"[B0GBWF2TQ2, B0DH28JRV5, B0GXDJ8C2R, B0GTZ7FMTQ, B0GXDJ8C2S, B0GXDYG7J1, B0H5CCYHGX, B0FSBTPNT3, B0GXF67HQY, B0GBV3H39P, B0F1Y4CLHZ, B0DH29TW5V, B0GBVPNHYN, B0GXF5Q3VW, B0GXF2RHP3, B0GXF2GRL9, B0GXDZPVGW, B0GXF32N61, B0GBWJTSTT, B0GTZ4S11X, B0GXDMVPBH, B0GXDVJY6V, B0F8N76129, B0GXDX2F1F, B0DH29F378, B0GXDX2SBS, B0F1Y4QS5W, B0F1Y3NDBD, B0F1Y4J33J, B0GXDWG8T4, B0GXD3DQG3, B0G51DRX38, B0GXHRY8B9, B0GFVKH9T6, B0DF2DS5JG, B0GVDDL3RR, B0GBWMNN7M, B0GBVLVHRL, B0GXF42G32, B0FDKTSNYN, B0DP6KYJG7, B0GXDZKW6P, B0GXDB8K1G, B0GFVDHYRJ, B0H5CCY97W, B0GBVMQ33N, B0GBW5STF4, B0GBWCGQ4J, B0G514WSX1, B0GTZ24XK6, B0F1XXVH7L, B0F1Y2HXBZ, B0FDKVMPFX, B0GTZ51YG8, B0GXDQ5HK7, B0GXF4MJJ7, B0D47FN25N, B0GBVLSPKD, B0GXJCZC8W, B0DH28P8WT, B0GBWQMBHL, B0GHQMZLVC, B0GBW7H1RN, B0F1Y4C99Q, B0G4ZT73WN, B0F1Y2ZBZ2, B0DF2CJSNM, B0GXF6GYHT, B0GXF4J7F7, B0GXF7GLSN, B0H5CKDMQV, B0GXDBSGHY, B0GXDZY187, B0GXDH578M, B0GBVMJ77G, B0FP2FCXXR, B0GXF27HHR, B0G515JC37, B0DP6LBRV8, B0F8N9SNRZ, B0GFVS29T2, B0DF2CD1N1, B0G2RYWNW6, B0GXDTMVBR, B0DP6MVLK7, B0GVDL2X8J, B0F1Y1VJSS, B0D47GH3PR, B0GXF6C4BB, B0GXD9XLPC, B0GXF1YLJM, B0GXDMZ41R, B0FP2CC6PY, B0GXD43ZRF, B0GXDBP75N, B0G2S3C7P1, B0GBVVZWR6, B0DF2D8854, B0FL7T8QPV, B0GXDF1322, B0GXF27LLH, B0GHQTPDLF, B0DP6KWB1Y, B0DF2C6P6Y, B0FL7RXY85, B0G51J7JWF, B0GHQBRHWC, B0GXF1LPJ7, B0DP6LW8LW, B0GVDPZY6C, B0FDKQ8KTW, B0GTZH1YXK, B0F8N6S3PV, B0GXF4LBKT, B0DF2FPLY2, B0H5CBNR41, B0GXDDMQ32, B0GXF3YFYB, B0F1Y1JNP6, B0F1Y2T8HX, B0GXDSS9TW, B0GXF13PL7, B0DF2D6273, B0GBVYCNJH, B0GXF8ZBL5, B0DYNZZ9JT, B0GXD6PVX2, B0F1YJZKZ5, B0GHQRJY6Y, B0GXF3WCQX, B0GBWNWZDG, B0GTZC5BJ3, B0DH26K4LK, B0GXDZJCWK, B0GXF12Z9M, B0GXDNH8RL, B0FP2C5FGM, B0GXDWD1XC, B0FP2DHLH9, B0DP6N64HM, B0GXJ1TPZQ, B0DF2CJRQR, B0F8N9PDSS, B0GXDD3KMM, B0F1Y1YR3X, B0GXF297FC, B0GXJ3XW8H, B0H97YWWSG, B0GTZ1WZG5, B0GXD8GP6C, B0GBWYTYWL, B0GXF1C8WL, B0GBX19TNC, B0F1Y3DFBY, B0FP2G2L99, B0H97ZTSGR, B0FDKRMBSJ, B0GBVTHYMJ, B0DYP4Q28T, B0G51HXG8R, B0GXF165XN, B0GFVFN5MW, B0GBV3WLB3, B0GXDQVBG4, B0GXDD5FLW, B0GTZ32MRX, B0GHQYQ8QG, B0GVDGL6TV, B0GXDD31QF, B0DH28QBJP, B0GXDFF6XW, B0GHQQXZK7, B0GXDWCKGG, B0DYP2W32P, B0F8N7FD1M, B0FP2H5JZ3, B0GXD3M3SN, B0FSCQL762, B0DH28P6NH, B0F8N9F7XH, B0GXDGK4R5, B0GXDF7N4C, B0DYP2K7NW]",amzn1.campaign.5XUDHLDCVED2,Washable LowPile Mat Creator Promo-2026/08/14,BESBLEE,2026-08-17,2026-11-24,10.00%,5000.0,5000.0,97,800,false
"[B0H5JXSB2D, B0H5JYSRM8, B0H5K4L6KW, B0H5K3KQ3B, B0H5K14MLR, B0H5K357MV, B0H5K3FTH8, B0H5JZJQXW, B0H5KBVX17, B0H5K4ZJTV, B0H5K3MWYP, B0H5K6Z4VM, B0H5JR68BM, B0H5KB1H1H, B0H5K37XWK, B0H5K24T7J, B0H5K44WFV, B0H5JXGDMK, B0H5K3VZCV, B0H5K496LK, B0H5K3BML9, B0H5JRHBY5, B0H5JYQY8S, B0H5K65LK6, B0H5JXPXJW, B0H5K4P1B9]",amzn1.campaign.UO3LIQ1S5OPL,50% OFF Countdown + Earn 10% Commission -Z-saibs,PureCozy,2026-08-17,2026-11-08,10.00%,5000.0,5000.0,134,800,false
"[B0D91J7HDX, B0DCMWS7HW, B0DCMLTRBJ, B0D5M94STF, B0D5PT4JBH, B0DCN4RTS5, B0D3LH84X7, B0DCMM8B37, B0DCMTNRZY, B0H5W8TWVS, B0D3NRZ1V3, B0DCMQ2XC3, B0DCMV1W16, B0DCMJ3FSJ, B0GCZTGJMB, B0D3P26CYH, B0H5WB392L, B0FB3M8RJS, B0D3NRGZFY, B0D5M834MK, B0D3LLFD5D, B0DCMNDMXY, B0GD1665R3, B0D3LJ8SPJ]",amzn1.campaign.RPTCNFMGYKA,AW8+804+802+803 8.17-12.30 10%,FLYING EAGLE,2026-08-17,2026-12-31,10.00%,5000.0,5000.0,84,800,false
[B0FJM3X2BR],amzn1.campaign.395YY2WTIAO7O,8月红光落地灯10%,Puroth,2026-08-17,2026-09-30,10.00%,12000.0,12000.0,119,800,false
[B0H7HVXCDR],amzn1.campaign.2FZJBIRS6U6EZ,14% Commission | Shower Caddy Adhesive Replacement 14PCS,COOLMI,2026-08-13,2026-09-14,14.54%,5000.0,4998.58,133,800,false
[B0GSYJQLZ7],amzn1.campaign.15OMNUCNY0OH5,43-2,ABITAKE,2026-08-17,2026-09-17,30.00%,5000.0,5000.0,123,800,false
"[B0GBWF2TQ2, B0DH28JRV5, B0GXDJ8C2R, B0GTZ7FMTQ, B0GXDJ8C2S, B0GXDYG7J1, B0H5CCYHGX, B0FSBTPNT3, B0GXF67HQY, B0GBV3H39P, B0F1Y4CLHZ, B0DH29TW5V, B0GBVPNHYN, B0GXF5Q3VW, B0GXF2RHP3, B0GXF2GRL9, B0GXDZPVGW, B0GXF32N61, B0GBWJTSTT, B0GTZ4S11X, B0GXDMVPBH, B0GXDVJY6V, B0F8N76129, B0GXDX2F1F, B0DH29F378, B0GXDX2SBS, B0F1Y4QS5W, B0F1Y3NDBD, B0F1Y4J33J, B0GXDWG8T4, B0GXD3DQG3, B0G51DRX38, B0GXHRY8B9, B0GFVKH9T6, B0DF2DS5JG, B0GVDDL3RR, B0GBWMNN7M, B0GBVLVHRL, B0GXF42G32, B0FDKTSNYN, B0DP6KYJG7, B0GXDZKW6P, B0GXDB8K1G, B0GFVDHYRJ, B0H5CCY97W, B0GBVMQ33N, B0GBW5STF4, B0GBWCGQ4J, B0G514WSX1, B0GTZ24XK6, B0F1XXVH7L, B0F1Y2HXBZ, B0FDKVMPFX, B0GTZ51YG8, B0GXDQ5HK7, B0GXF4MJJ7, B0D47FN25N, B0GBVLSPKD, B0GXJCZC8W, B0DH28P8WT, B0GBWQMBHL, B0GHQMZLVC, B0GBW7H1RN, B0F1Y4C99Q, B0G4ZT73WN, B0F1Y2ZBZ2, B0DF2CJSNM, B0GXF6GYHT, B0GXF4J7F7, B0GXF7GLSN, B0H5CKDMQV, B0GXDBSGHY, B0GXDZY187, B0GXDH578M, B0GBVMJ77G, B0FP2FCXXR, B0GXF27HHR, B0G515JC37, B0DP6LBRV8, B0F8N9SNRZ, B0GFVS29T2, B0DF2CD1N1, B0G2RYWNW6, B0GXDTMVBR, B0DP6MVLK7, B0GVDL2X8J, B0F1Y1VJSS, B0D47GH3PR, B0GXF6C4BB, B0GXD9XLPC, B0GXF1YLJM, B0GXDMZ41R, B0FP2CC6PY, B0GXD43ZRF, B0GXDBP75N, B0G2S3C7P1, B0GBVVZWR6, B0DF2D8854, B0FL7T8QPV, B0GXDF1322, B0GXF27LLH, B0GHQTPDLF, B0DP6KWB1Y, B0DF2C6P6Y, B0FL7RXY85, B0G51J7JWF, B0GHQBRHWC, B0GXF1LPJ7, B0DP6LW8LW, B0GVDPZY6C, B0FDKQ8KTW, B0GTZH1YXK, B0F8N6S3PV, B0GXF4LBKT, B0DF2FPLY2, B0H5CBNR41, B0GXDDMQ32, B0GXF3YFYB, B0F1Y1JNP6, B0F1Y2T8HX, B0GXDSS9TW, B0GXF13PL7, B0DF2D6273, B0GBVYCNJH, B0GXF8ZBL5, B0DYNZZ9JT, B0GXD6PVX2, B0F1YJZKZ5, B0GHQRJY6Y, B0GXF3WCQX, B0GBWNWZDG, B0GTZC5BJ3, B0DH26K4LK, B0GXDZJCWK, B0GXF12Z9M, B0GXDNH8RL, B0FP2C5FGM, B0GXDWD1XC, B0FP2DHLH9, B0DP6N64HM, B0GXJ1TPZQ, B0DF2CJRQR, B0F8N9PDSS, B0GXDD3KMM, B0F1Y1YR3X, B0GXF297FC, B0GXJ3XW8H, B0H97YWWSG, B0GTZ1WZG5, B0GXD8GP6C, B0GBWYTYWL, B0GXF1C8WL, B0GBX19TNC, B0F1Y3DFBY, B0FP2G2L99, B0H97ZTSGR, B0FDKRMBSJ, B0GBVTHYMJ, B0DYP4Q28T, B0G51HXG8R, B0GXF165XN, B0GFVFN5MW, B0GBV3WLB3, B0GXDQVBG4, B0GXDD5FLW, B0GTZ32MRX, B0GHQYQ8QG, B0GVDGL6TV, B0GXDD31QF, B0DH28QBJP, B0GXDFF6XW, B0GHQQXZK7, B0GXDWCKGG, B0DYP2W32P, B0F8N7FD1M, B0FP2H5JZ3, B0GXD3M3SN, B0FSCQL762, B0DH28P6NH, B0F8N9F7XH, B0GXDGK4R5, B0GXDF7N4C, B0DYP2K7NW]",amzn1.campaign.2SYRND5SF1LKU,Washable LowPile Mat Creator Promo-2026/08/14,BESBLEE,2026-08-17,2026-11-23,10.00%,5000.0,5000.0,130,800,false
[B0GYCFJHJL],amzn1.campaign.3MJWTDCO08UK3,Air Fryer Liners Disposable,Heysagix,2026-08-17,2027-08-17,10.00%,5000.0,4994.02,73,800,false
"[B0GZVLXCCB, B0GZVJK6PL, B0GKNK5D85, B0GY4V6FM1, B0GKNVR3K1, B0GZVNJVBY, B0GZV78PP7, B0HBVLKKB1, B0GZV91Y7X, B0GZV9DB56, B0GKNZBZ12, B0GZV8R65C, B0GKNZ92BR, B0GKP2GCQF, B0H52SZCCD, B0GKNW2XBR, B0GZVJV7TR, B0GZVDMJK1, B0H981P25V, B0HC6MC3VK]",amzn1.campaign.2IE0POPS2L9F,Wishgirl Deep Wave Human Crochet Hair,WISHGIRL,2026-08-17,2026-12-31,20.00%,10000.0,9980.0,80,800,false
"[B0FS1JDMFC, B0D87776Z4, B0CXXJ8XPR, B0DS8X5YCR, B0CXX7XRDS, B0D875RFLX, B0FS1LHQ2H, B0CM6GLBZ3, B0FS1M42DB, B0DDKL1RQD, B0FF4T33VY]",amzn1.campaign.8AGQJBE3H78O,🚿 The Bath Mat That Doesn't Get Gross (Finally!),Farest,2026-08-17,2027-08-17,11.00%,5000.0,5000.0,119,800,false
[B0H2V9D1VJ],amzn1.campaign.28N959POKPMIK,$100000 Cash Boost - Earn Big with Our Garment Steamer,Purellent,2026-08-17,2026-09-17,10.00%,5000.0,4738.1,63,800,false
"[B0H4YPCWKH, B0H4PY4CM3, B0H4YJ1MZD, B0H4YGJQ7X, B0H4YNWYNB, B0GL3F7TPS, B0GL3FXPDM, B0GL38X84D, B0H4YFTQJ8, B0GL3J688G, B0H4YKWYWC, B0GL3FMDZF]",amzn1.campaign.3G3RVSZ9IA0BS,16% Commission + $5K Bonus – The Bottle She'll Actually Want to Carry,HWISDMIG,2026-08-17,2026-09-19,16.00%,8000.0,8000.0,126,800,false
"[B0GBWF2TQ2, B0DH28JRV5, B0GXDJ8C2R, B0GTZ7FMTQ, B0GXDJ8C2S, B0GXDYG7J1, B0H5CCYHGX, B0FSBTPNT3, B0GXF67HQY, B0GBV3H39P, B0F1Y4CLHZ, B0DH29TW5V, B0GBVPNHYN, B0GXF5Q3VW, B0GXF2RHP3, B0GXF2GRL9, B0GXDZPVGW, B0GXF32N61, B0GBWJTSTT, B0GTZ4S11X, B0GXDMVPBH, B0GXDVJY6V, B0F8N76129, B0GXDX2F1F, B0DH29F378, B0GXDX2SBS, B0F1Y4QS5W, B0F1Y3NDBD, B0F1Y4J33J, B0GXDWG8T4, B0GXD3DQG3, B0G51DRX38, B0GXHRY8B9, B0GFVKH9T6, B0DF2DS5JG, B0GVDDL3RR, B0GBWMNN7M, B0GBVLVHRL, B0GXF42G32, B0FDKTSNYN, B0DP6KYJG7, B0GXDZKW6P, B0GXDB8K1G, B0GFVDHYRJ, B0H5CCY97W, B0GBVMQ33N, B0GBW5STF4, B0GBWCGQ4J, B0G514WSX1, B0GTZ24XK6, B0F1XXVH7L, B0F1Y2HXBZ, B0FDKVMPFX, B0GTZ51YG8, B0GXDQ5HK7, B0GXF4MJJ7, B0D47FN25N, B0GBVLSPKD, B0GXJCZC8W, B0DH28P8WT, B0GBWQMBHL, B0GHQMZLVC, B0GBW7H1RN, B0F1Y4C99Q, B0G4ZT73WN, B0F1Y2ZBZ2, B0DF2CJSNM, B0GXF6GYHT, B0GXF4J7F7, B0GXF7GLSN, B0H5CKDMQV, B0GXDBSGHY, B0GXDZY187, B0GXDH578M, B0GBVMJ77G, B0FP2FCXXR, B0GXF27HHR, B0G515JC37, B0DP6LBRV8, B0F8N9SNRZ, B0GFVS29T2, B0DF2CD1N1, B0G2RYWNW6, B0GXDTMVBR, B0DP6MVLK7, B0GVDL2X8J, B0F1Y1VJSS, B0D47GH3PR, B0GXF6C4BB, B0GXD9XLPC, B0GXF1YLJM, B0GXDMZ41R, B0FP2CC6PY, B0GXD43ZRF, B0GXDBP75N, B0G2S3C7P1, B0GBVVZWR6, B0DF2D8854, B0FL7T8QPV, B0GXDF1322, B0GXF27LLH, B0GHQTPDLF, B0DP6KWB1Y, B0DF2C6P6Y, B0FL7RXY85, B0G51J7JWF, B0GHQBRHWC, B0GXF1LPJ7, B0DP6LW8LW, B0GVDPZY6C, B0FDKQ8KTW, B0GTZH1YXK, B0F8N6S3PV, B0GXF4LBKT, B0DF2FPLY2, B0H5CBNR41, B0GXDDMQ32, B0GXF3YFYB, B0F1Y1JNP6, B0F1Y2T8HX, B0GXDSS9TW, B0GXF13PL7, B0DF2D6273, B0GBVYCNJH, B0GXF8ZBL5, B0DYNZZ9JT, B0GXD6PVX2, B0F1YJZKZ5, B0GHQRJY6Y, B0GXF3WCQX, B0GBWNWZDG, B0GTZC5BJ3, B0DH26K4LK, B0GXDZJCWK, B0GXF12Z9M, B0GXDNH8RL, B0FP2C5FGM, B0GXDWD1XC, B0FP2DHLH9, B0DP6N64HM, B0GXJ1TPZQ, B0DF2CJRQR, B0F8N9PDSS, B0GXDD3KMM, B0F1Y1YR3X, B0GXF297FC, B0GXJ3XW8H, B0H97YWWSG, B0GTZ1WZG5, B0GXD8GP6C, B0GBWYTYWL, B0GXF1C8WL, B0GBX19TNC, B0F1Y3DFBY, B0FP2G2L99, B0H97ZTSGR, B0FDKRMBSJ, B0GBVTHYMJ, B0DYP4Q28T, B0G51HXG8R, B0GXF165XN, B0GFVFN5MW, B0GBV3WLB3, B0GXDQVBG4, B0GXDD5FLW, B0GTZ32MRX, B0GHQYQ8QG, B0GVDGL6TV, B0GXDD31QF, B0DH28QBJP, B0GXDFF6XW, B0GHQQXZK7, B0GXDWCKGG, B0DYP2W32P, B0F8N7FD1M, B0FP2H5JZ3, B0GXD3M3SN, B0FSCQL762, B0DH28P6NH, B0F8N9F7XH, B0GXDGK4R5, B0GXDF7N4C, B0DYP2K7NW]",amzn1.campaign.1OY93C3T60FQ,Washable LowPile Mat Creator Promo-2026/08/14,BESBLEE,2026-08-17,2026-11-22,10.00%,5000.0,5000.0,130,800,false
"[B0GKGGXKR1, B0GKGR7YPD, B0GKGM362Y, B0GKGHQJ1M, B0GKGHVBRN, B0GKGN7DD1, B0GKGKRTJH, B0GKGN1DWR, B0GKGB8JMH, B0GKGPZGD4, B0GKGVWCW4, B0GKGVVQKW, B0GKGMZ6QC]",amzn1.campaign.3T7NG5C7AZCQX,WV-010-009-创作者影响计划-0813-13.24%-03-68/34,MolyPark,2026-08-18,2026-10-04,13.24%,5003.0,5003.0,134,800,false
"[B0GKGGXKR1, B0GKGR7YPD, B0GKGM362Y, B0GKGHQJ1M, B0GKGHVBRN, B0GKGN7DD1, B0GKGKRTJH, B0GKGN1DWR, B0GKGB8JMH, B0GKGPZGD4, B0GKGVWCW4, B0GKGVVQKW, B0GKGMZ6QC]",amzn1.campaign.4MV6UG147JAC,WV-010-009-创作者影响计划-0813-13.2%-03-68/31,MolyPark,2026-08-19,2026-10-04,13.20%,5003.0,5003.0,134,800,false
[B0CYXWCB3V],amzn1.campaign.3PQ2BWM5Y6PG7,RC398-1 Silver Plastic Silverware Set with a BIG 20% DISCUONT,supernal,2026-08-17,2026-09-16,12.00%,5000.0,5000.0,87,800,false
[B0H7HVXCDR],amzn1.campaign.P7OZRRT0W4BE,14% Commission | Shower Caddy Adhesive Replacement 14PCS,COOLMI,2026-08-13,2026-09-14,14.50%,5000.0,5000.0,137,800,false
[B0FT1ZPLZW],amzn1.campaign.3HU1SR4LDLNH8,z-synthetic v part wig,FAVE,2026-08-17,2027-07-31,20.00%,5000.0,5000.0,83,800,false
"[B0H1GTD545, B0H1H5D8P4]",amzn1.campaign.15K5YQ0JJNZIF,frosted zipper bags clothing,Heysagix,2026-08-17,2027-08-17,10.00%,5000.0,4996.65,87,800,false
"[B0F8H9ZY9D, B0FY23MDBT, B0GYQVGGCW, B0FKZXP5VT, B0H3LK9TX7, B0FY236FMD, B0F8GS6HBY, B0F3HZW2XH, B0FKZWBR9L, B0DTB14HPN, B0DT9ZKGFN, B0DT9Z74FR, B0H3LKJDY7, B0GYRDCBZY]",amzn1.campaign.1LBGFSW342QNC,Her cup has personality – just like her · 30oz Bling Tumbler,HWISDMIG,2026-08-17,2026-09-19,16.00%,8000.0,8000.0,117,800,false
"[B0GT8LS668, B0GT91C79B]",amzn1.campaign.3MI6Y9TKQSJTT,豹纹被子-15%,Jameswish,2026-08-17,2026-10-17,15.00%,5000.0,5000.0,85,800,false
